sequence,offset,conf,x1,y1,x2,y2,W,H
20160604_FIRE_rm-n-mobo-c,-2280,0.0859,486.8,804.4,619.3,871.7,2048,1536
20160604_FIRE_rm-n-mobo-c,-2220,0.0689,483.3,805.2,626.3,872.7,2048,1536
20160604_FIRE_rm-n-mobo-c,-2160,0.0562,488.0,806.1,633.6,872.9,2048,1536
20160604_FIRE_rm-n-mobo-c,-2040,0.0740,504.9,805.9,635.5,872.8,2048,1536
20160604_FIRE_rm-n-mobo-c,-1980,0.1402,512.0,805.8,640.7,872.9,2048,1536
20160604_FIRE_rm-n-mobo-c,-1920,0.1062,515.8,805.5,647.5,873.0,2048,1536
20160604_FIRE_rm-n-mobo-c,-1860,0.1693,554.5,807.6,648.1,872.6,2048,1536
20160604_FIRE_rm-n-mobo-c,-1800,0.2395,554.5,807.9,655.6,873.0,2048,1536
20160604_FIRE_rm-n-mobo-c,-1740,0.3210,554.8,808.4,659.0,873.1,2048,1536
20160604_FIRE_rm-n-mobo-c,-1680,0.1157,549.6,808.9,664.9,874.0,2048,1536
20160604_FIRE_rm-n-mobo-c,-1620,0.1086,535.4,809.5,669.6,873.9,2048,1536
20160604_FIRE_rm-n-mobo-c,-1620,0.0561,569.4,810.6,664.9,873.0,2048,1536
20160604_FIRE_rm-n-mobo-c,-1560,0.0938,538.6,810.0,678.5,873.8,2048,1536
20160604_FIRE_rm-n-mobo-c,-1560,0.0712,557.7,810.9,657.6,872.5,2048,1536
20160604_FIRE_rm-n-mobo-c,-1500,0.1700,561.0,811.7,656.0,872.2,2048,1536
20160604_FIRE_rm-n-mobo-c,-1440,0.1129,569.1,810.9,657.9,872.4,2048,1536
20160604_FIRE_rm-n-mobo-c,-1440,0.0751,547.2,810.2,671.1,873.7,2048,1536
20160604_FIRE_rm-n-mobo-c,-1380,0.1248,553.3,810.7,660.8,872.3,2048,1536
20160604_FIRE_rm-n-mobo-c,-1320,0.1027,543.4,810.9,680.3,873.8,2048,1536
20160604_FIRE_rm-n-mobo-c,-1260,0.1367,551.1,811.8,661.7,872.3,2048,1536
20160604_FIRE_rm-n-mobo-c,-1080,0.0511,570.6,814.9,706.8,877.0,2048,1536
20160604_FIRE_rm-n-mobo-c,-840,0.0938,653.0,828.2,724.5,879.6,2048,1536
20160604_FIRE_rm-n-mobo-c,-180,0.0861,744.2,846.2,784.4,883.4,2048,1536
20160604_FIRE_rm-n-mobo-c,-60,0.0640,748.4,845.1,788.5,883.9,2048,1536
20160604_FIRE_rm-n-mobo-c,0,0.0736,749.3,841.2,792.8,884.3,2048,1536
20160604_FIRE_rm-n-mobo-c,60,0.7509,1982.0,835.1,2047.3,883.9,2048,1536
20160604_FIRE_rm-n-mobo-c,120,0.7939,1967.8,813.9,2047.1,882.9,2048,1536
20160604_FIRE_rm-n-mobo-c,180,0.8515,1956.8,759.1,2048.0,883.2,2048,1536
20160604_FIRE_rm-n-mobo-c,240,0.6773,1953.5,720.6,2048.0,877.3,2048,1536
20160604_FIRE_rm-n-mobo-c,240,0.0965,1960.3,613.3,2048.0,881.3,2048,1536
20160604_FIRE_rm-n-mobo-c,300,0.5581,1952.7,662.4,2048.0,878.2,2048,1536
20160604_FIRE_rm-n-mobo-c,300,0.0669,1973.0,560.6,2047.6,918.2,2048,1536
20160604_FIRE_rm-n-mobo-c,360,0.6944,1948.8,572.6,2048.0,881.8,2048,1536
20160604_FIRE_rm-n-mobo-c,360,0.0577,1963.4,463.8,2047.8,895.9,2048,1536
20160604_FIRE_rm-n-mobo-c,420,0.5410,1937.5,501.1,2046.4,881.9,2048,1536
20160604_FIRE_rm-n-mobo-c,480,0.4464,1925.3,438.1,2048.0,897.9,2048,1536
20160604_FIRE_rm-n-mobo-c,540,0.4085,1923.8,460.9,2048.0,882.1,2048,1536
20160604_FIRE_rm-n-mobo-c,600,0.4453,1941.3,479.6,2048.0,917.9,2048,1536
20160604_FIRE_rm-n-mobo-c,600,0.2551,1909.7,452.0,2048.0,886.4,2048,1536
20160604_FIRE_rm-n-mobo-c,660,0.3801,1916.4,480.3,2048.0,881.8,2048,1536
20160604_FIRE_rm-n-mobo-c,720,0.5304,1906.2,495.9,2048.0,879.0,2048,1536
20160604_FIRE_rm-n-mobo-c,780,0.5893,1886.9,506.3,2047.7,871.6,2048,1536
20160604_FIRE_rm-n-mobo-c,840,0.4110,1863.8,496.1,2047.1,882.8,2048,1536
20160604_FIRE_rm-n-mobo-c,900,0.2117,1843.0,482.6,2048.0,871.4,2048,1536
20160604_FIRE_rm-n-mobo-c,960,0.0644,1825.6,483.5,2048.0,867.2,2048,1536
20160604_FIRE_rm-n-mobo-c,1020,0.2644,1812.0,511.3,2047.4,873.2,2048,1536
20160604_FIRE_rm-n-mobo-c,1080,0.4622,1791.3,544.5,2048.0,867.2,2048,1536
20160604_FIRE_rm-n-mobo-c,1140,0.5709,1777.2,553.3,2048.0,867.4,2048,1536
20160604_FIRE_rm-n-mobo-c,1200,0.6207,1756.4,554.9,2048.0,872.9,2048,1536
20160604_FIRE_rm-n-mobo-c,1200,0.0830,1879.7,551.5,2047.8,872.3,2048,1536
20160604_FIRE_rm-n-mobo-c,1260,0.5661,1746.4,537.9,2048.0,874.9,2048,1536
20160604_FIRE_rm-n-mobo-c,1320,0.3700,1736.6,528.0,2047.8,874.7,2048,1536
20160604_FIRE_rm-n-mobo-c,1320,0.0805,1832.3,528.6,2046.5,875.2,2048,1536
20160604_FIRE_rm-n-mobo-c,1380,0.3267,1697.9,542.4,2047.2,876.1,2048,1536
20160604_FIRE_rm-n-mobo-c,1440,0.3364,1699.4,548.2,2048.0,873.8,2048,1536
20160604_FIRE_rm-n-mobo-c,1440,0.1215,1867.7,547.7,2048.0,875.4,2048,1536
20160604_FIRE_rm-n-mobo-c,1500,0.0837,1694.4,551.6,2048.0,875.4,2048,1536
20160604_FIRE_rm-n-mobo-c,1500,0.0553,1877.7,606.2,2048.0,881.6,2048,1536
20160604_FIRE_rm-n-mobo-c,1560,0.1054,1889.5,723.8,2013.9,870.4,2048,1536
20160604_FIRE_rm-n-mobo-c,1560,0.0582,1885.5,635.5,2045.1,877.7,2048,1536
20160604_FIRE_rm-n-mobo-c,1560,0.0561,1687.9,552.1,2047.6,880.1,2048,1536
20160604_FIRE_rm-n-mobo-c,1620,0.0812,1885.1,668.7,2047.2,882.6,2048,1536
20160604_FIRE_rm-n-mobo-c,1620,0.0627,2026.3,837.9,2048.0,887.3,2048,1536
20160604_FIRE_rm-n-mobo-c,1680,0.0578,1873.0,552.9,2047.6,881.5,2048,1536
20160604_FIRE_rm-n-mobo-c,1740,0.1915,1875.4,615.0,2047.1,877.1,2048,1536
20160604_FIRE_rm-n-mobo-c,1800,0.2392,1881.9,628.4,2047.3,877.0,2048,1536
20160604_FIRE_rm-n-mobo-c,1860,0.3146,1878.4,737.9,2007.6,871.1,2048,1536
20160604_FIRE_rm-n-mobo-c,1860,0.1910,1875.3,637.1,2046.2,872.9,2048,1536
20160604_FIRE_rm-n-mobo-c,1860,0.0594,752.5,851.6,800.1,884.8,2048,1536
20160604_FIRE_rm-n-mobo-c,1920,0.3496,1872.0,745.2,2024.6,870.4,2048,1536
20160604_FIRE_rm-n-mobo-c,1980,0.1775,1841.6,531.1,2048.0,878.0,2048,1536
20160604_FIRE_rm-n-mobo-c,1980,0.1472,1871.5,742.2,2021.3,871.2,2048,1536
20160604_FIRE_rm-n-mobo-c,2040,0.3745,1786.5,529.7,2048.0,880.7,2048,1536
20160604_FIRE_rm-n-mobo-c,2100,0.1957,1791.3,529.0,2048.0,878.5,2048,1536
20160604_FIRE_rm-n-mobo-c,2280,0.2177,1891.7,752.8,2048.0,881.6,2048,1536
20160604_FIRE_rm-n-mobo-c,2280,0.1529,1905.0,794.9,2046.6,877.1,2048,1536
20160604_FIRE_rm-n-mobo-c,2280,0.1056,1889.6,677.3,2048.0,881.9,2048,1536
20160604_FIRE_rm-n-mobo-c,2340,0.2912,1912.1,750.3,2048.0,883.4,2048,1536
20160604_FIRE_rm-n-mobo-c,2340,0.1369,1903.5,691.3,2047.3,879.6,2048,1536
20160604_FIRE_rm-n-mobo-c,2340,0.0955,1812.3,652.2,2048.0,883.3,2048,1536
20160604_FIRE_rm-n-mobo-c,2400,0.3525,1912.8,780.2,2048.0,880.8,2048,1536
20160604_FIRE_rm-n-mobo-c,2400,0.1834,1904.7,720.3,2047.9,882.0,2048,1536
20160604_FIRE_smer-tcs3-mobo-c,0,0.3797,2011.2,826.7,2064.2,856.7,3072,2048
20160604_FIRE_smer-tcs3-mobo-c,60,0.7835,1912.5,792.5,2137.0,863.5,3072,2048
20160604_FIRE_smer-tcs3-mobo-c,60,0.0768,1911.5,792.2,2012.1,857.2,3072,2048
20160604_FIRE_smer-tcs3-mobo-c,120,0.8856,1856.9,693.4,2159.2,868.1,3072,2048
20160604_FIRE_smer-tcs3-mobo-c,180,0.7463,1835.1,604.3,2165.9,864.6,3072,2048
20160619_FIRE_lp-e-iqeye,240,0.1916,1552.8,534.0,1585.4,562.0,1600,1200
20160619_FIRE_lp-e-iqeye,360,0.2190,1527.9,529.7,1584.6,561.3,1600,1200
20160619_FIRE_lp-e-iqeye,480,0.4288,1518.8,519.3,1588.6,559.1,1600,1200
20160619_FIRE_lp-e-iqeye,480,0.0627,1519.8,512.4,1600.0,563.5,1600,1200
20160619_FIRE_lp-e-iqeye,600,0.6990,1511.6,508.9,1582.2,560.7,1600,1200
20160619_FIRE_lp-e-iqeye,720,0.7519,1507.9,499.9,1584.3,561.1,1600,1200
20160619_FIRE_lp-e-iqeye,840,0.7593,1504.5,501.6,1587.1,561.0,1600,1200
20160619_FIRE_lp-e-iqeye,960,0.6241,1494.7,505.2,1586.3,560.3,1600,1200
20160619_FIRE_lp-e-iqeye,1080,0.2679,1497.2,515.1,1580.6,560.7,1600,1200
20160619_FIRE_lp-e-iqeye,1080,0.1188,1521.1,522.8,1579.0,560.6,1600,1200
20160619_FIRE_lp-e-iqeye,1200,0.6356,1480.4,506.8,1575.8,561.5,1600,1200
20160619_FIRE_lp-e-iqeye,1200,0.1337,1514.4,508.2,1575.5,561.8,1600,1200
20160619_FIRE_lp-e-iqeye,1320,0.7468,1519.7,503.9,1571.3,560.5,1600,1200
20160619_FIRE_lp-e-iqeye,1320,0.0545,1474.4,501.5,1573.5,560.5,1600,1200
20160619_FIRE_lp-e-iqeye,1440,0.8180,1513.1,496.1,1568.3,559.6,1600,1200
20160619_FIRE_lp-e-iqeye,1560,0.8125,1514.7,495.5,1566.9,560.0,1600,1200
20160619_FIRE_lp-e-iqeye,1680,0.8277,1498.8,495.2,1577.9,561.0,1600,1200
20160619_FIRE_lp-e-iqeye,1800,0.7628,1493.2,493.0,1580.2,561.5,1600,1200
20160619_FIRE_lp-e-iqeye,1920,0.6203,1527.2,529.6,1575.7,561.8,1600,1200
20160619_FIRE_lp-e-iqeye,1920,0.3707,1486.6,497.4,1579.2,561.9,1600,1200
20160619_FIRE_lp-e-iqeye,1920,0.0864,1509.1,520.4,1576.6,561.8,1600,1200
20160619_FIRE_lp-e-iqeye,2040,0.3585,1489.0,498.4,1578.3,560.9,1600,1200
20160619_FIRE_lp-e-iqeye,2040,0.1254,1524.1,527.9,1576.0,561.0,1600,1200
20160619_FIRE_lp-e-iqeye,2160,0.1541,1521.1,526.2,1566.3,559.1,1600,1200
20160619_FIRE_lp-e-iqeye,2160,0.0572,1516.0,523.7,1577.5,560.1,1600,1200
20160619_FIRE_lp-e-iqeye,2160,0.0513,1510.1,515.2,1567.7,559.7,1600,1200
20160619_FIRE_lp-e-iqeye,2280,0.1533,1511.9,526.6,1575.9,560.8,1600,1200
20160619_FIRE_lp-e-iqeye,2280,0.1145,1530.6,528.5,1573.8,560.8,1600,1200
20160619_FIRE_lp-e-iqeye,2400,0.4606,1526.6,527.8,1567.6,560.6,1600,1200
20160619_FIRE_lp-e-iqeye,2400,0.0627,1472.9,495.7,1571.8,562.2,1600,1200
20160619_FIRE_om-e-mobo-c,360,0.4914,1008.7,768.3,1041.0,805.5,2048,1536
20160619_FIRE_om-e-mobo-c,420,0.6259,1008.0,768.4,1046.4,804.9,2048,1536
20160619_FIRE_om-e-mobo-c,480,0.3377,1006.7,766.2,1048.8,802.4,2048,1536
20160619_FIRE_om-e-mobo-c,540,0.2848,1005.1,767.0,1055.1,802.0,2048,1536
20160619_FIRE_om-e-mobo-c,600,0.4205,1006.7,764.4,1061.9,801.6,2048,1536
20160619_FIRE_om-e-mobo-c,600,0.0745,1006.3,750.7,1064.4,802.6,2048,1536
20160619_FIRE_om-e-mobo-c,660,0.2303,1007.2,762.5,1065.7,801.9,2048,1536
20160619_FIRE_om-e-mobo-c,660,0.1235,1007.6,764.8,1037.0,801.9,2048,1536
20160619_FIRE_om-e-mobo-c,720,0.3770,1007.6,763.4,1071.4,801.8,2048,1536
20160619_FIRE_om-e-mobo-c,720,0.2818,1007.9,763.8,1048.3,801.4,2048,1536
20160619_FIRE_om-e-mobo-c,780,0.4855,1007.4,765.1,1079.4,799.8,2048,1536
20160619_FIRE_om-e-mobo-c,780,0.1277,1007.1,766.2,1048.4,800.5,2048,1536
20160619_FIRE_om-e-mobo-c,840,0.1383,1005.3,764.9,1048.2,798.8,2048,1536
20160619_FIRE_om-e-mobo-c,840,0.1328,1005.5,763.5,1081.0,799.4,2048,1536
20160619_FIRE_om-e-mobo-c,900,0.3116,1004.9,766.8,1038.9,803.2,2048,1536
20160619_FIRE_om-e-mobo-c,960,0.3958,1007.3,766.6,1037.3,802.1,2048,1536
20160619_FIRE_om-e-mobo-c,960,0.0812,1006.9,763.8,1053.5,802.7,2048,1536
20160619_FIRE_om-e-mobo-c,1020,0.4441,1007.4,766.5,1039.4,800.1,2048,1536
20160619_FIRE_om-e-mobo-c,1080,0.4810,1007.7,763.7,1050.7,800.6,2048,1536
20160619_FIRE_om-e-mobo-c,1080,0.0727,1007.4,752.2,1057.1,800.2,2048,1536
20160619_FIRE_om-e-mobo-c,1140,0.5597,1006.6,764.7,1049.1,801.7,2048,1536
20160619_FIRE_om-e-mobo-c,1200,0.6175,1005.1,760.2,1051.6,799.7,2048,1536
20160619_FIRE_om-e-mobo-c,1260,0.5607,1004.1,759.9,1055.9,799.5,2048,1536
20160619_FIRE_om-e-mobo-c,1320,0.5243,1005.7,758.4,1048.7,799.8,2048,1536
20160619_FIRE_om-e-mobo-c,1320,0.0737,1004.8,758.2,1067.6,799.8,2048,1536
20160619_FIRE_om-e-mobo-c,1380,0.6651,1005.8,752.7,1056.0,799.3,2048,1536
20160619_FIRE_om-e-mobo-c,1440,0.7599,1003.6,748.1,1058.4,800.4,2048,1536
20160619_FIRE_om-e-mobo-c,1500,0.7485,1000.2,743.0,1059.1,800.7,2048,1536
20160619_FIRE_om-e-mobo-c,1560,0.6542,998.2,745.8,1059.3,800.3,2048,1536
20160619_FIRE_om-e-mobo-c,1620,0.7253,997.0,743.2,1056.6,801.8,2048,1536
20160619_FIRE_om-e-mobo-c,1680,0.7172,995.9,744.8,1050.5,801.4,2048,1536
20160619_FIRE_om-e-mobo-c,1740,0.5765,942.9,582.5,1324.7,803.3,2048,1536
20160619_FIRE_om-e-mobo-c,1800,0.6212,993.0,743.9,1059.6,801.1,2048,1536
20160619_FIRE_om-e-mobo-c,1860,0.5817,993.3,755.4,1058.6,801.0,2048,1536
20160619_FIRE_om-e-mobo-c,1860,0.0610,986.2,739.7,1060.5,800.3,2048,1536
20160619_FIRE_om-e-mobo-c,1920,0.4639,997.1,753.6,1058.7,800.3,2048,1536
20160619_FIRE_om-e-mobo-c,1920,0.3095,986.3,743.4,1058.1,800.0,2048,1536
20160619_FIRE_om-e-mobo-c,1980,0.4925,989.9,756.3,1056.3,800.8,2048,1536
20160619_FIRE_om-e-mobo-c,1980,0.0996,980.0,735.2,1057.8,800.0,2048,1536
20160619_FIRE_om-e-mobo-c,2040,0.4973,991.2,758.5,1058.0,800.4,2048,1536
20160619_FIRE_om-e-mobo-c,2040,0.2147,981.7,746.4,1059.1,800.3,2048,1536
20160619_FIRE_om-e-mobo-c,2100,0.4927,986.7,754.7,1059.3,800.5,2048,1536
20160619_FIRE_om-e-mobo-c,2100,0.0945,977.2,737.4,1061.7,800.0,2048,1536
20160619_FIRE_om-e-mobo-c,2160,0.5402,997.2,761.1,1059.5,799.2,2048,1536
20160619_FIRE_om-e-mobo-c,2160,0.1121,976.5,749.3,1061.6,799.5,2048,1536
20160619_FIRE_om-e-mobo-c,2220,0.4593,994.5,759.9,1060.3,799.2,2048,1536
20160619_FIRE_om-e-mobo-c,2220,0.1405,976.4,752.4,1062.3,799.6,2048,1536
20160619_FIRE_om-e-mobo-c,2280,0.4354,991.3,759.6,1059.4,800.3,2048,1536
20160619_FIRE_om-e-mobo-c,2280,0.3004,964.7,741.7,1061.4,800.3,2048,1536
20160619_FIRE_om-e-mobo-c,2340,0.5156,990.9,759.4,1061.9,800.6,2048,1536
20160619_FIRE_om-e-mobo-c,2340,0.2020,971.2,750.0,1063.2,800.5,2048,1536
20160619_FIRE_om-e-mobo-c,2340,0.0520,961.6,734.2,1064.3,800.2,2048,1536
20160619_FIRE_om-e-mobo-c,2400,0.4063,990.0,757.2,1060.0,800.3,2048,1536
20160619_FIRE_om-e-mobo-c,2400,0.2977,961.9,739.1,1061.8,800.3,2048,1536
20160619_FIRE_om-e-mobo-c,2400,0.2254,973.0,751.4,1060.7,800.5,2048,1536
20160619_FIRE_pi-s-mobo-c,-1860,0.4187,322.2,674.3,343.5,702.5,2048,1536
20160619_FIRE_pi-s-mobo-c,480,0.1329,1690.6,659.9,1746.6,688.3,2048,1536
20160619_FIRE_pi-s-mobo-c,540,0.3784,1681.9,654.2,1746.7,696.9,2048,1536
20160619_FIRE_pi-s-mobo-c,600,0.5175,1660.4,649.9,1748.7,706.7,2048,1536
20160619_FIRE_pi-s-mobo-c,660,0.5482,1650.7,649.3,1742.3,685.7,2048,1536
20160619_FIRE_pi-s-mobo-c,660,0.1042,1650.0,650.2,1749.0,712.1,2048,1536
20160619_FIRE_pi-s-mobo-c,720,0.1228,1646.5,649.9,1742.4,685.4,2048,1536
20160619_FIRE_pi-s-mobo-c,900,0.3250,0.0,821.5,61.6,908.6,2048,1536
20160619_FIRE_pi-s-mobo-c,900,0.0849,0.0,748.6,61.2,910.2,2048,1536
20160619_FIRE_pi-s-mobo-c,960,0.3484,0.2,825.2,46.3,911.2,2048,1536
20160619_FIRE_pi-s-mobo-c,960,0.1108,0.0,761.2,42.3,911.5,2048,1536
20160619_FIRE_pi-s-mobo-c,1020,0.0507,1621.8,657.1,1742.6,712.9,2048,1536
20160619_FIRE_pi-s-mobo-c,1080,0.3255,1620.0,657.5,1746.4,716.3,2048,1536
20160619_FIRE_pi-s-mobo-c,1080,0.0720,1666.7,658.5,1746.2,715.6,2048,1536
20160619_FIRE_pi-s-mobo-c,1140,0.1846,1672.0,654.8,1744.0,707.8,2048,1536
20160619_FIRE_pi-s-mobo-c,1200,0.6869,1657.4,652.1,1741.2,715.9,2048,1536
20160619_FIRE_pi-s-mobo-c,1200,0.0941,1618.5,651.1,1741.7,716.7,2048,1536
20160619_FIRE_pi-s-mobo-c,1260,0.7632,1647.4,645.0,1736.8,714.7,2048,1536
20160619_FIRE_pi-s-mobo-c,1320,0.7043,1640.1,639.9,1739.9,711.2,2048,1536
20160619_FIRE_pi-s-mobo-c,1380,0.5451,1633.3,635.1,1737.6,708.6,2048,1536
20160619_FIRE_pi-s-mobo-c,1440,0.5879,1628.3,635.5,1734.5,705.6,2048,1536
20160619_FIRE_pi-s-mobo-c,1500,0.5407,1625.8,634.7,1730.4,689.6,2048,1536
20160619_FIRE_pi-s-mobo-c,1560,0.5345,1625.8,634.7,1730.5,689.8,2048,1536
20160619_FIRE_pi-s-mobo-c,1620,0.5774,1615.2,635.0,1745.3,718.3,2048,1536
20160619_FIRE_pi-s-mobo-c,1680,0.3077,1596.9,637.5,1741.8,702.4,2048,1536
20160619_FIRE_pi-s-mobo-c,1680,0.1867,1603.2,636.9,1741.0,685.2,2048,1536
20160619_FIRE_pi-s-mobo-c,1740,0.4966,1581.3,643.2,1743.7,718.6,2048,1536
20160619_FIRE_pi-s-mobo-c,1800,0.3209,1564.8,641.4,1742.6,720.2,2048,1536
20160619_FIRE_pi-s-mobo-c,1860,0.3197,1565.0,641.5,1742.7,720.2,2048,1536
20160711_FIRE_ml-n-mobo-c,-2400,0.3229,861.8,751.6,909.4,774.5,2048,1536
20160711_FIRE_ml-n-mobo-c,-2400,0.0656,860.6,743.6,912.8,774.0,2048,1536
20160711_FIRE_ml-n-mobo-c,-2340,0.2885,859.9,752.2,905.9,774.6,2048,1536
20160711_FIRE_ml-n-mobo-c,-2280,0.1762,860.7,752.8,908.2,774.6,2048,1536
20160711_FIRE_ml-n-mobo-c,-2220,0.1982,860.1,751.8,907.0,774.8,2048,1536
20160711_FIRE_ml-n-mobo-c,-2160,0.2232,860.1,752.9,908.5,774.4,2048,1536
20160711_FIRE_ml-n-mobo-c,-2100,0.2470,859.4,752.5,906.7,774.6,2048,1536
20160711_FIRE_ml-n-mobo-c,-2040,0.1757,860.5,752.4,908.5,774.8,2048,1536
20160711_FIRE_ml-n-mobo-c,-1980,0.2333,860.9,752.1,909.4,774.5,2048,1536
20160711_FIRE_ml-n-mobo-c,-1920,0.1815,859.0,752.7,907.8,774.9,2048,1536
20160711_FIRE_ml-n-mobo-c,-1860,0.1849,860.0,752.2,905.8,774.8,2048,1536
20160711_FIRE_ml-n-mobo-c,-1800,0.2681,861.9,752.5,908.5,774.6,2048,1536
20160711_FIRE_ml-n-mobo-c,-1740,0.2818,860.6,752.7,909.8,774.8,2048,1536
20160711_FIRE_ml-n-mobo-c,-1680,0.3378,861.5,753.3,909.5,774.8,2048,1536
20160711_FIRE_ml-n-mobo-c,-1620,0.2292,859.9,753.5,907.6,774.5,2048,1536
20160711_FIRE_ml-n-mobo-c,-1560,0.2738,859.7,753.8,909.5,775.2,2048,1536
20160711_FIRE_ml-n-mobo-c,-1500,0.2150,859.1,751.9,908.8,774.9,2048,1536
20160711_FIRE_ml-n-mobo-c,-1440,0.2999,861.9,753.7,907.0,774.8,2048,1536
20160711_FIRE_ml-n-mobo-c,-1380,0.2541,860.8,753.1,907.6,774.9,2048,1536
20160711_FIRE_ml-n-mobo-c,-1320,0.2590,860.1,753.5,905.9,775.1,2048,1536
20160711_FIRE_ml-n-mobo-c,-1320,0.0522,1894.1,757.2,1940.0,780.8,2048,1536
20160711_FIRE_ml-n-mobo-c,-1260,0.2432,860.7,753.1,907.3,774.6,2048,1536
20160711_FIRE_ml-n-mobo-c,-1200,0.2754,861.8,752.2,909.5,774.9,2048,1536
20160711_FIRE_ml-n-mobo-c,-1140,0.3240,860.2,752.4,909.3,775.0,2048,1536
20160711_FIRE_ml-n-mobo-c,-1140,0.0508,859.2,743.5,912.3,774.3,2048,1536
20160711_FIRE_ml-n-mobo-c,-1080,0.2677,861.2,752.8,908.8,774.7,2048,1536
20160711_FIRE_ml-n-mobo-c,-1020,0.2442,858.8,753.3,906.4,775.0,2048,1536
20160711_FIRE_ml-n-mobo-c,-960,0.4056,860.7,753.6,908.0,775.0,2048,1536
20160711_FIRE_ml-n-mobo-c,-960,0.0524,1899.8,757.7,1946.7,780.0,2048,1536
20160711_FIRE_ml-n-mobo-c,-900,0.3813,859.4,752.4,910.2,775.0,2048,1536
20160711_FIRE_ml-n-mobo-c,-900,0.0652,858.3,743.4,914.3,774.5,2048,1536
20160711_FIRE_ml-n-mobo-c,-900,0.0511,1898.2,754.5,1940.1,779.7,2048,1536
20160711_FIRE_ml-n-mobo-c,-840,0.1522,860.5,753.7,906.7,774.4,2048,1536
20160711_FIRE_ml-n-mobo-c,-780,0.3652,861.8,751.2,912.0,774.7,2048,1536
20160711_FIRE_ml-n-mobo-c,-780,0.0699,860.8,743.6,915.1,774.1,2048,1536
20160711_FIRE_ml-n-mobo-c,-720,0.2158,860.4,751.9,908.4,774.9,2048,1536
20160711_FIRE_ml-n-mobo-c,-660,0.2649,861.1,752.7,909.4,775.1,2048,1536
20160711_FIRE_ml-n-mobo-c,-600,0.2472,859.3,752.2,907.7,775.1,2048,1536
20160711_FIRE_ml-n-mobo-c,-600,0.0727,1899.5,756.0,1941.1,779.6,2048,1536
20160711_FIRE_ml-n-mobo-c,-540,0.2565,859.5,752.2,906.4,775.1,2048,1536
20160711_FIRE_ml-n-mobo-c,-480,0.1454,860.8,752.6,907.8,775.0,2048,1536
20160711_FIRE_ml-n-mobo-c,-420,0.2024,860.0,751.8,906.7,774.8,2048,1536
20160711_FIRE_ml-n-mobo-c,-360,0.2241,858.0,750.5,907.0,774.8,2048,1536
20160711_FIRE_ml-n-mobo-c,-300,0.2436,861.5,753.5,907.8,774.7,2048,1536
20160711_FIRE_ml-n-mobo-c,-240,0.0991,858.7,752.3,906.5,775.1,2048,1536
20160711_FIRE_ml-n-mobo-c,-180,0.2357,859.7,752.4,909.6,775.1,2048,1536
20160711_FIRE_ml-n-mobo-c,-120,0.1320,859.2,753.7,906.2,775.1,2048,1536
20160711_FIRE_ml-n-mobo-c,-60,0.1987,859.2,753.0,906.1,774.9,2048,1536
20160711_FIRE_ml-n-mobo-c,0,0.2199,860.9,753.1,909.7,774.9,2048,1536
20160711_FIRE_ml-n-mobo-c,0,0.0516,1898.1,758.1,1938.1,780.4,2048,1536
20160711_FIRE_ml-n-mobo-c,60,0.2953,861.3,753.3,909.3,774.9,2048,1536
20160711_FIRE_ml-n-mobo-c,120,0.2306,861.1,753.8,906.1,774.8,2048,1536
20160711_FIRE_ml-n-mobo-c,120,0.0552,0.0,26.3,157.6,113.4,2048,1536
20160711_FIRE_ml-n-mobo-c,180,0.1735,860.6,752.5,910.9,774.9,2048,1536
20160711_FIRE_ml-n-mobo-c,240,0.1669,860.2,753.3,907.4,774.7,2048,1536
20160711_FIRE_ml-n-mobo-c,300,0.2630,860.7,753.4,907.3,774.7,2048,1536
20160711_FIRE_ml-n-mobo-c,360,0.3003,859.9,751.2,910.6,774.9,2048,1536
20160711_FIRE_ml-n-mobo-c,360,0.0718,858.7,743.2,913.9,774.4,2048,1536
20160711_FIRE_ml-n-mobo-c,420,0.0908,860.0,752.3,906.8,774.8,2048,1536
20160711_FIRE_ml-n-mobo-c,480,0.2051,859.9,753.3,906.3,775.3,2048,1536
20160711_FIRE_ml-n-mobo-c,540,0.2143,860.5,753.0,908.4,774.6,2048,1536
20160711_FIRE_ml-n-mobo-c,600,0.1893,861.0,752.5,908.2,774.7,2048,1536
20160711_FIRE_ml-n-mobo-c,660,0.1156,859.7,752.5,906.4,774.8,2048,1536
20160711_FIRE_ml-n-mobo-c,720,0.0940,861.0,751.9,908.1,774.2,2048,1536
20160711_FIRE_ml-n-mobo-c,780,0.1648,863.0,752.9,908.5,774.3,2048,1536
20160711_FIRE_ml-n-mobo-c,780,0.0615,1895.5,757.4,1938.2,780.7,2048,1536
20160711_FIRE_ml-n-mobo-c,840,0.2365,861.4,754.0,906.0,774.7,2048,1536
20160711_FIRE_ml-n-mobo-c,900,0.1993,860.0,754.1,907.8,775.3,2048,1536
20160711_FIRE_ml-n-mobo-c,960,0.2561,859.8,752.6,907.4,774.8,2048,1536
20160711_FIRE_ml-n-mobo-c,1020,0.2290,861.1,753.4,907.7,774.8,2048,1536
20160711_FIRE_ml-n-mobo-c,1080,0.2631,859.5,753.2,906.7,775.2,2048,1536
20160711_FIRE_ml-n-mobo-c,1140,0.2118,859.9,753.7,905.9,774.9,2048,1536
20160711_FIRE_ml-n-mobo-c,1200,0.1585,859.8,753.4,905.6,774.8,2048,1536
20160711_FIRE_ml-n-mobo-c,1200,0.0714,1904.2,755.2,1949.1,779.4,2048,1536
20160711_FIRE_ml-n-mobo-c,1260,0.1991,860.3,753.3,906.6,774.5,2048,1536
20160711_FIRE_ml-n-mobo-c,1260,0.0992,1897.3,755.1,1944.4,780.9,2048,1536
20160711_FIRE_ml-n-mobo-c,1320,0.1639,862.8,754.1,907.1,774.6,2048,1536
20160711_FIRE_ml-n-mobo-c,1380,0.0781,861.1,753.3,906.7,774.8,2048,1536
20160711_FIRE_ml-n-mobo-c,1440,0.2206,859.9,754.7,906.2,774.9,2048,1536
20160711_FIRE_ml-n-mobo-c,1500,0.2522,859.6,753.7,905.8,774.7,2048,1536
20160711_FIRE_ml-n-mobo-c,1500,0.1196,1898.9,756.3,1943.5,780.8,2048,1536
20160711_FIRE_ml-n-mobo-c,1560,0.2777,860.4,755.1,905.3,775.1,2048,1536
20160711_FIRE_ml-n-mobo-c,1560,0.0518,1897.8,756.9,1941.6,780.8,2048,1536
20160711_FIRE_ml-n-mobo-c,1620,0.2260,860.0,753.6,909.4,775.2,2048,1536
20160711_FIRE_ml-n-mobo-c,1680,0.1060,861.2,753.5,905.9,774.7,2048,1536
20160711_FIRE_ml-n-mobo-c,1740,0.1257,859.7,752.8,905.6,774.8,2048,1536
20160711_FIRE_ml-n-mobo-c,1800,0.1503,864.7,753.3,908.1,774.9,2048,1536
20160711_FIRE_ml-n-mobo-c,1860,0.3018,860.6,754.3,906.7,775.0,2048,1536
20160711_FIRE_ml-n-mobo-c,1920,0.1774,861.4,754.2,907.2,775.3,2048,1536
20160711_FIRE_ml-n-mobo-c,1980,0.2270,860.0,752.4,907.5,774.4,2048,1536
20160711_FIRE_ml-n-mobo-c,2040,0.1229,861.2,753.4,906.6,774.8,2048,1536
20160711_FIRE_ml-n-mobo-c,2100,0.1296,859.9,752.5,901.6,774.4,2048,1536
20160711_FIRE_ml-n-mobo-c,2160,0.1149,860.7,754.1,905.5,775.2,2048,1536
20160711_FIRE_ml-n-mobo-c,2220,0.1483,860.2,753.1,907.6,774.6,2048,1536
20160711_FIRE_ml-n-mobo-c,2220,0.0523,1897.7,756.7,1942.3,781.0,2048,1536
20160711_FIRE_ml-n-mobo-c,2280,0.1748,860.5,753.0,906.1,774.5,2048,1536
20160711_FIRE_ml-n-mobo-c,2340,0.2682,861.2,754.3,906.2,774.9,2048,1536
20160711_FIRE_ml-n-mobo-c,2400,0.1628,859.7,753.3,906.7,774.5,2048,1536
20160711_FIRE_ml-n-mobo-c,2400,0.0513,1898.0,754.7,1944.6,780.6,2048,1536
20160718_FIRE_lp-n-iqeye,-2400,0.1032,72.7,1073.7,318.4,1197.5,1600,1200
20160718_FIRE_lp-n-iqeye,-2040,0.0946,70.9,1073.5,318.6,1197.6,1600,1200
20160718_FIRE_lp-n-iqeye,-1920,0.0717,72.4,1070.7,319.2,1197.9,1600,1200
20160718_FIRE_lp-n-iqeye,-1800,0.1202,71.3,1066.8,320.2,1198.1,1600,1200
20160718_FIRE_lp-n-iqeye,-1680,0.0854,71.9,1072.4,319.7,1197.5,1600,1200
20160718_FIRE_lp-n-iqeye,-1560,0.1193,73.2,1073.8,319.9,1197.5,1600,1200
20160718_FIRE_lp-n-iqeye,-1440,0.0782,74.2,1068.6,320.8,1197.9,1600,1200
20160718_FIRE_lp-n-iqeye,-1080,0.0688,72.4,1076.9,319.4,1197.1,1600,1200
20160718_FIRE_lp-n-iqeye,-240,0.0500,74.0,1075.1,319.6,1197.4,1600,1200
20160718_FIRE_lp-n-iqeye,360,0.3064,787.2,488.9,836.8,514.7,1600,1200
20160718_FIRE_lp-n-iqeye,480,0.5931,793.7,484.8,852.0,514.3,1600,1200
20160718_FIRE_lp-n-iqeye,600,0.7715,787.6,481.9,859.9,516.6,1600,1200
20160718_FIRE_lp-n-iqeye,720,0.6720,786.9,472.0,846.1,512.5,1600,1200
20160718_FIRE_lp-n-iqeye,840,0.7437,791.1,472.5,859.6,513.1,1600,1200
20160718_FIRE_lp-n-iqeye,960,0.5695,790.6,476.2,872.4,513.0,1600,1200
20160718_FIRE_lp-n-iqeye,1080,0.5391,787.9,478.4,897.6,515.7,1600,1200
20160718_FIRE_lp-n-iqeye,1080,0.4389,788.2,477.8,864.4,514.8,1600,1200
20160718_FIRE_lp-n-iqeye,1200,0.5754,786.1,475.5,903.7,514.8,1600,1200
20160718_FIRE_lp-n-iqeye,1200,0.4219,786.4,476.1,864.1,513.8,1600,1200
20160718_FIRE_lp-n-iqeye,1320,0.3760,788.5,475.3,898.0,512.8,1600,1200
20160718_FIRE_lp-n-iqeye,1320,0.2284,789.6,475.6,873.9,509.6,1600,1200
20160718_FIRE_lp-n-iqeye,1440,0.4924,787.5,474.2,888.0,513.2,1600,1200
20160718_FIRE_lp-n-iqeye,1560,0.5418,786.1,474.3,898.4,515.4,1600,1200
20160718_FIRE_lp-n-iqeye,1680,0.3953,788.6,475.0,904.1,514.6,1600,1200
20160718_FIRE_lp-n-iqeye,1800,0.3658,791.6,475.0,910.3,514.3,1600,1200
20160718_FIRE_lp-n-iqeye,1920,0.1272,788.2,474.4,921.9,514.2,1600,1200
20160718_FIRE_lp-n-iqeye,2160,0.2430,792.5,472.3,858.6,511.7,1600,1200
20160718_FIRE_lp-n-iqeye,2160,0.2241,791.0,471.4,892.2,513.7,1600,1200
20160718_FIRE_lp-n-iqeye,2160,0.0783,789.4,472.2,940.5,515.5,1600,1200
20160718_FIRE_lp-n-iqeye,2280,0.1798,791.9,471.4,872.5,512.7,1600,1200
20160718_FIRE_lp-n-iqeye,2280,0.0783,791.0,472.3,931.6,515.0,1600,1200
20160718_FIRE_lp-n-iqeye,2400,0.3607,795.3,473.6,863.2,513.0,1600,1200
20160718_FIRE_lp-n-iqeye,2400,0.1493,795.8,475.0,840.9,512.4,1600,1200
20160718_FIRE_lp-n-iqeye,2400,0.0809,794.4,473.8,898.5,514.4,1600,1200
20160718_FIRE_lp-n-iqeye,2400,0.0797,795.9,477.8,827.8,512.3,1600,1200
20160718_FIRE_lp-n-iqeye,2400,0.0539,793.3,473.8,949.1,515.9,1600,1200
20160718_FIRE_mg-s-iqeye,-2400,0.2054,111.2,511.7,135.9,543.6,1600,1200
20160718_FIRE_mg-s-iqeye,-2280,0.1391,108.9,511.0,137.1,543.8,1600,1200
20160718_FIRE_mg-s-iqeye,-2160,0.2442,110.2,511.3,136.5,543.5,1600,1200
20160718_FIRE_mg-s-iqeye,-2040,0.2435,111.2,510.9,134.5,543.3,1600,1200
20160718_FIRE_mg-s-iqeye,-1920,0.1220,110.5,511.7,134.8,543.5,1600,1200
20160718_FIRE_mg-s-iqeye,-1800,0.1412,110.0,511.3,135.1,543.6,1600,1200
20160718_FIRE_mg-s-iqeye,-1680,0.1949,111.7,511.5,136.0,543.6,1600,1200
20160718_FIRE_mg-s-iqeye,-1560,0.1556,110.5,511.1,135.2,543.5,1600,1200
20160718_FIRE_mg-s-iqeye,-1440,0.1334,110.8,511.6,136.5,543.7,1600,1200
20160718_FIRE_mg-s-iqeye,-1320,0.1667,110.8,511.8,136.5,543.4,1600,1200
20160718_FIRE_mg-s-iqeye,-1200,0.1897,109.1,511.3,137.5,543.5,1600,1200
20160718_FIRE_mg-s-iqeye,-1080,0.1249,111.2,513.0,136.1,543.4,1600,1200
20160718_FIRE_mg-s-iqeye,-960,0.0954,109.8,511.1,137.0,543.8,1600,1200
20160718_FIRE_mg-s-iqeye,-960,0.0515,1583.4,560.0,1600.0,588.1,1600,1200
20160718_FIRE_mg-s-iqeye,-840,0.1299,111.0,511.3,136.4,543.7,1600,1200
20160718_FIRE_mg-s-iqeye,-720,0.1394,107.3,511.4,136.4,543.3,1600,1200
20160718_FIRE_mg-s-iqeye,-600,0.1369,110.2,511.5,136.1,543.6,1600,1200
20160718_FIRE_mg-s-iqeye,-480,0.0800,110.0,511.8,137.4,544.0,1600,1200
20160718_FIRE_mg-s-iqeye,-360,0.1534,109.7,510.4,134.6,543.5,1600,1200
20160718_FIRE_mg-s-iqeye,-240,0.1293,108.8,511.5,135.1,543.7,1600,1200
20160718_FIRE_mg-s-iqeye,-120,0.0542,109.3,510.6,136.0,543.7,1600,1200
20160718_FIRE_mg-s-iqeye,0,0.1562,109.2,511.0,136.7,543.6,1600,1200
20160718_FIRE_mg-s-iqeye,120,0.2075,110.8,512.7,138.1,543.7,1600,1200
20160718_FIRE_mg-s-iqeye,240,0.1524,108.2,511.3,139.3,543.5,1600,1200
20160718_FIRE_mg-s-iqeye,360,0.1568,109.4,510.7,136.9,543.1,1600,1200
20160718_FIRE_mg-s-iqeye,480,0.0750,108.8,511.4,136.8,543.4,1600,1200
20160718_FIRE_mg-s-iqeye,720,0.5773,491.1,544.0,539.9,568.6,1600,1200
20160718_FIRE_mg-s-iqeye,840,0.7053,473.2,537.4,540.5,567.9,1600,1200
20160718_FIRE_mg-s-iqeye,960,0.7263,461.0,534.1,527.2,566.1,1600,1200
20160718_FIRE_mg-s-iqeye,1080,0.7330,459.9,530.3,534.0,568.6,1600,1200
20160718_FIRE_mg-s-iqeye,1200,0.7253,471.1,521.4,528.4,567.8,1600,1200
20160718_FIRE_mg-s-iqeye,1320,0.7142,462.9,520.2,530.3,567.9,1600,1200
20160718_FIRE_mg-s-iqeye,1440,0.7669,453.5,525.2,539.3,570.4,1600,1200
20160718_FIRE_mg-s-iqeye,1560,0.6407,442.5,527.3,536.7,569.3,1600,1200
20160718_FIRE_mg-s-iqeye,1680,0.5668,430.8,525.7,535.2,569.6,1600,1200
20160718_FIRE_mg-s-iqeye,1800,0.6701,428.7,523.6,533.9,569.1,1600,1200
20160718_FIRE_mg-s-iqeye,1920,0.6967,421.6,521.9,531.7,567.4,1600,1200
20160718_FIRE_mg-s-iqeye,2040,0.7280,419.4,521.7,534.5,567.2,1600,1200
20160718_FIRE_mg-s-iqeye,2160,0.6783,412.8,520.7,531.8,566.0,1600,1200
20160718_FIRE_mg-s-iqeye,2280,0.6414,408.2,519.3,527.0,563.1,1600,1200
20160718_FIRE_mg-s-iqeye,2400,0.5918,401.3,518.5,526.7,564.2,1600,1200
20160718_FIRE_mw-e-mobo-c,780,0.1329,1322.2,758.6,1417.0,800.6,2048,1536
20160718_FIRE_mw-e-mobo-c,840,0.7424,1312.5,752.6,1420.2,799.7,2048,1536
20160718_FIRE_mw-e-mobo-c,900,0.8187,1302.3,750.0,1415.4,802.3,2048,1536
20160718_FIRE_mw-e-mobo-c,960,0.6572,1290.9,750.0,1410.6,803.1,2048,1536
20160718_FIRE_mw-e-mobo-c,1020,0.1448,1288.1,739.2,1423.6,800.1,2048,1536
20160718_FIRE_mw-e-mobo-c,1020,0.1156,1323.5,738.6,1422.3,794.5,2048,1536
20160718_FIRE_mw-e-mobo-c,1080,0.6008,1299.1,734.1,1424.6,797.6,2048,1536
20160718_FIRE_mw-e-mobo-c,1080,0.0652,1318.0,744.1,1424.0,795.0,2048,1536
20160718_FIRE_mw-e-mobo-c,1140,0.4962,1310.7,732.2,1415.3,794.2,2048,1536
20160718_FIRE_mw-e-mobo-c,1200,0.8169,1319.6,721.0,1423.2,797.2,2048,1536
20160718_FIRE_mw-e-mobo-c,1260,0.8526,1311.8,710.6,1419.2,794.8,2048,1536
20160718_FIRE_mw-e-mobo-c,1320,0.8767,1297.8,701.9,1409.9,795.9,2048,1536
20160718_FIRE_mw-e-mobo-c,1380,0.8732,1290.7,701.2,1423.7,795.9,2048,1536
20160718_FIRE_mw-e-mobo-c,1440,0.8263,1280.4,705.5,1418.2,794.0,2048,1536
20160718_FIRE_mw-e-mobo-c,1500,0.7528,1270.4,716.3,1424.4,794.2,2048,1536
20160718_FIRE_mw-e-mobo-c,1560,0.4181,1311.9,728.0,1412.8,794.9,2048,1536
20160718_FIRE_mw-e-mobo-c,1560,0.2885,1255.0,721.8,1414.0,797.1,2048,1536
20160718_FIRE_mw-e-mobo-c,1620,0.7218,1299.8,729.9,1419.3,795.3,2048,1536
20160718_FIRE_mw-e-mobo-c,1680,0.5221,1285.3,716.7,1412.8,794.6,2048,1536
20160718_FIRE_mw-e-mobo-c,1680,0.0861,1181.9,712.1,1414.7,794.3,2048,1536
20160718_FIRE_mw-e-mobo-c,1740,0.4280,1230.7,717.3,1422.5,795.0,2048,1536
20160718_FIRE_mw-e-mobo-c,1740,0.1780,1285.9,716.3,1420.0,794.3,2048,1536
20160718_FIRE_mw-e-mobo-c,1800,0.5912,1220.7,717.9,1424.2,796.9,2048,1536
20160718_FIRE_mw-e-mobo-c,1800,0.1014,1284.2,719.0,1426.1,796.5,2048,1536
20160718_FIRE_mw-e-mobo-c,1860,0.7793,1213.3,714.3,1426.5,797.2,2048,1536
20160718_FIRE_mw-e-mobo-c,1920,0.7558,1205.3,713.1,1427.7,799.0,2048,1536
20160718_FIRE_mw-e-mobo-c,1980,0.8221,1203.0,711.6,1429.8,800.4,2048,1536
20160718_FIRE_mw-e-mobo-c,2040,0.8261,1194.1,711.8,1428.6,801.1,2048,1536
20160718_FIRE_mw-e-mobo-c,2100,0.7586,1183.7,711.7,1427.5,799.3,2048,1536
20160718_FIRE_mw-e-mobo-c,2160,0.7431,1174.2,713.3,1427.6,799.2,2048,1536
20160718_FIRE_mw-e-mobo-c,2220,0.7282,1163.8,714.0,1423.0,800.2,2048,1536
20160718_FIRE_mw-e-mobo-c,2220,0.0698,1239.4,720.4,1419.5,800.4,2048,1536
20160718_FIRE_mw-e-mobo-c,2280,0.6789,1153.7,711.7,1432.6,801.5,2048,1536
20160718_FIRE_mw-e-mobo-c,2280,0.1080,1336.7,747.2,1430.2,798.3,2048,1536
20160718_FIRE_mw-e-mobo-c,2340,0.5769,1154.1,713.3,1425.5,802.4,2048,1536
20160718_FIRE_mw-e-mobo-c,2340,0.0808,1319.7,743.5,1423.9,797.6,2048,1536
20160718_FIRE_mw-e-mobo-c,2340,0.0572,1290.2,736.4,1425.8,800.4,2048,1536
20160718_FIRE_mw-e-mobo-c,2400,0.6200,1148.6,711.8,1420.2,804.5,2048,1536
20160722_FIRE_mg-s-iqeye,-1200,0.0865,107.5,511.2,133.2,542.2,1600,1200
20160722_FIRE_mg-s-iqeye,-720,0.0581,109.2,511.9,133.7,542.1,1600,1200
20160722_FIRE_mg-s-iqeye,-240,0.0546,104.9,512.0,133.8,542.8,1600,1200
20160722_FIRE_mg-s-iqeye,1080,0.0585,1559.7,578.0,1579.6,600.3,1600,1200
20160722_FIRE_mw-e-mobo-c,480,0.1840,1827.3,995.8,1926.0,1069.8,2048,1536
20160722_FIRE_mw-e-mobo-c,540,0.0883,1812.4,1029.6,1909.9,1079.5,2048,1536
20160722_FIRE_mw-e-mobo-c,600,0.3263,1754.5,980.4,1913.1,1066.9,2048,1536
20160722_FIRE_mw-e-mobo-c,600,0.1063,1772.2,999.0,1911.9,1066.9,2048,1536
20160722_FIRE_mw-e-mobo-c,660,0.2339,1726.7,944.5,1908.1,1058.1,2048,1536
20160722_FIRE_mw-e-mobo-c,660,0.1214,1685.4,924.2,1910.6,1060.1,2048,1536
20160722_FIRE_mw-e-mobo-c,720,0.6027,1751.9,955.8,1914.0,1068.9,2048,1536
20160722_FIRE_mw-e-mobo-c,780,0.6592,1658.5,918.7,1895.5,1066.8,2048,1536
20160722_FIRE_mw-e-mobo-c,840,0.4711,1668.1,909.7,1892.8,1073.7,2048,1536
20160722_FIRE_mw-e-mobo-c,840,0.2907,1635.3,869.3,1897.8,1073.8,2048,1536
20160722_FIRE_mw-e-mobo-c,900,0.7708,1554.4,879.4,1888.3,1080.3,2048,1536
20160722_FIRE_mw-e-mobo-c,960,0.8286,1596.4,918.5,1907.3,1075.3,2048,1536
20160722_FIRE_mw-e-mobo-c,1020,0.8403,1665.7,918.5,1892.5,1073.9,2048,1536
20160722_FIRE_mw-e-mobo-c,1080,0.4470,1579.0,898.6,1897.5,1077.4,2048,1536
20160722_FIRE_mw-e-mobo-c,1080,0.3078,1643.3,922.2,1896.4,1076.1,2048,1536
20160722_FIRE_mw-e-mobo-c,1140,0.2566,1706.7,951.5,1895.2,1075.6,2048,1536
20160722_FIRE_mw-e-mobo-c,1140,0.1144,1608.6,922.5,1896.9,1072.8,2048,1536
20160722_FIRE_mw-e-mobo-c,1140,0.0768,1552.0,862.5,1901.1,1074.5,2048,1536
20160722_FIRE_mw-e-mobo-c,1140,0.0551,1808.4,1022.0,1891.9,1074.4,2048,1536
20160722_FIRE_mw-e-mobo-c,1200,0.7091,1730.8,960.7,1907.9,1067.1,2048,1536
20160722_FIRE_mw-e-mobo-c,1260,0.5524,1606.2,909.6,1900.6,1076.1,2048,1536
20160722_FIRE_mw-e-mobo-c,1260,0.4034,1794.3,1002.3,1894.1,1074.5,2048,1536
20160722_FIRE_mw-e-mobo-c,1320,0.5201,1793.5,1020.5,1888.4,1072.0,2048,1536
20160722_FIRE_mw-e-mobo-c,1380,0.7042,1655.1,941.7,1890.2,1077.9,2048,1536
20160722_FIRE_mw-e-mobo-c,1440,0.5683,1707.0,982.2,1894.8,1075.9,2048,1536
20160722_FIRE_mw-e-mobo-c,1440,0.0524,1589.3,923.2,1884.5,1068.2,2048,1536
20160722_FIRE_mw-e-mobo-c,1500,0.2305,1774.9,1019.7,1888.1,1077.0,2048,1536
20160722_FIRE_mw-e-mobo-c,1500,0.2009,1792.6,1029.5,1887.5,1077.6,2048,1536
20160722_FIRE_mw-e-mobo-c,1500,0.1195,1813.7,1043.2,1885.2,1077.3,2048,1536
20160722_FIRE_mw-e-mobo-c,1500,0.0592,1737.3,1014.3,1889.3,1079.2,2048,1536
20160722_FIRE_mw-e-mobo-c,1560,0.4847,1786.0,1020.1,1884.1,1075.9,2048,1536
20160722_FIRE_mw-e-mobo-c,1560,0.2582,1646.3,953.5,1888.4,1076.9,2048,1536
20160722_FIRE_mw-e-mobo-c,1560,0.1316,1771.5,1005.8,1885.3,1075.9,2048,1536
20160722_FIRE_mw-e-mobo-c,1620,0.3790,1796.8,1018.3,1892.9,1074.9,2048,1536
20160722_FIRE_mw-e-mobo-c,1620,0.0835,1646.5,952.7,1898.4,1078.1,2048,1536
20160722_FIRE_mw-e-mobo-c,1680,0.3296,1735.0,939.2,1889.9,1069.3,2048,1536
20160722_FIRE_mw-e-mobo-c,1680,0.1986,1794.2,990.3,1886.9,1068.5,2048,1536
20160722_FIRE_mw-e-mobo-c,1680,0.1705,1764.3,976.1,1888.4,1069.8,2048,1536
20160722_FIRE_mw-e-mobo-c,1740,0.6725,1811.3,981.0,1887.7,1067.5,2048,1536
20160722_FIRE_mw-e-mobo-c,1740,0.0827,1780.4,976.3,1888.1,1068.5,2048,1536
20160722_FIRE_mw-e-mobo-c,1800,0.5601,1672.9,906.9,1881.8,1071.8,2048,1536
20160722_FIRE_mw-e-mobo-c,1860,0.6574,1808.2,960.3,1905.6,1066.0,2048,1536
20160722_FIRE_mw-e-mobo-c,1920,0.7834,1666.9,924.9,1890.8,1075.8,2048,1536
20160722_FIRE_mw-e-mobo-c,1980,0.7471,1561.9,897.0,1890.6,1077.4,2048,1536
20160722_FIRE_mw-e-mobo-c,1980,0.3492,1755.8,980.0,1884.5,1074.8,2048,1536
20160722_FIRE_mw-e-mobo-c,2040,0.8546,1616.3,918.3,1883.5,1076.7,2048,1536
20160722_FIRE_mw-e-mobo-c,2100,0.3759,1608.6,943.6,1888.0,1082.5,2048,1536
20160722_FIRE_mw-e-mobo-c,2100,0.3684,1724.4,1016.7,1884.1,1080.5,2048,1536
20160722_FIRE_mw-e-mobo-c,2160,0.8287,1654.3,942.5,1891.4,1076.9,2048,1536
20160722_FIRE_mw-e-mobo-c,2220,0.7816,1732.3,968.8,1890.9,1074.2,2048,1536
20160722_FIRE_mw-e-mobo-c,2280,0.6364,1752.0,973.2,1885.2,1075.0,2048,1536
20160722_FIRE_mw-e-mobo-c,2280,0.2389,1582.8,924.7,1890.8,1077.5,2048,1536
20160722_FIRE_mw-e-mobo-c,2280,0.1221,1721.3,956.1,1888.5,1076.2,2048,1536
20160722_FIRE_mw-e-mobo-c,2340,0.6700,1619.0,936.7,1898.0,1071.8,2048,1536
20160722_FIRE_mw-e-mobo-c,2340,0.2224,1737.6,988.7,1893.5,1071.9,2048,1536
20160722_FIRE_mw-e-mobo-c,2400,0.4737,1729.3,937.0,1897.1,1072.8,2048,1536
20160722_FIRE_mw-e-mobo-c,2400,0.0661,1535.2,914.1,1897.4,1072.5,2048,1536
20160722_FIRE_mw-e-mobo-c,2400,0.0559,1755.3,968.8,1898.0,1073.9,2048,1536
20161113_FIRE_bl-n-mobo-c,180,0.3995,862.8,741.4,883.9,764.4,2048,1536
20161113_FIRE_bl-n-mobo-c,240,0.4748,864.4,737.5,884.8,763.5,2048,1536
20161113_FIRE_bl-n-mobo-c,300,0.3005,863.3,736.0,889.1,763.0,2048,1536
20161113_FIRE_bl-n-mobo-c,420,0.1281,863.1,745.9,883.9,765.6,2048,1536
20161113_FIRE_bl-n-mobo-c,420,0.0590,863.3,740.9,889.3,765.3,2048,1536
20161113_FIRE_bl-n-mobo-c,480,0.2734,867.2,738.0,886.0,764.1,2048,1536
20161113_FIRE_bl-n-mobo-c,540,0.3673,867.8,736.7,888.7,763.6,2048,1536
20161113_FIRE_bl-n-mobo-c,600,0.4108,867.7,735.2,890.8,763.7,2048,1536
20161113_FIRE_bl-n-mobo-c,720,0.3321,858.1,744.7,886.6,765.9,2048,1536
20161113_FIRE_bl-n-mobo-c,780,0.4640,859.9,738.5,892.5,765.1,2048,1536
20161113_FIRE_bl-n-mobo-c,780,0.0827,857.3,723.9,898.1,764.3,2048,1536
20161113_FIRE_bl-n-mobo-c,780,0.0706,855.1,740.0,886.9,765.6,2048,1536
20161113_FIRE_bl-n-mobo-c,840,0.4108,861.8,739.6,887.3,765.3,2048,1536
20161113_FIRE_bl-n-mobo-c,840,0.0825,854.4,738.3,885.7,765.9,2048,1536
20161113_FIRE_bl-n-mobo-c,900,0.4471,858.5,740.7,883.4,765.5,2048,1536
20161113_FIRE_bl-n-mobo-c,960,0.6767,853.3,733.3,881.9,764.8,2048,1536
20161113_FIRE_bl-n-mobo-c,1020,0.7017,850.4,723.9,885.4,764.0,2048,1536
20161113_FIRE_bl-n-mobo-c,1080,0.7250,848.3,718.5,885.3,764.2,2048,1536
20161113_FIRE_bl-n-mobo-c,1140,0.6110,834.6,710.1,890.4,764.4,2048,1536
20161113_FIRE_bl-n-mobo-c,1140,0.1258,853.0,723.2,890.9,764.6,2048,1536
20161113_FIRE_bl-n-mobo-c,1140,0.1194,846.9,714.5,888.8,764.7,2048,1536
20161113_FIRE_bl-n-mobo-c,1200,0.3363,828.7,709.0,884.1,764.4,2048,1536
20161113_FIRE_bl-n-mobo-c,1200,0.3071,857.8,741.3,881.2,765.2,2048,1536
20161113_FIRE_bl-n-mobo-c,1200,0.1889,852.7,726.2,882.9,765.0,2048,1536
20161113_FIRE_bl-n-mobo-c,1260,0.6067,855.4,731.3,880.9,763.7,2048,1536
20161113_FIRE_bl-n-mobo-c,1260,0.1572,853.4,720.3,882.9,763.5,2048,1536
20161113_FIRE_bl-n-mobo-c,1260,0.0666,817.9,709.2,888.2,763.7,2048,1536
20161113_FIRE_bl-n-mobo-c,1260,0.0540,854.8,727.8,889.6,764.0,2048,1536
20161113_FIRE_bl-n-mobo-c,1320,0.6157,851.2,718.9,879.6,764.0,2048,1536
20161113_FIRE_bl-n-mobo-c,1320,0.1374,850.5,713.9,893.5,763.3,2048,1536
20161113_FIRE_bl-n-mobo-c,1380,0.4518,846.1,705.7,898.8,764.8,2048,1536
20161113_FIRE_bl-n-mobo-c,1440,0.3251,860.3,740.4,887.3,765.0,2048,1536
20161113_FIRE_bl-n-mobo-c,1440,0.3110,858.4,733.0,888.5,764.8,2048,1536
20161113_FIRE_bl-n-mobo-c,1440,0.1503,847.0,706.4,893.3,764.0,2048,1536
20161113_FIRE_bl-n-mobo-c,1500,0.2888,861.8,735.7,886.3,764.1,2048,1536
20161113_FIRE_bl-n-mobo-c,1500,0.2226,857.9,728.4,887.9,764.1,2048,1536
20161113_FIRE_bl-n-mobo-c,1500,0.2208,834.8,692.9,893.8,763.6,2048,1536
20161113_FIRE_bl-n-mobo-c,1500,0.1286,843.8,700.8,888.9,764.1,2048,1536
20161113_FIRE_bl-n-mobo-c,1560,0.2498,864.5,734.2,890.2,764.3,2048,1536
20161113_FIRE_bl-n-mobo-c,1560,0.1468,821.8,693.0,898.9,764.4,2048,1536
20161113_FIRE_bl-n-mobo-c,1560,0.0648,841.3,705.2,893.4,764.6,2048,1536
20161113_FIRE_bl-n-mobo-c,1560,0.0639,849.6,727.7,889.8,764.9,2048,1536
20161113_FIRE_bl-n-mobo-c,1560,0.0573,855.1,720.4,896.7,763.7,2048,1536
20161113_FIRE_bl-n-mobo-c,1620,0.2025,865.2,738.5,890.9,765.8,2048,1536
20161113_FIRE_bl-n-mobo-c,1620,0.1910,811.7,695.6,898.3,765.1,2048,1536
20161113_FIRE_bl-n-mobo-c,1620,0.1062,862.0,730.2,892.0,765.4,2048,1536
20161113_FIRE_bl-n-mobo-c,1620,0.0765,858.6,720.9,895.3,764.8,2048,1536
20161113_FIRE_bl-n-mobo-c,1620,0.0600,836.6,707.5,894.9,765.5,2048,1536
20161113_FIRE_bl-n-mobo-c,1680,0.3596,864.0,739.2,890.7,764.6,2048,1536
20161113_FIRE_bl-n-mobo-c,1680,0.1302,862.3,722.9,894.4,763.4,2048,1536
20161113_FIRE_bl-n-mobo-c,1680,0.1038,797.3,697.9,898.5,764.6,2048,1536
20161113_FIRE_bl-n-mobo-c,1740,0.3988,864.9,736.5,890.5,765.4,2048,1536
20161113_FIRE_bl-n-mobo-c,1740,0.1204,863.5,722.1,893.8,764.6,2048,1536
20161113_FIRE_bl-n-mobo-c,1800,0.3663,864.0,734.8,888.1,765.2,2048,1536
20161113_FIRE_bl-n-mobo-c,1800,0.1051,860.6,720.9,892.1,764.4,2048,1536
20161113_FIRE_bl-n-mobo-c,1800,0.0643,853.1,730.2,886.3,765.7,2048,1536
20161113_FIRE_bl-n-mobo-c,1860,0.5760,863.0,737.3,892.8,766.4,2048,1536
20161113_FIRE_bl-n-mobo-c,1860,0.1044,859.3,722.7,894.3,765.8,2048,1536
20161113_FIRE_bl-n-mobo-c,1860,0.0522,849.9,729.9,893.2,767.2,2048,1536
20161113_FIRE_bl-n-mobo-c,1920,0.6186,863.9,733.6,894.5,767.0,2048,1536
20161113_FIRE_bl-n-mobo-c,1920,0.1594,861.7,722.9,895.2,766.4,2048,1536
20161113_FIRE_bl-n-mobo-c,1980,0.5787,864.8,735.7,896.4,765.9,2048,1536
20161113_FIRE_bl-n-mobo-c,1980,0.1787,862.1,722.4,897.7,765.0,2048,1536
20161113_FIRE_bl-n-mobo-c,2040,0.5735,863.7,736.2,895.7,767.3,2048,1536
20161113_FIRE_bl-n-mobo-c,2040,0.1072,861.0,723.2,897.2,766.6,2048,1536
20161113_FIRE_bl-n-mobo-c,2100,0.5432,865.9,738.8,895.9,766.9,2048,1536
20161113_FIRE_bl-n-mobo-c,2100,0.1193,863.1,721.7,897.4,765.8,2048,1536
20161113_FIRE_bl-n-mobo-c,2160,0.6917,860.7,736.3,895.9,766.6,2048,1536
20161113_FIRE_bl-n-mobo-c,2160,0.0552,857.8,721.4,897.2,766.2,2048,1536
20161113_FIRE_bl-n-mobo-c,2160,0.0541,852.4,732.7,895.1,767.3,2048,1536
20161113_FIRE_bl-n-mobo-c,2220,0.7217,859.6,732.8,903.7,766.6,2048,1536
20161113_FIRE_bl-n-mobo-c,2220,0.0689,857.3,718.2,905.0,766.5,2048,1536
20161113_FIRE_bl-n-mobo-c,2280,0.6545,862.8,726.5,906.5,765.1,2048,1536
20161113_FIRE_bl-n-mobo-c,2340,0.7832,851.5,715.6,905.6,763.8,2048,1536
20161113_FIRE_bl-n-mobo-c,2400,0.6563,840.1,712.3,906.3,764.9,2048,1536
20161113_FIRE_bm-n-mobo-c,960,0.0556,113.8,690.9,156.5,718.4,2048,1536
20161113_FIRE_bm-n-mobo-c,1020,0.1713,124.7,690.3,158.5,717.6,2048,1536
20161113_FIRE_bm-n-mobo-c,1020,0.0945,106.2,689.0,158.1,718.9,2048,1536
20161113_FIRE_bm-n-mobo-c,1080,0.1946,122.8,687.6,155.6,719.0,2048,1536
20161113_FIRE_bm-n-mobo-c,1080,0.0653,109.8,686.7,157.0,720.0,2048,1536
20161113_FIRE_bm-n-mobo-c,1140,0.3953,121.8,685.7,157.8,719.6,2048,1536
20161113_FIRE_bm-n-mobo-c,1200,0.4030,126.5,684.4,155.3,717.6,2048,1536
20161113_FIRE_bm-n-mobo-c,1200,0.1139,112.2,683.8,155.4,718.0,2048,1536
20161113_FIRE_bm-n-mobo-c,1260,0.2226,118.4,686.3,154.1,717.9,2048,1536
20161113_FIRE_bm-n-mobo-c,1320,0.1003,114.0,689.7,151.0,718.4,2048,1536
20161113_FIRE_bm-w-mobo-c,120,0.0838,1604.5,737.1,1629.1,762.7,2048,1536
20161113_FIRE_bm-w-mobo-c,180,0.4116,1603.2,725.2,1626.5,754.1,2048,1536
20161113_FIRE_bm-w-mobo-c,240,0.6640,1602.9,723.5,1627.5,755.6,2048,1536
20161113_FIRE_bm-w-mobo-c,300,0.6738,1600.9,721.5,1629.1,752.4,2048,1536
20161113_FIRE_bm-w-mobo-c,360,0.7070,1603.8,717.6,1628.2,752.9,2048,1536
20161113_FIRE_bm-w-mobo-c,420,0.7569,1603.1,712.0,1628.4,753.0,2048,1536
20161113_FIRE_bm-w-mobo-c,480,0.7407,1603.4,710.9,1629.3,753.6,2048,1536
20161113_FIRE_bm-w-mobo-c,540,0.7275,1600.7,709.2,1629.9,750.5,2048,1536
20161113_FIRE_bm-w-mobo-c,600,0.7261,1599.9,709.1,1630.8,750.0,2048,1536
20161113_FIRE_bm-w-mobo-c,660,0.7590,1600.7,706.4,1634.9,750.4,2048,1536
20161113_FIRE_bm-w-mobo-c,720,0.7494,1599.4,710.0,1635.9,751.7,2048,1536
20161113_FIRE_bm-w-mobo-c,780,0.7526,1598.6,709.7,1636.8,754.9,2048,1536
20161113_FIRE_bm-w-mobo-c,840,0.7766,1595.4,709.5,1638.3,757.3,2048,1536
20161113_FIRE_bm-w-mobo-c,900,0.7817,1593.2,707.9,1638.0,758.9,2048,1536
20161113_FIRE_bm-w-mobo-c,960,0.8126,1593.7,711.2,1638.7,761.6,2048,1536
20161113_FIRE_bm-w-mobo-c,1020,0.7901,1591.0,709.6,1638.3,760.5,2048,1536
20161113_FIRE_bm-w-mobo-c,1080,0.7749,1586.6,708.4,1637.6,754.8,2048,1536
20161113_FIRE_bm-w-mobo-c,1140,0.7692,1585.3,705.9,1637.1,758.6,2048,1536
20161113_FIRE_bm-w-mobo-c,1200,0.7794,1580.0,703.0,1636.3,759.6,2048,1536
20161113_FIRE_bm-w-mobo-c,1260,0.8065,1575.2,699.6,1636.0,758.7,2048,1536
20161113_FIRE_bm-w-mobo-c,1320,0.8181,1572.5,694.6,1637.1,757.6,2048,1536
20161113_FIRE_bm-w-mobo-c,1380,0.7660,1572.6,686.2,1635.9,759.4,2048,1536
20161113_FIRE_bm-w-mobo-c,1440,0.8224,1571.8,681.3,1633.6,759.4,2048,1536
20161113_FIRE_bm-w-mobo-c,1500,0.8002,1573.9,682.9,1631.9,759.5,2048,1536
20161113_FIRE_bm-w-mobo-c,1560,0.7372,1566.6,689.3,1635.7,758.1,2048,1536
20161113_FIRE_bm-w-mobo-c,1620,0.7706,1564.6,692.8,1634.5,753.8,2048,1536
20161113_FIRE_bm-w-mobo-c,1680,0.7659,1560.2,696.8,1633.0,756.7,2048,1536
20161113_FIRE_bm-w-mobo-c,1740,0.7365,1560.3,699.7,1634.0,757.2,2048,1536
20161113_FIRE_bm-w-mobo-c,1800,0.7408,1557.5,699.1,1633.1,758.9,2048,1536
20161113_FIRE_bm-w-mobo-c,1860,0.8059,1554.1,696.8,1634.0,757.8,2048,1536
20161113_FIRE_bm-w-mobo-c,1920,0.7900,1549.2,698.7,1634.8,757.3,2048,1536
20161113_FIRE_bm-w-mobo-c,1980,0.7969,1545.6,697.6,1630.9,755.0,2048,1536
20161113_FIRE_bm-w-mobo-c,2040,0.7691,1543.0,698.6,1635.0,760.1,2048,1536
20161113_FIRE_bm-w-mobo-c,2100,0.7584,1537.7,698.1,1632.3,759.0,2048,1536
20161113_FIRE_bm-w-mobo-c,2160,0.4759,1545.1,697.5,1629.8,758.4,2048,1536
20161113_FIRE_bm-w-mobo-c,2160,0.1600,1577.1,698.7,1629.4,757.7,2048,1536
20161113_FIRE_bm-w-mobo-c,2220,0.4207,1559.0,695.4,1630.8,756.9,2048,1536
20161113_FIRE_bm-w-mobo-c,2220,0.1953,1531.0,694.5,1633.2,758.1,2048,1536
20161113_FIRE_bm-w-mobo-c,2220,0.1178,1582.0,696.2,1630.4,756.5,2048,1536
20161113_FIRE_bm-w-mobo-c,2280,0.4714,1548.1,697.4,1630.9,756.9,2048,1536
20161113_FIRE_bm-w-mobo-c,2280,0.1788,1517.5,695.4,1631.8,756.8,2048,1536
20161113_FIRE_bm-w-mobo-c,2340,0.5719,1552.0,696.1,1632.0,758.6,2048,1536
20161113_FIRE_bm-w-mobo-c,2340,0.0610,1577.9,697.5,1631.9,758.5,2048,1536
20161113_FIRE_bm-w-mobo-c,2400,0.6671,1545.0,695.9,1633.1,757.6,2048,1536
20170519_FIRE_rm-w-mobo-c,-1740,0.1052,894.6,780.2,925.4,809.3,2048,1536
20170519_FIRE_rm-w-mobo-c,-1020,0.0666,820.5,783.6,850.0,812.2,2048,1536
20170519_FIRE_rm-w-mobo-c,60,0.0551,1139.1,752.4,1175.9,784.6,2048,1536
20170519_FIRE_rm-w-mobo-c,1200,0.3578,711.3,820.6,745.0,848.5,2048,1536
20170519_FIRE_rm-w-mobo-c,1260,0.2097,708.8,821.8,737.6,848.9,2048,1536
20170519_FIRE_rm-w-mobo-c,1380,0.0937,701.2,826.1,732.0,850.3,2048,1536
20170519_FIRE_rm-w-mobo-c,1500,0.1133,710.4,820.7,766.8,848.0,2048,1536
20170519_FIRE_rm-w-mobo-c,1560,0.7726,711.5,817.9,783.9,849.2,2048,1536
20170519_FIRE_rm-w-mobo-c,1620,0.6046,713.2,816.0,795.8,849.3,2048,1536
20170519_FIRE_rm-w-mobo-c,1680,0.3140,708.5,811.7,800.1,849.2,2048,1536
20170519_FIRE_rm-w-mobo-c,1680,0.2646,709.1,815.5,763.7,848.6,2048,1536
20170519_FIRE_rm-w-mobo-c,1680,0.0984,709.0,792.2,793.1,848.0,2048,1536
20170519_FIRE_rm-w-mobo-c,1740,0.1756,709.9,819.0,764.1,848.6,2048,1536
20170519_FIRE_rm-w-mobo-c,1740,0.0978,709.7,815.6,784.6,848.8,2048,1536
20170519_FIRE_rm-w-mobo-c,1740,0.0692,709.1,790.9,792.5,847.4,2048,1536
20170519_FIRE_rm-w-mobo-c,1740,0.0545,708.6,808.6,809.9,849.5,2048,1536
20170519_FIRE_rm-w-mobo-c,1800,0.4954,709.7,817.6,777.7,849.3,2048,1536
20170519_FIRE_rm-w-mobo-c,1800,0.0857,707.5,785.2,779.8,848.4,2048,1536
20170519_FIRE_rm-w-mobo-c,1860,0.6037,706.0,817.3,788.6,849.7,2048,1536
20170519_FIRE_rm-w-mobo-c,1860,0.1262,705.0,785.4,789.7,848.6,2048,1536
20170519_FIRE_rm-w-mobo-c,1920,0.4638,705.8,816.9,789.3,849.2,2048,1536
20170519_FIRE_rm-w-mobo-c,1920,0.1478,703.9,777.7,789.8,848.2,2048,1536
20170519_FIRE_rm-w-mobo-c,1920,0.1292,703.3,802.8,790.9,847.6,2048,1536
20170519_FIRE_rm-w-mobo-c,1980,0.2286,704.8,822.1,758.0,849.1,2048,1536
20170519_FIRE_rm-w-mobo-c,2040,0.2425,705.2,819.8,757.1,847.9,2048,1536
20170519_FIRE_rm-w-mobo-c,2040,0.1093,705.6,818.2,773.8,849.2,2048,1536
20170519_FIRE_rm-w-mobo-c,2100,0.5679,706.1,819.4,748.9,848.5,2048,1536
20170519_FIRE_rm-w-mobo-c,2100,0.0723,706.1,816.9,771.4,848.9,2048,1536
20170519_FIRE_rm-w-mobo-c,2160,0.5309,705.6,818.9,753.7,848.6,2048,1536
20170519_FIRE_rm-w-mobo-c,2160,0.1142,705.2,816.5,786.7,849.4,2048,1536
20170519_FIRE_rm-w-mobo-c,2220,0.6037,704.7,818.2,756.9,848.9,2048,1536
20170519_FIRE_rm-w-mobo-c,2280,0.4968,706.3,814.2,769.1,848.6,2048,1536
20170519_FIRE_rm-w-mobo-c,2280,0.1414,705.5,795.6,772.5,848.1,2048,1536
20170519_FIRE_rm-w-mobo-c,2280,0.0626,706.7,807.1,781.1,847.7,2048,1536
20170519_FIRE_rm-w-mobo-c,2340,0.4876,708.0,798.9,782.8,848.1,2048,1536
20170519_FIRE_rm-w-mobo-c,2340,0.0683,707.0,804.4,756.7,847.8,2048,1536
20170519_FIRE_rm-w-mobo-c,2400,0.4249,708.3,779.5,792.1,847.3,2048,1536
20170519_FIRE_rm-w-mobo-c,2400,0.2471,710.8,808.9,795.5,848.1,2048,1536
20170519_FIRE_rm-w-mobo-c,2400,0.1795,707.8,777.9,766.6,847.5,2048,1536
20170520_FIRE_lp-s-iqeye,-2400,0.1687,1471.1,508.3,1500.1,538.9,1600,1200
20170520_FIRE_lp-s-iqeye,-2220,0.0826,1219.0,490.0,1245.7,508.4,1600,1200
20170520_FIRE_lp-s-iqeye,-1860,0.0928,1226.0,489.6,1247.8,508.9,1600,1200
20170520_FIRE_lp-s-iqeye,-1800,0.0762,1214.5,486.7,1257.9,508.6,1600,1200
20170520_FIRE_lp-s-iqeye,-1740,0.0530,1048.6,490.7,1073.6,511.0,1600,1200
20170520_FIRE_lp-s-iqeye,-1740,0.0517,1218.8,485.9,1270.6,508.9,1600,1200
20170520_FIRE_lp-s-iqeye,-1440,0.0504,1049.6,490.2,1077.7,510.9,1600,1200
20170520_FIRE_lp-s-iqeye,-780,0.0915,732.2,489.3,763.4,509.4,1600,1200
20170520_FIRE_lp-s-iqeye,0,0.5094,1378.6,607.5,1415.2,632.3,1600,1200
20170520_FIRE_lp-s-iqeye,60,0.7832,1380.8,572.8,1445.6,630.1,1600,1200
20170520_FIRE_lp-s-iqeye,120,0.7268,1371.9,542.5,1481.8,631.1,1600,1200
20170520_FIRE_lp-s-iqeye,120,0.0889,1390.5,542.6,1482.5,611.4,1600,1200
20170520_FIRE_lp-s-iqeye,120,0.0805,1372.2,603.3,1411.1,632.3,1600,1200
20170520_FIRE_lp-s-iqeye,180,0.7265,1377.7,588.9,1430.5,632.0,1600,1200
20170520_FIRE_lp-s-iqeye,240,0.8783,1382.7,561.6,1464.2,631.3,1600,1200
20170520_FIRE_lp-s-iqeye,300,0.8896,1380.2,544.6,1495.9,629.5,1600,1200
20170520_FIRE_lp-s-iqeye,360,0.7076,1368.3,548.0,1525.0,632.3,1600,1200
20170520_FIRE_lp-s-iqeye,360,0.0758,1369.2,557.0,1462.4,632.1,1600,1200
20170520_FIRE_lp-s-iqeye,420,0.8423,1389.2,544.7,1500.3,630.5,1600,1200
20170520_FIRE_lp-s-iqeye,480,0.8213,1385.1,496.0,1557.8,632.6,1600,1200
20170520_FIRE_lp-s-iqeye,540,0.8637,1386.9,466.4,1590.1,635.3,1600,1200
20170520_FIRE_lp-s-iqeye,600,0.8707,1387.0,457.0,1599.2,632.5,1600,1200
20170520_FIRE_lp-s-iqeye,660,0.8219,1390.3,409.7,1600.0,633.8,1600,1200
20170520_FIRE_lp-s-iqeye,720,0.7640,1387.2,535.2,1546.9,633.0,1600,1200
20170520_FIRE_lp-s-iqeye,720,0.5233,1389.3,411.4,1600.0,633.6,1600,1200
20170520_FIRE_lp-s-iqeye,780,0.8213,1395.9,496.2,1599.1,632.2,1600,1200
20170520_FIRE_lp-s-iqeye,840,0.7398,1448.8,455.2,1599.9,628.6,1600,1200
20170520_FIRE_lp-s-iqeye,840,0.1502,1384.4,465.2,1598.0,632.1,1600,1200
20170520_FIRE_lp-s-iqeye,900,0.7614,1385.2,415.6,1599.0,639.2,1600,1200
20170520_FIRE_lp-s-iqeye,960,0.5989,1395.4,386.5,1599.6,638.6,1600,1200
20170520_FIRE_lp-s-iqeye,960,0.1822,1391.2,471.1,1600.0,637.6,1600,1200
20170520_FIRE_lp-s-iqeye,960,0.0635,1391.9,519.7,1592.8,637.2,1600,1200
20170520_FIRE_lp-s-iqeye,1020,0.8303,1390.9,466.6,1598.8,635.1,1600,1200
20170520_FIRE_lp-s-iqeye,1020,0.0712,1436.5,349.1,1600.0,671.9,1600,1200
20170520_FIRE_lp-s-iqeye,1080,0.7886,1394.4,393.4,1600.0,636.5,1600,1200
20170520_FIRE_lp-s-iqeye,1080,0.1517,717.8,490.0,769.1,512.7,1600,1200
20170520_FIRE_lp-s-iqeye,1140,0.6781,1390.3,543.1,1591.8,635.8,1600,1200
20170520_FIRE_lp-s-iqeye,1140,0.5915,1400.0,387.7,1599.5,633.6,1600,1200
20170520_FIRE_lp-s-iqeye,1200,0.7976,1392.5,507.8,1596.2,635.9,1600,1200
20170520_FIRE_lp-s-iqeye,1200,0.0759,761.0,478.4,786.1,503.7,1600,1200
20170520_FIRE_lp-s-iqeye,1260,0.8621,1399.5,464.1,1599.4,634.4,1600,1200
20170520_FIRE_lp-s-iqeye,1320,0.6935,1411.6,431.9,1599.8,630.0,1600,1200
20170520_FIRE_lp-s-iqeye,1320,0.3037,1393.6,546.0,1541.0,635.1,1600,1200
20170520_FIRE_lp-s-iqeye,1380,0.7633,1397.3,401.3,1600.0,635.6,1600,1200
20170520_FIRE_lp-s-iqeye,1380,0.3798,1392.0,546.2,1537.7,635.2,1600,1200
20170520_FIRE_lp-s-iqeye,1440,0.7622,1400.5,383.0,1599.5,634.8,1600,1200
20170520_FIRE_lp-s-iqeye,1500,0.6864,1388.0,550.4,1556.1,633.8,1600,1200
20170520_FIRE_lp-s-iqeye,1500,0.5030,1415.9,355.8,1600.0,642.1,1600,1200
20170520_FIRE_lp-s-iqeye,1500,0.1064,1394.4,416.6,1600.0,633.2,1600,1200
20170520_FIRE_lp-s-iqeye,1560,0.6576,1394.1,449.9,1599.5,637.7,1600,1200
20170520_FIRE_lp-s-iqeye,1560,0.2344,1391.5,544.6,1591.7,638.8,1600,1200
20170520_FIRE_lp-s-iqeye,1560,0.1517,712.3,491.6,761.9,515.6,1600,1200
20170520_FIRE_lp-s-iqeye,1560,0.1446,712.2,493.0,746.0,515.8,1600,1200
20170520_FIRE_lp-s-iqeye,1560,0.0755,1393.7,507.5,1597.3,638.0,1600,1200
20170520_FIRE_lp-s-iqeye,1620,0.4998,1402.7,546.0,1598.6,640.6,1600,1200
20170520_FIRE_lp-s-iqeye,1620,0.3551,1405.2,408.6,1599.7,643.9,1600,1200
20170520_FIRE_lp-s-iqeye,1680,0.8248,1411.2,546.9,1598.5,638.3,1600,1200
20170520_FIRE_lp-s-iqeye,1680,0.2961,1410.3,418.5,1599.5,639.3,1600,1200
20170520_FIRE_lp-s-iqeye,1680,0.2249,709.4,491.7,762.3,516.0,1600,1200
20170520_FIRE_lp-s-iqeye,1680,0.0725,1455.9,377.8,1600.0,642.0,1600,1200
20170520_FIRE_lp-s-iqeye,1740,0.6249,1392.7,528.7,1599.5,636.2,1600,1200
20170520_FIRE_lp-s-iqeye,1740,0.3402,1397.1,475.7,1599.6,636.2,1600,1200
20170520_FIRE_lp-s-iqeye,1740,0.2501,709.2,491.3,762.8,514.6,1600,1200
20170520_FIRE_lp-s-iqeye,1800,0.5533,1382.0,555.8,1575.6,636.7,1600,1200
20170520_FIRE_lp-s-iqeye,1800,0.4181,1386.4,446.4,1599.0,635.8,1600,1200
20170520_FIRE_lp-s-iqeye,1800,0.2942,708.1,490.6,766.7,514.0,1600,1200
20170520_FIRE_lp-s-iqeye,1860,0.8348,1386.3,542.9,1579.1,636.9,1600,1200
20170520_FIRE_lp-s-iqeye,1860,0.1706,523.1,476.9,539.2,492.1,1600,1200
20170520_FIRE_lp-s-iqeye,1920,0.7138,1376.7,543.8,1598.5,636.7,1600,1200
20170520_FIRE_lp-s-iqeye,1920,0.4916,523.9,470.4,547.4,493.0,1600,1200
20170520_FIRE_lp-s-iqeye,1980,0.7995,1382.7,474.4,1599.3,637.6,1600,1200
20170520_FIRE_lp-s-iqeye,1980,0.6032,525.1,465.5,554.4,492.7,1600,1200
20170520_FIRE_lp-s-iqeye,1980,0.0950,708.7,489.1,766.1,514.6,1600,1200
20170520_FIRE_lp-s-iqeye,2040,0.7541,1380.6,446.6,1599.9,636.5,1600,1200
20170520_FIRE_lp-s-iqeye,2040,0.6958,527.9,460.3,563.8,492.1,1600,1200
20170520_FIRE_lp-s-iqeye,2040,0.0532,1377.6,534.6,1583.4,636.4,1600,1200
20170520_FIRE_lp-s-iqeye,2100,0.7827,535.4,458.6,570.0,491.5,1600,1200
20170520_FIRE_lp-s-iqeye,2100,0.7019,1380.2,420.8,1600.0,638.8,1600,1200
20170520_FIRE_lp-s-iqeye,2160,0.7872,542.7,453.4,577.7,491.3,1600,1200
20170520_FIRE_lp-s-iqeye,2160,0.7510,1371.7,423.6,1600.0,637.2,1600,1200
20170520_FIRE_lp-s-iqeye,2160,0.0656,1374.7,514.7,1599.1,636.5,1600,1200
20170520_FIRE_lp-s-iqeye,2220,0.7324,550.2,451.5,587.0,492.4,1600,1200
20170520_FIRE_lp-s-iqeye,2220,0.5294,1366.4,391.4,1599.9,640.0,1600,1200
20170520_FIRE_lp-s-iqeye,2220,0.1706,1374.0,472.3,1599.4,637.0,1600,1200
20170520_FIRE_lp-s-iqeye,2280,0.7443,556.8,448.1,599.7,491.3,1600,1200
20170520_FIRE_lp-s-iqeye,2280,0.6131,1367.3,477.1,1598.9,635.2,1600,1200
20170520_FIRE_lp-s-iqeye,2340,0.7630,1373.9,456.4,1598.1,635.0,1600,1200
20170520_FIRE_lp-s-iqeye,2340,0.6998,555.4,450.2,608.0,491.8,1600,1200
20170520_FIRE_lp-s-iqeye,2400,0.6732,1364.8,438.9,1599.1,635.1,1600,1200
20170520_FIRE_lp-s-iqeye,2400,0.6533,568.2,446.2,629.6,492.8,1600,1200
20170520_FIRE_om-s-mobo-c,1980,0.4710,1700.8,525.0,1718.5,553.9,2048,1536
20170520_FIRE_om-s-mobo-c,2040,0.5806,1696.5,524.6,1719.0,554.8,2048,1536
20170520_FIRE_om-s-mobo-c,2100,0.4653,1692.8,520.4,1722.0,551.8,2048,1536
20170520_FIRE_om-s-mobo-c,2160,0.7179,1687.8,515.6,1725.3,549.8,2048,1536
20170520_FIRE_om-s-mobo-c,2220,0.6888,1686.3,512.5,1722.7,548.9,2048,1536
20170520_FIRE_om-s-mobo-c,2280,0.7204,1680.1,509.0,1725.0,544.8,2048,1536
20170520_FIRE_om-s-mobo-c,2340,0.6780,1680.2,507.0,1732.2,539.4,2048,1536
20170520_FIRE_om-s-mobo-c,2400,0.6814,1680.6,507.5,1738.6,545.9,2048,1536
20170520_FIRE_pi-w-mobo-c,360,0.4214,391.4,733.2,426.6,763.7,2048,1536
20170520_FIRE_pi-w-mobo-c,360,0.0654,390.6,723.2,432.3,762.6,2048,1536
20170520_FIRE_pi-w-mobo-c,420,0.7357,398.9,721.7,440.2,762.0,2048,1536
20170520_FIRE_pi-w-mobo-c,480,0.8247,401.3,711.7,453.4,762.3,2048,1536
20170520_FIRE_pi-w-mobo-c,540,0.8553,405.3,702.6,464.5,761.6,2048,1536
20170520_FIRE_pi-w-mobo-c,600,0.8423,394.3,688.5,478.4,760.9,2048,1536
20170520_FIRE_pi-w-mobo-c,660,0.8536,400.9,684.8,492.7,761.0,2048,1536
20170520_FIRE_pi-w-mobo-c,720,0.8646,404.8,674.9,508.0,757.6,2048,1536
20170520_FIRE_pi-w-mobo-c,780,0.8091,406.5,674.8,519.4,759.6,2048,1536
20170520_FIRE_pi-w-mobo-c,840,0.6329,409.6,676.3,515.3,758.6,2048,1536
20170520_FIRE_pi-w-mobo-c,840,0.4226,408.8,688.5,473.5,759.2,2048,1536
20170520_FIRE_pi-w-mobo-c,900,0.6901,405.9,674.4,479.9,761.1,2048,1536
20170520_FIRE_pi-w-mobo-c,900,0.3346,406.5,669.7,522.9,760.0,2048,1536
20170520_FIRE_pi-w-mobo-c,960,0.5382,404.6,662.1,537.3,762.7,2048,1536
20170520_FIRE_pi-w-mobo-c,960,0.2212,404.9,666.9,464.9,762.4,2048,1536
20170520_FIRE_pi-w-mobo-c,960,0.0613,404.6,681.4,453.7,762.9,2048,1536
20170520_FIRE_pi-w-mobo-c,1020,0.7669,405.7,673.6,467.3,759.2,2048,1536
20170520_FIRE_pi-w-mobo-c,1080,0.8357,396.8,666.7,479.0,760.6,2048,1536
20170520_FIRE_pi-w-mobo-c,1140,0.7733,397.1,651.2,493.0,759.5,2048,1536
20170520_FIRE_pi-w-mobo-c,1200,0.7967,388.1,638.8,499.5,763.4,2048,1536
20170520_FIRE_pi-w-mobo-c,1200,0.0893,387.8,709.8,442.8,764.1,2048,1536
20170520_FIRE_pi-w-mobo-c,1260,0.7078,386.3,630.8,511.4,762.1,2048,1536
20170520_FIRE_pi-w-mobo-c,1260,0.6617,387.6,699.6,451.6,762.5,2048,1536
20170520_FIRE_pi-w-mobo-c,1320,0.7030,387.8,687.5,463.3,761.9,2048,1536
20170520_FIRE_pi-w-mobo-c,1320,0.4847,387.2,631.1,521.4,761.4,2048,1536
20170520_FIRE_pi-w-mobo-c,1320,0.2510,386.4,635.3,482.6,761.8,2048,1536
20170520_FIRE_pi-w-mobo-c,1380,0.6644,387.3,674.6,468.0,760.8,2048,1536
20170520_FIRE_pi-w-mobo-c,1380,0.2735,386.3,637.3,531.5,760.0,2048,1536
20170520_FIRE_pi-w-mobo-c,1440,0.5242,392.8,682.9,472.9,760.2,2048,1536
20170520_FIRE_pi-w-mobo-c,1440,0.3790,392.5,639.6,536.1,758.8,2048,1536
20170520_FIRE_pi-w-mobo-c,1440,0.1750,392.2,656.7,487.7,760.1,2048,1536
20170520_FIRE_pi-w-mobo-c,1500,0.7806,394.6,671.9,454.5,758.2,2048,1536
20170520_FIRE_pi-w-mobo-c,1560,0.8137,398.7,673.2,462.2,755.7,2048,1536
20170520_FIRE_pi-w-mobo-c,1620,0.8351,402.2,669.2,475.2,758.8,2048,1536
20170520_FIRE_pi-w-mobo-c,1680,0.8417,405.7,671.8,489.4,758.0,2048,1536
20170520_FIRE_pi-w-mobo-c,1740,0.8107,409.9,673.8,503.3,758.6,2048,1536
20170520_FIRE_pi-w-mobo-c,1800,0.8165,405.3,662.5,512.4,759.3,2048,1536
20170520_FIRE_pi-w-mobo-c,1860,0.8687,393.6,653.4,518.7,760.3,2048,1536
20170520_FIRE_pi-w-mobo-c,1920,0.8403,393.3,649.0,530.3,761.2,2048,1536
20170520_FIRE_pi-w-mobo-c,1920,0.0852,395.4,719.2,436.1,762.5,2048,1536
20170520_FIRE_pi-w-mobo-c,1980,0.6782,388.9,658.1,539.4,763.2,2048,1536
20170520_FIRE_pi-w-mobo-c,1980,0.1382,390.7,670.6,490.7,763.4,2048,1536
20170520_FIRE_pi-w-mobo-c,1980,0.1121,390.8,714.2,440.5,764.7,2048,1536
20170520_FIRE_pi-w-mobo-c,2040,0.6947,389.9,652.6,549.4,762.0,2048,1536
20170520_FIRE_pi-w-mobo-c,2040,0.1946,391.4,707.7,452.7,763.6,2048,1536
20170520_FIRE_pi-w-mobo-c,2040,0.1276,390.7,662.7,506.4,762.4,2048,1536
20170520_FIRE_pi-w-mobo-c,2040,0.1033,391.4,692.6,461.0,763.0,2048,1536
20170520_FIRE_pi-w-mobo-c,2100,0.8185,392.2,695.6,458.4,763.0,2048,1536
20170520_FIRE_pi-w-mobo-c,2160,0.8718,373.2,673.6,466.2,762.1,2048,1536
20170520_FIRE_pi-w-mobo-c,2220,0.8564,372.5,655.6,476.0,763.6,2048,1536
20170520_FIRE_pi-w-mobo-c,2280,0.8804,367.9,642.9,477.0,763.6,2048,1536
20170520_FIRE_pi-w-mobo-c,2340,0.8829,369.4,634.6,479.7,762.9,2048,1536
20170520_FIRE_pi-w-mobo-c,2400,0.8741,367.1,634.7,480.5,763.6,2048,1536
20170609_FIRE_sm-n-mobo-c,540,0.0564,1010.4,821.7,1048.9,855.9,2048,1536
20170609_FIRE_sm-n-mobo-c,1560,0.5292,1016.2,790.7,1126.2,852.2,2048,1536
20170609_FIRE_sm-n-mobo-c,1620,0.3852,1021.2,785.7,1123.5,850.3,2048,1536
20170609_FIRE_sm-n-mobo-c,1620,0.2839,1030.4,786.3,1112.3,839.7,2048,1536
20170609_FIRE_sm-n-mobo-c,1620,0.0741,1023.8,785.2,1165.7,848.5,2048,1536
20170609_FIRE_sm-n-mobo-c,1620,0.0536,1037.8,787.3,1144.3,834.2,2048,1536
20170609_FIRE_sm-n-mobo-c,1680,0.5600,1028.1,781.3,1141.4,844.7,2048,1536
20170609_FIRE_sm-n-mobo-c,1740,0.7714,1021.5,776.0,1175.6,852.5,2048,1536
20170609_FIRE_sm-n-mobo-c,1800,0.5978,1015.8,774.3,1205.8,855.3,2048,1536
20170609_FIRE_sm-n-mobo-c,1800,0.2344,1016.3,777.0,1101.2,856.2,2048,1536
20170609_FIRE_sm-n-mobo-c,1860,0.8102,1016.3,757.5,1129.5,856.0,2048,1536
20170609_FIRE_sm-n-mobo-c,1920,0.7931,1015.8,747.5,1177.6,856.6,2048,1536
20170609_FIRE_sm-n-mobo-c,1980,0.7797,1017.2,752.9,1227.4,857.3,2048,1536
20170609_FIRE_sm-n-mobo-c,2040,0.7943,1013.0,753.5,1288.4,857.7,2048,1536
20170609_FIRE_sm-n-mobo-c,2100,0.7991,1020.8,754.0,1355.8,857.3,2048,1536
20170609_FIRE_sm-n-mobo-c,2100,0.1244,1022.8,760.5,1197.7,856.5,2048,1536
20170609_FIRE_sm-n-mobo-c,2160,0.7885,1015.4,752.4,1425.8,858.6,2048,1536
20170609_FIRE_sm-n-mobo-c,2160,0.1309,1012.8,760.9,1238.5,858.6,2048,1536
20170609_FIRE_sm-n-mobo-c,2220,0.6239,1017.3,746.4,1496.6,856.7,2048,1536
20170609_FIRE_sm-n-mobo-c,2220,0.2865,1017.9,783.0,1192.9,857.0,2048,1536
20170609_FIRE_sm-n-mobo-c,2280,0.3011,1012.7,817.1,1122.4,858.7,2048,1536
20170609_FIRE_sm-n-mobo-c,2280,0.2675,1018.3,747.8,1545.4,859.8,2048,1536
20170609_FIRE_sm-n-mobo-c,2280,0.0870,1012.5,808.8,1155.9,859.3,2048,1536
20170609_FIRE_sm-n-mobo-c,2280,0.0769,1011.6,775.3,1256.3,858.1,2048,1536
20170609_FIRE_sm-n-mobo-c,2340,0.1993,1011.1,761.1,1313.6,857.2,2048,1536
20170609_FIRE_sm-n-mobo-c,2340,0.1698,1013.0,809.2,1134.8,858.1,2048,1536
20170609_FIRE_sm-n-mobo-c,2340,0.1435,1018.3,792.5,1187.0,856.8,2048,1536
20170609_FIRE_sm-n-mobo-c,2340,0.1050,1018.8,755.8,1469.7,857.5,2048,1536
20170609_FIRE_sm-n-mobo-c,2400,0.4577,1011.7,793.7,1187.1,858.3,2048,1536
20170609_FIRE_sm-n-mobo-c,2400,0.1585,1010.2,758.8,1411.8,859.4,2048,1536
20170609_FIRE_sm-n-mobo-c,2400,0.0672,1011.3,782.8,1260.9,857.8,2048,1536
20170613_FIRE_bh-w-mobo-c,360,0.0727,961.2,628.8,984.1,655.8,2048,1536
20170613_FIRE_bh-w-mobo-c,420,0.1414,956.0,628.7,990.3,657.7,2048,1536
20170613_FIRE_bh-w-mobo-c,480,0.1476,954.0,629.2,991.2,658.3,2048,1536
20170613_FIRE_bh-w-mobo-c,600,0.0832,942.9,630.7,1004.7,656.8,2048,1536
20170613_FIRE_hp-n-mobo-c,720,0.2252,424.5,737.9,450.2,770.2,2048,1536
20170613_FIRE_hp-n-mobo-c,780,0.7139,427.4,734.4,455.1,769.2,2048,1536
20170613_FIRE_hp-n-mobo-c,840,0.7746,425.9,731.1,457.3,769.7,2048,1536
20170613_FIRE_hp-n-mobo-c,900,0.6813,419.5,731.0,459.8,769.6,2048,1536
20170613_FIRE_hp-n-mobo-c,960,0.6070,419.4,726.4,463.6,769.4,2048,1536
20170613_FIRE_hp-n-mobo-c,1020,0.5862,423.2,725.9,465.6,772.5,2048,1536
20170613_FIRE_hp-n-mobo-c,1320,0.0683,425.3,743.9,446.6,774.4,2048,1536
20170613_FIRE_hp-n-mobo-c,1380,0.6618,426.9,730.5,457.0,774.0,2048,1536
20170613_FIRE_hp-n-mobo-c,1440,0.7696,424.4,720.9,461.5,770.3,2048,1536
20170613_FIRE_hp-n-mobo-c,1500,0.7584,418.3,710.7,459.7,767.2,2048,1536
20170613_FIRE_hp-n-mobo-c,1560,0.7772,412.5,709.8,460.2,776.2,2048,1536
20170613_FIRE_hp-n-mobo-c,1620,0.6007,414.3,718.4,469.5,772.5,2048,1536
20170613_FIRE_hp-n-mobo-c,1680,0.6873,426.0,719.6,477.3,778.4,2048,1536
20170613_FIRE_hp-n-mobo-c,1740,0.7804,441.5,711.6,474.4,774.1,2048,1536
20170613_FIRE_hp-n-mobo-c,1800,0.7288,432.6,713.6,472.5,776.4,2048,1536
20170613_FIRE_hp-n-mobo-c,1860,0.6189,420.4,720.6,476.7,782.0,2048,1536
20170613_FIRE_hp-n-mobo-c,1920,0.5922,429.6,721.5,483.4,775.8,2048,1536
20170613_FIRE_hp-n-mobo-c,1980,0.7199,438.4,712.0,488.0,771.0,2048,1536
20170613_FIRE_hp-n-mobo-c,2040,0.6947,434.5,704.5,487.8,776.3,2048,1536
20170613_FIRE_hp-n-mobo-c,2100,0.5948,418.1,708.4,487.7,779.5,2048,1536
20170613_FIRE_hp-n-mobo-c,2100,0.3586,421.1,708.3,487.5,744.4,2048,1536
20170613_FIRE_hp-n-mobo-c,2100,0.1515,407.5,707.8,489.5,763.2,2048,1536
20170613_FIRE_hp-n-mobo-c,2160,0.0750,410.0,713.7,486.7,780.1,2048,1536
20170613_FIRE_hp-n-mobo-c,2220,0.3582,425.8,718.6,475.7,781.8,2048,1536
20170613_FIRE_hp-n-mobo-c,2340,0.1927,414.2,723.3,477.0,770.1,2048,1536
20170613_FIRE_hp-n-mobo-c,2400,0.0960,415.0,724.3,497.7,773.3,2048,1536
20170625_BBM_bm-n-mobo,-2100,0.0724,1274.3,559.4,1329.7,604.0,2048,1536
20170625_BBM_bm-n-mobo,-1980,0.1157,1275.1,560.6,1329.7,604.0,2048,1536
20170625_BBM_bm-n-mobo,-1980,0.0814,1290.5,562.8,1331.9,604.9,2048,1536
20170625_BBM_bm-n-mobo,-1920,0.1045,1290.4,564.7,1333.3,604.8,2048,1536
20170625_BBM_bm-n-mobo,-1860,0.1017,1285.2,561.5,1335.7,604.4,2048,1536
20170625_BBM_bm-n-mobo,-1740,0.0506,1266.7,562.5,1328.4,604.0,2048,1536
20170625_BBM_bm-n-mobo,-1680,0.1313,1366.8,560.9,1402.1,605.6,2048,1536
20170625_BBM_bm-n-mobo,-1680,0.0719,1365.3,559.6,1414.0,604.8,2048,1536
20170625_BBM_bm-n-mobo,-1680,0.0689,1281.0,565.5,1329.3,604.5,2048,1536
20170625_BBM_bm-n-mobo,-1560,0.4615,1269.0,563.4,1316.0,603.0,2048,1536
20170625_BBM_bm-n-mobo,-1500,0.0976,1258.7,563.5,1302.2,602.2,2048,1536
20170625_BBM_bm-n-mobo,-1440,0.1327,1271.8,565.9,1310.1,603.2,2048,1536
20170625_BBM_bm-n-mobo,-1380,0.1055,1280.0,564.7,1318.5,604.0,2048,1536
20170625_BBM_bm-n-mobo,-1320,0.4306,1286.6,564.7,1330.5,604.4,2048,1536
20170625_BBM_bm-n-mobo,-1260,0.0911,1281.9,565.1,1321.3,604.3,2048,1536
20170625_BBM_bm-n-mobo,-1140,0.0572,1284.4,565.6,1327.4,604.7,2048,1536
20170625_BBM_bm-n-mobo,-1080,0.3504,1287.4,564.4,1332.3,604.0,2048,1536
20170625_BBM_bm-n-mobo,-1020,0.1309,1278.0,564.0,1312.6,603.9,2048,1536
20170625_BBM_bm-n-mobo,-960,0.3548,1273.9,561.4,1319.6,603.2,2048,1536
20170625_BBM_bm-n-mobo,-900,0.0703,1280.2,568.5,1329.1,604.5,2048,1536
20170625_BBM_bm-n-mobo,-780,0.0800,1284.5,572.0,1320.7,604.4,2048,1536
20170625_BBM_bm-n-mobo,-720,0.1112,1281.3,567.6,1333.0,604.6,2048,1536
20170625_BBM_bm-n-mobo,-720,0.0796,1294.0,569.9,1333.9,604.8,2048,1536
20170625_BBM_bm-n-mobo,-660,0.0626,1270.7,574.1,1301.7,603.5,2048,1536
20170625_BBM_bm-n-mobo,-660,0.0530,1272.0,571.5,1312.3,604.2,2048,1536
20170625_BBM_bm-n-mobo,-540,0.1448,1285.8,564.9,1331.0,604.3,2048,1536
20170625_BBM_bm-n-mobo,120,0.2209,1261.4,563.3,1310.0,603.1,2048,1536
20170625_BBM_bm-n-mobo,180,0.0503,1283.9,570.7,1328.2,604.2,2048,1536
20170625_BBM_bm-n-mobo,420,0.1098,1594.1,750.2,1641.2,790.5,2048,1536
20170625_BBM_bm-n-mobo,480,0.7374,1595.4,723.3,1652.2,785.3,2048,1536
20170625_BBM_bm-n-mobo,540,0.4886,1612.4,684.5,1649.2,737.9,2048,1536
20170625_BBM_bm-n-mobo,600,0.1829,1607.0,761.6,1656.9,793.0,2048,1536
20170625_BBM_bm-n-mobo,600,0.0999,1606.2,755.9,1670.6,793.3,2048,1536
20170625_BBM_bm-n-mobo,600,0.0679,1600.0,692.4,1695.6,796.5,2048,1536
20170625_BBM_bm-n-mobo,600,0.0637,1602.4,711.3,1685.7,794.1,2048,1536
20170625_BBM_bm-n-mobo,600,0.0608,1605.7,746.6,1679.3,794.5,2048,1536
20170625_BBM_bm-n-mobo,600,0.0559,1598.7,680.3,1723.2,795.8,2048,1536
20170625_BBM_bm-n-mobo,660,0.3107,1601.7,716.1,1765.5,794.3,2048,1536
20170625_BBM_bm-n-mobo,660,0.2287,1604.4,742.6,1722.6,793.6,2048,1536
20170625_BBM_bm-n-mobo,720,0.3817,1599.5,747.8,1704.8,790.0,2048,1536
20170625_BBM_bm-n-mobo,780,0.3090,1605.2,707.4,1681.1,789.4,2048,1536
20170625_BBM_bm-n-mobo,780,0.2056,1600.9,707.5,1707.1,791.7,2048,1536
20170625_BBM_bm-n-mobo,780,0.1399,1601.3,705.3,1763.3,792.8,2048,1536
20170625_BBM_bm-n-mobo,840,0.7572,1602.8,754.8,1682.5,800.1,2048,1536
20170625_BBM_bm-n-mobo,900,0.6562,1596.5,747.0,1667.4,801.4,2048,1536
20170625_BBM_bm-n-mobo,900,0.1811,1595.4,744.1,1715.3,806.4,2048,1536
20170625_BBM_bm-n-mobo,960,0.7739,1597.6,668.8,1777.6,802.3,2048,1536
20170625_BBM_bm-n-mobo,1020,0.6635,1604.7,722.4,1661.1,794.9,2048,1536
20170625_BBM_bm-n-mobo,1080,0.5077,1603.5,685.8,1691.4,802.7,2048,1536
20170625_BBM_bm-n-mobo,1080,0.0776,1604.2,729.3,1688.2,800.7,2048,1536
20170625_BBM_bm-n-mobo,1080,0.0729,1600.1,676.2,1745.5,805.5,2048,1536
20170625_BBM_bm-n-mobo,1140,0.6703,1605.2,704.4,1715.6,795.0,2048,1536
20170625_BBM_bm-n-mobo,1140,0.0811,1604.0,670.1,1753.2,796.8,2048,1536
20170625_BBM_bm-n-mobo,1200,0.3900,1604.9,748.0,1705.1,799.0,2048,1536
20170625_BBM_bm-n-mobo,1200,0.3658,1602.4,742.5,1735.1,804.9,2048,1536
20170625_BBM_bm-n-mobo,1200,0.1428,1599.4,655.6,1830.4,804.3,2048,1536
20170625_BBM_bm-n-mobo,1200,0.1185,1601.1,733.0,1777.9,803.1,2048,1536
20170625_BBM_bm-n-mobo,1200,0.1039,1601.3,709.9,1806.6,803.7,2048,1536
20170625_BBM_bm-n-mobo,1260,0.7975,1599.2,670.0,1770.5,796.3,2048,1536
20170625_BBM_bm-n-mobo,1260,0.0867,1604.7,726.3,1689.4,794.1,2048,1536
20170625_BBM_bm-n-mobo,1320,0.7178,1602.8,714.2,1729.4,799.2,2048,1536
20170625_BBM_bm-n-mobo,1320,0.0670,1601.9,706.6,1769.4,799.2,2048,1536
20170625_BBM_bm-n-mobo,1380,0.7363,1589.1,720.0,1669.1,791.1,2048,1536
20170625_BBM_bm-n-mobo,1440,0.4597,1598.3,669.2,1721.9,793.3,2048,1536
20170625_BBM_bm-n-mobo,1440,0.1064,1600.3,708.7,1676.8,792.2,2048,1536
20170625_BBM_bm-n-mobo,1440,0.1062,1600.3,698.6,1705.3,793.3,2048,1536
20170625_BBM_bm-n-mobo,1440,0.0643,1597.7,655.7,1764.5,794.6,2048,1536
20170625_BBM_bm-n-mobo,1500,0.7514,1597.8,704.6,1757.9,795.0,2048,1536
20170625_BBM_bm-n-mobo,1560,0.7654,1588.3,730.2,1704.5,796.0,2048,1536
20170625_BBM_bm-n-mobo,1620,0.8646,1600.3,695.4,1707.2,795.5,2048,1536
20170625_BBM_bm-n-mobo,1680,0.7346,1594.6,675.4,1830.0,795.2,2048,1536
20170625_BBM_bm-n-mobo,1740,0.8711,1606.6,688.9,1728.2,792.7,2048,1536
20170625_BBM_bm-n-mobo,1800,0.7247,1603.6,664.1,1866.0,798.4,2048,1536
20170625_BBM_bm-n-mobo,1860,0.8310,1588.5,693.9,1844.9,791.3,2048,1536
20170625_BBM_bm-n-mobo,1920,0.8335,1584.1,657.0,1878.0,794.7,2048,1536
20170625_BBM_bm-n-mobo,1980,0.8763,1597.1,635.9,1806.7,795.2,2048,1536
20170625_BBM_bm-n-mobo,2040,0.8175,1609.7,642.4,1893.1,794.5,2048,1536
20170625_BBM_bm-n-mobo,2100,0.8016,1594.7,652.1,1928.8,799.1,2048,1536
20170625_BBM_bm-n-mobo,2160,0.7348,1593.8,681.1,1980.4,804.1,2048,1536
20170625_BBM_bm-n-mobo,2220,0.8185,1597.9,617.8,1987.4,816.4,2048,1536
20170625_BBM_bm-n-mobo,2280,0.7546,1601.7,556.4,1994.9,791.8,2048,1536
20170625_BBM_bm-n-mobo,2340,0.7500,1603.7,637.8,2026.2,804.6,2048,1536
20170625_BBM_bm-n-mobo,2400,0.8608,1598.0,634.3,2012.7,808.3,2048,1536
20170625_FIRE_mg-s-iqeye,-2400,0.3044,879.0,417.6,933.2,576.0,1600,1200
20170625_FIRE_mg-s-iqeye,-2400,0.1533,884.0,540.4,914.2,574.1,1600,1200
20170625_FIRE_mg-s-iqeye,-2400,0.1073,871.5,542.9,914.2,590.0,1600,1200
20170625_FIRE_mg-s-iqeye,-2400,0.1027,1590.1,560.2,1600.0,595.2,1600,1200
20170625_FIRE_mg-s-iqeye,-2400,0.0719,878.5,526.5,915.6,581.5,1600,1200
20170625_FIRE_mg-s-iqeye,-2400,0.0612,883.1,508.6,916.2,579.7,1600,1200
20170625_FIRE_mg-s-iqeye,-2340,0.3459,880.6,422.2,933.3,574.9,1600,1200
20170625_FIRE_mg-s-iqeye,-2340,0.1253,884.9,539.3,914.8,573.4,1600,1200
20170625_FIRE_mg-s-iqeye,-2340,0.1203,884.5,457.5,918.2,577.0,1600,1200
20170625_FIRE_mg-s-iqeye,-2340,0.1021,1590.3,558.9,1600.0,593.1,1600,1200
20170625_FIRE_mg-s-iqeye,-2340,0.0573,881.0,543.0,914.2,589.5,1600,1200
20170625_FIRE_mg-s-iqeye,-2280,0.2827,880.0,419.3,935.1,576.9,1600,1200
20170625_FIRE_mg-s-iqeye,-2280,0.2627,884.8,542.3,914.3,574.2,1600,1200
20170625_FIRE_mg-s-iqeye,-2280,0.1592,878.5,543.2,914.5,589.6,1600,1200
20170625_FIRE_mg-s-iqeye,-2280,0.1037,1589.3,557.8,1600.0,589.3,1600,1200
20170625_FIRE_mg-s-iqeye,-2280,0.0619,1581.0,557.0,1600.0,589.9,1600,1200
20170625_FIRE_mg-s-iqeye,-2220,0.3149,880.5,417.3,935.9,576.4,1600,1200
20170625_FIRE_mg-s-iqeye,-2220,0.2069,885.7,542.9,914.2,574.1,1600,1200
20170625_FIRE_mg-s-iqeye,-2220,0.1420,1589.7,557.4,1600.0,591.1,1600,1200
20170625_FIRE_mg-s-iqeye,-2220,0.1156,880.5,544.5,914.1,589.2,1600,1200
20170625_FIRE_mg-s-iqeye,-2220,0.0841,1586.0,555.2,1600.0,591.4,1600,1200
20170625_FIRE_mg-s-iqeye,-2220,0.0837,885.7,533.9,915.7,579.3,1600,1200
20170625_FIRE_mg-s-iqeye,-2220,0.0514,866.1,415.7,943.3,580.8,1600,1200
20170625_FIRE_mg-s-iqeye,-2160,0.3646,880.8,420.5,937.5,573.0,1600,1200
20170625_FIRE_mg-s-iqeye,-2160,0.1713,885.7,542.3,915.0,570.9,1600,1200
20170625_FIRE_mg-s-iqeye,-2160,0.1149,885.5,496.8,917.4,572.9,1600,1200
20170625_FIRE_mg-s-iqeye,-2160,0.1089,1590.1,559.6,1600.0,593.3,1600,1200
20170625_FIRE_mg-s-iqeye,-2160,0.0929,884.3,519.3,916.5,573.3,1600,1200
20170625_FIRE_mg-s-iqeye,-2100,0.3165,880.4,416.7,937.0,577.6,1600,1200
20170625_FIRE_mg-s-iqeye,-2100,0.1954,884.9,543.1,914.7,575.9,1600,1200
20170625_FIRE_mg-s-iqeye,-2100,0.1047,880.2,544.6,914.6,588.7,1600,1200
20170625_FIRE_mg-s-iqeye,-2100,0.1040,1589.1,557.5,1600.0,591.6,1600,1200
20170625_FIRE_mg-s-iqeye,-2100,0.0984,884.7,524.9,916.6,580.3,1600,1200
20170625_FIRE_mg-s-iqeye,-2100,0.0587,1585.7,553.4,1600.0,590.5,1600,1200
20170625_FIRE_mg-s-iqeye,-2040,0.3360,880.6,418.9,935.0,576.7,1600,1200
20170625_FIRE_mg-s-iqeye,-2040,0.1675,886.0,542.3,914.6,574.7,1600,1200
20170625_FIRE_mg-s-iqeye,-2040,0.0891,885.6,502.0,917.1,579.3,1600,1200
20170625_FIRE_mg-s-iqeye,-2040,0.0831,881.3,544.3,914.6,589.3,1600,1200
20170625_FIRE_mg-s-iqeye,-2040,0.0805,1589.4,558.8,1600.0,594.4,1600,1200
20170625_FIRE_mg-s-iqeye,-1980,0.4871,1445.1,554.2,1467.0,582.6,1600,1200
20170625_FIRE_mg-s-iqeye,-1980,0.3298,880.7,420.5,935.4,576.3,1600,1200
20170625_FIRE_mg-s-iqeye,-1980,0.1919,884.8,543.8,914.3,572.8,1600,1200
20170625_FIRE_mg-s-iqeye,-1980,0.1116,884.7,506.8,916.5,577.9,1600,1200
20170625_FIRE_mg-s-iqeye,-1980,0.1049,880.2,544.5,914.3,590.1,1600,1200
20170625_FIRE_mg-s-iqeye,-1980,0.0976,882.6,531.2,915.6,579.3,1600,1200
20170625_FIRE_mg-s-iqeye,-1980,0.0534,1590.3,558.4,1600.0,596.3,1600,1200
20170625_FIRE_mg-s-iqeye,-1920,0.2843,879.8,421.1,935.1,574.2,1600,1200
20170625_FIRE_mg-s-iqeye,-1920,0.2472,885.2,544.4,914.5,571.3,1600,1200
20170625_FIRE_mg-s-iqeye,-1920,0.0915,1590.6,561.3,1600.0,594.9,1600,1200
20170625_FIRE_mg-s-iqeye,-1920,0.0593,881.6,443.1,925.1,575.2,1600,1200
20170625_FIRE_mg-s-iqeye,-1920,0.0582,883.6,531.7,915.5,571.5,1600,1200
20170625_FIRE_mg-s-iqeye,-1860,0.2350,880.3,417.7,935.1,575.2,1600,1200
20170625_FIRE_mg-s-iqeye,-1860,0.2097,884.7,541.8,914.4,573.5,1600,1200
20170625_FIRE_mg-s-iqeye,-1860,0.1472,881.8,545.4,914.7,579.3,1600,1200
20170625_FIRE_mg-s-iqeye,-1860,0.1076,876.8,543.6,914.4,588.9,1600,1200
20170625_FIRE_mg-s-iqeye,-1860,0.0910,1590.0,559.1,1600.0,594.1,1600,1200
20170625_FIRE_mg-s-iqeye,-1860,0.0544,1586.0,555.2,1600.0,592.2,1600,1200
20170625_FIRE_mg-s-iqeye,-1800,0.3222,883.0,418.3,941.9,574.1,1600,1200
20170625_FIRE_mg-s-iqeye,-1800,0.1925,887.0,543.8,914.6,572.4,1600,1200
20170625_FIRE_mg-s-iqeye,-1800,0.0976,1589.5,559.0,1600.0,591.9,1600,1200
20170625_FIRE_mg-s-iqeye,-1800,0.0677,882.9,544.4,914.8,589.2,1600,1200
20170625_FIRE_mg-s-iqeye,-1800,0.0670,885.9,524.9,916.1,572.5,1600,1200
20170625_FIRE_mg-s-iqeye,-1800,0.0511,1585.5,555.1,1600.0,592.3,1600,1200
20170625_FIRE_mg-s-iqeye,-1740,0.3703,882.0,419.8,945.6,576.3,1600,1200
20170625_FIRE_mg-s-iqeye,-1740,0.1786,886.5,542.8,914.7,572.2,1600,1200
20170625_FIRE_mg-s-iqeye,-1740,0.1260,1589.2,558.4,1600.0,592.5,1600,1200
20170625_FIRE_mg-s-iqeye,-1740,0.1094,1505.9,537.0,1530.3,571.9,1600,1200
20170625_FIRE_mg-s-iqeye,-1740,0.0884,880.9,543.3,915.1,589.5,1600,1200
20170625_FIRE_mg-s-iqeye,-1740,0.0712,884.0,529.4,915.7,577.6,1600,1200
20170625_FIRE_mg-s-iqeye,-1740,0.0578,1581.1,557.2,1600.0,593.6,1600,1200
20170625_FIRE_mg-s-iqeye,-1740,0.0564,1585.7,554.9,1600.0,591.9,1600,1200
20170625_FIRE_mg-s-iqeye,-1740,0.0523,1505.1,535.1,1537.8,572.5,1600,1200
20170625_FIRE_mg-s-iqeye,-1740,0.0512,881.4,417.7,980.7,572.7,1600,1200
20170625_FIRE_mg-s-iqeye,-1680,0.3671,881.5,418.8,944.7,579.1,1600,1200
20170625_FIRE_mg-s-iqeye,-1680,0.1640,885.9,538.3,914.2,576.1,1600,1200
20170625_FIRE_mg-s-iqeye,-1680,0.1205,1590.1,560.2,1600.0,596.5,1600,1200
20170625_FIRE_mg-s-iqeye,-1680,0.0943,874.6,542.3,913.8,589.7,1600,1200
20170625_FIRE_mg-s-iqeye,-1680,0.0645,880.3,514.9,915.2,582.7,1600,1200
20170625_FIRE_mg-s-iqeye,-1680,0.0523,1586.2,553.9,1600.0,594.4,1600,1200
20170625_FIRE_mg-s-iqeye,-1620,0.3516,882.4,417.9,942.1,573.1,1600,1200
20170625_FIRE_mg-s-iqeye,-1620,0.1988,886.6,541.2,914.4,571.2,1600,1200
20170625_FIRE_mg-s-iqeye,-1620,0.0988,1590.2,560.3,1600.0,594.6,1600,1200
20170625_FIRE_mg-s-iqeye,-1620,0.0575,1505.9,536.9,1530.1,571.8,1600,1200
20170625_FIRE_mg-s-iqeye,-1560,0.3882,883.3,418.5,944.7,575.1,1600,1200
20170625_FIRE_mg-s-iqeye,-1560,0.1724,885.9,541.5,914.8,571.5,1600,1200
20170625_FIRE_mg-s-iqeye,-1560,0.1222,1588.6,558.8,1600.0,593.8,1600,1200
20170625_FIRE_mg-s-iqeye,-1560,0.0853,885.1,528.4,915.9,571.5,1600,1200
20170625_FIRE_mg-s-iqeye,-1560,0.0761,1581.1,558.2,1600.0,594.9,1600,1200
20170625_FIRE_mg-s-iqeye,-1560,0.0677,1585.6,559.4,1600.0,601.0,1600,1200
20170625_FIRE_mg-s-iqeye,-1500,0.3869,882.3,420.2,944.2,575.8,1600,1200
20170625_FIRE_mg-s-iqeye,-1500,0.1809,885.8,540.9,914.7,571.9,1600,1200
20170625_FIRE_mg-s-iqeye,-1500,0.1000,1589.3,559.6,1600.0,592.0,1600,1200
20170625_FIRE_mg-s-iqeye,-1500,0.0858,879.5,542.8,915.1,589.5,1600,1200
20170625_FIRE_mg-s-iqeye,-1500,0.0798,883.6,527.1,915.6,577.2,1600,1200
20170625_FIRE_mg-s-iqeye,-1500,0.0611,885.4,501.9,917.1,575.6,1600,1200
20170625_FIRE_mg-s-iqeye,-1500,0.0556,1585.3,556.2,1600.0,592.6,1600,1200
20170625_FIRE_mg-s-iqeye,-1500,0.0551,1580.9,559.4,1600.0,593.3,1600,1200
20170625_FIRE_mg-s-iqeye,-1500,0.0517,883.4,442.3,927.3,573.6,1600,1200
20170625_FIRE_mg-s-iqeye,-1440,0.3698,881.5,417.3,939.4,573.3,1600,1200
20170625_FIRE_mg-s-iqeye,-1440,0.1763,885.7,541.2,914.5,571.4,1600,1200
20170625_FIRE_mg-s-iqeye,-1440,0.1182,1589.5,560.6,1600.0,593.5,1600,1200
20170625_FIRE_mg-s-iqeye,-1440,0.0765,884.7,528.0,915.9,571.2,1600,1200
20170625_FIRE_mg-s-iqeye,-1440,0.0608,880.1,543.0,914.6,589.7,1600,1200
20170625_FIRE_mg-s-iqeye,-1440,0.0573,1585.4,555.8,1600.0,591.9,1600,1200
20170625_FIRE_mg-s-iqeye,-1380,0.3941,881.5,417.2,940.7,575.8,1600,1200
20170625_FIRE_mg-s-iqeye,-1380,0.2311,886.4,545.0,913.9,573.4,1600,1200
20170625_FIRE_mg-s-iqeye,-1380,0.1166,880.7,545.0,914.3,589.7,1600,1200
20170625_FIRE_mg-s-iqeye,-1380,0.0990,1589.1,558.5,1600.0,591.5,1600,1200
20170625_FIRE_mg-s-iqeye,-1380,0.0909,883.7,537.5,914.9,579.5,1600,1200
20170625_FIRE_mg-s-iqeye,-1380,0.0872,886.0,521.6,916.1,577.7,1600,1200
20170625_FIRE_mg-s-iqeye,-1380,0.0737,1505.0,536.7,1527.4,571.3,1600,1200
20170625_FIRE_mg-s-iqeye,-1380,0.0562,1585.4,553.9,1600.0,590.1,1600,1200
20170625_FIRE_mg-s-iqeye,-1320,0.3822,881.9,417.8,941.5,575.4,1600,1200
20170625_FIRE_mg-s-iqeye,-1320,0.2335,886.2,543.7,914.4,573.6,1600,1200
20170625_FIRE_mg-s-iqeye,-1320,0.1438,1590.0,558.6,1600.0,593.1,1600,1200
20170625_FIRE_mg-s-iqeye,-1320,0.1087,879.9,544.2,914.7,588.7,1600,1200
20170625_FIRE_mg-s-iqeye,-1320,0.0980,885.8,530.4,916.4,577.5,1600,1200
20170625_FIRE_mg-s-iqeye,-1320,0.0739,1586.1,554.5,1600.0,591.1,1600,1200
20170625_FIRE_mg-s-iqeye,-1320,0.0570,1589.3,545.8,1600.0,590.4,1600,1200
20170625_FIRE_mg-s-iqeye,-1320,0.0554,1505.6,537.7,1528.8,571.9,1600,1200
20170625_FIRE_mg-s-iqeye,-1260,0.4293,883.1,420.1,944.6,576.6,1600,1200
20170625_FIRE_mg-s-iqeye,-1260,0.2478,886.2,544.5,914.4,573.0,1600,1200
20170625_FIRE_mg-s-iqeye,-1260,0.1151,886.4,536.6,916.1,575.9,1600,1200
20170625_FIRE_mg-s-iqeye,-1260,0.0749,884.5,544.8,914.8,588.7,1600,1200
20170625_FIRE_mg-s-iqeye,-1260,0.0742,1589.7,561.2,1600.0,590.4,1600,1200
20170625_FIRE_mg-s-iqeye,-1200,0.3889,881.2,417.4,945.0,573.2,1600,1200
20170625_FIRE_mg-s-iqeye,-1200,0.2597,886.1,545.7,914.2,570.9,1600,1200
20170625_FIRE_mg-s-iqeye,-1200,0.1052,1589.8,558.1,1600.0,590.2,1600,1200
20170625_FIRE_mg-s-iqeye,-1200,0.0737,881.3,545.1,914.9,589.0,1600,1200
20170625_FIRE_mg-s-iqeye,-1200,0.0594,884.9,533.8,915.5,570.7,1600,1200
20170625_FIRE_mg-s-iqeye,-1200,0.0546,1585.8,555.4,1600.0,590.6,1600,1200
20170625_FIRE_mg-s-iqeye,-1140,0.3896,880.5,415.3,940.8,574.3,1600,1200
20170625_FIRE_mg-s-iqeye,-1140,0.2074,885.2,541.6,914.4,572.0,1600,1200
20170625_FIRE_mg-s-iqeye,-1140,0.1253,1589.7,559.8,1600.0,592.9,1600,1200
20170625_FIRE_mg-s-iqeye,-1140,0.0905,878.3,542.9,914.7,589.6,1600,1200
20170625_FIRE_mg-s-iqeye,-1140,0.0688,1586.0,555.3,1600.0,591.9,1600,1200
20170625_FIRE_mg-s-iqeye,-1080,0.3007,882.2,413.9,943.3,574.3,1600,1200
20170625_FIRE_mg-s-iqeye,-1080,0.2640,886.2,544.4,914.4,572.2,1600,1200
20170625_FIRE_mg-s-iqeye,-1080,0.1346,1589.6,557.5,1600.0,593.6,1600,1200
20170625_FIRE_mg-s-iqeye,-1080,0.1329,1505.8,536.6,1529.6,571.4,1600,1200
20170625_FIRE_mg-s-iqeye,-1080,0.0749,1585.7,553.1,1600.0,591.1,1600,1200
20170625_FIRE_mg-s-iqeye,-1080,0.0743,885.2,534.7,915.7,572.3,1600,1200
20170625_FIRE_mg-s-iqeye,-1080,0.0676,1588.5,545.4,1600.0,590.5,1600,1200
20170625_FIRE_mg-s-iqeye,-1080,0.0600,881.9,544.1,915.1,588.0,1600,1200
20170625_FIRE_mg-s-iqeye,-1020,0.3157,880.9,418.0,940.1,574.9,1600,1200
20170625_FIRE_mg-s-iqeye,-1020,0.2902,885.5,544.8,914.2,572.2,1600,1200
20170625_FIRE_mg-s-iqeye,-1020,0.1134,1589.1,557.5,1600.0,593.5,1600,1200
20170625_FIRE_mg-s-iqeye,-1020,0.1051,881.5,544.6,914.7,589.4,1600,1200
20170625_FIRE_mg-s-iqeye,-1020,0.0743,1585.4,553.4,1600.0,591.6,1600,1200
20170625_FIRE_mg-s-iqeye,-1020,0.0658,884.2,535.2,915.3,572.2,1600,1200
20170625_FIRE_mg-s-iqeye,-1020,0.0593,1505.9,536.5,1529.7,570.9,1600,1200
20170625_FIRE_mg-s-iqeye,-1020,0.0507,1588.0,544.7,1600.0,590.9,1600,1200
20170625_FIRE_mg-s-iqeye,-960,0.3779,881.8,414.5,941.6,573.7,1600,1200
20170625_FIRE_mg-s-iqeye,-960,0.2294,886.2,542.7,914.5,571.7,1600,1200
20170625_FIRE_mg-s-iqeye,-960,0.1338,1589.5,560.8,1600.0,595.8,1600,1200
20170625_FIRE_mg-s-iqeye,-960,0.0741,1581.1,558.6,1600.0,594.9,1600,1200
20170625_FIRE_mg-s-iqeye,-960,0.0629,1505.2,537.4,1529.6,570.8,1600,1200
20170625_FIRE_mg-s-iqeye,-960,0.0556,1585.3,555.3,1600.0,593.8,1600,1200
20170625_FIRE_mg-s-iqeye,-900,0.3941,882.8,418.8,945.4,575.2,1600,1200
20170625_FIRE_mg-s-iqeye,-900,0.2516,887.0,543.8,914.5,571.2,1600,1200
20170625_FIRE_mg-s-iqeye,-900,0.0785,1589.5,560.5,1600.0,590.9,1600,1200
20170625_FIRE_mg-s-iqeye,-840,0.4085,883.3,417.5,945.0,574.9,1600,1200
20170625_FIRE_mg-s-iqeye,-840,0.2266,886.6,544.1,914.0,571.1,1600,1200
20170625_FIRE_mg-s-iqeye,-840,0.1185,1590.0,560.3,1600.0,593.8,1600,1200
20170625_FIRE_mg-s-iqeye,-840,0.0784,886.5,534.6,916.0,572.6,1600,1200
20170625_FIRE_mg-s-iqeye,-840,0.0574,885.7,425.5,932.1,580.0,1600,1200
20170625_FIRE_mg-s-iqeye,-780,0.3707,882.1,415.8,943.2,572.8,1600,1200
20170625_FIRE_mg-s-iqeye,-780,0.2261,885.9,544.5,914.4,570.8,1600,1200
20170625_FIRE_mg-s-iqeye,-780,0.1084,1589.8,560.2,1600.0,595.8,1600,1200
20170625_FIRE_mg-s-iqeye,-780,0.0625,884.9,532.1,915.5,570.7,1600,1200
20170625_FIRE_mg-s-iqeye,-780,0.0624,1505.5,537.2,1531.3,570.9,1600,1200
20170625_FIRE_mg-s-iqeye,-780,0.0516,1585.8,554.9,1600.0,593.3,1600,1200
20170625_FIRE_mg-s-iqeye,-720,0.3624,882.6,419.5,940.7,574.2,1600,1200
20170625_FIRE_mg-s-iqeye,-720,0.2046,886.4,541.0,914.4,572.7,1600,1200
20170625_FIRE_mg-s-iqeye,-720,0.0947,885.7,529.9,915.5,572.9,1600,1200
20170625_FIRE_mg-s-iqeye,-720,0.0844,1589.1,560.1,1600.0,594.0,1600,1200
20170625_FIRE_mg-s-iqeye,-720,0.0764,1505.5,537.9,1529.6,571.1,1600,1200
20170625_FIRE_mg-s-iqeye,-720,0.0534,1581.0,557.8,1600.0,593.2,1600,1200
20170625_FIRE_mg-s-iqeye,-720,0.0504,1585.4,554.9,1600.0,592.0,1600,1200
20170625_FIRE_mg-s-iqeye,-660,0.3501,883.2,417.3,943.0,574.0,1600,1200
20170625_FIRE_mg-s-iqeye,-660,0.2456,886.6,544.7,913.6,571.7,1600,1200
20170625_FIRE_mg-s-iqeye,-660,0.1232,1589.7,559.2,1600.0,594.6,1600,1200
20170625_FIRE_mg-s-iqeye,-660,0.0935,1506.1,537.5,1530.1,571.2,1600,1200
20170625_FIRE_mg-s-iqeye,-660,0.0618,885.7,531.9,915.1,571.8,1600,1200
20170625_FIRE_mg-s-iqeye,-660,0.0608,1581.0,554.0,1600.0,593.8,1600,1200
20170625_FIRE_mg-s-iqeye,-660,0.0505,1586.0,558.1,1600.0,596.9,1600,1200
20170625_FIRE_mg-s-iqeye,-600,0.3715,881.5,417.5,939.3,573.1,1600,1200
20170625_FIRE_mg-s-iqeye,-600,0.2278,885.4,543.7,914.2,571.2,1600,1200
20170625_FIRE_mg-s-iqeye,-600,0.1233,1588.3,560.9,1600.0,591.4,1600,1200
20170625_FIRE_mg-s-iqeye,-600,0.0898,1505.3,537.5,1531.3,572.0,1600,1200
20170625_FIRE_mg-s-iqeye,-600,0.0864,1580.9,558.8,1600.0,590.4,1600,1200
20170625_FIRE_mg-s-iqeye,-600,0.0677,884.2,533.3,915.2,571.1,1600,1200
20170625_FIRE_mg-s-iqeye,-600,0.0552,1585.1,559.9,1600.0,595.8,1600,1200
20170625_FIRE_mg-s-iqeye,-540,0.4548,881.5,418.6,944.7,575.2,1600,1200
20170625_FIRE_mg-s-iqeye,-540,0.1712,884.3,542.0,914.9,571.5,1600,1200
20170625_FIRE_mg-s-iqeye,-540,0.1084,1589.4,560.5,1600.0,593.6,1600,1200
20170625_FIRE_mg-s-iqeye,-540,0.1028,883.3,532.4,915.9,573.5,1600,1200
20170625_FIRE_mg-s-iqeye,-540,0.0767,884.4,505.8,917.5,573.2,1600,1200
20170625_FIRE_mg-s-iqeye,-540,0.0609,1585.7,555.5,1600.0,592.5,1600,1200
20170625_FIRE_mg-s-iqeye,-540,0.0547,1581.0,558.6,1600.0,593.2,1600,1200
20170625_FIRE_mg-s-iqeye,-480,0.3266,880.5,417.8,940.2,572.6,1600,1200
20170625_FIRE_mg-s-iqeye,-480,0.1887,885.4,542.3,914.9,571.1,1600,1200
20170625_FIRE_mg-s-iqeye,-480,0.1287,1589.9,559.9,1600.0,592.0,1600,1200
20170625_FIRE_mg-s-iqeye,-480,0.0932,1505.5,537.2,1530.3,571.6,1600,1200
20170625_FIRE_mg-s-iqeye,-480,0.0828,884.3,530.6,916.1,571.0,1600,1200
20170625_FIRE_mg-s-iqeye,-480,0.0514,1586.0,553.8,1600.0,590.7,1600,1200
20170625_FIRE_mg-s-iqeye,-420,0.4105,882.8,413.3,941.6,575.3,1600,1200
20170625_FIRE_mg-s-iqeye,-420,0.1866,886.2,543.0,914.3,573.5,1600,1200
20170625_FIRE_mg-s-iqeye,-420,0.1138,1589.4,560.8,1600.0,590.7,1600,1200
20170625_FIRE_mg-s-iqeye,-420,0.0855,886.2,509.8,916.6,576.6,1600,1200
20170625_FIRE_mg-s-iqeye,-420,0.0756,885.2,532.0,915.3,577.4,1600,1200
20170625_FIRE_mg-s-iqeye,-420,0.0732,884.4,543.9,914.5,589.4,1600,1200
20170625_FIRE_mg-s-iqeye,-420,0.0566,1585.6,556.1,1600.0,589.9,1600,1200
20170625_FIRE_mg-s-iqeye,-360,0.3497,882.5,417.5,941.9,573.4,1600,1200
20170625_FIRE_mg-s-iqeye,-360,0.2297,886.4,543.1,914.6,571.4,1600,1200
20170625_FIRE_mg-s-iqeye,-360,0.1106,1588.9,557.7,1600.0,591.2,1600,1200
20170625_FIRE_mg-s-iqeye,-360,0.0844,885.5,533.2,915.5,571.3,1600,1200
20170625_FIRE_mg-s-iqeye,-360,0.0680,1505.5,538.4,1533.9,571.7,1600,1200
20170625_FIRE_mg-s-iqeye,-360,0.0642,1581.0,556.8,1600.0,592.1,1600,1200
20170625_FIRE_mg-s-iqeye,-300,0.4021,882.5,418.0,942.5,574.2,1600,1200
20170625_FIRE_mg-s-iqeye,-300,0.2437,886.3,544.4,914.3,571.8,1600,1200
20170625_FIRE_mg-s-iqeye,-300,0.1278,1589.9,560.2,1600.0,595.6,1600,1200
20170625_FIRE_mg-s-iqeye,-300,0.0676,1505.6,538.3,1530.5,571.5,1600,1200
20170625_FIRE_mg-s-iqeye,-300,0.0644,1586.1,554.9,1600.0,593.3,1600,1200
20170625_FIRE_mg-s-iqeye,-300,0.0621,885.2,533.8,915.6,571.9,1600,1200
20170625_FIRE_mg-s-iqeye,-300,0.0523,1589.8,561.7,1600.0,609.1,1600,1200
20170625_FIRE_mg-s-iqeye,-240,0.4268,882.5,417.1,940.7,573.8,1600,1200
20170625_FIRE_mg-s-iqeye,-240,0.2100,886.2,542.9,914.4,571.7,1600,1200
20170625_FIRE_mg-s-iqeye,-240,0.1155,1590.1,558.5,1600.0,594.7,1600,1200
20170625_FIRE_mg-s-iqeye,-240,0.0895,886.2,519.3,916.5,574.1,1600,1200
20170625_FIRE_mg-s-iqeye,-240,0.0887,884.7,535.3,915.3,574.7,1600,1200
20170625_FIRE_mg-s-iqeye,-240,0.0611,1505.8,538.4,1527.6,571.6,1600,1200
20170625_FIRE_mg-s-iqeye,-240,0.0581,881.6,543.5,915.0,588.9,1600,1200
20170625_FIRE_mg-s-iqeye,-240,0.0540,1585.8,553.8,1600.0,592.5,1600,1200
20170625_FIRE_mg-s-iqeye,-180,0.3816,882.2,416.6,942.8,573.6,1600,1200
20170625_FIRE_mg-s-iqeye,-180,0.2150,886.3,542.6,914.4,571.6,1600,1200
20170625_FIRE_mg-s-iqeye,-180,0.0893,1588.3,561.5,1600.0,592.5,1600,1200
20170625_FIRE_mg-s-iqeye,-180,0.0637,1581.0,560.4,1600.0,591.8,1600,1200
20170625_FIRE_mg-s-iqeye,-120,0.3915,882.9,416.6,942.8,574.7,1600,1200
20170625_FIRE_mg-s-iqeye,-120,0.2136,886.7,543.3,914.4,572.7,1600,1200
20170625_FIRE_mg-s-iqeye,-120,0.1225,1587.1,559.4,1600.0,590.8,1600,1200
20170625_FIRE_mg-s-iqeye,-120,0.1075,1580.9,557.8,1600.0,590.0,1600,1200
20170625_FIRE_mg-s-iqeye,-120,0.0790,885.8,528.4,915.6,572.9,1600,1200
20170625_FIRE_mg-s-iqeye,-120,0.0668,1584.2,558.9,1600.0,595.5,1600,1200
20170625_FIRE_mg-s-iqeye,-120,0.0656,884.5,544.2,914.7,588.5,1600,1200
20170625_FIRE_mg-s-iqeye,-120,0.0636,1504.7,534.5,1532.5,572.0,1600,1200
20170625_FIRE_mg-s-iqeye,-120,0.0547,883.9,442.4,927.2,574.9,1600,1200
20170625_FIRE_mg-s-iqeye,-60,0.3971,882.9,418.6,944.8,576.4,1600,1200
20170625_FIRE_mg-s-iqeye,-60,0.2015,886.2,543.4,914.4,572.1,1600,1200
20170625_FIRE_mg-s-iqeye,-60,0.1155,1589.0,558.9,1600.0,592.9,1600,1200
20170625_FIRE_mg-s-iqeye,-60,0.0815,1505.0,538.3,1531.5,572.3,1600,1200
20170625_FIRE_mg-s-iqeye,-60,0.0735,881.8,543.9,914.5,588.3,1600,1200
20170625_FIRE_mg-s-iqeye,-60,0.0669,885.1,529.3,915.9,572.1,1600,1200
20170625_FIRE_mg-s-iqeye,-60,0.0648,1581.1,554.6,1600.0,592.2,1600,1200
20170625_FIRE_mg-s-iqeye,0,0.4504,881.8,415.8,947.0,575.9,1600,1200
20170625_FIRE_mg-s-iqeye,0,0.1945,885.3,543.1,915.4,572.5,1600,1200
20170625_FIRE_mg-s-iqeye,0,0.1297,1506.3,538.8,1529.5,571.4,1600,1200
20170625_FIRE_mg-s-iqeye,0,0.0755,1589.1,559.7,1600.0,593.5,1600,1200
20170625_FIRE_mg-s-iqeye,0,0.0693,884.5,426.0,931.8,579.6,1600,1200
20170625_FIRE_mg-s-iqeye,0,0.0589,884.3,530.7,917.0,572.6,1600,1200
20170625_FIRE_mg-s-iqeye,0,0.0538,881.3,411.1,978.2,572.7,1600,1200
20170625_FIRE_mg-s-iqeye,0,0.0522,881.6,543.7,915.8,587.9,1600,1200
20170625_FIRE_mg-s-iqeye,60,0.4003,883.2,415.7,942.4,573.0,1600,1200
20170625_FIRE_mg-s-iqeye,60,0.2300,886.8,542.3,914.4,571.0,1600,1200
20170625_FIRE_mg-s-iqeye,60,0.1256,1589.0,560.0,1600.0,591.9,1600,1200
20170625_FIRE_mg-s-iqeye,60,0.0727,1580.9,557.9,1600.0,591.4,1600,1200
20170625_FIRE_mg-s-iqeye,60,0.0598,1505.1,537.3,1530.4,571.2,1600,1200
20170625_FIRE_mg-s-iqeye,60,0.0556,1585.9,559.3,1600.0,596.5,1600,1200
20170625_FIRE_mg-s-iqeye,120,0.4126,882.0,417.7,947.1,575.4,1600,1200
20170625_FIRE_mg-s-iqeye,120,0.1781,885.7,541.2,914.8,571.4,1600,1200
20170625_FIRE_mg-s-iqeye,120,0.1602,1588.6,559.0,1600.0,593.0,1600,1200
20170625_FIRE_mg-s-iqeye,120,0.0944,1585.6,559.4,1600.0,597.4,1600,1200
20170625_FIRE_mg-s-iqeye,120,0.0927,1581.1,558.7,1600.0,594.1,1600,1200
20170625_FIRE_mg-s-iqeye,120,0.0673,884.7,426.1,932.1,579.5,1600,1200
20170625_FIRE_mg-s-iqeye,120,0.0644,885.7,526.2,917.6,573.6,1600,1200
20170625_FIRE_mg-s-iqeye,120,0.0632,1588.7,561.6,1600.0,607.6,1600,1200
20170625_FIRE_mg-s-iqeye,180,0.3590,881.8,416.8,942.6,574.2,1600,1200
20170625_FIRE_mg-s-iqeye,180,0.2219,885.8,544.0,914.1,571.9,1600,1200
20170625_FIRE_mg-s-iqeye,180,0.1426,1589.4,560.3,1600.0,592.6,1600,1200
20170625_FIRE_mg-s-iqeye,180,0.0824,1585.7,554.5,1600.0,591.5,1600,1200
20170625_FIRE_mg-s-iqeye,180,0.0660,1581.0,557.5,1600.0,591.6,1600,1200
20170625_FIRE_mg-s-iqeye,180,0.0564,884.7,531.0,915.1,572.2,1600,1200
20170625_FIRE_mg-s-iqeye,180,0.0527,882.1,544.0,914.6,588.6,1600,1200
20170625_FIRE_mg-s-iqeye,240,0.4131,883.3,415.0,946.2,575.2,1600,1200
20170625_FIRE_mg-s-iqeye,240,0.1648,886.4,540.6,914.6,571.9,1600,1200
20170625_FIRE_mg-s-iqeye,240,0.1362,1588.7,561.0,1600.0,594.1,1600,1200
20170625_FIRE_mg-s-iqeye,240,0.0773,1581.1,559.6,1600.0,593.4,1600,1200
20170625_FIRE_mg-s-iqeye,240,0.0683,885.1,427.0,932.2,576.3,1600,1200
20170625_FIRE_mg-s-iqeye,240,0.0656,885.5,526.8,915.8,571.9,1600,1200
20170625_FIRE_mg-s-iqeye,240,0.0641,1585.5,560.0,1600.0,597.3,1600,1200
20170625_FIRE_mg-s-iqeye,300,0.3459,882.1,414.7,942.9,575.3,1600,1200
20170625_FIRE_mg-s-iqeye,300,0.2213,885.6,543.1,914.2,573.1,1600,1200
20170625_FIRE_mg-s-iqeye,300,0.1077,1590.0,559.5,1600.0,592.7,1600,1200
20170625_FIRE_mg-s-iqeye,300,0.0985,882.4,544.3,914.2,589.0,1600,1200
20170625_FIRE_mg-s-iqeye,300,0.0730,884.6,532.2,915.2,573.1,1600,1200
20170625_FIRE_mg-s-iqeye,300,0.0563,1586.1,552.9,1600.0,591.0,1600,1200
20170625_FIRE_mg-s-iqeye,360,0.4040,881.8,412.3,946.7,575.3,1600,1200
20170625_FIRE_mg-s-iqeye,360,0.1978,885.3,543.0,914.6,572.0,1600,1200
20170625_FIRE_mg-s-iqeye,360,0.1052,1589.4,557.3,1600.0,592.7,1600,1200
20170625_FIRE_mg-s-iqeye,360,0.0698,884.2,530.9,916.0,572.1,1600,1200
20170625_FIRE_mg-s-iqeye,360,0.0667,1586.1,552.7,1600.0,590.6,1600,1200
20170625_FIRE_mg-s-iqeye,360,0.0665,1506.4,538.1,1530.1,571.7,1600,1200
20170625_FIRE_mg-s-iqeye,360,0.0605,884.7,425.5,933.3,578.8,1600,1200
20170625_FIRE_mg-s-iqeye,360,0.0533,881.2,408.4,978.0,572.4,1600,1200
20170625_FIRE_mg-s-iqeye,420,0.4007,883.5,413.6,945.7,575.9,1600,1200
20170625_FIRE_mg-s-iqeye,420,0.2167,885.3,544.8,914.3,571.9,1600,1200
20170625_FIRE_mg-s-iqeye,420,0.1407,1589.1,559.9,1600.0,595.4,1600,1200
20170625_FIRE_mg-s-iqeye,420,0.0969,1505.4,537.2,1530.3,571.9,1600,1200
20170625_FIRE_mg-s-iqeye,420,0.0755,1585.8,554.2,1600.0,593.3,1600,1200
20170625_FIRE_mg-s-iqeye,420,0.0677,881.8,544.9,914.7,589.2,1600,1200
20170625_FIRE_mg-s-iqeye,420,0.0668,1581.1,556.1,1600.0,594.7,1600,1200
20170625_FIRE_mg-s-iqeye,420,0.0612,1588.9,561.6,1600.0,607.7,1600,1200
20170625_FIRE_mg-s-iqeye,420,0.0592,884.0,528.8,915.9,572.2,1600,1200
20170625_FIRE_mg-s-iqeye,480,0.4189,882.2,419.4,945.5,575.9,1600,1200
20170625_FIRE_mg-s-iqeye,480,0.1960,885.8,543.9,914.3,572.1,1600,1200
20170625_FIRE_mg-s-iqeye,480,0.1361,1588.0,561.0,1600.0,591.5,1600,1200
20170625_FIRE_mg-s-iqeye,480,0.0932,1584.6,556.3,1600.0,591.0,1600,1200
20170625_FIRE_mg-s-iqeye,480,0.0784,885.8,516.7,917.2,574.4,1600,1200
20170625_FIRE_mg-s-iqeye,480,0.0695,884.8,529.6,915.8,572.1,1600,1200
20170625_FIRE_mg-s-iqeye,480,0.0646,1581.0,560.7,1600.0,592.1,1600,1200
20170625_FIRE_mg-s-iqeye,540,0.3643,881.2,414.6,941.8,574.9,1600,1200
20170625_FIRE_mg-s-iqeye,540,0.1971,885.4,542.9,914.5,573.0,1600,1200
20170625_FIRE_mg-s-iqeye,540,0.1151,1589.2,560.4,1600.0,592.0,1600,1200
20170625_FIRE_mg-s-iqeye,540,0.1087,881.5,543.9,914.9,590.3,1600,1200
20170625_FIRE_mg-s-iqeye,540,0.0976,883.7,539.0,915.5,579.4,1600,1200
20170625_FIRE_mg-s-iqeye,540,0.0827,885.2,522.5,916.9,577.8,1600,1200
20170625_FIRE_mg-s-iqeye,540,0.0822,1506.1,538.6,1528.6,571.8,1600,1200
20170625_FIRE_mg-s-iqeye,540,0.0592,882.7,442.9,929.3,574.3,1600,1200
20170625_FIRE_mg-s-iqeye,540,0.0548,1585.7,553.8,1600.0,590.3,1600,1200
20170625_FIRE_mg-s-iqeye,540,0.0546,1581.0,556.2,1600.0,591.1,1600,1200
20170625_FIRE_mg-s-iqeye,600,0.3877,882.4,412.6,941.0,573.5,1600,1200
20170625_FIRE_mg-s-iqeye,600,0.2411,885.8,545.3,914.0,571.4,1600,1200
20170625_FIRE_mg-s-iqeye,600,0.1270,1589.0,559.6,1600.0,590.8,1600,1200
20170625_FIRE_mg-s-iqeye,600,0.0716,1580.9,557.1,1600.0,590.3,1600,1200
20170625_FIRE_mg-s-iqeye,600,0.0581,884.7,530.5,915.4,571.5,1600,1200
20170625_FIRE_mg-s-iqeye,660,0.3798,883.4,412.0,942.6,573.3,1600,1200
20170625_FIRE_mg-s-iqeye,660,0.2746,886.8,544.0,914.2,571.2,1600,1200
20170625_FIRE_mg-s-iqeye,660,0.1648,1588.4,559.1,1600.0,591.5,1600,1200
20170625_FIRE_mg-s-iqeye,660,0.1077,1585.1,554.9,1600.0,591.2,1600,1200
20170625_FIRE_mg-s-iqeye,660,0.0727,1580.9,558.7,1600.0,592.4,1600,1200
20170625_FIRE_mg-s-iqeye,660,0.0714,1505.5,538.1,1530.0,572.4,1600,1200
20170625_FIRE_mg-s-iqeye,660,0.0537,1587.4,546.0,1600.0,590.4,1600,1200
20170625_FIRE_mg-s-iqeye,720,0.4264,881.6,417.8,940.9,573.5,1600,1200
20170625_FIRE_mg-s-iqeye,720,0.1606,885.6,540.7,914.4,571.9,1600,1200
20170625_FIRE_mg-s-iqeye,720,0.1245,1589.2,558.9,1600.0,592.1,1600,1200
20170625_FIRE_mg-s-iqeye,720,0.0833,884.5,518.9,915.3,574.9,1600,1200
20170625_FIRE_mg-s-iqeye,720,0.0767,1585.3,553.4,1600.0,591.3,1600,1200
20170625_FIRE_mg-s-iqeye,720,0.0721,885.5,483.1,917.3,574.2,1600,1200
20170625_FIRE_mg-s-iqeye,780,0.3427,881.4,416.7,942.6,573.3,1600,1200
20170625_FIRE_mg-s-iqeye,780,0.3057,1417.6,600.8,1445.1,632.4,1600,1200
20170625_FIRE_mg-s-iqeye,780,0.2452,885.7,543.7,914.2,571.1,1600,1200
20170625_FIRE_mg-s-iqeye,780,0.1030,1505.5,538.3,1531.6,571.7,1600,1200
20170625_FIRE_mg-s-iqeye,780,0.0721,1590.6,560.4,1600.0,594.5,1600,1200
20170625_FIRE_mg-s-iqeye,840,0.6100,1410.2,596.4,1447.2,633.3,1600,1200
20170625_FIRE_mg-s-iqeye,840,0.3642,881.5,418.5,939.7,573.7,1600,1200
20170625_FIRE_mg-s-iqeye,840,0.1838,885.6,542.5,914.0,571.6,1600,1200
20170625_FIRE_mg-s-iqeye,840,0.0666,885.6,519.3,916.8,574.1,1600,1200
20170625_FIRE_mg-s-iqeye,840,0.0630,1589.5,559.7,1600.0,594.4,1600,1200
20170625_FIRE_mg-s-iqeye,840,0.0594,884.6,532.4,915.1,571.5,1600,1200
20170625_FIRE_mg-s-iqeye,900,0.4287,883.2,418.8,943.9,576.5,1600,1200
20170625_FIRE_mg-s-iqeye,900,0.1988,886.0,543.0,914.3,572.3,1600,1200
20170625_FIRE_mg-s-iqeye,900,0.1063,1589.7,561.1,1600.0,595.8,1600,1200
20170625_FIRE_mg-s-iqeye,900,0.0973,884.8,535.1,915.1,576.3,1600,1200
20170625_FIRE_mg-s-iqeye,900,0.0826,885.9,512.1,916.8,575.4,1600,1200
20170625_FIRE_mg-s-iqeye,900,0.0721,882.4,543.8,914.4,588.3,1600,1200
20170625_FIRE_mg-s-iqeye,900,0.0592,1581.0,557.9,1600.0,594.8,1600,1200
20170625_FIRE_mg-s-iqeye,900,0.0560,883.3,441.8,928.3,574.7,1600,1200
20170625_FIRE_mg-s-iqeye,960,0.4090,882.3,414.7,941.0,574.9,1600,1200
20170625_FIRE_mg-s-iqeye,960,0.1898,886.4,541.9,914.7,573.3,1600,1200
20170625_FIRE_mg-s-iqeye,960,0.1839,1505.4,537.3,1531.3,571.7,1600,1200
20170625_FIRE_mg-s-iqeye,960,0.1093,881.0,543.2,914.9,589.4,1600,1200
20170625_FIRE_mg-s-iqeye,960,0.0803,885.5,530.3,915.7,573.1,1600,1200
20170625_FIRE_mg-s-iqeye,960,0.0730,1589.4,559.8,1600.0,594.7,1600,1200
20170625_FIRE_mg-s-iqeye,960,0.0581,886.0,510.8,916.9,577.7,1600,1200
20170625_FIRE_mg-s-iqeye,1020,0.4030,883.0,416.3,945.6,574.7,1600,1200
20170625_FIRE_mg-s-iqeye,1020,0.2633,886.5,544.1,914.4,570.7,1600,1200
20170625_FIRE_mg-s-iqeye,1020,0.1149,1505.8,538.1,1530.1,571.7,1600,1200
20170625_FIRE_mg-s-iqeye,1020,0.1062,1589.2,560.1,1600.0,593.4,1600,1200
20170625_FIRE_mg-s-iqeye,1020,0.0598,881.6,544.3,915.2,589.3,1600,1200
20170625_FIRE_mg-s-iqeye,1080,0.3395,882.0,414.4,943.8,574.3,1600,1200
20170625_FIRE_mg-s-iqeye,1080,0.3195,1401.9,607.9,1435.3,631.5,1600,1200
20170625_FIRE_mg-s-iqeye,1080,0.2136,885.9,543.2,915.0,571.8,1600,1200
20170625_FIRE_mg-s-iqeye,1080,0.0698,884.8,532.6,916.0,571.9,1600,1200
20170625_FIRE_mg-s-iqeye,1080,0.0652,879.6,543.7,915.8,589.8,1600,1200
20170625_FIRE_mg-s-iqeye,1080,0.0609,1506.0,537.9,1531.8,571.4,1600,1200
20170625_FIRE_mg-s-iqeye,1080,0.0592,1590.4,558.5,1600.0,595.3,1600,1200
20170625_FIRE_mg-s-iqeye,1140,0.3709,881.5,419.0,944.3,576.6,1600,1200
20170625_FIRE_mg-s-iqeye,1140,0.2230,885.7,544.2,914.1,571.9,1600,1200
20170625_FIRE_mg-s-iqeye,1140,0.1535,1589.0,561.5,1600.0,590.7,1600,1200
20170625_FIRE_mg-s-iqeye,1140,0.1060,880.4,544.8,914.5,589.6,1600,1200
20170625_FIRE_mg-s-iqeye,1140,0.0840,885.5,532.9,916.4,576.0,1600,1200
20170625_FIRE_mg-s-iqeye,1140,0.0833,1581.0,559.9,1600.0,590.2,1600,1200
20170625_FIRE_mg-s-iqeye,1140,0.0657,1584.9,555.6,1600.0,590.2,1600,1200
20170625_FIRE_mg-s-iqeye,1200,0.3958,883.0,412.1,944.1,574.1,1600,1200
20170625_FIRE_mg-s-iqeye,1200,0.3010,1408.2,612.5,1438.7,632.8,1600,1200
20170625_FIRE_mg-s-iqeye,1200,0.2027,886.8,543.9,914.2,572.0,1600,1200
20170625_FIRE_mg-s-iqeye,1200,0.1071,1587.8,560.0,1600.0,593.8,1600,1200
20170625_FIRE_mg-s-iqeye,1200,0.0761,1581.0,559.1,1600.0,593.4,1600,1200
20170625_FIRE_mg-s-iqeye,1200,0.0613,884.8,536.3,915.3,576.3,1600,1200
20170625_FIRE_mg-s-iqeye,1200,0.0609,886.4,513.9,917.4,575.2,1600,1200
20170625_FIRE_mg-s-iqeye,1260,0.8341,1382.1,591.9,1437.6,631.0,1600,1200
20170625_FIRE_mg-s-iqeye,1260,0.3344,882.7,414.7,943.1,573.8,1600,1200
20170625_FIRE_mg-s-iqeye,1260,0.1777,886.0,544.4,914.5,571.5,1600,1200
20170625_FIRE_mg-s-iqeye,1260,0.0825,885.9,524.1,917.2,573.9,1600,1200
20170625_FIRE_mg-s-iqeye,1320,0.4771,1328.4,587.3,1437.2,631.7,1600,1200
20170625_FIRE_mg-s-iqeye,1320,0.3352,880.9,416.8,943.4,573.6,1600,1200
20170625_FIRE_mg-s-iqeye,1320,0.3246,1400.5,589.8,1436.5,630.1,1600,1200
20170625_FIRE_mg-s-iqeye,1320,0.1530,885.7,541.3,914.5,571.7,1600,1200
20170625_FIRE_mg-s-iqeye,1320,0.0712,883.2,520.2,915.7,575.8,1600,1200
20170625_FIRE_mg-s-iqeye,1320,0.0554,885.1,481.0,917.9,574.6,1600,1200
20170625_FIRE_mg-s-iqeye,1380,0.6391,1401.8,587.6,1433.2,629.2,1600,1200
20170625_FIRE_mg-s-iqeye,1380,0.2769,882.6,408.6,942.0,573.6,1600,1200
20170625_FIRE_mg-s-iqeye,1380,0.1625,886.2,541.1,914.4,571.7,1600,1200
20170625_FIRE_mg-s-iqeye,1380,0.0790,885.4,529.1,916.0,571.7,1600,1200
20170625_FIRE_mg-s-iqeye,1380,0.0529,1589.6,558.4,1600.0,593.4,1600,1200
20170625_FIRE_mg-s-iqeye,1440,0.5895,1404.4,601.9,1433.6,630.4,1600,1200
20170625_FIRE_mg-s-iqeye,1440,0.3358,881.7,410.0,941.9,573.5,1600,1200
20170625_FIRE_mg-s-iqeye,1440,0.2293,885.7,543.8,914.0,571.2,1600,1200
20170625_FIRE_mg-s-iqeye,1440,0.0874,1588.9,560.7,1600.0,594.8,1600,1200
20170625_FIRE_mg-s-iqeye,1500,0.4651,1400.6,587.6,1424.3,625.7,1600,1200
20170625_FIRE_mg-s-iqeye,1500,0.3700,881.2,415.6,942.3,574.4,1600,1200
20170625_FIRE_mg-s-iqeye,1500,0.1974,884.9,542.2,914.2,572.7,1600,1200
20170625_FIRE_mg-s-iqeye,1500,0.0809,884.9,512.6,916.8,575.2,1600,1200
20170625_FIRE_mg-s-iqeye,1500,0.0805,1589.5,558.5,1600.0,592.6,1600,1200
20170625_FIRE_mg-s-iqeye,1500,0.0677,884.9,425.5,931.1,581.2,1600,1200
20170625_FIRE_mg-s-iqeye,1500,0.0671,884.0,530.6,915.4,572.9,1600,1200
20170625_FIRE_mg-s-iqeye,1500,0.0578,880.7,543.2,914.3,589.2,1600,1200
20170625_FIRE_mg-s-iqeye,1560,0.7583,1386.4,591.7,1435.5,630.5,1600,1200
20170625_FIRE_mg-s-iqeye,1560,0.3893,884.1,418.0,946.2,575.0,1600,1200
20170625_FIRE_mg-s-iqeye,1560,0.1799,886.6,544.6,914.1,572.0,1600,1200
20170625_FIRE_mg-s-iqeye,1560,0.0797,886.4,505.3,917.6,573.7,1600,1200
20170625_FIRE_mg-s-iqeye,1560,0.0769,885.6,536.0,915.0,573.9,1600,1200
20170625_FIRE_mg-s-iqeye,1620,0.7735,1385.4,595.9,1438.1,631.2,1600,1200
20170625_FIRE_mg-s-iqeye,1620,0.2863,882.1,414.2,940.5,573.8,1600,1200
20170625_FIRE_mg-s-iqeye,1620,0.1700,886.1,543.3,914.0,571.3,1600,1200
20170625_FIRE_mg-s-iqeye,1620,0.0882,886.0,528.4,916.0,573.6,1600,1200
20170625_FIRE_mg-s-iqeye,1620,0.0577,1590.1,561.3,1600.0,596.9,1600,1200
20170625_FIRE_mg-s-iqeye,1680,0.3501,880.8,416.2,943.5,574.4,1600,1200
20170625_FIRE_mg-s-iqeye,1680,0.2102,884.9,543.3,914.6,571.8,1600,1200
20170625_FIRE_mg-s-iqeye,1680,0.2024,1380.3,589.9,1440.0,632.5,1600,1200
20170625_FIRE_mg-s-iqeye,1680,0.1084,1589.4,559.2,1600.0,594.4,1600,1200
20170625_FIRE_mg-s-iqeye,1680,0.0913,884.9,530.1,916.6,574.8,1600,1200
20170625_FIRE_mg-s-iqeye,1680,0.0870,1405.9,599.4,1439.5,632.7,1600,1200
20170625_FIRE_mg-s-iqeye,1680,0.0791,1411.5,607.4,1439.2,632.7,1600,1200
20170625_FIRE_mg-s-iqeye,1680,0.0560,1585.5,553.6,1600.0,592.8,1600,1200
20170625_FIRE_mg-s-iqeye,1680,0.0520,880.7,544.0,915.4,590.2,1600,1200
20170625_FIRE_mg-s-iqeye,1740,0.7843,1409.7,590.3,1445.1,633.1,1600,1200
20170625_FIRE_mg-s-iqeye,1740,0.2150,880.9,419.0,940.5,573.8,1600,1200
20170625_FIRE_mg-s-iqeye,1740,0.1466,886.2,543.0,914.2,571.6,1600,1200
20170625_FIRE_mg-s-iqeye,1740,0.0656,884.2,532.6,915.3,574.9,1600,1200
20170625_FIRE_mg-s-iqeye,1740,0.0628,885.6,512.1,917.3,574.0,1600,1200
20170625_FIRE_mg-s-iqeye,1800,0.8429,1372.2,591.6,1435.4,630.8,1600,1200
20170625_FIRE_mg-s-iqeye,1800,0.2063,882.9,416.6,943.6,572.6,1600,1200
20170625_FIRE_mg-s-iqeye,1800,0.1560,887.3,544.9,914.1,570.7,1600,1200
20170625_FIRE_mg-s-iqeye,1860,0.3388,880.5,413.2,944.4,573.6,1600,1200
20170625_FIRE_mg-s-iqeye,1860,0.1910,885.1,542.8,914.0,571.8,1600,1200
20170625_FIRE_mg-s-iqeye,1860,0.0705,1589.6,561.1,1600.0,591.7,1600,1200
20170625_FIRE_mg-s-iqeye,1860,0.0667,884.0,531.8,915.1,571.9,1600,1200
20170625_FIRE_mg-s-iqeye,1860,0.0601,884.5,426.0,932.2,580.2,1600,1200
20170625_FIRE_mg-s-iqeye,1920,0.7853,1402.3,596.0,1444.5,632.7,1600,1200
20170625_FIRE_mg-s-iqeye,1920,0.2980,881.0,415.0,941.8,573.9,1600,1200
20170625_FIRE_mg-s-iqeye,1920,0.1895,885.5,545.3,914.0,571.6,1600,1200
20170625_FIRE_mg-s-iqeye,1920,0.0869,885.3,526.7,916.5,574.0,1600,1200
20170625_FIRE_mg-s-iqeye,1920,0.0718,1590.1,561.6,1600.0,594.1,1600,1200
20170625_FIRE_mg-s-iqeye,1980,0.8188,1354.7,586.6,1446.4,631.6,1600,1200
20170625_FIRE_mg-s-iqeye,1980,0.3356,881.0,417.4,943.9,575.1,1600,1200
20170625_FIRE_mg-s-iqeye,1980,0.2328,885.9,545.0,914.6,572.7,1600,1200
20170625_FIRE_mg-s-iqeye,1980,0.0927,885.7,529.0,916.5,576.3,1600,1200
20170625_FIRE_mg-s-iqeye,1980,0.0889,881.7,545.1,915.2,590.2,1600,1200
20170625_FIRE_mg-s-iqeye,1980,0.0503,1589.8,558.9,1600.0,593.7,1600,1200
20170625_FIRE_mg-s-iqeye,2040,0.7871,1397.9,592.2,1446.1,633.4,1600,1200
20170625_FIRE_mg-s-iqeye,2040,0.2007,882.4,417.0,941.4,573.3,1600,1200
20170625_FIRE_mg-s-iqeye,2040,0.1929,887.0,544.7,914.0,570.8,1600,1200
20170625_FIRE_mg-s-iqeye,2100,0.6943,1374.5,588.8,1430.8,628.7,1600,1200
20170625_FIRE_mg-s-iqeye,2100,0.3498,881.9,418.9,944.6,574.3,1600,1200
20170625_FIRE_mg-s-iqeye,2100,0.1606,886.0,544.5,914.8,571.4,1600,1200
20170625_FIRE_mg-s-iqeye,2100,0.0791,885.7,510.5,918.8,572.9,1600,1200
20170625_FIRE_mg-s-iqeye,2100,0.0746,884.8,536.3,916.1,573.0,1600,1200
20170625_FIRE_mg-s-iqeye,2100,0.0503,1589.0,560.2,1600.0,592.2,1600,1200
20170625_FIRE_mg-s-iqeye,2160,0.7519,1349.2,592.5,1444.1,631.9,1600,1200
20170625_FIRE_mg-s-iqeye,2160,0.2997,879.4,418.1,940.0,573.5,1600,1200
20170625_FIRE_mg-s-iqeye,2160,0.1703,884.4,543.2,914.4,571.5,1600,1200
20170625_FIRE_mg-s-iqeye,2160,0.0911,884.0,516.6,917.4,573.5,1600,1200
20170625_FIRE_mg-s-iqeye,2160,0.0612,883.1,530.2,915.7,571.7,1600,1200
20170625_FIRE_mg-s-iqeye,2220,0.8087,1331.0,584.2,1440.4,635.2,1600,1200
20170625_FIRE_mg-s-iqeye,2220,0.3303,882.0,417.0,945.2,576.1,1600,1200
20170625_FIRE_mg-s-iqeye,2220,0.1491,885.6,543.9,913.9,572.0,1600,1200
20170625_FIRE_mg-s-iqeye,2220,0.0594,883.8,522.2,914.8,576.3,1600,1200
20170625_FIRE_mg-s-iqeye,2280,0.6489,1375.1,583.3,1437.2,630.2,1600,1200
20170625_FIRE_mg-s-iqeye,2280,0.2660,879.9,416.4,942.7,573.1,1600,1200
20170625_FIRE_mg-s-iqeye,2280,0.2398,1250.7,566.9,1439.7,637.7,1600,1200
20170625_FIRE_mg-s-iqeye,2280,0.1015,885.1,540.3,914.8,571.3,1600,1200
20170625_FIRE_mg-s-iqeye,2280,0.0524,1280.5,578.5,1440.3,636.8,1600,1200
20170625_FIRE_mg-s-iqeye,2340,0.4042,1292.3,572.5,1424.5,628.3,1600,1200
20170625_FIRE_mg-s-iqeye,2340,0.3521,1165.8,525.0,1424.6,637.4,1600,1200
20170625_FIRE_mg-s-iqeye,2340,0.2450,886.8,544.4,913.7,570.5,1600,1200
20170625_FIRE_mg-s-iqeye,2340,0.2333,883.2,420.2,938.0,573.1,1600,1200
20170625_FIRE_mg-s-iqeye,2340,0.1223,1199.6,540.2,1426.6,630.8,1600,1200
20170625_FIRE_mg-s-iqeye,2400,0.7926,1192.0,562.8,1437.1,640.9,1600,1200
20170625_FIRE_mg-s-iqeye,2400,0.2496,882.1,417.8,942.6,573.0,1600,1200
20170625_FIRE_mg-s-iqeye,2400,0.1352,886.0,542.4,914.0,571.1,1600,1200
20170625_FIRE_mg-s-iqeye,2400,0.0532,885.8,502.5,916.6,572.6,1600,1200
20170627_FIRE_om-e-mobo-c,-2340,0.0575,1339.1,1354.2,1495.7,1454.6,2048,1536
20170627_FIRE_om-e-mobo-c,-2280,0.0581,1333.1,1360.9,1491.3,1458.9,2048,1536
20170627_FIRE_om-e-mobo-c,-2220,0.2377,1336.9,1367.2,1490.2,1463.7,2048,1536
20170627_FIRE_om-e-mobo-c,-2160,0.1970,1335.0,1370.8,1486.4,1466.3,2048,1536
20170627_FIRE_om-e-mobo-c,-2100,0.1505,1332.8,1375.5,1484.1,1469.4,2048,1536
20170627_FIRE_om-e-mobo-c,-2040,0.1359,1332.8,1377.7,1481.9,1474.1,2048,1536
20170627_FIRE_om-e-mobo-c,-1980,0.0547,1325.6,1382.6,1480.6,1477.9,2048,1536
20170627_FIRE_om-e-mobo-c,-1920,0.0618,1340.3,1385.1,1478.6,1481.2,2048,1536
20170627_FIRE_om-e-mobo-c,-1860,0.0950,1336.8,1388.4,1477.8,1483.8,2048,1536
20170627_FIRE_om-e-mobo-c,-1800,0.0667,1350.4,1391.9,1476.6,1486.5,2048,1536
20170627_FIRE_om-e-mobo-c,-1560,0.0860,1290.1,1421.5,1458.6,1515.5,2048,1536
20170627_FIRE_om-e-mobo-c,-1500,0.1994,1290.4,1416.8,1459.7,1515.7,2048,1536
20170627_FIRE_om-e-mobo-c,-1440,0.3534,1284.2,1421.7,1457.3,1523.2,2048,1536
20170627_FIRE_om-e-mobo-c,-1380,0.2087,1285.7,1427.6,1450.6,1523.6,2048,1536
20170627_FIRE_om-e-mobo-c,-1320,0.3134,1284.0,1431.1,1450.3,1528.0,2048,1536
20170627_FIRE_om-e-mobo-c,-1260,0.2219,1282.4,1435.2,1448.3,1531.5,2048,1536
20170627_FIRE_om-e-mobo-c,-1200,0.0831,1282.4,1433.0,1447.9,1533.3,2048,1536
20170627_FIRE_om-e-mobo-c,0,0.0839,1910.9,754.1,1937.3,776.2,2048,1536
20170627_FIRE_om-e-mobo-c,60,0.3031,1909.9,750.9,1932.4,776.1,2048,1536
20170627_FIRE_om-e-mobo-c,60,0.0586,1909.2,748.9,1947.2,776.6,2048,1536
20170627_FIRE_om-e-mobo-c,120,0.5156,1909.2,749.0,1935.3,775.7,2048,1536
20170627_FIRE_om-e-mobo-c,120,0.0684,1908.9,747.5,1946.6,776.4,2048,1536
20170627_FIRE_om-e-mobo-c,180,0.4579,1903.0,745.6,1933.3,775.7,2048,1536
20170627_FIRE_om-e-mobo-c,240,0.1830,1898.1,744.4,1926.7,774.8,2048,1536
20170627_FIRE_om-e-mobo-c,300,0.0516,1893.9,744.1,1916.0,774.5,2048,1536
20170627_FIRE_om-e-mobo-c,480,0.2615,1909.0,753.6,1931.1,776.1,2048,1536
20170627_FIRE_om-e-mobo-c,480,0.0562,1909.8,751.5,1936.8,776.3,2048,1536
20170627_FIRE_om-e-mobo-c,540,0.4680,1910.3,750.6,1929.7,776.1,2048,1536
20170627_FIRE_om-e-mobo-c,600,0.5875,1905.7,746.6,1927.1,775.9,2048,1536
20170627_FIRE_om-e-mobo-c,660,0.6462,1899.3,743.9,1926.1,775.5,2048,1536
20170627_FIRE_om-e-mobo-c,720,0.6554,1893.0,742.8,1924.2,775.4,2048,1536
20170627_FIRE_om-e-mobo-c,780,0.6582,1887.4,741.7,1923.4,775.2,2048,1536
20170627_FIRE_om-e-mobo-c,780,0.0522,1866.2,739.7,1924.8,775.7,2048,1536
20170627_FIRE_om-e-mobo-c,840,0.5811,1879.7,742.1,1922.8,774.9,2048,1536
20170627_FIRE_om-e-mobo-c,900,0.5522,1871.2,743.3,1921.3,774.6,2048,1536
20170627_FIRE_om-e-mobo-c,960,0.5068,1870.1,743.1,1920.0,774.9,2048,1536
20170627_FIRE_om-e-mobo-c,1020,0.1475,1873.6,749.3,1918.0,774.9,2048,1536
20170627_FIRE_om-e-mobo-c,1020,0.1243,1888.8,750.1,1918.8,775.2,2048,1536
20170627_FIRE_om-e-mobo-c,1020,0.0532,1854.8,745.6,1918.6,775.5,2048,1536
20170627_FIRE_om-e-mobo-c,1080,0.3067,1887.6,750.4,1917.8,774.9,2048,1536
20170627_FIRE_om-e-mobo-c,1140,0.1872,1883.7,750.7,1918.4,774.6,2048,1536
20170627_FIRE_om-e-mobo-c,1200,0.2618,1880.3,749.6,1918.7,774.8,2048,1536
20170627_FIRE_om-e-mobo-c,1260,0.0545,1872.2,751.5,1919.6,774.9,2048,1536
20170627_FIRE_om-e-mobo-c,2040,0.0727,1843.1,751.1,1884.5,775.8,2048,1536
20170627_FIRE_om-e-mobo-c,2100,0.1879,1841.1,752.1,1871.2,775.2,2048,1536
20170627_FIRE_om-e-mobo-c,2100,0.0639,1841.0,751.5,1884.4,775.6,2048,1536
20170627_FIRE_om-e-mobo-c,2160,0.4494,1842.3,748.4,1866.2,775.3,2048,1536
20170627_FIRE_om-e-mobo-c,2160,0.0669,1842.2,747.2,1876.2,775.6,2048,1536
20170627_FIRE_om-e-mobo-c,2220,0.3136,1830.8,743.9,1866.4,774.5,2048,1536
20170627_FIRE_om-e-mobo-c,2280,0.5879,1835.3,746.1,1858.1,774.9,2048,1536
20170627_FIRE_om-e-mobo-c,2340,0.3306,1831.5,745.2,1860.1,774.6,2048,1536
20170627_FIRE_om-e-mobo-c,2400,0.1472,1829.5,747.8,1861.7,774.3,2048,1536
20170708_Whittier_syp-n-mobo-c,-1320,0.7406,2717.6,683.4,2794.2,763.0,3072,2048
20170708_Whittier_syp-n-mobo-c,240,0.5271,1500.9,978.4,1781.5,1069.5,3072,2048
20170708_Whittier_syp-n-mobo-c,300,0.5905,1504.9,969.5,1833.7,1068.6,3072,2048
20170708_Whittier_syp-n-mobo-c,360,0.5854,1509.9,966.2,1757.1,1065.7,3072,2048
20170708_Whittier_syp-n-mobo-c,420,0.8614,1504.2,908.8,1820.9,1063.0,3072,2048
20170708_Whittier_syp-n-mobo-c,480,0.7135,1506.4,863.0,1753.4,1061.9,3072,2048
20170708_Whittier_syp-n-mobo-c,480,0.5192,1504.5,859.8,1933.5,1062.3,3072,2048
20170708_Whittier_syp-n-mobo-c,540,0.8817,1507.9,801.7,1856.4,1070.1,3072,2048
20170708_Whittier_syp-n-mobo-c,600,0.8570,1508.1,814.0,1824.4,1069.0,3072,2048
20170708_Whittier_syp-n-mobo-c,660,0.7863,1506.5,726.0,1931.5,1076.5,3072,2048
20170708_Whittier_syp-n-mobo-c,720,0.9024,1506.4,669.5,2034.5,1080.2,3072,2048
20170708_Whittier_syp-n-mobo-c,780,0.8008,1508.8,648.8,2077.1,1085.7,3072,2048
20170708_Whittier_syp-n-mobo-c,780,0.1817,1511.4,877.3,1867.6,1077.5,3072,2048
20170708_Whittier_syp-n-mobo-c,840,0.8109,1514.9,614.8,2174.4,1090.6,3072,2048
20170708_Whittier_syp-n-mobo-c,840,0.0863,1511.0,920.2,1891.5,1084.8,3072,2048
20170708_Whittier_syp-n-mobo-c,900,0.5823,1519.0,567.6,2259.2,1108.7,3072,2048
20170708_Whittier_syp-n-mobo-c,900,0.4914,1511.4,884.1,1960.9,1086.2,3072,2048
20170708_Whittier_syp-n-mobo-c,960,0.4694,1537.9,525.8,2270.9,1106.6,3072,2048
20170708_Whittier_syp-n-mobo-c,960,0.4612,1509.9,847.5,1911.5,1078.2,3072,2048
20170708_Whittier_syp-n-mobo-c,960,0.0715,1512.6,842.8,2115.1,1086.4,3072,2048
20170708_Whittier_syp-n-mobo-c,1020,0.4793,1513.5,600.3,2406.0,1107.8,3072,2048
20170708_Whittier_syp-n-mobo-c,1020,0.1920,1507.1,799.6,2120.6,1086.7,3072,2048
20170708_Whittier_syp-n-mobo-c,1020,0.0514,1501.6,680.1,2260.9,1089.9,3072,2048
20170708_Whittier_syp-n-mobo-c,1080,0.4168,1507.4,652.6,2114.7,1089.5,3072,2048
20170708_Whittier_syp-n-mobo-c,1080,0.3682,1493.2,570.3,2448.9,1110.4,3072,2048
20170708_Whittier_syp-n-mobo-c,1080,0.2484,1508.3,913.8,1920.3,1078.3,3072,2048
20170708_Whittier_syp-n-mobo-c,1080,0.1035,1462.3,667.7,2616.4,1112.8,3072,2048
20170708_Whittier_syp-n-mobo-c,1080,0.0646,1507.5,779.7,1969.4,1081.8,3072,2048
20170708_Whittier_syp-n-mobo-c,1140,0.7833,1505.6,879.8,1917.4,1069.0,3072,2048
20170708_Whittier_syp-n-mobo-c,1200,0.8153,1504.4,807.0,1936.3,1077.8,3072,2048
20170708_Whittier_syp-n-mobo-c,1260,0.8055,1508.9,703.9,1988.3,1086.6,3072,2048
20170708_Whittier_syp-n-mobo-c,1320,0.7942,1507.9,671.8,2036.7,1091.0,3072,2048
20170708_Whittier_syp-n-mobo-c,1320,0.2988,1511.6,895.2,1889.9,1083.4,3072,2048
20170708_Whittier_syp-n-mobo-c,1380,0.7506,1529.4,661.0,2133.8,1088.0,3072,2048
20170708_Whittier_syp-n-mobo-c,1380,0.4379,1518.7,896.1,1888.1,1084.0,3072,2048
20170708_Whittier_syp-n-mobo-c,1440,0.7123,1509.8,852.1,2003.1,1089.1,3072,2048
20170708_Whittier_syp-n-mobo-c,1440,0.1369,1528.2,576.9,2166.7,1111.1,3072,2048
20170708_Whittier_syp-n-mobo-c,1500,0.7875,1513.6,839.3,1976.0,1103.8,3072,2048
20170708_Whittier_syp-n-mobo-c,1500,0.0716,1519.4,566.2,2162.8,1125.7,3072,2048
20170708_Whittier_syp-n-mobo-c,1560,0.7293,1514.7,617.0,2132.8,1125.6,3072,2048
20170708_Whittier_syp-n-mobo-c,1560,0.1467,1516.2,745.7,2110.8,1111.0,3072,2048
20170708_Whittier_syp-n-mobo-c,1620,0.8146,1510.5,817.5,1973.9,1113.8,3072,2048
20170708_Whittier_syp-n-mobo-c,1620,0.1023,1531.0,566.1,2154.0,1141.9,3072,2048
20170708_Whittier_syp-n-mobo-c,1680,0.4616,1514.4,854.7,1936.6,1117.8,3072,2048
20170708_Whittier_syp-n-mobo-c,1680,0.4470,1509.9,663.2,2126.0,1131.7,3072,2048
20170708_Whittier_syp-n-mobo-c,1740,0.6951,1515.7,839.9,2017.3,1123.4,3072,2048
20170708_Whittier_syp-n-mobo-c,1740,0.0650,1539.1,656.1,2490.0,1134.2,3072,2048
20170708_Whittier_syp-n-mobo-c,1800,0.7884,1503.2,662.0,2087.8,1092.9,3072,2048
20170708_Whittier_syp-n-mobo-c,1860,0.7530,1509.8,603.8,2193.0,1093.5,3072,2048
20170708_Whittier_syp-n-mobo-c,1920,0.6604,1588.9,555.8,2302.7,1027.7,3072,2048
20170708_Whittier_syp-n-mobo-c,1920,0.4842,1513.5,563.0,2176.1,1099.3,3072,2048
20170708_Whittier_syp-n-mobo-c,1980,0.5225,1587.1,468.8,2328.2,1064.8,3072,2048
20170708_Whittier_syp-n-mobo-c,1980,0.3468,1515.4,509.2,2235.6,1111.8,3072,2048
20170708_Whittier_syp-n-mobo-c,2040,0.5359,1509.5,444.8,2350.6,1110.1,3072,2048
20170708_Whittier_syp-n-mobo-c,2040,0.0893,1515.4,554.2,2206.4,1093.6,3072,2048
20170708_Whittier_syp-n-mobo-c,2100,0.3537,1522.8,466.8,2322.5,1120.2,3072,2048
20170708_Whittier_syp-n-mobo-c,2100,0.1126,1514.4,755.0,2119.2,1094.3,3072,2048
20170708_Whittier_syp-n-mobo-c,2100,0.1022,1513.3,621.4,2183.7,1094.6,3072,2048
20170708_Whittier_syp-n-mobo-c,2160,0.0739,1517.8,490.7,2329.4,1123.4,3072,2048
20170708_Whittier_syp-n-mobo-c,2160,0.0598,1519.4,582.0,2177.8,1101.6,3072,2048
20170708_Whittier_syp-n-mobo-c,2220,0.1301,1587.1,461.2,2356.1,1117.1,3072,2048
20170708_Whittier_syp-n-mobo-c,2220,0.1089,1517.3,582.0,2260.0,1103.4,3072,2048
20170708_Whittier_syp-n-mobo-m,-2279,0.0504,1849.4,1675.2,2401.5,2048.0,3072,2048
20170708_Whittier_syp-n-mobo-m,-1979,0.0577,1849.0,1679.6,2400.8,2048.0,3072,2048
20170708_Whittier_syp-n-mobo-m,-1079,0.0718,1849.3,1684.1,2404.6,2048.0,3072,2048
20170708_Whittier_syp-n-mobo-m,-1019,0.0538,1849.7,1683.8,2401.7,2048.0,3072,2048
20170708_Whittier_syp-n-mobo-m,-779,0.0682,1849.4,1685.0,2402.5,2048.0,3072,2048
20170708_Whittier_syp-n-mobo-m,-659,0.0681,1849.3,1683.4,2402.9,2048.0,3072,2048
20170708_Whittier_syp-n-mobo-m,-599,0.0775,1849.6,1685.0,2401.6,2048.0,3072,2048
20170708_Whittier_syp-n-mobo-m,-479,0.1275,1849.0,1681.8,2401.7,2048.0,3072,2048
20170708_Whittier_syp-n-mobo-m,-419,0.0685,1848.8,1694.3,2380.8,2048.0,3072,2048
20170708_Whittier_syp-n-mobo-m,-359,0.1277,1848.6,1682.6,2402.7,2048.0,3072,2048
20170708_Whittier_syp-n-mobo-m,-299,0.0549,1848.7,1679.8,2387.6,2048.0,3072,2048
20170708_Whittier_syp-n-mobo-m,-239,0.1348,1848.8,1681.2,2389.2,2048.0,3072,2048
20170708_Whittier_syp-n-mobo-m,-179,0.1132,1848.7,1683.6,2402.1,2048.0,3072,2048
20170708_Whittier_syp-n-mobo-m,-119,0.0510,1848.0,1675.2,2383.7,2048.0,3072,2048
20170708_Whittier_syp-n-mobo-m,-59,0.0667,1848.1,1696.8,2380.5,2048.0,3072,2048
20170708_Whittier_syp-n-mobo-m,1,0.0856,1848.3,1691.0,2383.4,2048.0,3072,2048
20170708_Whittier_syp-n-mobo-m,121,0.0878,1848.0,1686.5,2386.0,2048.0,3072,2048
20170708_Whittier_syp-n-mobo-m,181,0.1328,1848.2,1679.9,2388.4,2048.0,3072,2048
20170708_Whittier_syp-n-mobo-m,241,0.0634,1847.4,1694.8,2384.8,2048.0,3072,2048
20170708_Whittier_syp-n-mobo-m,301,0.0632,1847.7,1693.1,2379.2,2048.0,3072,2048
20170708_Whittier_syp-n-mobo-m,361,0.0891,1847.5,1686.4,2388.5,2048.0,3072,2048
20170708_Whittier_syp-n-mobo-m,421,0.1321,1847.6,1677.0,2401.8,2048.0,3072,2048
20170708_Whittier_syp-n-mobo-m,421,0.1202,1511.0,909.8,1833.0,1068.9,3072,2048
20170708_Whittier_syp-n-mobo-m,481,0.8515,1511.1,863.1,1746.3,1066.5,3072,2048
20170708_Whittier_syp-n-mobo-m,481,0.0753,1507.0,858.4,1873.9,1068.3,3072,2048
20170708_Whittier_syp-n-mobo-m,541,0.8608,1510.0,814.1,1867.9,1069.9,3072,2048
20170708_Whittier_syp-n-mobo-m,601,0.8439,1509.1,816.4,1837.8,1065.1,3072,2048
20170708_Whittier_syp-n-mobo-m,601,0.0724,1846.7,1676.7,2396.9,2048.0,3072,2048
20170708_Whittier_syp-n-mobo-m,661,0.7297,1510.0,703.5,2003.6,1073.0,3072,2048
20170708_Whittier_syp-n-mobo-m,661,0.0526,1847.0,1683.1,2394.7,2048.0,3072,2048
20170708_Whittier_syp-n-mobo-m,721,0.8731,1512.5,670.9,2049.2,1082.1,3072,2048
20170708_Whittier_syp-n-mobo-m,781,0.7588,1526.5,671.0,2075.4,1087.0,3072,2048
20170708_Whittier_syp-n-mobo-m,781,0.3880,1517.4,888.7,1881.9,1083.2,3072,2048
20170708_Whittier_syp-n-mobo-m,781,0.0638,1847.5,1674.8,2410.4,2048.0,3072,2048
20170708_Whittier_syp-n-mobo-m,841,0.7473,1522.2,653.2,2193.1,1103.0,3072,2048
20170708_Whittier_syp-n-mobo-m,841,0.1914,1516.1,918.1,2101.1,1095.9,3072,2048
20170708_Whittier_syp-n-mobo-m,841,0.0915,1516.6,926.8,1902.8,1091.3,3072,2048
20170708_Whittier_syp-n-mobo-m,841,0.0614,1847.0,1675.7,2411.5,2048.0,3072,2048
20170708_Whittier_syp-n-mobo-m,901,0.5550,1521.7,596.0,2278.1,1102.8,3072,2048
20170708_Whittier_syp-n-mobo-m,901,0.5101,1515.5,887.9,1993.5,1084.5,3072,2048
20170708_Whittier_syp-n-mobo-m,961,0.5285,1554.7,530.7,2316.5,1100.7,3072,2048
20170708_Whittier_syp-n-mobo-m,961,0.3456,1516.3,857.2,1943.1,1083.4,3072,2048
20170708_Whittier_syp-n-mobo-m,961,0.0727,1518.2,702.0,2170.8,1088.7,3072,2048
20170708_Whittier_syp-n-mobo-m,961,0.0705,1516.5,850.2,2123.8,1087.3,3072,2048
20170708_Whittier_syp-n-mobo-m,1021,0.3593,1513.2,852.1,2076.6,1092.7,3072,2048
20170708_Whittier_syp-n-mobo-m,1021,0.3493,1500.0,625.8,2320.6,1114.4,3072,2048
20170708_Whittier_syp-n-mobo-m,1021,0.2469,1516.3,641.5,2106.8,1097.0,3072,2048
20170708_Whittier_syp-n-mobo-m,1081,0.5137,1514.8,662.1,2129.6,1084.6,3072,2048
20170708_Whittier_syp-n-mobo-m,1081,0.3157,1495.5,676.5,2377.5,1099.0,3072,2048
20170708_Whittier_syp-n-mobo-m,1081,0.1188,1511.0,916.2,1990.1,1079.0,3072,2048
20170708_Whittier_syp-n-mobo-m,1141,0.6767,1512.7,882.2,1899.1,1073.1,3072,2048
20170708_Whittier_syp-n-mobo-m,1201,0.8409,1513.8,809.9,1977.2,1083.4,3072,2048
20170708_Whittier_syp-n-mobo-m,1261,0.8088,1514.9,706.8,1973.9,1082.8,3072,2048
20170708_Whittier_syp-n-mobo-m,1261,0.0550,1845.6,1679.7,2397.1,2048.0,3072,2048
20170708_Whittier_syp-n-mobo-m,1321,0.6665,1521.7,677.1,2070.7,1087.2,3072,2048
20170708_Whittier_syp-n-mobo-m,1321,0.4015,1516.2,898.5,1989.4,1086.0,3072,2048
20170708_Whittier_syp-n-mobo-m,1321,0.0776,1845.8,1678.8,2407.2,2048.0,3072,2048
20170708_Whittier_syp-n-mobo-m,1381,0.6428,1536.7,668.3,2164.5,1085.7,3072,2048
20170708_Whittier_syp-n-mobo-m,1381,0.2255,1531.3,899.3,1891.5,1086.3,3072,2048
20170708_Whittier_syp-n-mobo-m,1441,0.7943,1516.5,860.1,2011.2,1096.9,3072,2048
20170708_Whittier_syp-n-mobo-m,1441,0.0526,1845.5,1679.9,2408.5,2048.0,3072,2048
20170708_Whittier_syp-n-mobo-m,1501,0.7545,1519.0,842.1,1997.3,1110.3,3072,2048
20170708_Whittier_syp-n-mobo-m,1501,0.0834,1535.9,624.9,2289.9,1134.5,3072,2048
20170708_Whittier_syp-n-mobo-m,1561,0.6621,1544.5,646.4,2145.6,1134.3,3072,2048
20170708_Whittier_syp-n-mobo-m,1561,0.0535,1525.5,756.0,2131.2,1113.1,3072,2048
20170708_Whittier_syp-n-mobo-m,1621,0.8257,1520.2,819.2,1996.8,1108.3,3072,2048
20170708_Whittier_syp-n-mobo-m,1681,0.2876,1517.0,862.0,1928.6,1129.8,3072,2048
20170708_Whittier_syp-n-mobo-m,1681,0.1687,1516.4,676.3,2211.0,1134.6,3072,2048
20170708_Whittier_syp-n-mobo-m,1741,0.5229,1514.8,838.7,2006.0,1111.1,3072,2048
20170708_Whittier_syp-n-mobo-m,1741,0.2993,1507.0,667.4,2381.3,1128.2,3072,2048
20170708_Whittier_syp-n-mobo-m,1801,0.8026,1508.4,676.5,2093.4,1096.1,3072,2048
20170708_Whittier_syp-n-mobo-m,1861,0.8564,1520.8,685.7,2031.7,1095.0,3072,2048
20170708_Whittier_syp-n-mobo-m,1921,0.7804,1540.8,589.3,2122.8,1101.5,3072,2048
20170708_Whittier_syp-n-mobo-m,1981,0.4451,1521.8,470.8,2227.8,1131.3,3072,2048
20170708_Whittier_syp-n-mobo-m,1981,0.2567,1648.7,462.3,2310.9,1076.9,3072,2048
20170708_Whittier_syp-n-mobo-m,1981,0.0782,1514.0,560.0,2131.3,1099.2,3072,2048
20170708_Whittier_syp-n-mobo-m,2041,0.5100,1522.7,897.3,1928.7,1095.0,3072,2048
20170708_Whittier_syp-n-mobo-m,2041,0.3732,1545.4,447.7,2242.7,1118.6,3072,2048
20170708_Whittier_syp-n-mobo-m,2101,0.6746,1531.6,819.8,2065.7,1098.6,3072,2048
20170708_Whittier_syp-n-mobo-m,2101,0.0586,1583.8,450.4,2374.7,1133.9,3072,2048
20170708_Whittier_syp-n-mobo-m,2161,0.3283,1525.4,759.3,2119.0,1102.8,3072,2048
20170708_Whittier_syp-n-mobo-m,2161,0.0749,1525.7,834.8,2009.9,1101.7,3072,2048
20170708_Whittier_syp-n-mobo-m,2161,0.0581,1529.2,617.1,2256.4,1114.7,3072,2048
20170708_Whittier_syp-n-mobo-m,2221,0.2008,1529.1,710.6,2045.5,1105.5,3072,2048
20170708_Whittier_syp-n-mobo-m,2221,0.1218,1545.8,570.9,2098.8,1113.8,3072,2048
20170708_Whittier_syp-n-mobo-m,2221,0.0893,1544.6,512.4,2257.6,1119.1,3072,2048
20170708_Whittier_syp-n-mobo-m,2281,0.0942,1532.0,579.6,2099.2,1116.1,3072,2048
20170708_Whittier_syp-n-mobo-m,2281,0.0796,1544.1,484.5,2214.5,1132.5,3072,2048
20170708_Whittier_syp-n-mobo-m,2281,0.0543,1582.2,383.7,2314.5,1157.6,3072,2048
20170711_FIRE_bl-e-mobo-c,-60,0.0515,248.2,697.5,318.3,722.3,2048,1536
20170711_FIRE_bl-e-mobo-c,120,0.0561,245.5,697.4,314.3,722.0,2048,1536
20170711_FIRE_bl-e-mobo-c,240,0.0701,245.5,695.7,314.3,721.4,2048,1536
20170711_FIRE_bl-e-mobo-c,300,0.0671,243.6,697.3,312.8,722.3,2048,1536
20170711_FIRE_bl-e-mobo-c,780,0.7614,1833.1,690.5,1875.0,756.1,2048,1536
20170711_FIRE_bl-e-mobo-c,840,0.4724,1833.0,682.5,1877.7,755.4,2048,1536
20170711_FIRE_bl-e-mobo-c,900,0.7090,1830.2,678.8,1875.8,755.9,2048,1536
20170711_FIRE_bl-e-mobo-c,960,0.6035,1820.2,685.8,1877.5,756.1,2048,1536
20170711_FIRE_bl-e-mobo-c,1020,0.7059,1819.6,682.4,1879.1,756.1,2048,1536
20170711_FIRE_bl-e-mobo-c,1080,0.7219,1817.1,674.7,1881.3,754.4,2048,1536
20170711_FIRE_bl-e-mobo-c,1140,0.5611,1813.8,677.9,1885.5,754.9,2048,1536
20170711_FIRE_bl-e-mobo-c,1200,0.2786,1809.7,690.2,1879.8,756.0,2048,1536
20170711_FIRE_bl-e-mobo-c,1260,0.6235,1808.5,687.5,1882.0,756.6,2048,1536
20170711_FIRE_bl-e-mobo-c,1320,0.2605,1804.7,681.8,1885.6,755.1,2048,1536
20170711_FIRE_bl-e-mobo-c,1380,0.4086,1804.4,681.8,1883.3,755.3,2048,1536
20170711_FIRE_bl-e-mobo-c,1440,0.5205,1804.4,683.5,1879.2,755.0,2048,1536
20170711_FIRE_bl-e-mobo-c,1440,0.0794,1802.5,674.3,1903.9,755.3,2048,1536
20170711_FIRE_bl-e-mobo-c,1500,0.4384,1801.7,679.5,1885.4,754.5,2048,1536
20170711_FIRE_bl-e-mobo-c,1500,0.0655,1799.5,671.8,1913.2,754.8,2048,1536
20170711_FIRE_bl-e-mobo-c,1560,0.4626,1802.8,681.1,1886.9,755.2,2048,1536
20170711_FIRE_bl-e-mobo-c,1560,0.0796,1820.7,685.5,1897.5,755.8,2048,1536
20170711_FIRE_bl-e-mobo-c,1620,0.3827,1798.6,683.6,1880.9,756.4,2048,1536
20170711_FIRE_bl-e-mobo-c,1680,0.3447,1795.4,691.9,1880.0,756.5,2048,1536
20170711_FIRE_bl-e-mobo-c,1740,0.3503,1798.1,692.7,1882.8,757.0,2048,1536
20170711_FIRE_bl-e-mobo-c,1800,0.2811,1791.5,696.8,1883.4,757.7,2048,1536
20170711_FIRE_bl-e-mobo-c,1860,0.2876,1793.2,695.4,1883.5,756.3,2048,1536
20170711_FIRE_bl-e-mobo-c,2100,0.2811,1821.4,689.9,1905.2,754.8,2048,1536
20170711_FIRE_bl-e-mobo-c,2100,0.2133,1824.0,698.2,1885.2,755.4,2048,1536
20170711_FIRE_bl-e-mobo-c,2160,0.1995,1819.7,696.3,1880.5,755.3,2048,1536
20170711_FIRE_bl-e-mobo-c,2160,0.0751,1819.8,688.3,1896.1,755.5,2048,1536
20170711_FIRE_bl-e-mobo-c,2220,0.1052,1820.9,698.8,1880.3,755.2,2048,1536
20170711_FIRE_bl-e-mobo-c,2280,0.0585,1834.5,716.0,1878.3,755.6,2048,1536
20170711_FIRE_bl-e-mobo-c,2400,0.0577,1826.3,719.2,1878.3,756.9,2048,1536
20170711_FIRE_bl-s-mobo-c,420,0.0529,72.7,618.3,149.2,673.9,2048,1536
20170711_FIRE_bl-s-mobo-c,480,0.1408,102.9,645.3,140.3,672.4,2048,1536
20170711_FIRE_bl-s-mobo-c,480,0.1383,70.1,613.3,147.4,673.1,2048,1536
20170711_FIRE_bl-s-mobo-c,480,0.1057,95.9,640.0,142.5,672.5,2048,1536
20170711_FIRE_bl-s-mobo-c,540,0.2213,96.6,635.8,142.3,670.8,2048,1536
20170711_FIRE_bl-s-mobo-c,540,0.0886,76.6,617.9,145.8,671.5,2048,1536
20170711_FIRE_bl-s-mobo-c,600,0.1950,94.7,630.1,149.6,672.4,2048,1536
20170711_FIRE_bl-s-mobo-c,600,0.1671,84.4,619.8,151.9,672.7,2048,1536
20170711_FIRE_bl-s-mobo-c,600,0.1248,104.7,635.2,148.1,672.4,2048,1536
20170711_FIRE_bl-s-mobo-c,600,0.0658,65.1,613.3,152.3,674.1,2048,1536
20170711_FIRE_bl-s-mobo-c,660,0.4862,98.8,615.9,143.3,666.6,2048,1536
20170711_FIRE_bl-s-mobo-c,660,0.0946,85.4,613.0,145.2,666.8,2048,1536
20170711_FIRE_bl-s-mobo-c,720,0.7789,98.5,604.6,142.7,670.1,2048,1536
20170711_FIRE_bl-s-mobo-c,780,0.7922,99.8,592.9,143.4,670.0,2048,1536
20170711_FIRE_bl-s-mobo-c,840,0.7795,97.8,594.3,143.3,670.5,2048,1536
20170711_FIRE_bl-s-mobo-c,900,0.6511,88.0,598.5,146.5,670.7,2048,1536
20170711_FIRE_bl-s-mobo-c,960,0.8065,84.8,596.0,145.7,670.7,2048,1536
20170711_FIRE_bl-s-mobo-c,1020,0.6781,82.0,595.5,147.6,669.3,2048,1536
20170711_FIRE_bl-s-mobo-c,1020,0.0523,0.2,575.7,151.8,671.0,2048,1536
20170711_FIRE_bl-s-mobo-c,1080,0.6494,78.5,586.3,151.7,670.9,2048,1536
20170711_FIRE_bl-s-mobo-c,1140,0.5200,77.8,601.5,149.5,671.1,2048,1536
20170711_FIRE_bl-s-mobo-c,1200,0.6361,76.4,587.2,151.9,671.5,2048,1536
20170711_FIRE_bl-s-mobo-c,1260,0.4963,73.5,600.0,147.6,670.7,2048,1536
20170711_FIRE_bl-s-mobo-c,1260,0.1322,0.0,577.3,151.1,672.0,2048,1536
20170711_FIRE_bl-s-mobo-c,1260,0.0830,71.1,582.5,153.7,674.2,2048,1536
20170711_FIRE_bl-s-mobo-c,1260,0.0680,102.6,618.0,146.4,670.8,2048,1536
20170711_FIRE_bl-s-mobo-c,1320,0.4031,69.8,594.5,150.1,670.3,2048,1536
20170711_FIRE_bl-s-mobo-c,1320,0.0888,0.0,578.5,156.6,671.3,2048,1536
20170711_FIRE_bl-s-mobo-c,1380,0.6177,71.9,592.6,159.9,671.5,2048,1536
20170711_FIRE_bl-s-mobo-c,1380,0.0705,0.0,578.2,169.8,671.4,2048,1536
20170711_FIRE_bl-s-mobo-c,1380,0.0556,87.1,601.2,167.6,671.9,2048,1536
20170711_FIRE_bl-s-mobo-c,1440,0.5096,70.5,588.6,167.5,670.7,2048,1536
20170711_FIRE_bl-s-mobo-c,1440,0.1368,0.0,578.0,173.5,669.9,2048,1536
20170711_FIRE_bl-s-mobo-c,1440,0.1315,96.3,598.2,169.9,670.7,2048,1536
20170711_FIRE_bl-s-mobo-c,1500,0.4658,68.9,590.8,161.2,671.1,2048,1536
20170711_FIRE_bl-s-mobo-c,1500,0.2101,0.0,578.9,167.2,671.1,2048,1536
20170711_FIRE_bl-s-mobo-c,1500,0.1029,88.9,599.9,159.4,670.9,2048,1536
20170711_FIRE_bl-s-mobo-c,1560,0.4143,63.1,597.2,147.3,671.3,2048,1536
20170711_FIRE_bl-s-mobo-c,1560,0.1172,0.0,581.7,150.9,671.6,2048,1536
20170711_FIRE_bl-s-mobo-c,1560,0.0676,78.7,612.9,149.1,671.5,2048,1536
20170711_FIRE_bl-s-mobo-c,1560,0.0559,107.5,629.9,146.8,671.5,2048,1536
20170711_FIRE_bl-s-mobo-c,1620,0.2067,0.8,581.8,152.1,671.9,2048,1536
20170711_FIRE_bl-s-mobo-c,1620,0.0711,58.6,596.6,149.8,671.6,2048,1536
20170711_FIRE_bl-s-mobo-c,1680,0.2790,0.9,581.8,157.2,672.8,2048,1536
20170711_FIRE_bl-s-mobo-c,1680,0.1300,62.1,603.5,152.7,672.2,2048,1536
20170711_FIRE_bl-s-mobo-c,1680,0.1094,106.3,640.6,149.1,672.3,2048,1536
20170711_FIRE_bl-s-mobo-c,1680,0.0644,96.1,624.0,151.6,672.2,2048,1536
20170711_FIRE_bl-s-mobo-c,1680,0.0615,81.4,615.5,156.8,672.6,2048,1536
20170711_FIRE_bl-s-mobo-c,1680,0.0613,33.4,596.1,154.4,672.0,2048,1536
20170711_FIRE_bl-s-mobo-c,1740,0.2094,0.0,582.0,158.1,672.5,2048,1536
20170711_FIRE_bl-s-mobo-c,1740,0.1242,103.1,638.9,148.4,672.2,2048,1536
20170711_FIRE_bl-s-mobo-c,1740,0.1144,63.4,606.7,152.8,672.2,2048,1536
20170711_FIRE_bl-s-mobo-c,1740,0.0636,41.8,596.5,156.6,671.9,2048,1536
20170711_FIRE_bl-s-mobo-c,1740,0.0525,76.9,621.8,150.8,672.4,2048,1536
20170711_FIRE_bl-s-mobo-c,1800,0.1884,101.1,632.1,148.1,671.4,2048,1536
20170711_FIRE_bl-s-mobo-c,1800,0.1695,74.8,614.1,151.9,671.6,2048,1536
20170711_FIRE_bl-s-mobo-c,1800,0.1297,0.0,583.9,156.9,672.9,2048,1536
20170711_FIRE_bl-s-mobo-c,1860,0.1861,91.4,609.8,167.6,670.9,2048,1536
20170711_FIRE_bl-s-mobo-c,1860,0.0613,96.5,617.3,154.1,671.3,2048,1536
20170711_FIRE_bl-s-mobo-c,1920,0.3577,97.6,607.3,166.7,670.7,2048,1536
20170711_FIRE_bl-s-mobo-c,1920,0.2070,101.1,616.1,156.9,670.8,2048,1536
20170711_FIRE_bl-s-mobo-c,1920,0.1360,102.9,625.9,149.5,670.9,2048,1536
20170711_FIRE_bl-s-mobo-c,1980,0.2683,98.0,623.4,148.4,671.3,2048,1536
20170711_FIRE_bl-s-mobo-c,1980,0.0713,96.3,615.5,162.6,671.2,2048,1536
20170711_FIRE_bl-s-mobo-c,2040,0.4745,90.9,614.0,148.7,670.9,2048,1536
20170711_FIRE_bl-s-mobo-c,2040,0.1515,92.1,608.7,170.6,670.9,2048,1536
20170711_FIRE_bl-s-mobo-c,2100,0.2491,93.1,614.3,147.7,670.8,2048,1536
20170711_FIRE_bl-s-mobo-c,2100,0.0660,90.0,601.5,177.1,671.5,2048,1536
20170711_FIRE_bl-s-mobo-c,2160,0.4046,92.3,609.1,148.6,669.7,2048,1536
20170711_FIRE_bl-s-mobo-c,2160,0.1694,101.6,629.8,147.6,669.8,2048,1536
20170711_FIRE_bl-s-mobo-c,2160,0.1284,87.9,599.8,158.8,669.8,2048,1536
20170711_FIRE_bl-s-mobo-c,2220,0.4271,100.3,630.3,145.5,669.9,2048,1536
20170711_FIRE_bl-s-mobo-c,2220,0.1942,90.3,613.1,148.0,669.9,2048,1536
20170711_FIRE_bl-s-mobo-c,2220,0.0741,87.3,595.5,151.9,670.1,2048,1536
20170711_FIRE_bl-s-mobo-c,2280,0.1926,88.7,610.0,147.0,670.8,2048,1536
20170711_FIRE_bl-s-mobo-c,2280,0.0825,86.1,586.8,149.5,671.2,2048,1536
20170711_FIRE_bl-s-mobo-c,2280,0.0506,97.0,621.0,145.7,671.0,2048,1536
20170711_FIRE_bl-s-mobo-c,2340,0.4799,82.7,616.6,147.2,671.1,2048,1536
20170711_FIRE_bl-s-mobo-c,2340,0.0819,0.0,589.6,149.7,672.3,2048,1536
20170711_FIRE_bl-s-mobo-c,2400,0.4175,78.6,608.8,147.8,670.8,2048,1536
20170711_FIRE_bl-s-mobo-c,2400,0.1833,83.5,623.4,146.7,670.7,2048,1536
20170711_FIRE_bl-s-mobo-c,2400,0.1499,94.4,630.6,146.3,670.8,2048,1536
20170711_FIRE_bm-s-mobo-c,300,0.0719,1447.1,731.9,1478.4,764.6,2048,1536
20170711_FIRE_bm-s-mobo-c,300,0.0576,1442.8,730.3,1484.5,765.4,2048,1536
20170711_FIRE_bm-s-mobo-c,360,0.0968,1436.4,730.5,1485.9,767.5,2048,1536
20170711_FIRE_bm-s-mobo-c,540,0.3853,1437.1,729.4,1483.7,765.9,2048,1536
20170711_FIRE_bm-s-mobo-c,600,0.4044,1431.6,721.5,1479.0,761.9,2048,1536
20170711_FIRE_bm-s-mobo-c,660,0.6887,1427.8,715.3,1481.7,765.7,2048,1536
20170711_FIRE_bm-s-mobo-c,720,0.7497,1423.3,714.3,1482.7,765.9,2048,1536
20170711_FIRE_bm-s-mobo-c,780,0.6621,1424.0,714.8,1481.9,765.4,2048,1536
20170711_FIRE_bm-s-mobo-c,840,0.6332,1420.1,717.6,1483.0,765.0,2048,1536
20170711_FIRE_bm-s-mobo-c,900,0.6640,1415.5,714.1,1482.3,766.8,2048,1536
20170711_FIRE_bm-s-mobo-c,900,0.0886,1399.8,706.4,1483.8,766.9,2048,1536
20170711_FIRE_bm-s-mobo-c,960,0.7171,1407.4,711.1,1481.6,766.3,2048,1536
20170711_FIRE_bm-s-mobo-c,1020,0.7052,1407.2,713.5,1480.9,766.5,2048,1536
20170711_FIRE_bm-s-mobo-c,1080,0.1124,1412.8,712.7,1481.2,763.9,2048,1536
20170711_FIRE_sdsc-e-mobo-c,1380,0.1300,954.4,778.3,975.0,797.2,2048,1536
20170711_FIRE_sdsc-e-mobo-c,1440,0.0561,954.0,768.9,982.1,797.2,2048,1536
20170711_FIRE_sm-n-mobo-c,300,0.4941,1317.2,773.3,1433.4,835.7,2048,1536
20170711_FIRE_sm-n-mobo-c,300,0.0945,1324.3,791.4,1385.3,835.6,2048,1536
20170711_FIRE_sm-n-mobo-c,300,0.0607,1321.2,799.7,1375.6,835.7,2048,1536
20170711_FIRE_sm-n-mobo-c,360,0.6820,1329.3,773.7,1427.2,833.0,2048,1536
20170711_FIRE_sm-n-mobo-c,360,0.2022,1328.2,781.7,1366.0,832.5,2048,1536
20170711_FIRE_sm-n-mobo-c,420,0.6931,1322.1,760.1,1394.2,833.1,2048,1536
20170711_FIRE_sm-n-mobo-c,480,0.7190,1330.1,743.6,1412.1,830.0,2048,1536
20170711_FIRE_sm-n-mobo-c,540,0.7267,1334.6,735.9,1420.3,827.2,2048,1536
20170711_FIRE_sm-n-mobo-c,600,0.7168,1334.7,738.3,1435.1,829.2,2048,1536
20170711_FIRE_sm-n-mobo-c,660,0.7164,1319.1,740.7,1455.8,833.4,2048,1536
20170711_FIRE_sm-n-mobo-c,720,0.7953,1336.8,729.6,1471.7,829.8,2048,1536
20170711_FIRE_sm-n-mobo-c,780,0.8601,1332.9,717.7,1488.0,832.4,2048,1536
20170711_FIRE_sm-n-mobo-c,840,0.7877,1330.8,714.0,1502.3,831.6,2048,1536
20170711_FIRE_sm-n-mobo-c,900,0.7947,1323.1,707.4,1517.6,834.8,2048,1536
20170711_FIRE_sm-n-mobo-c,960,0.6742,1326.5,703.5,1535.5,832.9,2048,1536
20170711_FIRE_sm-n-mobo-c,1020,0.8101,1335.8,709.8,1544.9,831.8,2048,1536
20170711_FIRE_sm-n-mobo-c,1080,0.7377,1339.2,715.4,1564.7,829.8,2048,1536
20170711_FIRE_sm-n-mobo-c,1140,0.7193,1335.9,718.7,1576.6,833.3,2048,1536
20170711_FIRE_sm-n-mobo-c,1200,0.6854,1329.7,720.4,1583.7,833.8,2048,1536
20170711_FIRE_sm-n-mobo-c,1260,0.6534,1337.4,722.2,1595.7,834.8,2048,1536
20170711_FIRE_sm-n-mobo-c,1260,0.0669,1333.2,725.6,1495.7,834.4,2048,1536
20170711_FIRE_sm-n-mobo-c,1320,0.5440,1342.4,724.3,1602.1,834.9,2048,1536
20170711_FIRE_sm-n-mobo-c,1320,0.2684,1344.1,734.7,1464.4,834.3,2048,1536
20170711_FIRE_sm-n-mobo-c,1320,0.1004,1342.0,730.0,1513.1,834.8,2048,1536
20170711_FIRE_sm-n-mobo-c,1380,0.4515,1342.2,723.5,1606.0,836.2,2048,1536
20170711_FIRE_sm-n-mobo-c,1380,0.3504,1340.6,734.6,1467.0,835.4,2048,1536
20170711_FIRE_sm-n-mobo-c,1440,0.3589,1340.2,725.8,1604.6,835.7,2048,1536
20170711_FIRE_sm-n-mobo-c,1440,0.2961,1346.8,735.0,1479.9,834.9,2048,1536
20170711_FIRE_sm-n-mobo-c,1500,0.3634,1339.3,734.7,1487.1,835.2,2048,1536
20170711_FIRE_sm-n-mobo-c,1500,0.2611,1338.7,722.2,1602.1,836.8,2048,1536
20170711_FIRE_sm-n-mobo-c,1560,0.2818,1341.8,727.9,1590.3,836.3,2048,1536
20170711_FIRE_sm-n-mobo-c,1560,0.1192,1341.8,733.7,1516.0,835.3,2048,1536
20170711_FIRE_sm-n-mobo-c,1620,0.3188,1333.6,729.7,1589.2,835.0,2048,1536
20170711_FIRE_sm-n-mobo-c,1620,0.1495,1333.9,737.2,1516.8,834.3,2048,1536
20170711_FIRE_sm-n-mobo-c,1620,0.1419,1335.1,722.4,1700.2,839.4,2048,1536
20170711_FIRE_sm-n-mobo-c,1680,0.3118,1344.3,729.2,1598.2,835.8,2048,1536
20170711_FIRE_sm-n-mobo-c,1680,0.2502,1342.5,741.8,1511.2,834.7,2048,1536
20170711_FIRE_sm-n-mobo-c,1680,0.0682,1342.2,720.1,1709.8,837.5,2048,1536
20170711_FIRE_sm-n-mobo-c,1740,0.2691,1340.8,728.0,1601.9,836.6,2048,1536
20170711_FIRE_sm-n-mobo-c,1740,0.1063,1344.0,721.6,1770.2,841.6,2048,1536
20170711_FIRE_sm-n-mobo-c,1800,0.2644,1343.4,732.9,1606.5,834.8,2048,1536
20170711_FIRE_sm-n-mobo-c,1800,0.2174,1345.2,748.7,1448.5,832.9,2048,1536
20170711_FIRE_sm-n-mobo-c,1800,0.1043,1350.1,725.8,1771.8,841.4,2048,1536
20170711_FIRE_sm-n-mobo-c,1860,0.4774,1339.6,736.2,1460.1,833.1,2048,1536
20170711_FIRE_sm-n-mobo-c,1860,0.2118,1336.8,725.0,1609.9,833.6,2048,1536
20170711_FIRE_sm-n-mobo-c,1860,0.0791,1338.0,721.5,1718.0,838.9,2048,1536
20170711_FIRE_sm-n-mobo-c,1920,0.6828,1341.6,727.9,1468.4,833.8,2048,1536
20170711_FIRE_sm-n-mobo-c,1920,0.0708,1340.5,721.0,1608.0,835.5,2048,1536
20170711_FIRE_sm-n-mobo-c,1980,0.8099,1350.7,716.5,1474.0,833.8,2048,1536
20170711_FIRE_sm-n-mobo-c,2040,0.7281,1347.8,719.5,1481.2,833.6,2048,1536
20170711_FIRE_sm-n-mobo-c,2100,0.6065,1353.2,716.8,1497.0,833.6,2048,1536
20170711_FIRE_sm-n-mobo-c,2100,0.0693,1356.0,713.7,1603.2,834.2,2048,1536
20170711_FIRE_sm-n-mobo-c,2160,0.4156,1354.8,716.9,1497.2,831.1,2048,1536
20170711_FIRE_sm-n-mobo-c,2160,0.1272,1357.0,712.3,1606.0,832.1,2048,1536
20170711_FIRE_sm-n-mobo-c,2220,0.2895,1356.5,719.2,1506.6,832.6,2048,1536
20170711_FIRE_sm-n-mobo-c,2220,0.1146,1357.4,713.0,1603.1,833.0,2048,1536
20170711_FIRE_sm-n-mobo-c,2220,0.0616,1358.6,748.2,1478.8,831.8,2048,1536
20170711_FIRE_sm-n-mobo-c,2280,0.1445,1340.6,728.5,1545.7,832.5,2048,1536
20170711_FIRE_sm-n-mobo-c,2280,0.1041,1341.3,718.4,1608.4,832.8,2048,1536
20170711_FIRE_sm-n-mobo-c,2280,0.1031,1353.4,737.3,1491.1,831.9,2048,1536
20170711_FIRE_sm-n-mobo-c,2340,0.2234,1341.7,723.9,1488.6,832.8,2048,1536
20170711_FIRE_sm-n-mobo-c,2340,0.1400,1341.3,716.2,1568.8,832.7,2048,1536
20170711_FIRE_sm-n-mobo-c,2400,0.6550,1354.5,701.7,1491.1,832.5,2048,1536
20170713_FIRE_smer-tcs8-mobo-c,360,0.0678,2529.7,903.1,2564.4,939.8,3072,2048
20170713_FIRE_smer-tcs8-mobo-c,420,0.1955,2535.3,894.9,2566.4,939.5,3072,2048
20170713_FIRE_smer-tcs8-mobo-c,420,0.0736,2527.7,846.7,2697.2,943.9,3072,2048
20170713_FIRE_smer-tcs8-mobo-c,420,0.0595,2533.0,876.8,2599.2,940.7,3072,2048
20170713_FIRE_smer-tcs8-mobo-c,420,0.0562,2534.5,887.1,2574.0,940.5,3072,2048
20170713_FIRE_smer-tcs8-mobo-c,480,0.1878,2535.5,880.5,2579.4,940.1,3072,2048
20170713_FIRE_smer-tcs8-mobo-c,480,0.1388,2535.0,875.7,2594.2,941.0,3072,2048
20170713_FIRE_smer-tcs8-mobo-c,480,0.1048,2533.9,867.4,2622.0,942.1,3072,2048
20170713_FIRE_smer-tcs8-mobo-c,540,0.1344,2538.7,875.6,2593.1,939.6,3072,2048
20170713_FIRE_smer-tcs8-mobo-c,540,0.0724,2536.7,866.7,2629.6,942.0,3072,2048
20170713_FIRE_smer-tcs8-mobo-c,540,0.0537,2534.4,862.2,2660.0,943.8,3072,2048
20170713_FIRE_smer-tcs8-mobo-c,600,0.1556,2537.7,865.7,2635.8,942.0,3072,2048
20170713_FIRE_smer-tcs8-mobo-c,600,0.1192,2538.3,871.9,2610.7,940.2,3072,2048
20170713_FIRE_smer-tcs8-mobo-c,600,0.0539,2537.4,861.2,2681.8,945.4,3072,2048
20170713_FIRE_smer-tcs8-mobo-c,660,0.1932,2548.5,867.3,2632.5,942.6,3072,2048
20170713_FIRE_smer-tcs8-mobo-c,660,0.0776,2549.1,861.7,2691.5,947.8,3072,2048
20170713_FIRE_smer-tcs8-mobo-c,720,0.3603,2551.0,867.3,2644.7,943.0,3072,2048
20170713_FIRE_smer-tcs8-mobo-c,720,0.1146,2551.1,864.9,2680.1,946.8,3072,2048
20170713_FIRE_smer-tcs8-mobo-c,720,0.0673,2488.6,859.5,2652.8,942.8,3072,2048
20170713_FIRE_smer-tcs8-mobo-c,780,0.2222,2556.9,868.0,2643.3,942.2,3072,2048
20170713_FIRE_smer-tcs8-mobo-c,780,0.0748,2554.7,862.7,2687.1,947.2,3072,2048
20170713_FIRE_smer-tcs8-mobo-c,840,0.1513,2561.4,869.2,2654.4,944.9,3072,2048
20170713_FIRE_smer-tcs8-mobo-c,840,0.1003,2557.9,862.4,2682.7,946.6,3072,2048
20170722_FIRE_bm-n-mobo-c,-2340,0.0818,290.1,700.1,657.6,809.1,2048,1536
20170722_FIRE_bm-n-mobo-c,720,0.0529,1737.3,580.2,1772.4,620.9,2048,1536
20170722_FIRE_bm-n-mobo-c,960,0.5467,1722.5,519.4,1799.3,631.3,2048,1536
20170722_FIRE_bm-n-mobo-c,960,0.1848,1726.0,543.0,1791.0,631.3,2048,1536
20170722_FIRE_bm-n-mobo-c,1560,0.1517,1738.4,517.6,1869.9,630.4,2048,1536
20170722_FIRE_bm-n-mobo-c,1680,0.4387,1731.5,508.4,1877.2,631.1,2048,1536
20170722_FIRE_bm-n-mobo-c,1740,0.6593,1734.8,495.6,1878.8,630.9,2048,1536
20170722_FIRE_bm-n-mobo-c,1800,0.1602,1736.4,487.8,1884.6,631.4,2048,1536
20170722_FIRE_bm-n-mobo-c,2220,0.1707,1731.7,480.9,1963.0,635.1,2048,1536
20170722_FIRE_bm-n-mobo-c,2220,0.1671,1735.4,562.0,1821.1,635.6,2048,1536
20170722_FIRE_bm-n-mobo-c,2340,0.1761,1740.7,576.3,1794.8,635.3,2048,1536
20170722_FIRE_bm-n-mobo-c,2340,0.1457,1734.3,495.4,1970.5,636.5,2048,1536
20170722_FIRE_bm-n-mobo-c,2340,0.0797,1740.3,571.2,1812.4,635.8,2048,1536
