sequence,offset,conf,x1,y1,x2,y2,W,H
20160604_FIRE_rm-n-mobo-c,-1260,0.0522,434.0,839.9,456.1,862.5,2048,1536
20160604_FIRE_rm-n-mobo-c,-1260,0.0540,434.1,839.4,456.2,862.7,2048,1536
20160604_FIRE_rm-n-mobo-c,-480,0.1023,397.8,842.2,408.8,857.6,2048,1536
20160604_FIRE_rm-n-mobo-c,-480,0.1111,397.7,841.8,408.9,857.8,2048,1536
20160604_FIRE_rm-n-mobo-c,-420,0.0966,389.1,839.6,403.5,856.4,2048,1536
20160604_FIRE_rm-n-mobo-c,-420,0.0671,472.2,854.2,493.6,870.4,2048,1536
20160604_FIRE_rm-n-mobo-c,-420,0.1072,389.0,839.2,403.6,856.5,2048,1536
20160604_FIRE_rm-n-mobo-c,-420,0.0602,472.4,854.0,493.4,870.5,2048,1536
20160604_FIRE_rm-n-mobo-c,-420,0.0519,385.3,836.9,402.7,856.0,2048,1536
20160604_FIRE_rm-n-mobo-c,-240,0.0593,465.7,853.3,487.1,869.4,2048,1536
20160604_FIRE_rm-n-mobo-c,-240,0.0526,465.8,853.0,486.9,869.4,2048,1536
20160604_FIRE_rm-n-mobo-c,-180,0.0881,476.7,850.1,495.5,870.1,2048,1536
20160604_FIRE_rm-n-mobo-c,-180,0.0808,476.6,849.7,495.4,870.1,2048,1536
20160604_FIRE_rm-n-mobo-c,0,0.0815,469.7,854.3,487.6,869.6,2048,1536
20160604_FIRE_rm-n-mobo-c,0,0.0864,469.7,854.0,487.6,869.7,2048,1536
20160604_FIRE_rm-n-mobo-c,60,0.1590,476.3,856.3,490.8,870.0,2048,1536
20160604_FIRE_rm-n-mobo-c,60,0.0728,474.3,853.2,491.1,869.8,2048,1536
20160604_FIRE_rm-n-mobo-c,60,0.5942,1981.2,834.8,2047.4,882.5,2048,1536
20160604_FIRE_rm-n-mobo-c,60,0.0960,2031.9,838.0,2047.8,884.6,2048,1536
20160604_FIRE_rm-n-mobo-c,60,0.1547,476.2,855.9,490.7,870.0,2048,1536
20160604_FIRE_rm-n-mobo-c,60,0.0654,475.6,853.0,493.9,870.4,2048,1536
20160604_FIRE_rm-n-mobo-c,60,0.5964,1981.2,834.8,2047.4,882.6,2048,1536
20160604_FIRE_rm-n-mobo-c,60,0.1076,2031.6,837.9,2047.8,884.6,2048,1536
20160604_FIRE_rm-n-mobo-c,120,0.5893,1968.9,811.8,2047.6,882.9,2048,1536
20160604_FIRE_rm-n-mobo-c,120,0.0718,2037.0,812.4,2047.8,883.4,2048,1536
20160604_FIRE_rm-n-mobo-c,120,0.6217,1968.9,811.8,2047.6,882.8,2048,1536
20160604_FIRE_rm-n-mobo-c,120,0.0806,2036.9,812.5,2047.8,883.5,2048,1536
20160604_FIRE_rm-n-mobo-c,180,0.5282,1957.0,759.4,2047.7,888.4,2048,1536
20160604_FIRE_rm-n-mobo-c,180,0.6056,1957.2,760.0,2047.7,888.2,2048,1536
20160604_FIRE_rm-n-mobo-c,240,0.0979,1976.3,729.0,2047.7,914.3,2048,1536
20160604_FIRE_rm-n-mobo-c,240,0.1419,1975.9,728.6,2047.8,912.8,2048,1536
20160604_FIRE_rm-n-mobo-c,300,0.1509,1952.9,697.9,2047.1,887.8,2048,1536
20160604_FIRE_rm-n-mobo-c,300,0.2279,1952.6,694.3,2047.2,886.4,2048,1536
20160604_FIRE_rm-n-mobo-c,360,0.1428,1956.2,574.9,2048.0,898.3,2048,1536
20160604_FIRE_rm-n-mobo-c,360,0.0622,1931.8,605.3,2048.0,880.1,2048,1536
20160604_FIRE_rm-n-mobo-c,360,0.1904,1956.7,574.6,2048.0,894.5,2048,1536
20160604_FIRE_rm-n-mobo-c,420,0.2057,475.7,851.3,495.0,870.2,2048,1536
20160604_FIRE_rm-n-mobo-c,420,0.0826,474.8,848.3,498.2,869.7,2048,1536
20160604_FIRE_rm-n-mobo-c,420,0.2029,475.7,851.0,494.8,870.2,2048,1536
20160604_FIRE_rm-n-mobo-c,420,0.0760,474.8,847.9,498.1,869.7,2048,1536
20160604_FIRE_rm-n-mobo-c,600,0.0664,1910.6,848.1,1920.0,865.4,2048,1536
20160604_FIRE_rm-n-mobo-c,600,0.0635,1910.8,848.5,1920.0,865.4,2048,1536
20160604_FIRE_rm-n-mobo-c,660,0.1282,474.6,850.9,496.5,870.3,2048,1536
20160604_FIRE_rm-n-mobo-c,660,0.1168,474.7,850.6,496.3,870.4,2048,1536
20160604_FIRE_rm-n-mobo-c,660,0.0513,470.7,847.8,495.4,870.0,2048,1536
20160604_FIRE_rm-n-mobo-c,780,0.2245,1902.1,833.0,1920.0,865.1,2048,1536
20160604_FIRE_rm-n-mobo-c,780,0.0903,1903.3,820.9,1920.0,864.0,2048,1536
20160604_FIRE_rm-n-mobo-c,780,0.0621,1902.6,831.1,1919.9,879.1,2048,1536
20160604_FIRE_rm-n-mobo-c,780,0.2673,1902.3,833.0,1920.0,864.9,2048,1536
20160604_FIRE_rm-n-mobo-c,780,0.1049,1903.5,822.6,1920.0,864.0,2048,1536
20160604_FIRE_rm-n-mobo-c,780,0.0755,1902.6,831.0,1919.8,879.7,2048,1536
20160604_FIRE_rm-n-mobo-c,840,0.0943,477.7,855.7,491.6,870.0,2048,1536
20160604_FIRE_rm-n-mobo-c,840,0.0621,477.6,854.5,495.9,870.3,2048,1536
20160604_FIRE_rm-n-mobo-c,840,0.0943,1895.0,830.2,1920.0,864.1,2048,1536
20160604_FIRE_rm-n-mobo-c,840,0.0837,477.6,855.3,491.5,870.0,2048,1536
20160604_FIRE_rm-n-mobo-c,840,0.0535,477.6,854.1,495.7,870.4,2048,1536
20160604_FIRE_rm-n-mobo-c,840,0.1098,1895.4,830.1,1920.0,864.3,2048,1536
20160604_FIRE_rm-n-mobo-c,840,0.0585,1903.0,828.6,1919.9,865.0,2048,1536
20160604_FIRE_rm-n-mobo-c,900,0.0785,475.8,851.4,491.9,870.1,2048,1536
20160604_FIRE_rm-n-mobo-c,900,0.0715,1906.9,835.2,1920.0,863.0,2048,1536
20160604_FIRE_rm-n-mobo-c,900,0.0789,475.7,851.1,491.9,870.2,2048,1536
20160604_FIRE_rm-n-mobo-c,900,0.0961,1907.1,835.1,1920.0,863.1,2048,1536
20160604_FIRE_rm-n-mobo-c,1200,0.1639,465.2,845.1,493.7,869.2,2048,1536
20160604_FIRE_rm-n-mobo-c,1200,0.0584,471.6,847.5,495.6,870.2,2048,1536
20160604_FIRE_rm-n-mobo-c,1200,0.0846,1889.5,792.3,1919.9,861.6,2048,1536
20160604_FIRE_rm-n-mobo-c,1200,0.1634,465.4,844.8,493.5,869.2,2048,1536
20160604_FIRE_rm-n-mobo-c,1200,0.0613,471.7,847.0,495.6,870.2,2048,1536
20160604_FIRE_rm-n-mobo-c,1200,0.1066,1889.6,793.2,1919.9,861.6,2048,1536
20160604_FIRE_rm-n-mobo-c,1260,0.4620,1887.3,792.8,1919.8,862.4,2048,1536
20160604_FIRE_rm-n-mobo-c,1260,0.0916,1887.3,744.6,1919.5,863.0,2048,1536
20160604_FIRE_rm-n-mobo-c,1260,0.4799,1887.3,793.0,1919.8,862.3,2048,1536
20160604_FIRE_rm-n-mobo-c,1260,0.1022,1886.0,752.1,1919.6,864.0,2048,1536
20160604_FIRE_rm-n-mobo-c,1320,0.2592,1884.7,782.3,1920.0,868.5,2048,1536
20160604_FIRE_rm-n-mobo-c,1320,0.2970,1884.9,780.1,1920.0,867.7,2048,1536
20160604_FIRE_rm-n-mobo-c,1500,0.1880,1887.8,798.1,1919.2,862.8,2048,1536
20160604_FIRE_rm-n-mobo-c,1500,0.2478,1887.6,796.1,1919.8,863.1,2048,1536
20160604_FIRE_rm-n-mobo-c,1560,0.2490,1885.9,799.9,1920.0,864.5,2048,1536
20160604_FIRE_rm-n-mobo-c,1560,0.2840,1885.9,800.0,1920.0,864.2,2048,1536
20160604_FIRE_rm-n-mobo-c,1620,0.4003,1880.3,803.6,1920.0,863.4,2048,1536
20160604_FIRE_rm-n-mobo-c,1620,0.0653,1877.6,758.2,1920.0,864.1,2048,1536
20160604_FIRE_rm-n-mobo-c,1620,0.4617,1880.5,803.4,1920.0,863.5,2048,1536
20160604_FIRE_rm-n-mobo-c,1620,0.0701,1877.7,757.2,1920.0,864.1,2048,1536
20160604_FIRE_rm-n-mobo-c,1680,0.2489,1885.9,796.0,1920.0,867.5,2048,1536
20160604_FIRE_rm-n-mobo-c,1680,0.1127,1870.1,796.8,1920.0,867.1,2048,1536
20160604_FIRE_rm-n-mobo-c,1680,0.0971,1879.6,774.8,1920.0,866.2,2048,1536
20160604_FIRE_rm-n-mobo-c,1680,0.2934,1885.6,796.5,1920.0,867.0,2048,1536
20160604_FIRE_rm-n-mobo-c,1680,0.1483,1869.6,797.2,1920.0,867.0,2048,1536
20160604_FIRE_rm-n-mobo-c,1680,0.1230,1878.9,778.8,1920.0,865.9,2048,1536
20160604_FIRE_rm-n-mobo-c,1740,0.1434,1877.0,791.8,1920.0,865.9,2048,1536
20160604_FIRE_rm-n-mobo-c,1740,0.0556,1871.8,767.7,1919.8,865.7,2048,1536
20160604_FIRE_rm-n-mobo-c,1740,0.1917,1873.0,791.7,1920.0,865.8,2048,1536
20160604_FIRE_rm-n-mobo-c,1800,0.5606,1883.4,808.5,1920.0,864.0,2048,1536
20160604_FIRE_rm-n-mobo-c,1800,0.1471,1883.8,775.5,1919.9,864.2,2048,1536
20160604_FIRE_rm-n-mobo-c,1800,0.5884,1883.5,808.2,1920.0,864.0,2048,1536
20160604_FIRE_rm-n-mobo-c,1800,0.1554,1883.8,778.5,1919.9,864.2,2048,1536
20160604_FIRE_rm-n-mobo-c,1800,0.0702,1884.2,724.8,2047.8,876.8,2048,1536
20160604_FIRE_rm-n-mobo-c,1860,0.4425,1876.8,811.9,1920.0,868.1,2048,1536
20160604_FIRE_rm-n-mobo-c,1860,0.1115,1875.7,787.5,1920.0,866.2,2048,1536
20160604_FIRE_rm-n-mobo-c,1860,0.0689,1874.8,754.7,1919.8,866.9,2048,1536
20160604_FIRE_rm-n-mobo-c,1860,0.4770,1876.8,811.6,1920.0,868.1,2048,1536
20160604_FIRE_rm-n-mobo-c,1860,0.1219,1875.7,790.3,1920.0,866.2,2048,1536
20160604_FIRE_rm-n-mobo-c,1860,0.0770,1874.7,753.5,1919.8,867.0,2048,1536
20160604_FIRE_rm-n-mobo-c,1920,0.1738,1875.5,788.4,1920.0,864.9,2048,1536
20160604_FIRE_rm-n-mobo-c,1920,0.2569,1875.1,789.0,1920.0,864.7,2048,1536
20160604_FIRE_rm-n-mobo-c,1920,0.0543,1873.0,755.7,1919.8,864.1,2048,1536
20160604_FIRE_rm-n-mobo-c,1980,0.2146,1870.2,792.6,1920.0,865.1,2048,1536
20160604_FIRE_rm-n-mobo-c,1980,0.0715,1870.2,760.0,1919.7,864.1,2048,1536
20160604_FIRE_rm-n-mobo-c,1980,0.2778,1870.3,793.1,1920.0,865.1,2048,1536
20160604_FIRE_rm-n-mobo-c,1980,0.0932,1870.2,760.3,1919.8,864.2,2048,1536
20160604_FIRE_rm-n-mobo-c,2040,0.2190,1872.2,819.8,1920.0,868.3,2048,1536
20160604_FIRE_rm-n-mobo-c,2040,0.2543,1872.4,819.7,1920.0,868.5,2048,1536
20160604_FIRE_rm-n-mobo-c,2340,0.0500,2035.6,864.4,2048.0,885.5,2048,1536
20160604_FIRE_smer-tcs3-mobo-c,-2340,0.0996,2048.0,975.0,2068.5,1040.2,3072,2048
20160604_FIRE_smer-tcs3-mobo-c,-2340,0.0968,2048.0,971.1,2076.7,1041.9,3072,2048
20160604_FIRE_smer-tcs3-mobo-c,-2280,0.0573,2048.0,971.0,2066.3,1040.8,3072,2048
20160604_FIRE_smer-tcs3-mobo-c,-2220,0.0556,2048.0,973.3,2066.4,1040.3,3072,2048
20160604_FIRE_smer-tcs3-mobo-c,-2160,0.0751,2048.0,975.5,2065.1,1040.2,3072,2048
20160604_FIRE_smer-tcs3-mobo-c,-2100,0.0510,2048.0,970.7,2067.2,1040.7,3072,2048
20160604_FIRE_smer-tcs3-mobo-c,-2040,0.0819,2048.0,970.4,2076.9,1042.4,3072,2048
20160604_FIRE_smer-tcs3-mobo-c,-2040,0.0571,2048.0,973.8,2068.2,1041.1,3072,2048
20160604_FIRE_smer-tcs3-mobo-c,-1980,0.0611,2048.0,975.3,2066.1,1040.3,3072,2048
20160604_FIRE_smer-tcs3-mobo-c,-1980,0.0507,2048.0,969.1,2074.7,1042.2,3072,2048
20160604_FIRE_smer-tcs3-mobo-c,-1920,0.0659,2048.0,968.7,2076.7,1042.7,3072,2048
20160604_FIRE_smer-tcs3-mobo-c,-1920,0.0605,2048.0,972.7,2067.8,1040.6,3072,2048
20160604_FIRE_smer-tcs3-mobo-c,-1860,0.0639,2048.0,969.9,2077.0,1042.9,3072,2048
20160604_FIRE_smer-tcs3-mobo-c,-1860,0.0543,2048.0,973.4,2069.3,1040.5,3072,2048
20160604_FIRE_smer-tcs3-mobo-c,-1800,0.0604,2048.0,966.1,2076.2,1042.9,3072,2048
20160604_FIRE_smer-tcs3-mobo-c,-1800,0.0604,2048.0,970.2,2068.5,1040.3,3072,2048
20160604_FIRE_smer-tcs3-mobo-c,-1740,0.0764,2048.0,967.2,2076.7,1043.2,3072,2048
20160604_FIRE_smer-tcs3-mobo-c,-1740,0.0719,2048.0,971.3,2068.2,1040.5,3072,2048
20160604_FIRE_smer-tcs3-mobo-c,-1680,0.0630,2048.0,964.2,2077.5,1042.8,3072,2048
20160604_FIRE_smer-tcs3-mobo-c,-1620,0.0681,2048.0,963.5,2067.2,1040.9,3072,2048
20160604_FIRE_smer-tcs3-mobo-c,-1620,0.0656,2048.0,963.2,2075.4,1043.3,3072,2048
20160604_FIRE_smer-tcs3-mobo-c,-1560,0.0721,2048.0,970.6,2068.3,1040.0,3072,2048
20160604_FIRE_smer-tcs3-mobo-c,-1500,0.0549,2048.0,967.8,2067.4,1040.7,3072,2048
20160604_FIRE_smer-tcs3-mobo-c,-1500,0.0525,2048.0,964.5,2074.1,1043.6,3072,2048
20160604_FIRE_smer-tcs3-mobo-c,-1440,0.0586,2048.0,962.5,2075.9,1043.7,3072,2048
20160604_FIRE_smer-tcs3-mobo-c,-1440,0.0534,2048.0,964.4,2067.5,1041.0,3072,2048
20160604_FIRE_smer-tcs3-mobo-c,-1380,0.0559,2048.0,964.4,2075.9,1042.9,3072,2048
20160604_FIRE_smer-tcs3-mobo-c,-1380,0.0505,2048.0,967.5,2068.6,1040.4,3072,2048
20160604_FIRE_smer-tcs3-mobo-c,-1320,0.0942,2048.0,966.0,2076.2,1042.9,3072,2048
20160604_FIRE_smer-tcs3-mobo-c,-1320,0.0628,2048.0,970.1,2067.8,1041.8,3072,2048
20160604_FIRE_smer-tcs3-mobo-c,-1260,0.0775,2048.0,970.0,2068.2,1040.5,3072,2048
20160604_FIRE_smer-tcs3-mobo-c,-1260,0.0618,2048.0,967.1,2077.2,1042.5,3072,2048
20160604_FIRE_smer-tcs3-mobo-c,-1200,0.0799,2048.0,966.6,2077.1,1042.1,3072,2048
20160604_FIRE_smer-tcs3-mobo-c,-1200,0.0718,2048.0,969.1,2069.1,1040.2,3072,2048
20160604_FIRE_smer-tcs3-mobo-c,-1140,0.0839,2048.0,967.6,2076.3,1043.0,3072,2048
20160604_FIRE_smer-tcs3-mobo-c,-1140,0.0794,2048.0,971.7,2068.5,1040.6,3072,2048
20160604_FIRE_smer-tcs3-mobo-c,-1080,0.0617,2048.0,965.8,2076.1,1043.5,3072,2048
20160604_FIRE_smer-tcs3-mobo-c,-1080,0.0572,2048.0,968.9,2068.9,1040.7,3072,2048
20160604_FIRE_smer-tcs3-mobo-c,-1020,0.0554,959.9,1506.8,1070.6,1565.9,3072,2048
20160604_FIRE_smer-tcs3-mobo-c,-1020,0.0767,2048.0,968.0,2076.7,1042.6,3072,2048
20160604_FIRE_smer-tcs3-mobo-c,-1020,0.0583,2048.0,970.3,2068.5,1041.5,3072,2048
20160604_FIRE_smer-tcs3-mobo-c,-960,0.0873,2048.0,967.0,2076.5,1042.4,3072,2048
20160604_FIRE_smer-tcs3-mobo-c,-840,0.0551,2048.0,964.2,2076.2,1042.4,3072,2048
20160604_FIRE_smer-tcs3-mobo-c,-720,0.0649,2048.0,969.6,2068.8,1040.8,3072,2048
20160604_FIRE_smer-tcs3-mobo-c,-660,0.0511,2048.0,967.2,2067.6,1041.1,3072,2048
20160604_FIRE_smer-tcs3-mobo-c,-600,0.0943,2048.0,967.8,2076.9,1042.8,3072,2048
20160604_FIRE_smer-tcs3-mobo-c,-540,0.0826,2048.0,966.5,2075.4,1043.9,3072,2048
20160604_FIRE_smer-tcs3-mobo-c,-480,0.1099,2048.0,966.4,2076.8,1043.1,3072,2048
20160604_FIRE_smer-tcs3-mobo-c,-480,0.0693,2048.0,967.3,2068.5,1042.1,3072,2048
20160604_FIRE_smer-tcs3-mobo-c,-420,0.0803,2048.0,967.9,2077.2,1042.3,3072,2048
20160604_FIRE_smer-tcs3-mobo-c,-360,0.0599,2048.0,965.8,2075.0,1043.1,3072,2048
20160604_FIRE_smer-tcs3-mobo-c,-300,0.0675,2048.0,968.0,2076.0,1042.6,3072,2048
20160604_FIRE_smer-tcs3-mobo-c,-240,0.0623,2048.0,971.7,2068.0,1040.6,3072,2048
20160604_FIRE_smer-tcs3-mobo-c,-240,0.0535,2048.0,968.1,2076.8,1042.8,3072,2048
20160604_FIRE_smer-tcs3-mobo-c,-120,0.0773,2048.0,966.6,2075.3,1042.3,3072,2048
20160604_FIRE_smer-tcs3-mobo-c,-120,0.0526,2048.0,970.3,2067.3,1041.0,3072,2048
20160604_FIRE_smer-tcs3-mobo-c,-60,0.1042,2048.0,967.8,2076.3,1041.9,3072,2048
20160604_FIRE_smer-tcs3-mobo-c,0,0.3278,2005.5,828.2,2066.3,855.2,3072,2048
20160604_FIRE_smer-tcs3-mobo-c,0,0.0743,2048.0,968.0,2076.0,1041.5,3072,2048
20160604_FIRE_smer-tcs3-mobo-c,0,0.0585,2048.0,970.6,2068.3,1040.7,3072,2048
20160604_FIRE_smer-tcs3-mobo-c,60,0.1441,1909.4,797.3,1920.0,855.9,3072,2048
20160604_FIRE_smer-tcs3-mobo-c,60,0.1194,1911.3,808.7,1920.0,857.7,3072,2048
20160604_FIRE_smer-tcs3-mobo-c,60,0.6850,1914.4,792.0,2134.6,865.3,3072,2048
20160604_FIRE_smer-tcs3-mobo-c,60,0.3515,1913.0,792.6,2009.5,857.4,3072,2048
20160604_FIRE_smer-tcs3-mobo-c,60,0.8124,2053.5,803.7,2139.3,866.2,3072,2048
20160604_FIRE_smer-tcs3-mobo-c,60,0.1090,2048.0,967.0,2077.1,1042.7,3072,2048
20160604_FIRE_smer-tcs3-mobo-c,120,0.7776,1855.6,772.9,1920.0,859.8,3072,2048
20160604_FIRE_smer-tcs3-mobo-c,120,0.1754,1854.7,722.0,1920.0,861.7,3072,2048
20160604_FIRE_smer-tcs3-mobo-c,120,0.5618,1887.4,700.2,2165.8,870.2,3072,2048
20160604_FIRE_smer-tcs3-mobo-c,120,0.5133,1855.3,779.2,1939.5,859.8,3072,2048
20160604_FIRE_smer-tcs3-mobo-c,120,0.6583,2048.0,694.1,2166.3,869.0,3072,2048
20160604_FIRE_smer-tcs3-mobo-c,120,0.0637,2048.0,968.4,2077.0,1042.6,3072,2048
20160604_FIRE_smer-tcs3-mobo-c,180,0.6782,1831.4,782.1,1920.0,859.4,3072,2048
20160604_FIRE_smer-tcs3-mobo-c,180,0.1178,1832.0,720.1,1920.0,859.7,3072,2048
20160604_FIRE_smer-tcs3-mobo-c,180,0.3025,1890.5,617.6,2143.9,885.3,3072,2048
20160604_FIRE_smer-tcs3-mobo-c,180,0.2132,1840.5,636.0,2124.7,870.2,3072,2048
20160604_FIRE_smer-tcs3-mobo-c,180,0.1896,1843.9,603.2,2187.9,889.6,3072,2048
20160604_FIRE_smer-tcs3-mobo-c,180,0.1128,1830.4,677.1,2090.0,861.2,3072,2048
20160604_FIRE_smer-tcs3-mobo-c,180,0.3042,2048.0,577.1,2162.6,882.3,3072,2048
20160604_FIRE_smer-tcs3-mobo-c,180,0.1315,2048.0,967.2,2076.2,1043.3,3072,2048
20160604_FIRE_smer-tcs3-mobo-c,180,0.0713,2048.0,970.9,2068.0,1041.9,3072,2048
20160604_FIRE_smer-tcs3-mobo-c,240,0.0916,1876.5,709.7,1920.0,859.0,3072,2048
20160604_FIRE_smer-tcs3-mobo-c,240,0.0622,1843.0,700.8,1919.8,859.0,3072,2048
20160604_FIRE_smer-tcs3-mobo-c,240,0.0794,2048.0,966.9,2076.8,1043.4,3072,2048
20160604_FIRE_smer-tcs3-mobo-c,240,0.0632,2048.0,970.4,2069.8,1040.7,3072,2048
20160604_FIRE_smer-tcs3-mobo-c,300,0.2311,1821.4,678.4,1919.8,861.9,3072,2048
20160604_FIRE_smer-tcs3-mobo-c,300,0.0756,1845.4,631.2,1920.0,887.4,3072,2048
20160604_FIRE_smer-tcs3-mobo-c,300,0.0518,1861.0,591.0,1920.0,894.7,3072,2048
20160604_FIRE_smer-tcs3-mobo-c,300,0.1099,2048.0,967.3,2076.6,1042.5,3072,2048
20160604_FIRE_smer-tcs3-mobo-c,300,0.0588,2048.0,971.5,2068.1,1041.4,3072,2048
20160604_FIRE_smer-tcs3-mobo-c,360,0.3070,1801.2,626.5,1920.0,867.0,3072,2048
20160604_FIRE_smer-tcs3-mobo-c,360,0.0954,2048.0,610.4,2161.8,874.2,3072,2048
20160604_FIRE_smer-tcs3-mobo-c,360,0.0823,2048.0,966.7,2076.5,1042.9,3072,2048
20160604_FIRE_smer-tcs3-mobo-c,360,0.0667,2048.0,970.4,2069.2,1040.5,3072,2048
20160604_FIRE_smer-tcs3-mobo-c,420,0.5171,1766.6,633.1,1910.6,870.7,3072,2048
20160604_FIRE_smer-tcs3-mobo-c,420,0.0573,1792.1,786.7,1900.3,867.1,3072,2048
20160604_FIRE_smer-tcs3-mobo-c,420,0.0860,2048.0,965.8,2075.2,1042.5,3072,2048
20160604_FIRE_smer-tcs3-mobo-c,420,0.0699,2048.0,970.5,2068.3,1040.4,3072,2048
20160604_FIRE_smer-tcs3-mobo-c,480,0.1379,1728.5,634.8,1916.6,868.7,3072,2048
20160604_FIRE_smer-tcs3-mobo-c,480,0.0581,1856.9,791.2,1919.7,858.1,3072,2048
20160604_FIRE_smer-tcs3-mobo-c,480,0.3521,1855.6,792.9,1927.2,858.2,3072,2048
20160604_FIRE_smer-tcs3-mobo-c,480,0.1783,1808.5,792.7,1927.1,859.9,3072,2048
20160604_FIRE_smer-tcs3-mobo-c,480,0.0690,2048.0,967.0,2078.8,1042.5,3072,2048
20160604_FIRE_smer-tcs3-mobo-c,540,0.1172,1702.7,642.7,1916.4,881.6,3072,2048
20160604_FIRE_smer-tcs3-mobo-c,540,0.0894,2048.0,966.0,2077.6,1042.4,3072,2048
20160604_FIRE_smer-tcs3-mobo-c,540,0.0762,2048.0,969.4,2070.1,1040.7,3072,2048
20160604_FIRE_smer-tcs3-mobo-c,600,0.1881,1690.5,642.4,1852.8,878.7,3072,2048
20160604_FIRE_smer-tcs3-mobo-c,600,0.0972,2048.0,968.7,2077.0,1042.1,3072,2048
20160604_FIRE_smer-tcs3-mobo-c,600,0.0724,2048.0,970.9,2069.1,1041.2,3072,2048
20160604_FIRE_smer-tcs3-mobo-c,660,0.1828,1606.1,562.3,1920.0,911.4,3072,2048
20160604_FIRE_smer-tcs3-mobo-c,660,0.0989,1634.8,723.0,1766.1,892.2,3072,2048
20160604_FIRE_smer-tcs3-mobo-c,660,0.0965,1633.5,621.2,1869.1,920.8,3072,2048
20160604_FIRE_smer-tcs3-mobo-c,660,0.0547,1630.8,678.5,1805.8,908.1,3072,2048
20160604_FIRE_smer-tcs3-mobo-c,660,0.1012,2048.0,967.7,2077.6,1043.4,3072,2048
20160604_FIRE_smer-tcs3-mobo-c,660,0.0531,2048.0,970.9,2068.5,1042.3,3072,2048
20160604_FIRE_smer-tcs3-mobo-c,720,0.2805,1608.3,654.6,1856.9,922.5,3072,2048
20160604_FIRE_smer-tcs3-mobo-c,720,0.1308,1613.9,719.8,1758.5,897.3,3072,2048
20160604_FIRE_smer-tcs3-mobo-c,720,0.1141,1567.9,567.6,1919.3,906.2,3072,2048
20160604_FIRE_smer-tcs3-mobo-c,720,0.0667,1613.2,691.1,1817.9,901.8,3072,2048
20160604_FIRE_smer-tcs3-mobo-c,720,0.0739,2048.0,602.2,2124.9,884.2,3072,2048
20160604_FIRE_smer-tcs3-mobo-c,720,0.0630,2048.0,603.4,2167.9,883.1,3072,2048
20160604_FIRE_smer-tcs3-mobo-c,720,0.0695,2048.0,968.8,2077.5,1043.2,3072,2048
20160604_FIRE_smer-tcs3-mobo-c,780,0.3326,1607.7,686.1,1814.1,909.2,3072,2048
20160604_FIRE_smer-tcs3-mobo-c,780,0.1682,1619.2,651.0,1851.2,923.9,3072,2048
20160604_FIRE_smer-tcs3-mobo-c,780,0.0502,1572.3,666.1,1920.0,904.1,3072,2048
20160604_FIRE_smer-tcs3-mobo-c,840,0.2159,1610.1,666.7,1852.0,907.8,3072,2048
20160604_FIRE_smer-tcs3-mobo-c,840,0.1428,1605.6,638.0,1920.0,902.1,3072,2048
20160604_FIRE_smer-tcs3-mobo-c,840,0.0965,1615.2,690.3,1785.2,903.5,3072,2048
20160604_FIRE_smer-tcs3-mobo-c,840,0.0918,2048.0,967.7,2077.4,1042.5,3072,2048
20160604_FIRE_smer-tcs3-mobo-c,900,0.1213,1585.6,638.9,1918.4,924.6,3072,2048
20160604_FIRE_smer-tcs3-mobo-c,900,0.1208,1598.3,656.0,1776.3,922.9,3072,2048
20160604_FIRE_smer-tcs3-mobo-c,900,0.0624,1604.8,699.0,1726.5,902.4,3072,2048
20160604_FIRE_smer-tcs3-mobo-c,900,0.0600,1578.5,550.7,1903.6,894.0,3072,2048
20160604_FIRE_smer-tcs3-mobo-c,900,0.0532,1597.7,637.9,1833.8,932.0,3072,2048
20160604_FIRE_smer-tcs3-mobo-c,900,0.1142,2048.4,809.1,2111.6,863.0,3072,2048
20160604_FIRE_smer-tcs3-mobo-c,900,0.0714,2048.0,967.6,2075.7,1043.6,3072,2048
20160604_FIRE_smer-tcs3-mobo-c,960,0.1603,1573.0,617.1,1856.5,898.8,3072,2048
20160604_FIRE_smer-tcs3-mobo-c,960,0.0737,1578.8,706.9,1703.5,898.6,3072,2048
20160604_FIRE_smer-tcs3-mobo-c,960,0.0645,2048.0,965.0,2075.2,1042.8,3072,2048
20160604_FIRE_smer-tcs3-mobo-c,1020,0.0590,1543.0,620.2,1900.1,929.1,3072,2048
20160604_FIRE_smer-tcs3-mobo-c,1020,0.1743,2048.0,789.3,2128.2,865.5,3072,2048
20160604_FIRE_smer-tcs3-mobo-c,1020,0.0736,2048.0,607.7,2163.3,873.9,3072,2048
20160604_FIRE_smer-tcs3-mobo-c,1020,0.0671,2048.0,579.6,2193.3,920.5,3072,2048
20160604_FIRE_smer-tcs3-mobo-c,1020,0.0628,2048.0,964.9,2075.8,1043.7,3072,2048
20160604_FIRE_smer-tcs3-mobo-c,1080,0.1267,1510.7,607.7,1799.5,918.8,3072,2048
20160604_FIRE_smer-tcs3-mobo-c,1080,0.1184,1522.1,590.3,1909.2,912.4,3072,2048
20160604_FIRE_smer-tcs3-mobo-c,1080,0.0716,1488.0,628.0,1920.0,953.2,3072,2048
20160604_FIRE_smer-tcs3-mobo-c,1080,0.0582,2048.0,963.5,2076.1,1044.0,3072,2048
20160604_FIRE_smer-tcs3-mobo-c,1140,0.3910,1485.6,646.1,1813.8,907.7,3072,2048
20160604_FIRE_smer-tcs3-mobo-c,1140,0.1069,1496.0,661.0,1730.1,903.0,3072,2048
20160604_FIRE_smer-tcs3-mobo-c,1140,0.0628,1489.1,613.6,1756.2,932.5,3072,2048
20160604_FIRE_smer-tcs3-mobo-c,1140,0.1882,2050.2,645.2,2222.8,881.8,3072,2048
20160604_FIRE_smer-tcs3-mobo-c,1140,0.1291,2048.0,967.8,2076.1,1043.2,3072,2048
20160604_FIRE_smer-tcs3-mobo-c,1200,0.0762,1464.7,653.9,1817.0,905.1,3072,2048
20160604_FIRE_smer-tcs3-mobo-c,1200,0.1341,2061.7,814.7,2156.1,867.2,3072,2048
20160604_FIRE_smer-tcs3-mobo-c,1200,0.0999,2048.0,968.8,2076.7,1042.2,3072,2048
20160604_FIRE_smer-tcs3-mobo-c,1260,0.1075,2048.0,969.0,2077.3,1042.8,3072,2048
20160604_FIRE_smer-tcs3-mobo-c,1320,0.0529,2049.3,810.4,2156.5,869.1,3072,2048
20160604_FIRE_smer-tcs3-mobo-c,1320,0.0840,2048.0,970.1,2077.0,1042.3,3072,2048
20160604_FIRE_smer-tcs3-mobo-c,1380,0.0968,2048.0,970.1,2077.3,1042.3,3072,2048
20160604_FIRE_smer-tcs3-mobo-c,1440,0.0554,2048.0,969.2,2076.3,1042.8,3072,2048
20160604_FIRE_smer-tcs3-mobo-c,1500,0.1712,1375.7,624.8,1843.4,947.5,3072,2048
20160604_FIRE_smer-tcs3-mobo-c,1500,0.1200,1436.2,616.4,1909.3,977.7,3072,2048
20160604_FIRE_smer-tcs3-mobo-c,1500,0.0822,1382.2,667.5,1798.8,911.0,3072,2048
20160604_FIRE_smer-tcs3-mobo-c,1560,0.0550,968.2,945.4,1024.0,1005.9,3072,2048
20160604_FIRE_smer-tcs3-mobo-c,1560,0.1465,1405.5,591.9,1875.7,982.0,3072,2048
20160604_FIRE_smer-tcs3-mobo-c,1560,0.0881,1299.1,685.0,1719.2,906.5,3072,2048
20160604_FIRE_smer-tcs3-mobo-c,1560,0.0717,2048.0,968.5,2076.8,1042.7,3072,2048
20160604_FIRE_smer-tcs3-mobo-c,1620,0.3334,1407.4,632.0,1875.9,932.3,3072,2048
20160604_FIRE_smer-tcs3-mobo-c,1680,0.3305,2004.8,820.9,2090.3,862.3,3072,2048
20160604_FIRE_smer-tcs3-mobo-c,1680,0.1625,2048.5,821.1,2090.0,863.5,3072,2048
20160604_FIRE_smer-tcs3-mobo-c,1740,0.0991,924.4,943.9,1023.3,1006.1,3072,2048
20160604_FIRE_smer-tcs3-mobo-c,1740,0.0796,2048.0,788.1,2090.7,863.4,3072,2048
20160604_FIRE_smer-tcs3-mobo-c,1740,0.0668,2048.0,967.6,2077.3,1043.0,3072,2048
20160604_FIRE_smer-tcs3-mobo-c,1800,0.0648,2048.0,778.0,2081.7,862.5,3072,2048
20160604_FIRE_smer-tcs3-mobo-c,1860,0.1027,1640.9,778.3,1832.3,890.3,3072,2048
20160604_FIRE_smer-tcs3-mobo-c,1860,0.0624,2048.0,970.4,2076.9,1042.3,3072,2048
20160604_FIRE_smer-tcs3-mobo-c,1920,0.1256,1792.0,690.8,2059.3,866.5,3072,2048
20160604_FIRE_smer-tcs3-mobo-c,1920,0.0509,2048.0,968.6,2077.4,1043.2,3072,2048
20160604_FIRE_smer-tcs3-mobo-c,1980,0.2930,1800.8,727.7,2042.9,865.2,3072,2048
20160604_FIRE_smer-tcs3-mobo-c,1980,0.0530,2048.3,839.2,2079.4,861.1,3072,2048
20160604_FIRE_smer-tcs3-mobo-c,2040,0.0665,2048.0,968.2,2077.0,1042.7,3072,2048
20160604_FIRE_smer-tcs3-mobo-c,2100,0.2115,1792.6,791.1,2032.6,863.4,3072,2048
20160604_FIRE_smer-tcs3-mobo-c,2100,0.0607,2048.0,965.6,2075.3,1042.9,3072,2048
20160604_FIRE_smer-tcs3-mobo-c,2160,0.0563,2048.0,968.2,2075.8,1043.6,3072,2048
20160604_FIRE_smer-tcs3-mobo-c,2280,0.0527,2049.6,629.1,2174.7,863.7,3072,2048
20160604_FIRE_smer-tcs3-mobo-c,2340,0.0503,1273.9,627.8,1750.6,966.4,3072,2048
20160604_FIRE_smer-tcs3-mobo-c,2340,0.2132,2048.0,769.9,2158.3,863.6,3072,2048
20160604_FIRE_smer-tcs3-mobo-c,2340,0.1504,2048.4,688.4,2161.3,863.8,3072,2048
20160604_FIRE_smer-tcs3-mobo-c,2400,0.0569,1786.4,489.5,1862.8,555.8,3072,2048
20160619_FIRE_lp-e-iqeye,240,0.2368,1551.8,534.7,1586.8,561.9,1600,1200
20160619_FIRE_lp-e-iqeye,240,0.3481,1553.0,535.1,1585.3,561.8,1600,1200
20160619_FIRE_lp-e-iqeye,480,0.1591,1517.0,520.8,1584.4,561.1,1600,1200
20160619_FIRE_lp-e-iqeye,480,0.3227,1517.1,520.0,1584.0,560.8,1600,1200
20160619_FIRE_lp-e-iqeye,600,0.5357,1510.0,512.0,1581.7,562.0,1600,1200
20160619_FIRE_lp-e-iqeye,600,0.0857,1519.8,525.3,1581.9,561.9,1600,1200
20160619_FIRE_lp-e-iqeye,600,0.5892,1510.9,512.7,1580.9,561.6,1600,1200
20160619_FIRE_lp-e-iqeye,600,0.1059,1519.2,524.1,1581.2,561.6,1600,1200
20160619_FIRE_lp-e-iqeye,720,0.7586,1507.2,501.3,1582.1,561.8,1600,1200
20160619_FIRE_lp-e-iqeye,720,0.7406,1507.7,502.1,1582.5,561.5,1600,1200
20160619_FIRE_lp-e-iqeye,840,0.5745,1500.4,502.5,1584.6,561.4,1600,1200
20160619_FIRE_lp-e-iqeye,840,0.0949,1526.8,527.0,1584.1,561.5,1600,1200
20160619_FIRE_lp-e-iqeye,840,0.0925,1513.2,521.3,1583.0,561.4,1600,1200
20160619_FIRE_lp-e-iqeye,840,0.5004,1502.2,502.0,1584.5,561.3,1600,1200
20160619_FIRE_lp-e-iqeye,840,0.1421,1527.4,527.1,1584.0,561.3,1600,1200
20160619_FIRE_lp-e-iqeye,840,0.1123,1513.4,519.9,1585.3,562.2,1600,1200
20160619_FIRE_lp-e-iqeye,840,0.0523,1541.1,529.5,1583.5,561.5,1600,1200
20160619_FIRE_lp-e-iqeye,960,0.2176,1497.0,508.2,1584.4,561.6,1600,1200
20160619_FIRE_lp-e-iqeye,960,0.0850,1551.4,531.9,1581.6,560.8,1600,1200
20160619_FIRE_lp-e-iqeye,960,0.2461,1498.5,508.8,1583.9,561.5,1600,1200
20160619_FIRE_lp-e-iqeye,960,0.1409,1551.4,531.9,1581.2,560.6,1600,1200
20160619_FIRE_lp-e-iqeye,1080,0.0502,1547.3,526.7,1578.4,560.5,1600,1200
20160619_FIRE_lp-e-iqeye,1200,0.4882,1478.9,507.1,1575.7,561.5,1600,1200
20160619_FIRE_lp-e-iqeye,1200,0.0704,1523.4,509.6,1575.9,562.7,1600,1200
20160619_FIRE_lp-e-iqeye,1200,0.4845,1480.9,507.5,1575.8,562.0,1600,1200
20160619_FIRE_lp-e-iqeye,1200,0.1594,1524.6,510.0,1575.6,562.5,1600,1200
20160619_FIRE_lp-e-iqeye,1320,0.5806,1519.7,503.6,1571.0,561.7,1600,1200
20160619_FIRE_lp-e-iqeye,1320,0.1563,1547.0,529.4,1570.3,561.7,1600,1200
20160619_FIRE_lp-e-iqeye,1320,0.0557,1535.5,505.7,1570.9,561.5,1600,1200
20160619_FIRE_lp-e-iqeye,1320,0.5809,1520.1,504.0,1570.6,561.6,1600,1200
20160619_FIRE_lp-e-iqeye,1320,0.1846,1547.0,529.3,1570.0,561.5,1600,1200
20160619_FIRE_lp-e-iqeye,1320,0.0720,1534.2,505.9,1570.4,561.3,1600,1200
20160619_FIRE_lp-e-iqeye,1440,0.8051,1511.5,495.1,1568.6,560.7,1600,1200
20160619_FIRE_lp-e-iqeye,1440,0.7862,1511.3,495.4,1567.9,560.4,1600,1200
20160619_FIRE_lp-e-iqeye,1560,0.7913,1511.4,496.0,1568.4,561.4,1600,1200
20160619_FIRE_lp-e-iqeye,1560,0.7971,1512.0,496.1,1567.6,561.2,1600,1200
20160619_FIRE_lp-e-iqeye,1680,0.8296,1497.7,496.8,1579.1,562.1,1600,1200
20160619_FIRE_lp-e-iqeye,1680,0.8216,1498.8,497.0,1579.0,562.0,1600,1200
20160619_FIRE_lp-e-iqeye,1800,0.3014,1497.5,494.1,1579.8,562.2,1600,1200
20160619_FIRE_lp-e-iqeye,1800,0.3616,1497.7,494.2,1580.0,562.5,1600,1200
20160619_FIRE_lp-e-iqeye,1800,0.0542,1522.6,529.0,1579.4,561.9,1600,1200
20160619_FIRE_lp-e-iqeye,1920,0.2454,1522.8,529.7,1574.9,561.6,1600,1200
20160619_FIRE_lp-e-iqeye,1920,0.1161,1487.5,500.4,1576.3,561.6,1600,1200
20160619_FIRE_lp-e-iqeye,1920,0.0565,1502.1,516.1,1575.4,561.9,1600,1200
20160619_FIRE_lp-e-iqeye,1920,0.4633,1522.8,529.6,1574.9,561.7,1600,1200
20160619_FIRE_lp-e-iqeye,1920,0.1139,1507.4,526.2,1575.7,562.3,1600,1200
20160619_FIRE_lp-e-iqeye,1920,0.0695,1488.4,500.8,1576.3,561.8,1600,1200
20160619_FIRE_lp-e-iqeye,2040,0.0568,1534.2,529.7,1574.9,561.1,1600,1200
20160619_FIRE_lp-e-iqeye,2040,0.0550,1506.4,527.7,1576.1,561.7,1600,1200
20160619_FIRE_lp-e-iqeye,2400,0.2660,1529.3,529.3,1566.3,561.4,1600,1200
20160619_FIRE_lp-e-iqeye,2400,0.0856,1516.2,527.6,1566.6,561.6,1600,1200
20160619_FIRE_lp-e-iqeye,2400,0.4232,1528.9,529.0,1566.0,561.4,1600,1200
20160619_FIRE_lp-e-iqeye,2400,0.1450,1516.3,527.3,1566.6,561.5,1600,1200
20160619_FIRE_om-e-mobo-c,-1800,0.0510,1661.7,738.4,1687.4,759.1,2048,1536
20160619_FIRE_om-e-mobo-c,-1800,0.0635,1661.7,738.3,1687.7,759.1,2048,1536
20160619_FIRE_om-e-mobo-c,-1680,0.0578,1974.0,871.0,1985.1,892.6,2048,1536
20160619_FIRE_om-e-mobo-c,-1560,0.1020,1973.7,869.0,1985.2,891.4,2048,1536
20160619_FIRE_om-e-mobo-c,-1560,0.0942,1973.1,868.4,1985.5,892.0,2048,1536
20160619_FIRE_om-e-mobo-c,-1440,0.1220,342.3,731.7,383.7,758.5,2048,1536
20160619_FIRE_om-e-mobo-c,-1440,0.0893,343.3,736.2,360.7,757.7,2048,1536
20160619_FIRE_om-e-mobo-c,-1440,0.0880,343.1,733.0,366.4,757.7,2048,1536
20160619_FIRE_om-e-mobo-c,-1440,0.0834,342.7,731.0,383.4,758.6,2048,1536
20160619_FIRE_om-e-mobo-c,-1440,0.0741,343.1,735.2,361.5,757.7,2048,1536
20160619_FIRE_om-e-mobo-c,-1440,0.0623,342.9,732.3,366.7,757.7,2048,1536
20160619_FIRE_om-e-mobo-c,-1200,0.1160,342.7,741.9,359.2,757.6,2048,1536
20160619_FIRE_om-e-mobo-c,-1200,0.0710,342.8,741.4,359.5,757.7,2048,1536
20160619_FIRE_om-e-mobo-c,-1080,0.0822,1648.6,742.3,1670.9,759.5,2048,1536
20160619_FIRE_om-e-mobo-c,-1080,0.0757,1648.5,742.2,1671.0,759.5,2048,1536
20160619_FIRE_om-e-mobo-c,-960,0.0917,960.8,743.2,991.4,770.6,2048,1536
20160619_FIRE_om-e-mobo-c,-960,0.0757,1658.5,727.8,1701.3,759.5,2048,1536
20160619_FIRE_om-e-mobo-c,-960,0.1084,1658.5,727.8,1701.4,759.5,2048,1536
20160619_FIRE_om-e-mobo-c,-960,0.0649,1658.3,727.4,1701.3,759.5,2048,1536
20160619_FIRE_om-e-mobo-c,-960,0.0623,959.2,742.3,989.9,770.5,2048,1536
20160619_FIRE_om-e-mobo-c,-960,0.0838,1658.3,727.4,1701.5,759.5,2048,1536
20160619_FIRE_om-e-mobo-c,-660,0.1373,344.2,743.2,358.3,757.4,2048,1536
20160619_FIRE_om-e-mobo-c,-660,0.0788,343.7,742.3,358.7,757.4,2048,1536
20160619_FIRE_om-e-mobo-c,-360,0.0657,343.8,728.3,393.7,758.7,2048,1536
20160619_FIRE_om-e-mobo-c,-300,0.0624,1650.9,735.7,1679.5,758.5,2048,1536
20160619_FIRE_om-e-mobo-c,-300,0.1346,1975.5,871.5,1985.5,893.5,2048,1536
20160619_FIRE_om-e-mobo-c,-300,0.0688,1650.9,735.7,1679.6,758.5,2048,1536
20160619_FIRE_om-e-mobo-c,-300,0.0968,1975.5,871.4,1985.6,893.5,2048,1536
20160619_FIRE_om-e-mobo-c,-240,0.0740,339.1,739.2,360.1,757.6,2048,1536
20160619_FIRE_om-e-mobo-c,-240,0.0918,1973.6,869.0,1984.5,891.3,2048,1536
20160619_FIRE_om-e-mobo-c,-240,0.0704,339.1,739.1,360.1,757.6,2048,1536
20160619_FIRE_om-e-mobo-c,-240,0.0593,1971.4,867.6,1984.5,892.2,2048,1536
20160619_FIRE_om-e-mobo-c,-180,0.0845,346.1,730.9,384.4,758.2,2048,1536
20160619_FIRE_om-e-mobo-c,-180,0.0747,346.2,730.8,384.0,758.2,2048,1536
20160619_FIRE_om-e-mobo-c,-120,0.0587,1656.4,732.1,1693.9,759.1,2048,1536
20160619_FIRE_om-e-mobo-c,60,0.0658,368.7,731.4,395.8,759.3,2048,1536
20160619_FIRE_om-e-mobo-c,60,0.0518,358.7,729.4,397.0,759.3,2048,1536
20160619_FIRE_om-e-mobo-c,60,0.0520,368.1,730.5,395.9,759.4,2048,1536
20160619_FIRE_om-e-mobo-c,120,0.0945,1007.6,781.5,1024.0,806.5,2048,1536
20160619_FIRE_om-e-mobo-c,120,0.0624,344.9,741.3,361.7,757.9,2048,1536
20160619_FIRE_om-e-mobo-c,180,0.0953,1648.4,735.6,1682.2,759.2,2048,1536
20160619_FIRE_om-e-mobo-c,180,0.1079,1648.3,735.5,1682.4,759.2,2048,1536
20160619_FIRE_om-e-mobo-c,180,0.0731,1648.1,735.1,1682.8,759.2,2048,1536
20160619_FIRE_om-e-mobo-c,180,0.0783,1648.1,734.9,1683.0,759.2,2048,1536
20160619_FIRE_om-e-mobo-c,240,0.1044,1011.2,773.9,1024.0,804.1,2048,1536
20160619_FIRE_om-e-mobo-c,240,0.0608,1013.5,777.7,1024.0,802.6,2048,1536
20160619_FIRE_om-e-mobo-c,240,0.0946,1024.0,781.5,1035.4,811.9,2048,1536
20160619_FIRE_om-e-mobo-c,240,0.0655,1011.0,773.7,1024.0,804.7,2048,1536
20160619_FIRE_om-e-mobo-c,300,0.2970,1010.7,774.6,1024.0,800.7,2048,1536
20160619_FIRE_om-e-mobo-c,300,0.5839,1010.0,777.9,1035.6,800.7,2048,1536
20160619_FIRE_om-e-mobo-c,300,0.3013,1024.0,777.1,1035.2,809.9,2048,1536
20160619_FIRE_om-e-mobo-c,300,0.2527,1010.6,774.2,1024.0,801.1,2048,1536
20160619_FIRE_om-e-mobo-c,300,0.4471,1009.8,777.3,1036.4,801.2,2048,1536
20160619_FIRE_om-e-mobo-c,300,0.2475,1024.0,776.3,1035.3,809.8,2048,1536
20160619_FIRE_om-e-mobo-c,360,0.4205,1010.5,771.7,1024.0,801.8,2048,1536
20160619_FIRE_om-e-mobo-c,360,0.0502,1010.8,752.9,1023.9,799.1,2048,1536
20160619_FIRE_om-e-mobo-c,360,0.8464,1009.8,771.1,1039.3,801.1,2048,1536
20160619_FIRE_om-e-mobo-c,360,0.4879,1024.0,770.6,1039.6,799.8,2048,1536
20160619_FIRE_om-e-mobo-c,360,0.1351,1024.0,771.5,1038.3,813.5,2048,1536
20160619_FIRE_om-e-mobo-c,360,0.3681,1010.4,771.4,1024.0,802.4,2048,1536
20160619_FIRE_om-e-mobo-c,360,0.0550,1010.7,751.3,1024.0,799.3,2048,1536
20160619_FIRE_om-e-mobo-c,360,0.8231,1009.6,771.1,1039.6,801.5,2048,1536
20160619_FIRE_om-e-mobo-c,360,0.4280,1024.1,770.5,1039.7,800.7,2048,1536
20160619_FIRE_om-e-mobo-c,360,0.0978,1024.0,771.6,1038.3,813.4,2048,1536
20160619_FIRE_om-e-mobo-c,420,0.3878,1009.1,771.1,1024.0,800.7,2048,1536
20160619_FIRE_om-e-mobo-c,420,0.0728,1009.5,753.0,1024.0,798.0,2048,1536
20160619_FIRE_om-e-mobo-c,420,0.8218,1008.6,769.8,1045.3,799.3,2048,1536
20160619_FIRE_om-e-mobo-c,420,0.4096,1024.1,769.2,1043.6,790.9,2048,1536
20160619_FIRE_om-e-mobo-c,420,0.1657,1024.2,769.1,1046.3,796.2,2048,1536
20160619_FIRE_om-e-mobo-c,420,0.0936,1024.0,770.2,1041.1,811.5,2048,1536
20160619_FIRE_om-e-mobo-c,420,0.3380,1009.0,770.8,1024.0,801.2,2048,1536
20160619_FIRE_om-e-mobo-c,420,0.0798,1009.4,751.5,1024.0,798.2,2048,1536
20160619_FIRE_om-e-mobo-c,420,0.7997,1008.4,769.7,1045.7,799.6,2048,1536
20160619_FIRE_om-e-mobo-c,420,0.3921,1024.1,769.0,1043.8,791.9,2048,1536
20160619_FIRE_om-e-mobo-c,420,0.1781,1024.2,768.9,1046.4,797.7,2048,1536
20160619_FIRE_om-e-mobo-c,420,0.0965,1024.1,769.9,1044.1,813.2,2048,1536
20160619_FIRE_om-e-mobo-c,480,0.2689,1007.1,773.4,1024.0,804.4,2048,1536
20160619_FIRE_om-e-mobo-c,480,0.1128,1007.6,765.5,1024.0,800.5,2048,1536
20160619_FIRE_om-e-mobo-c,480,0.0718,357.4,730.7,406.6,759.9,2048,1536
20160619_FIRE_om-e-mobo-c,480,0.7033,1006.8,768.8,1049.8,796.9,2048,1536
20160619_FIRE_om-e-mobo-c,480,0.3070,1024.1,767.9,1050.4,785.9,2048,1536
20160619_FIRE_om-e-mobo-c,480,0.0938,1024.0,768.6,1045.3,796.7,2048,1536
20160619_FIRE_om-e-mobo-c,480,0.2105,1007.3,772.6,1024.0,804.0,2048,1536
20160619_FIRE_om-e-mobo-c,480,0.0955,1007.5,763.7,1024.0,800.0,2048,1536
20160619_FIRE_om-e-mobo-c,480,0.0541,357.6,730.2,406.7,759.8,2048,1536
20160619_FIRE_om-e-mobo-c,480,0.6628,1006.7,768.8,1050.1,797.2,2048,1536
20160619_FIRE_om-e-mobo-c,480,0.2764,1024.0,768.2,1048.1,786.2,2048,1536
20160619_FIRE_om-e-mobo-c,480,0.0943,1024.0,768.3,1045.3,797.1,2048,1536
20160619_FIRE_om-e-mobo-c,480,0.0515,1024.2,755.8,1050.2,784.4,2048,1536
20160619_FIRE_om-e-mobo-c,540,0.3307,1006.7,769.0,1024.0,802.5,2048,1536
20160619_FIRE_om-e-mobo-c,540,0.0558,1008.1,750.5,1024.0,798.9,2048,1536
20160619_FIRE_om-e-mobo-c,540,0.1387,1005.4,769.0,1050.8,802.6,2048,1536
20160619_FIRE_om-e-mobo-c,540,0.1001,1005.7,769.5,1038.6,800.9,2048,1536
20160619_FIRE_om-e-mobo-c,540,0.2625,1006.7,768.6,1024.0,802.7,2048,1536
20160619_FIRE_om-e-mobo-c,540,0.0657,1008.0,748.3,1024.0,799.9,2048,1536
20160619_FIRE_om-e-mobo-c,540,0.1362,1005.2,768.9,1052.0,803.0,2048,1536
20160619_FIRE_om-e-mobo-c,540,0.0714,1005.6,769.4,1040.2,801.2,2048,1536
20160619_FIRE_om-e-mobo-c,600,0.2685,1008.9,764.2,1024.0,801.2,2048,1536
20160619_FIRE_om-e-mobo-c,600,0.0969,1011.0,750.0,1024.0,798.4,2048,1536
20160619_FIRE_om-e-mobo-c,600,0.2759,1007.8,764.3,1060.2,800.9,2048,1536
20160619_FIRE_om-e-mobo-c,600,0.0942,1008.2,767.3,1036.8,800.8,2048,1536
20160619_FIRE_om-e-mobo-c,600,0.1437,1030.2,768.7,1062.2,783.3,2048,1536
20160619_FIRE_om-e-mobo-c,600,0.2566,1009.3,755.1,1024.0,801.8,2048,1536
20160619_FIRE_om-e-mobo-c,600,0.1814,1008.6,768.1,1024.0,801.3,2048,1536
20160619_FIRE_om-e-mobo-c,600,0.2651,1007.6,763.8,1060.2,801.3,2048,1536
20160619_FIRE_om-e-mobo-c,600,0.0812,1007.8,766.5,1045.8,801.0,2048,1536
20160619_FIRE_om-e-mobo-c,600,0.0917,1027.3,768.4,1062.4,783.9,2048,1536
20160619_FIRE_om-e-mobo-c,660,0.3512,1009.9,759.0,1024.0,802.0,2048,1536
20160619_FIRE_om-e-mobo-c,660,0.5010,1009.6,768.0,1032.1,801.0,2048,1536
20160619_FIRE_om-e-mobo-c,660,0.0580,1007.8,764.1,1062.6,801.0,2048,1536
20160619_FIRE_om-e-mobo-c,660,0.2235,1024.0,770.0,1031.7,798.9,2048,1536
20160619_FIRE_om-e-mobo-c,660,0.1313,1024.0,771.8,1031.8,809.1,2048,1536
20160619_FIRE_om-e-mobo-c,660,0.0727,1024.0,769.6,1036.4,805.3,2048,1536
20160619_FIRE_om-e-mobo-c,660,0.3417,1009.9,753.9,1024.0,802.0,2048,1536
20160619_FIRE_om-e-mobo-c,660,0.4206,1009.3,767.7,1032.8,801.4,2048,1536
20160619_FIRE_om-e-mobo-c,660,0.0761,1007.3,763.3,1062.8,801.4,2048,1536
20160619_FIRE_om-e-mobo-c,660,0.1784,1024.0,769.5,1031.9,800.8,2048,1536
20160619_FIRE_om-e-mobo-c,660,0.0772,1024.0,769.3,1036.5,806.7,2048,1536
20160619_FIRE_om-e-mobo-c,660,0.0592,1024.3,768.2,1055.3,806.3,2048,1536
20160619_FIRE_om-e-mobo-c,720,0.2315,1009.0,755.5,1024.0,800.2,2048,1536
20160619_FIRE_om-e-mobo-c,720,0.1130,1008.6,768.5,1024.0,800.4,2048,1536
20160619_FIRE_om-e-mobo-c,720,0.3700,1008.3,768.4,1038.8,799.5,2048,1536
20160619_FIRE_om-e-mobo-c,720,0.0920,1007.9,766.9,1065.9,800.5,2048,1536
20160619_FIRE_om-e-mobo-c,720,0.2255,1008.7,755.1,1024.0,800.4,2048,1536
20160619_FIRE_om-e-mobo-c,720,0.0972,1008.3,768.4,1024.0,800.8,2048,1536
20160619_FIRE_om-e-mobo-c,720,0.2672,1007.9,768.1,1039.4,799.7,2048,1536
20160619_FIRE_om-e-mobo-c,720,0.0868,1007.6,766.7,1070.0,800.3,2048,1536
20160619_FIRE_om-e-mobo-c,720,0.0791,1006.7,766.0,1049.3,800.5,2048,1536
20160619_FIRE_om-e-mobo-c,780,0.1571,1008.6,769.2,1024.0,800.8,2048,1536
20160619_FIRE_om-e-mobo-c,780,0.5506,1007.0,767.3,1079.7,799.2,2048,1536
20160619_FIRE_om-e-mobo-c,780,0.1474,1007.9,769.4,1037.0,799.3,2048,1536
20160619_FIRE_om-e-mobo-c,780,0.4733,1042.9,768.5,1080.3,785.7,2048,1536
20160619_FIRE_om-e-mobo-c,780,0.1245,1027.6,767.8,1081.0,787.6,2048,1536
20160619_FIRE_om-e-mobo-c,780,0.1297,1008.3,768.7,1024.0,801.3,2048,1536
20160619_FIRE_om-e-mobo-c,780,0.1147,1008.2,756.0,1024.0,800.4,2048,1536
20160619_FIRE_om-e-mobo-c,780,0.5755,1006.5,767.2,1079.4,799.3,2048,1536
20160619_FIRE_om-e-mobo-c,780,0.0956,1007.6,769.5,1037.6,799.6,2048,1536
20160619_FIRE_om-e-mobo-c,780,0.3366,1042.2,768.2,1080.4,785.9,2048,1536
20160619_FIRE_om-e-mobo-c,780,0.1435,1031.0,767.5,1080.8,787.3,2048,1536
20160619_FIRE_om-e-mobo-c,840,0.1729,1009.4,767.0,1024.0,800.2,2048,1536
20160619_FIRE_om-e-mobo-c,840,0.0644,1009.5,749.9,1024.0,796.5,2048,1536
20160619_FIRE_om-e-mobo-c,840,0.4420,1008.2,769.8,1034.3,798.7,2048,1536
20160619_FIRE_om-e-mobo-c,840,0.2562,1024.0,779.7,1030.8,802.1,2048,1536
20160619_FIRE_om-e-mobo-c,840,0.1429,1024.0,772.2,1031.6,799.8,2048,1536
20160619_FIRE_om-e-mobo-c,840,0.0761,1024.0,780.7,1030.5,811.2,2048,1536
20160619_FIRE_om-e-mobo-c,840,0.1391,1008.9,755.8,1024.0,800.5,2048,1536
20160619_FIRE_om-e-mobo-c,840,0.0876,1008.6,768.6,1024.0,800.6,2048,1536
20160619_FIRE_om-e-mobo-c,840,0.0551,1006.9,746.9,1024.0,797.4,2048,1536
20160619_FIRE_om-e-mobo-c,840,0.3341,1007.6,769.6,1035.8,798.9,2048,1536
20160619_FIRE_om-e-mobo-c,840,0.1933,1024.0,778.5,1031.0,803.4,2048,1536
20160619_FIRE_om-e-mobo-c,840,0.1273,1024.0,770.9,1032.1,800.9,2048,1536
20160619_FIRE_om-e-mobo-c,840,0.0594,1024.0,780.0,1030.7,811.2,2048,1536
20160619_FIRE_om-e-mobo-c,840,0.0567,1024.0,773.2,1036.4,802.7,2048,1536
20160619_FIRE_om-e-mobo-c,900,0.1298,1009.6,770.4,1024.0,802.6,2048,1536
20160619_FIRE_om-e-mobo-c,900,0.1097,1008.7,770.4,1033.5,801.4,2048,1536
20160619_FIRE_om-e-mobo-c,900,0.1019,1009.5,780.2,1027.6,801.4,2048,1536
20160619_FIRE_om-e-mobo-c,900,0.0759,1024.1,768.5,1036.1,789.4,2048,1536
20160619_FIRE_om-e-mobo-c,900,0.0546,1024.1,767.6,1040.0,787.8,2048,1536
20160619_FIRE_om-e-mobo-c,900,0.1064,1009.1,770.0,1024.0,803.0,2048,1536
20160619_FIRE_om-e-mobo-c,900,0.0603,1008.4,756.5,1024.0,802.5,2048,1536
20160619_FIRE_om-e-mobo-c,900,0.0900,1008.1,770.0,1035.4,801.8,2048,1536
20160619_FIRE_om-e-mobo-c,900,0.0523,1008.8,773.3,1028.6,801.7,2048,1536
20160619_FIRE_om-e-mobo-c,900,0.0560,1024.1,768.0,1037.0,790.5,2048,1536
20160619_FIRE_om-e-mobo-c,960,0.4014,1010.7,770.8,1024.0,801.3,2048,1536
20160619_FIRE_om-e-mobo-c,960,0.0822,1012.2,750.3,1024.0,801.2,2048,1536
20160619_FIRE_om-e-mobo-c,960,0.6023,1010.6,773.0,1027.1,800.5,2048,1536
20160619_FIRE_om-e-mobo-c,960,0.3479,1010.2,770.7,1024.0,801.9,2048,1536
20160619_FIRE_om-e-mobo-c,960,0.0835,1011.9,748.0,1024.0,801.5,2048,1536
20160619_FIRE_om-e-mobo-c,960,0.5446,1010.2,772.4,1027.7,801.0,2048,1536
20160619_FIRE_om-e-mobo-c,1020,0.3235,1010.3,767.5,1024.0,801.0,2048,1536
20160619_FIRE_om-e-mobo-c,1020,0.1792,1010.7,745.4,1024.0,801.4,2048,1536
20160619_FIRE_om-e-mobo-c,1020,0.7344,1009.4,770.4,1033.7,799.9,2048,1536
20160619_FIRE_om-e-mobo-c,1020,0.2464,1024.0,768.6,1032.8,797.5,2048,1536
20160619_FIRE_om-e-mobo-c,1020,0.1565,1024.1,768.9,1037.1,798.9,2048,1536
20160619_FIRE_om-e-mobo-c,1020,0.1451,1024.0,772.1,1031.8,801.9,2048,1536
20160619_FIRE_om-e-mobo-c,1020,0.3054,1010.0,753.4,1024.0,801.2,2048,1536
20160619_FIRE_om-e-mobo-c,1020,0.2362,1008.9,770.2,1024.0,801.5,2048,1536
20160619_FIRE_om-e-mobo-c,1020,0.6795,1009.1,770.2,1034.2,800.1,2048,1536
20160619_FIRE_om-e-mobo-c,1020,0.2174,1024.0,768.3,1033.5,798.1,2048,1536
20160619_FIRE_om-e-mobo-c,1020,0.1574,1024.1,768.6,1037.5,799.5,2048,1536
20160619_FIRE_om-e-mobo-c,1080,0.1833,1009.1,768.5,1024.0,802.1,2048,1536
20160619_FIRE_om-e-mobo-c,1080,0.1458,1009.3,756.0,1024.0,801.3,2048,1536
20160619_FIRE_om-e-mobo-c,1080,0.0648,1011.3,743.6,1024.0,798.2,2048,1536
20160619_FIRE_om-e-mobo-c,1080,0.2024,1007.6,768.4,1039.8,800.6,2048,1536
20160619_FIRE_om-e-mobo-c,1080,0.1555,1009.1,753.2,1024.0,801.8,2048,1536
20160619_FIRE_om-e-mobo-c,1080,0.1402,1008.9,767.1,1024.0,802.4,2048,1536
20160619_FIRE_om-e-mobo-c,1080,0.0716,1010.2,738.7,1024.0,800.0,2048,1536
20160619_FIRE_om-e-mobo-c,1080,0.1209,1007.1,768.0,1040.6,800.9,2048,1536
20160619_FIRE_om-e-mobo-c,1140,0.1023,1009.7,759.7,1024.0,801.6,2048,1536
20160619_FIRE_om-e-mobo-c,1140,0.5495,1008.2,767.5,1048.3,799.2,2048,1536
20160619_FIRE_om-e-mobo-c,1140,0.3265,1024.1,767.4,1048.3,796.7,2048,1536
20160619_FIRE_om-e-mobo-c,1140,0.2344,1024.0,767.6,1047.5,808.4,2048,1536
20160619_FIRE_om-e-mobo-c,1140,0.1877,1024.5,767.6,1048.5,787.6,2048,1536
20160619_FIRE_om-e-mobo-c,1140,0.0755,1009.7,757.7,1024.0,801.9,2048,1536
20160619_FIRE_om-e-mobo-c,1140,0.5072,1008.1,767.3,1048.7,798.9,2048,1536
20160619_FIRE_om-e-mobo-c,1140,0.3264,1024.1,767.0,1048.3,795.4,2048,1536
20160619_FIRE_om-e-mobo-c,1140,0.2350,1024.0,767.3,1047.4,808.1,2048,1536
20160619_FIRE_om-e-mobo-c,1140,0.0633,1024.1,753.2,1048.3,788.1,2048,1536
20160619_FIRE_om-e-mobo-c,1200,0.3062,1006.7,756.8,1024.0,799.4,2048,1536
20160619_FIRE_om-e-mobo-c,1200,0.1030,1008.1,744.0,1024.0,797.1,2048,1536
20160619_FIRE_om-e-mobo-c,1200,0.0512,1009.9,729.2,1024.0,792.1,2048,1536
20160619_FIRE_om-e-mobo-c,1200,0.6119,1006.3,760.7,1050.0,798.2,2048,1536
20160619_FIRE_om-e-mobo-c,1200,0.3131,1024.0,757.0,1050.0,787.7,2048,1536
20160619_FIRE_om-e-mobo-c,1200,0.1317,1024.0,759.0,1050.6,810.8,2048,1536
20160619_FIRE_om-e-mobo-c,1200,0.0971,1024.1,748.8,1052.9,785.3,2048,1536
20160619_FIRE_om-e-mobo-c,1200,0.2635,1006.7,755.9,1024.0,799.6,2048,1536
20160619_FIRE_om-e-mobo-c,1200,0.0966,1007.7,743.5,1024.0,796.9,2048,1536
20160619_FIRE_om-e-mobo-c,1200,0.5645,1006.3,760.3,1050.6,797.8,2048,1536
20160619_FIRE_om-e-mobo-c,1200,0.3384,1024.0,755.8,1050.2,788.2,2048,1536
20160619_FIRE_om-e-mobo-c,1200,0.1192,1024.1,748.0,1053.4,785.5,2048,1536
20160619_FIRE_om-e-mobo-c,1200,0.1152,1024.0,761.2,1048.0,808.7,2048,1536
20160619_FIRE_om-e-mobo-c,1260,0.3928,1005.8,751.9,1024.0,799.9,2048,1536
20160619_FIRE_om-e-mobo-c,1260,0.2892,1003.6,755.1,1053.3,800.3,2048,1536
20160619_FIRE_om-e-mobo-c,1260,0.2291,1004.2,758.0,1037.0,799.8,2048,1536
20160619_FIRE_om-e-mobo-c,1260,0.0572,1024.3,748.5,1053.4,777.6,2048,1536
20160619_FIRE_om-e-mobo-c,1260,0.3566,1005.6,751.6,1024.0,800.1,2048,1536
20160619_FIRE_om-e-mobo-c,1260,0.2769,1003.2,754.7,1054.0,800.5,2048,1536
20160619_FIRE_om-e-mobo-c,1260,0.1835,1004.0,757.2,1039.1,799.9,2048,1536
20160619_FIRE_om-e-mobo-c,1260,0.0514,1024.3,747.9,1053.5,778.4,2048,1536
20160619_FIRE_om-e-mobo-c,1320,0.1693,1006.3,754.1,1024.0,800.0,2048,1536
20160619_FIRE_om-e-mobo-c,1320,0.0809,1008.7,746.0,1024.0,795.2,2048,1536
20160619_FIRE_om-e-mobo-c,1320,0.4976,1004.7,759.3,1036.9,799.0,2048,1536
20160619_FIRE_om-e-mobo-c,1320,0.0854,1004.0,758.8,1055.0,799.4,2048,1536
20160619_FIRE_om-e-mobo-c,1320,0.2334,1024.0,758.5,1044.4,786.9,2048,1536
20160619_FIRE_om-e-mobo-c,1320,0.1841,1024.3,758.5,1053.4,787.8,2048,1536
20160619_FIRE_om-e-mobo-c,1320,0.1532,1024.1,756.7,1037.9,786.4,2048,1536
20160619_FIRE_om-e-mobo-c,1320,0.1422,1006.4,753.2,1024.0,800.1,2048,1536
20160619_FIRE_om-e-mobo-c,1320,0.0654,1008.1,745.3,1024.0,794.5,2048,1536
20160619_FIRE_om-e-mobo-c,1320,0.3910,1004.7,759.2,1038.0,798.8,2048,1536
20160619_FIRE_om-e-mobo-c,1320,0.1152,1004.1,758.8,1055.4,799.2,2048,1536
20160619_FIRE_om-e-mobo-c,1320,0.2181,1024.0,758.0,1046.5,787.0,2048,1536
20160619_FIRE_om-e-mobo-c,1320,0.1504,1024.1,755.5,1038.8,786.5,2048,1536
20160619_FIRE_om-e-mobo-c,1320,0.1219,1024.0,756.7,1055.5,787.4,2048,1536
20160619_FIRE_om-e-mobo-c,1380,0.5017,1005.2,747.0,1024.0,799.4,2048,1536
20160619_FIRE_om-e-mobo-c,1380,0.0886,1005.1,771.4,1023.8,800.6,2048,1536
20160619_FIRE_om-e-mobo-c,1380,0.0881,1006.7,721.4,1023.9,798.9,2048,1536
20160619_FIRE_om-e-mobo-c,1380,0.7560,1004.4,752.4,1039.9,798.7,2048,1536
20160619_FIRE_om-e-mobo-c,1380,0.2480,1024.1,753.5,1042.2,788.8,2048,1536
20160619_FIRE_om-e-mobo-c,1380,0.2007,1024.0,753.0,1048.0,794.2,2048,1536
20160619_FIRE_om-e-mobo-c,1380,0.1848,1024.1,754.1,1057.9,790.1,2048,1536
20160619_FIRE_om-e-mobo-c,1380,0.0691,1024.0,753.2,1059.5,810.2,2048,1536
20160619_FIRE_om-e-mobo-c,1380,0.0653,1024.2,755.1,1044.0,810.0,2048,1536
20160619_FIRE_om-e-mobo-c,1380,0.4640,1005.2,746.7,1024.0,799.7,2048,1536
20160619_FIRE_om-e-mobo-c,1380,0.0905,1006.4,719.6,1023.9,799.4,2048,1536
20160619_FIRE_om-e-mobo-c,1380,0.0681,1005.1,771.3,1023.9,801.4,2048,1536
20160619_FIRE_om-e-mobo-c,1380,0.7094,1004.4,752.4,1040.7,798.7,2048,1536
20160619_FIRE_om-e-mobo-c,1380,0.2540,1024.0,752.9,1043.2,789.0,2048,1536
20160619_FIRE_om-e-mobo-c,1380,0.1910,1024.1,753.8,1058.2,790.2,2048,1536
20160619_FIRE_om-e-mobo-c,1380,0.1847,1024.0,752.0,1050.0,793.4,2048,1536
20160619_FIRE_om-e-mobo-c,1380,0.0956,1024.0,742.1,1042.7,786.4,2048,1536
20160619_FIRE_om-e-mobo-c,1380,0.0631,1024.0,752.5,1060.3,810.0,2048,1536
20160619_FIRE_om-e-mobo-c,1380,0.0627,1024.1,755.0,1044.3,810.1,2048,1536
20160619_FIRE_om-e-mobo-c,1440,0.4924,1001.5,745.3,1024.0,800.2,2048,1536
20160619_FIRE_om-e-mobo-c,1440,0.0914,1001.3,712.3,1024.0,799.1,2048,1536
20160619_FIRE_om-e-mobo-c,1440,0.7442,1001.5,749.8,1045.1,800.1,2048,1536
20160619_FIRE_om-e-mobo-c,1440,0.3827,1024.0,746.5,1042.9,786.1,2048,1536
20160619_FIRE_om-e-mobo-c,1440,0.2218,1024.0,744.9,1045.8,794.0,2048,1536
20160619_FIRE_om-e-mobo-c,1440,0.2090,1024.0,746.8,1056.2,789.9,2048,1536
20160619_FIRE_om-e-mobo-c,1440,0.1861,1024.0,746.6,1050.6,800.9,2048,1536
20160619_FIRE_om-e-mobo-c,1440,0.1016,1024.0,746.8,1058.0,812.0,2048,1536
20160619_FIRE_om-e-mobo-c,1440,0.4572,1001.2,745.0,1024.0,800.4,2048,1536
20160619_FIRE_om-e-mobo-c,1440,0.0956,1000.8,710.5,1024.0,799.5,2048,1536
20160619_FIRE_om-e-mobo-c,1440,0.7142,1001.1,749.7,1046.8,800.3,2048,1536
20160619_FIRE_om-e-mobo-c,1440,0.3735,1024.0,745.8,1043.9,786.9,2048,1536
20160619_FIRE_om-e-mobo-c,1440,0.2382,1024.0,746.5,1056.3,790.1,2048,1536
20160619_FIRE_om-e-mobo-c,1440,0.2217,1024.1,747.3,1047.7,797.3,2048,1536
20160619_FIRE_om-e-mobo-c,1440,0.0892,1024.0,746.1,1058.5,811.5,2048,1536
20160619_FIRE_om-e-mobo-c,1500,0.5355,999.1,744.4,1024.0,800.2,2048,1536
20160619_FIRE_om-e-mobo-c,1500,0.0735,997.1,711.7,1024.0,799.0,2048,1536
20160619_FIRE_om-e-mobo-c,1500,0.6720,998.3,744.8,1050.0,800.2,2048,1536
20160619_FIRE_om-e-mobo-c,1500,0.4561,1024.0,742.3,1047.3,787.3,2048,1536
20160619_FIRE_om-e-mobo-c,1500,0.2390,1024.1,743.7,1056.9,789.5,2048,1536
20160619_FIRE_om-e-mobo-c,1500,0.4994,998.4,744.3,1024.0,800.6,2048,1536
20160619_FIRE_om-e-mobo-c,1500,0.0809,996.4,708.4,1024.0,799.7,2048,1536
20160619_FIRE_om-e-mobo-c,1500,0.6702,997.5,744.6,1051.6,800.3,2048,1536
20160619_FIRE_om-e-mobo-c,1500,0.4520,1024.0,741.3,1048.1,787.7,2048,1536
20160619_FIRE_om-e-mobo-c,1500,0.2606,1024.0,743.0,1057.0,789.7,2048,1536
20160619_FIRE_om-e-mobo-c,1500,0.0700,1024.0,714.2,1051.0,788.1,2048,1536
20160619_FIRE_om-e-mobo-c,1560,0.4190,996.9,745.7,1024.0,801.0,2048,1536
20160619_FIRE_om-e-mobo-c,1560,0.0771,999.8,757.4,1023.8,801.6,2048,1536
20160619_FIRE_om-e-mobo-c,1560,0.0546,997.0,719.6,1024.0,800.3,2048,1536
20160619_FIRE_om-e-mobo-c,1560,0.6529,997.3,744.0,1054.7,800.9,2048,1536
20160619_FIRE_om-e-mobo-c,1560,0.4826,1024.0,741.5,1053.9,788.3,2048,1536
20160619_FIRE_om-e-mobo-c,1560,0.0603,1024.0,722.9,1055.1,787.9,2048,1536
20160619_FIRE_om-e-mobo-c,1560,0.0532,1024.0,753.6,1059.5,788.7,2048,1536
20160619_FIRE_om-e-mobo-c,1560,0.3967,996.2,745.3,1024.0,801.3,2048,1536
20160619_FIRE_om-e-mobo-c,1560,0.0594,999.0,757.5,1023.9,802.5,2048,1536
20160619_FIRE_om-e-mobo-c,1560,0.0584,996.1,717.1,1024.0,800.8,2048,1536
20160619_FIRE_om-e-mobo-c,1560,0.6324,996.3,743.5,1055.0,801.2,2048,1536
20160619_FIRE_om-e-mobo-c,1560,0.4853,1024.0,740.9,1053.9,788.5,2048,1536
20160619_FIRE_om-e-mobo-c,1560,0.0708,1024.0,716.6,1055.4,788.0,2048,1536
20160619_FIRE_om-e-mobo-c,1620,0.6359,997.4,744.5,1024.0,800.6,2048,1536
20160619_FIRE_om-e-mobo-c,1620,0.0983,997.0,704.6,1024.0,799.6,2048,1536
20160619_FIRE_om-e-mobo-c,1620,0.6850,997.7,744.5,1040.0,800.6,2048,1536
20160619_FIRE_om-e-mobo-c,1620,0.2837,997.5,743.7,1057.4,801.3,2048,1536
20160619_FIRE_om-e-mobo-c,1620,0.3726,1024.1,743.6,1057.0,791.5,2048,1536
20160619_FIRE_om-e-mobo-c,1620,0.3532,1024.0,743.0,1059.8,808.1,2048,1536
20160619_FIRE_om-e-mobo-c,1620,0.1836,1024.0,739.9,1048.7,788.4,2048,1536
20160619_FIRE_om-e-mobo-c,1620,0.5920,997.1,744.3,1024.0,800.7,2048,1536
20160619_FIRE_om-e-mobo-c,1620,0.1132,996.7,702.3,1024.0,799.8,2048,1536
20160619_FIRE_om-e-mobo-c,1620,0.6379,997.5,744.3,1047.5,801.2,2048,1536
20160619_FIRE_om-e-mobo-c,1620,0.3996,1024.1,743.1,1057.2,792.1,2048,1536
20160619_FIRE_om-e-mobo-c,1620,0.3406,1024.0,741.8,1060.0,807.9,2048,1536
20160619_FIRE_om-e-mobo-c,1620,0.2028,1024.0,738.7,1049.8,789.0,2048,1536
20160619_FIRE_om-e-mobo-c,1680,0.6064,995.9,741.4,1024.0,800.0,2048,1536
20160619_FIRE_om-e-mobo-c,1680,0.0915,996.3,707.9,1024.0,798.9,2048,1536
20160619_FIRE_om-e-mobo-c,1680,0.7415,996.4,742.1,1038.7,800.1,2048,1536
20160619_FIRE_om-e-mobo-c,1680,0.3937,1024.0,746.0,1042.2,788.7,2048,1536
20160619_FIRE_om-e-mobo-c,1680,0.3066,1024.0,747.2,1057.0,790.2,2048,1536
20160619_FIRE_om-e-mobo-c,1680,0.2017,1024.0,743.2,1049.0,794.0,2048,1536
20160619_FIRE_om-e-mobo-c,1680,0.0566,1024.0,747.3,1058.6,810.2,2048,1536
20160619_FIRE_om-e-mobo-c,1680,0.5842,995.5,741.1,1024.0,800.2,2048,1536
20160619_FIRE_om-e-mobo-c,1680,0.1009,995.7,705.5,1024.0,799.5,2048,1536
20160619_FIRE_om-e-mobo-c,1680,0.7229,995.9,742.0,1039.2,800.2,2048,1536
20160619_FIRE_om-e-mobo-c,1680,0.0684,995.2,740.9,1059.3,800.7,2048,1536
20160619_FIRE_om-e-mobo-c,1680,0.4131,1024.0,744.9,1043.3,789.1,2048,1536
20160619_FIRE_om-e-mobo-c,1680,0.3334,1024.0,746.6,1057.0,790.4,2048,1536
20160619_FIRE_om-e-mobo-c,1680,0.1927,1024.0,741.5,1050.4,793.9,2048,1536
20160619_FIRE_om-e-mobo-c,1680,0.0521,1024.0,747.2,1056.9,810.9,2048,1536
20160619_FIRE_om-e-mobo-c,1740,0.5507,1002.4,779.1,1023.1,800.2,2048,1536
20160619_FIRE_om-e-mobo-c,1740,0.1019,606.1,740.9,655.1,769.9,2048,1536
20160619_FIRE_om-e-mobo-c,1740,0.6907,1002.2,779.2,1022.1,799.7,2048,1536
20160619_FIRE_om-e-mobo-c,1740,0.0783,998.9,758.1,1055.9,800.6,2048,1536
20160619_FIRE_om-e-mobo-c,1740,0.3185,1024.1,755.2,1056.5,809.9,2048,1536
20160619_FIRE_om-e-mobo-c,1740,0.0685,1024.0,754.6,1047.6,800.5,2048,1536
20160619_FIRE_om-e-mobo-c,1740,0.4171,1002.0,778.6,1023.3,800.9,2048,1536
20160619_FIRE_om-e-mobo-c,1740,0.0646,606.0,739.9,657.5,770.0,2048,1536
20160619_FIRE_om-e-mobo-c,1740,0.5529,1001.9,778.7,1022.4,800.1,2048,1536
20160619_FIRE_om-e-mobo-c,1740,0.1441,998.2,758.2,1056.6,800.9,2048,1536
20160619_FIRE_om-e-mobo-c,1740,0.2850,1024.1,754.8,1057.1,810.5,2048,1536
20160619_FIRE_om-e-mobo-c,1740,0.0653,1024.0,753.7,1050.5,801.8,2048,1536
20160619_FIRE_om-e-mobo-c,1800,0.3143,989.7,745.3,1024.0,801.0,2048,1536
20160619_FIRE_om-e-mobo-c,1800,0.0992,998.4,748.7,1024.0,801.8,2048,1536
20160619_FIRE_om-e-mobo-c,1800,0.0988,1004.6,756.0,1024.0,802.0,2048,1536
20160619_FIRE_om-e-mobo-c,1800,0.0934,1005.6,772.7,1024.0,801.3,2048,1536
20160619_FIRE_om-e-mobo-c,1800,0.0865,989.9,714.2,1024.0,801.9,2048,1536
20160619_FIRE_om-e-mobo-c,1800,0.6169,989.4,741.7,1042.2,801.0,2048,1536
20160619_FIRE_om-e-mobo-c,1800,0.0616,994.6,747.8,1035.2,800.4,2048,1536
20160619_FIRE_om-e-mobo-c,1800,0.1978,1024.0,739.8,1040.5,793.9,2048,1536
20160619_FIRE_om-e-mobo-c,1800,0.1256,1024.0,745.4,1036.5,793.9,2048,1536
20160619_FIRE_om-e-mobo-c,1800,0.1043,1024.2,738.6,1053.8,794.0,2048,1536
20160619_FIRE_om-e-mobo-c,1800,0.0945,1024.2,765.3,1054.3,799.1,2048,1536
20160619_FIRE_om-e-mobo-c,1800,0.0855,1024.0,748.1,1059.3,802.3,2048,1536
20160619_FIRE_om-e-mobo-c,1800,0.0847,1024.0,765.3,1032.0,795.5,2048,1536
20160619_FIRE_om-e-mobo-c,1800,0.0799,1024.0,770.1,1031.0,798.3,2048,1536
20160619_FIRE_om-e-mobo-c,1800,0.0687,1024.0,767.1,1040.3,802.2,2048,1536
20160619_FIRE_om-e-mobo-c,1800,0.0512,1024.0,762.4,1043.0,795.4,2048,1536
20160619_FIRE_om-e-mobo-c,1800,0.3279,989.2,745.2,1024.0,801.2,2048,1536
20160619_FIRE_om-e-mobo-c,1800,0.1026,989.5,714.2,1024.0,802.3,2048,1536
20160619_FIRE_om-e-mobo-c,1800,0.0846,1002.8,752.4,1024.0,802.5,2048,1536
20160619_FIRE_om-e-mobo-c,1800,0.0758,1005.4,772.3,1024.0,802.2,2048,1536
20160619_FIRE_om-e-mobo-c,1800,0.6154,989.0,741.2,1043.8,801.4,2048,1536
20160619_FIRE_om-e-mobo-c,1800,0.2196,1024.0,739.1,1041.3,794.2,2048,1536
20160619_FIRE_om-e-mobo-c,1800,0.1301,1024.2,737.2,1054.1,794.5,2048,1536
20160619_FIRE_om-e-mobo-c,1800,0.1061,1024.2,764.4,1055.8,800.8,2048,1536
20160619_FIRE_om-e-mobo-c,1800,0.1056,1024.0,746.6,1059.9,803.1,2048,1536
20160619_FIRE_om-e-mobo-c,1800,0.0796,1024.0,741.9,1047.6,798.2,2048,1536
20160619_FIRE_om-e-mobo-c,1800,0.0691,1024.0,758.8,1033.7,796.5,2048,1536
20160619_FIRE_om-e-mobo-c,1800,0.0674,1024.0,766.0,1042.0,804.0,2048,1536
20160619_FIRE_om-e-mobo-c,1800,0.0611,1024.0,769.0,1031.6,800.1,2048,1536
20160619_FIRE_om-e-mobo-c,1800,0.0537,1024.0,756.2,1045.3,796.2,2048,1536
20160619_FIRE_om-e-mobo-c,1860,0.2769,986.5,742.8,1024.0,802.4,2048,1536
20160619_FIRE_om-e-mobo-c,1860,0.2156,1007.7,771.1,1024.0,800.6,2048,1536
20160619_FIRE_om-e-mobo-c,1860,0.1931,995.2,747.2,1024.0,800.6,2048,1536
20160619_FIRE_om-e-mobo-c,1860,0.1675,1006.1,750.8,1024.0,801.1,2048,1536
20160619_FIRE_om-e-mobo-c,1860,0.4579,987.1,746.8,1050.8,800.2,2048,1536
20160619_FIRE_om-e-mobo-c,1860,0.1913,1006.3,767.7,1045.7,799.9,2048,1536
20160619_FIRE_om-e-mobo-c,1860,0.1721,996.1,755.2,1048.8,800.2,2048,1536
20160619_FIRE_om-e-mobo-c,1860,0.2299,1024.1,765.0,1055.9,792.9,2048,1536
20160619_FIRE_om-e-mobo-c,1860,0.2225,1024.0,753.9,1052.8,793.2,2048,1536
20160619_FIRE_om-e-mobo-c,1860,0.3072,985.9,741.8,1024.0,802.7,2048,1536
20160619_FIRE_om-e-mobo-c,1860,0.2104,999.4,747.6,1024.0,801.4,2048,1536
20160619_FIRE_om-e-mobo-c,1860,0.1723,1007.2,770.9,1024.0,801.6,2048,1536
20160619_FIRE_om-e-mobo-c,1860,0.1315,1006.1,759.1,1024.0,801.7,2048,1536
20160619_FIRE_om-e-mobo-c,1860,0.5367,986.9,746.6,1051.9,800.4,2048,1536
20160619_FIRE_om-e-mobo-c,1860,0.1366,1002.4,762.8,1047.2,800.0,2048,1536
20160619_FIRE_om-e-mobo-c,1860,0.0647,995.2,754.8,1046.7,800.3,2048,1536
20160619_FIRE_om-e-mobo-c,1860,0.2556,1024.0,753.4,1053.0,793.3,2048,1536
20160619_FIRE_om-e-mobo-c,1860,0.2302,1024.1,763.6,1056.4,793.0,2048,1536
20160619_FIRE_om-e-mobo-c,1860,0.0780,1024.0,765.8,1050.3,795.8,2048,1536
20160619_FIRE_om-e-mobo-c,1920,0.2742,984.9,738.3,1024.0,804.3,2048,1536
20160619_FIRE_om-e-mobo-c,1920,0.1843,1004.2,763.1,1024.0,804.8,2048,1536
20160619_FIRE_om-e-mobo-c,1920,0.1637,992.6,743.2,1024.0,800.6,2048,1536
20160619_FIRE_om-e-mobo-c,1920,0.1548,1005.0,774.1,1024.0,804.5,2048,1536
20160619_FIRE_om-e-mobo-c,1920,0.1021,1002.9,744.8,1024.0,801.5,2048,1536
20160619_FIRE_om-e-mobo-c,1920,0.0572,984.1,713.8,1024.0,802.2,2048,1536
20160619_FIRE_om-e-mobo-c,1920,0.5641,984.7,744.7,1049.9,799.6,2048,1536
20160619_FIRE_om-e-mobo-c,1920,0.2115,1004.4,769.4,1048.4,799.5,2048,1536
20160619_FIRE_om-e-mobo-c,1920,0.3788,1024.0,749.7,1050.7,793.7,2048,1536
20160619_FIRE_om-e-mobo-c,1920,0.3317,1024.0,767.7,1052.6,793.9,2048,1536
20160619_FIRE_om-e-mobo-c,1920,0.0853,1024.0,759.2,1054.6,794.6,2048,1536
20160619_FIRE_om-e-mobo-c,1920,0.3084,984.1,737.3,1024.0,804.3,2048,1536
20160619_FIRE_om-e-mobo-c,1920,0.1553,1001.6,755.5,1024.0,806.0,2048,1536
20160619_FIRE_om-e-mobo-c,1920,0.1307,998.8,742.9,1024.0,801.8,2048,1536
20160619_FIRE_om-e-mobo-c,1920,0.1172,1004.9,773.6,1024.0,806.6,2048,1536
20160619_FIRE_om-e-mobo-c,1920,0.6318,984.4,744.4,1050.9,799.7,2048,1536
20160619_FIRE_om-e-mobo-c,1920,0.0999,1004.0,768.7,1049.8,799.7,2048,1536
20160619_FIRE_om-e-mobo-c,1920,0.4258,1024.0,749.1,1051.1,793.8,2048,1536
20160619_FIRE_om-e-mobo-c,1920,0.3171,1024.0,766.1,1053.8,794.0,2048,1536
20160619_FIRE_om-e-mobo-c,1980,0.2602,979.8,736.1,1024.0,805.1,2048,1536
20160619_FIRE_om-e-mobo-c,1980,0.1494,1002.0,768.6,1024.0,802.2,2048,1536
20160619_FIRE_om-e-mobo-c,1980,0.0520,995.8,742.2,1024.0,800.9,2048,1536
20160619_FIRE_om-e-mobo-c,1980,0.6662,982.5,741.5,1052.9,799.5,2048,1536
20160619_FIRE_om-e-mobo-c,1980,0.1580,1001.6,767.0,1052.2,799.5,2048,1536
20160619_FIRE_om-e-mobo-c,1980,0.5716,1024.0,765.9,1053.0,792.4,2048,1536
20160619_FIRE_om-e-mobo-c,1980,0.1408,1024.1,755.0,1054.1,792.4,2048,1536
20160619_FIRE_om-e-mobo-c,1980,0.3107,979.8,736.4,1024.0,804.6,2048,1536
20160619_FIRE_om-e-mobo-c,1980,0.1003,997.2,754.4,1024.0,805.1,2048,1536
20160619_FIRE_om-e-mobo-c,1980,0.0832,1001.7,766.7,1024.0,803.1,2048,1536
20160619_FIRE_om-e-mobo-c,1980,0.0780,982.3,710.3,1024.0,802.6,2048,1536
20160619_FIRE_om-e-mobo-c,1980,0.6974,982.1,741.3,1053.8,799.4,2048,1536
20160619_FIRE_om-e-mobo-c,1980,0.0704,1001.2,766.5,1053.3,799.6,2048,1536
20160619_FIRE_om-e-mobo-c,1980,0.5430,1024.0,765.1,1053.7,792.9,2048,1536
20160619_FIRE_om-e-mobo-c,1980,0.1772,1024.1,754.1,1054.6,792.7,2048,1536
20160619_FIRE_om-e-mobo-c,2040,0.3912,1001.2,772.9,1024.0,800.0,2048,1536
20160619_FIRE_om-e-mobo-c,2040,0.1894,1001.0,760.3,1024.0,799.8,2048,1536
20160619_FIRE_om-e-mobo-c,2040,0.0850,1000.3,744.0,1024.0,800.6,2048,1536
20160619_FIRE_om-e-mobo-c,2040,0.0787,983.2,741.6,1024.0,801.4,2048,1536
20160619_FIRE_om-e-mobo-c,2040,0.7637,1001.2,766.0,1056.4,798.8,2048,1536
20160619_FIRE_om-e-mobo-c,2040,0.0720,990.8,746.6,1056.3,798.9,2048,1536
20160619_FIRE_om-e-mobo-c,2040,0.5694,1024.0,754.1,1056.6,794.1,2048,1536
20160619_FIRE_om-e-mobo-c,2040,0.2518,1024.0,763.5,1057.6,797.9,2048,1536
20160619_FIRE_om-e-mobo-c,2040,0.3088,1000.8,772.4,1024.0,800.8,2048,1536
20160619_FIRE_om-e-mobo-c,2040,0.1687,1000.4,754.8,1024.0,800.1,2048,1536
20160619_FIRE_om-e-mobo-c,2040,0.1214,981.4,742.2,1024.0,801.2,2048,1536
20160619_FIRE_om-e-mobo-c,2040,0.1103,996.7,742.9,1024.0,800.6,2048,1536
20160619_FIRE_om-e-mobo-c,2040,0.7075,1001.0,764.6,1057.1,798.9,2048,1536
20160619_FIRE_om-e-mobo-c,2040,0.1412,987.2,747.0,1056.8,798.8,2048,1536
20160619_FIRE_om-e-mobo-c,2040,0.5863,1024.0,753.4,1057.0,794.2,2048,1536
20160619_FIRE_om-e-mobo-c,2040,0.1612,1024.0,764.1,1058.3,795.8,2048,1536
20160619_FIRE_om-e-mobo-c,2100,0.5514,999.6,770.9,1024.0,800.3,2048,1536
20160619_FIRE_om-e-mobo-c,2100,0.0827,998.9,741.4,1024.0,801.8,2048,1536
20160619_FIRE_om-e-mobo-c,2100,0.0559,978.0,737.8,1024.0,801.8,2048,1536
20160619_FIRE_om-e-mobo-c,2100,0.7238,999.1,763.9,1059.0,799.1,2048,1536
20160619_FIRE_om-e-mobo-c,2100,0.0891,987.2,748.3,1057.7,799.8,2048,1536
20160619_FIRE_om-e-mobo-c,2100,0.5353,1024.0,754.5,1059.2,794.4,2048,1536
20160619_FIRE_om-e-mobo-c,2100,0.4083,1024.0,765.7,1059.9,795.6,2048,1536
20160619_FIRE_om-e-mobo-c,2100,0.4499,999.3,770.3,1024.0,800.8,2048,1536
20160619_FIRE_om-e-mobo-c,2100,0.2122,998.7,756.5,1024.0,800.9,2048,1536
20160619_FIRE_om-e-mobo-c,2100,0.1045,976.3,736.9,1024.0,801.9,2048,1536
20160619_FIRE_om-e-mobo-c,2100,0.0796,996.8,738.8,1024.0,802.1,2048,1536
20160619_FIRE_om-e-mobo-c,2100,0.6808,998.7,761.9,1059.2,799.1,2048,1536
20160619_FIRE_om-e-mobo-c,2100,0.2937,985.4,749.2,1058.6,799.7,2048,1536
20160619_FIRE_om-e-mobo-c,2100,0.5746,1024.0,753.7,1059.3,794.6,2048,1536
20160619_FIRE_om-e-mobo-c,2100,0.3690,1024.0,764.2,1060.2,796.4,2048,1536
20160619_FIRE_om-e-mobo-c,2160,0.4430,1000.4,770.5,1024.0,800.7,2048,1536
20160619_FIRE_om-e-mobo-c,2160,0.7612,1000.3,762.1,1060.4,798.8,2048,1536
20160619_FIRE_om-e-mobo-c,2160,0.6586,1024.0,761.8,1060.2,792.6,2048,1536
20160619_FIRE_om-e-mobo-c,2160,0.3477,999.6,770.0,1024.0,801.7,2048,1536
20160619_FIRE_om-e-mobo-c,2160,0.0503,997.0,759.9,1024.0,800.4,2048,1536
20160619_FIRE_om-e-mobo-c,2160,0.7053,999.3,761.1,1061.1,798.7,2048,1536
20160619_FIRE_om-e-mobo-c,2160,0.0925,977.7,750.6,1061.1,799.9,2048,1536
20160619_FIRE_om-e-mobo-c,2160,0.6529,1024.0,761.2,1060.8,792.9,2048,1536
20160619_FIRE_om-e-mobo-c,2160,0.0527,1024.0,737.6,1061.6,793.9,2048,1536
20160619_FIRE_om-e-mobo-c,2220,0.1633,1000.6,766.1,1024.0,801.7,2048,1536
20160619_FIRE_om-e-mobo-c,2220,0.6451,1000.7,761.5,1061.2,799.0,2048,1536
20160619_FIRE_om-e-mobo-c,2220,0.0614,976.3,754.7,1061.7,800.5,2048,1536
20160619_FIRE_om-e-mobo-c,2220,0.5728,1024.1,759.2,1061.7,793.8,2048,1536
20160619_FIRE_om-e-mobo-c,2220,0.5097,1024.0,764.9,1061.8,800.8,2048,1536
20160619_FIRE_om-e-mobo-c,2220,0.0562,1024.0,747.2,1062.6,796.5,2048,1536
20160619_FIRE_om-e-mobo-c,2220,0.1340,998.6,767.2,1024.0,801.8,2048,1536
20160619_FIRE_om-e-mobo-c,2220,0.5881,999.7,760.2,1061.6,799.0,2048,1536
20160619_FIRE_om-e-mobo-c,2220,0.1343,974.9,753.4,1062.4,800.7,2048,1536
20160619_FIRE_om-e-mobo-c,2220,0.5939,1024.1,757.8,1062.1,794.2,2048,1536
20160619_FIRE_om-e-mobo-c,2220,0.4981,1024.0,763.3,1062.3,802.2,2048,1536
20160619_FIRE_om-e-mobo-c,2220,0.0561,1024.0,745.5,1063.1,796.8,2048,1536
20160619_FIRE_om-e-mobo-c,2280,0.3275,1000.9,771.3,1024.0,801.9,2048,1536
20160619_FIRE_om-e-mobo-c,2280,0.5376,1000.9,764.9,1060.0,800.1,2048,1536
20160619_FIRE_om-e-mobo-c,2280,0.1157,1005.6,785.6,1022.2,800.6,2048,1536
20160619_FIRE_om-e-mobo-c,2280,0.0634,1004.1,774.8,1023.1,800.6,2048,1536
20160619_FIRE_om-e-mobo-c,2280,0.4433,1024.0,756.4,1061.3,793.0,2048,1536
20160619_FIRE_om-e-mobo-c,2280,0.2897,1024.0,764.8,1061.1,796.6,2048,1536
20160619_FIRE_om-e-mobo-c,2280,0.2547,1000.2,773.1,1024.0,803.1,2048,1536
20160619_FIRE_om-e-mobo-c,2280,0.0609,997.5,765.4,1024.0,801.8,2048,1536
20160619_FIRE_om-e-mobo-c,2280,0.5853,1000.0,763.8,1060.5,799.8,2048,1536
20160619_FIRE_om-e-mobo-c,2280,0.4865,1024.0,755.0,1061.6,793.2,2048,1536
20160619_FIRE_om-e-mobo-c,2340,0.5632,994.0,770.6,1024.0,802.8,2048,1536
20160619_FIRE_om-e-mobo-c,2340,0.4832,994.2,761.1,1059.5,801.2,2048,1536
20160619_FIRE_om-e-mobo-c,2340,0.1035,978.2,744.5,1059.0,802.1,2048,1536
20160619_FIRE_om-e-mobo-c,2340,0.0709,995.3,771.1,1029.4,801.0,2048,1536
20160619_FIRE_om-e-mobo-c,2340,0.0508,1002.5,775.9,1026.8,800.8,2048,1536
20160619_FIRE_om-e-mobo-c,2340,0.4419,1024.0,756.7,1060.0,799.4,2048,1536
20160619_FIRE_om-e-mobo-c,2340,0.4973,993.4,770.5,1024.0,803.2,2048,1536
20160619_FIRE_om-e-mobo-c,2340,0.4901,993.3,760.0,1059.8,801.2,2048,1536
20160619_FIRE_om-e-mobo-c,2340,0.2371,969.6,738.4,1060.1,802.3,2048,1536
20160619_FIRE_om-e-mobo-c,2340,0.4490,1024.0,757.9,1060.3,809.8,2048,1536
20160619_FIRE_om-e-mobo-c,2400,0.2991,992.6,770.0,1023.9,801.0,2048,1536
20160619_FIRE_om-e-mobo-c,2400,0.1155,1001.5,773.0,1023.8,800.7,2048,1536
20160619_FIRE_om-e-mobo-c,2400,0.1097,1005.1,780.2,1023.0,800.4,2048,1536
20160619_FIRE_om-e-mobo-c,2400,0.4060,993.3,756.9,1060.2,800.4,2048,1536
20160619_FIRE_om-e-mobo-c,2400,0.2969,985.2,739.2,1060.4,801.2,2048,1536
20160619_FIRE_om-e-mobo-c,2400,0.1268,1005.7,783.5,1020.6,800.2,2048,1536
20160619_FIRE_om-e-mobo-c,2400,0.0922,960.5,733.5,1059.7,800.7,2048,1536
20160619_FIRE_om-e-mobo-c,2400,0.4690,1024.1,743.2,1061.2,799.3,2048,1536
20160619_FIRE_om-e-mobo-c,2400,0.1713,1024.0,755.4,1060.7,807.7,2048,1536
20160619_FIRE_om-e-mobo-c,2400,0.3422,992.4,769.3,1024.0,801.5,2048,1536
20160619_FIRE_om-e-mobo-c,2400,0.0691,1001.3,772.5,1023.9,800.9,2048,1536
20160619_FIRE_om-e-mobo-c,2400,0.4056,994.7,757.3,1060.3,800.2,2048,1536
20160619_FIRE_om-e-mobo-c,2400,0.3667,979.8,741.0,1060.7,801.1,2048,1536
20160619_FIRE_om-e-mobo-c,2400,0.0981,958.5,733.0,1062.1,801.9,2048,1536
20160619_FIRE_om-e-mobo-c,2400,0.4699,1024.1,741.7,1061.5,799.5,2048,1536
20160619_FIRE_om-e-mobo-c,2400,0.1584,1024.0,754.4,1061.0,808.1,2048,1536
20160619_FIRE_pi-s-mobo-c,-1860,0.5291,320.8,674.2,341.8,702.9,2048,1536
20160619_FIRE_pi-s-mobo-c,-1860,0.5192,320.8,674.3,341.7,702.8,2048,1536
20160619_FIRE_pi-s-mobo-c,900,0.4051,0.0,839.9,61.5,911.5,2048,1536
20160619_FIRE_pi-s-mobo-c,900,0.0840,0.2,797.3,63.8,915.0,2048,1536
20160619_FIRE_pi-s-mobo-c,900,0.4618,0.0,839.7,61.5,911.6,2048,1536
20160619_FIRE_pi-s-mobo-c,900,0.1085,0.3,797.5,63.8,915.4,2048,1536
20160619_FIRE_pi-s-mobo-c,960,0.2946,0.3,823.2,48.4,911.5,2048,1536
20160619_FIRE_pi-s-mobo-c,960,0.1235,0.1,854.3,49.4,911.7,2048,1536
20160619_FIRE_pi-s-mobo-c,960,0.3816,0.4,829.7,47.9,911.8,2048,1536
20160619_FIRE_pi-s-mobo-c,960,0.2347,0.1,854.1,49.3,911.7,2048,1536
20160619_FIRE_pi-s-mobo-c,960,0.0586,0.0,798.9,49.0,915.1,2048,1536
20160619_FIRE_pi-s-mobo-c,1020,0.0588,0.8,871.0,51.4,911.5,2048,1536
20160619_FIRE_pi-s-mobo-c,1020,0.1131,13.1,881.2,50.3,910.9,2048,1536
20160619_FIRE_pi-s-mobo-c,1020,0.1114,1.0,871.2,51.4,911.6,2048,1536
20160619_FIRE_pi-s-mobo-c,1020,0.0775,0.4,846.5,51.5,912.1,2048,1536
20160711_FIRE_ml-n-mobo-c,-1860,0.0811,407.5,774.3,427.8,786.6,2048,1536
20160711_FIRE_ml-n-mobo-c,-1860,0.1060,407.4,774.3,427.8,786.6,2048,1536
20160711_FIRE_ml-n-mobo-c,-1800,0.0545,1818.4,761.6,1834.3,777.9,2048,1536
20160711_FIRE_ml-n-mobo-c,-840,0.0587,360.9,765.7,407.9,784.2,2048,1536
20160711_FIRE_ml-n-mobo-c,-540,0.0692,372.4,766.5,415.5,785.1,2048,1536
20160711_FIRE_ml-n-mobo-c,-540,0.0537,361.7,764.1,414.8,784.9,2048,1536
20160711_FIRE_ml-n-mobo-c,-540,0.0500,381.9,768.1,414.5,784.9,2048,1536
20160711_FIRE_ml-n-mobo-c,-540,0.0789,371.5,766.3,415.5,785.1,2048,1536
20160711_FIRE_ml-n-mobo-c,-540,0.0574,381.9,768.0,414.4,784.8,2048,1536
20160711_FIRE_ml-n-mobo-c,-420,0.1441,376.0,767.5,409.8,784.4,2048,1536
20160711_FIRE_ml-n-mobo-c,-420,0.1593,376.0,767.4,409.7,784.4,2048,1536
20160711_FIRE_ml-n-mobo-c,180,0.2483,383.4,767.6,414.6,785.0,2048,1536
20160711_FIRE_ml-n-mobo-c,180,0.2726,383.4,767.6,414.6,784.9,2048,1536
20160711_FIRE_ml-n-mobo-c,300,0.0803,381.2,766.7,420.2,784.8,2048,1536
20160711_FIRE_ml-n-mobo-c,300,0.0870,381.2,766.8,420.5,784.8,2048,1536
20160711_FIRE_ml-n-mobo-c,360,0.1334,382.2,768.6,404.5,784.0,2048,1536
20160711_FIRE_ml-n-mobo-c,360,0.1432,382.2,768.5,404.6,784.0,2048,1536
20160711_FIRE_ml-n-mobo-c,600,0.0558,1843.6,761.4,1861.3,779.5,2048,1536
20160711_FIRE_ml-n-mobo-c,720,0.0520,382.0,766.8,412.7,783.6,2048,1536
20160711_FIRE_ml-n-mobo-c,1020,0.0836,372.8,763.4,412.8,784.2,2048,1536
20160711_FIRE_ml-n-mobo-c,1020,0.0953,372.9,764.0,412.8,784.2,2048,1536
20160711_FIRE_ml-n-mobo-c,1560,0.0542,1796.1,759.6,1813.9,777.4,2048,1536
20160718_FIRE_lp-n-iqeye,-2280,0.0701,21.7,666.4,84.4,713.7,1600,1200
20160718_FIRE_lp-n-iqeye,-2160,0.0501,1413.7,844.3,1446.1,898.6,1600,1200
20160718_FIRE_lp-n-iqeye,-2160,0.0991,19.4,666.4,84.1,713.7,1600,1200
20160718_FIRE_lp-n-iqeye,-2040,0.0639,19.6,667.7,84.1,713.3,1600,1200
20160718_FIRE_lp-n-iqeye,-1920,0.0732,21.0,667.5,83.9,714.4,1600,1200
20160718_FIRE_lp-n-iqeye,-1800,0.0679,19.7,666.2,84.2,713.4,1600,1200
20160718_FIRE_lp-n-iqeye,-1800,0.1203,20.0,666.7,84.1,713.4,1600,1200
20160718_FIRE_lp-n-iqeye,-1680,0.0907,19.9,666.7,84.2,713.4,1600,1200
20160718_FIRE_lp-n-iqeye,-1680,0.1521,19.7,667.2,84.1,713.3,1600,1200
20160718_FIRE_lp-n-iqeye,-1560,0.0635,20.1,667.1,84.1,713.6,1600,1200
20160718_FIRE_lp-n-iqeye,-1440,0.0650,20.3,667.2,84.1,713.4,1600,1200
20160718_FIRE_lp-n-iqeye,-1320,0.0514,20.8,667.4,84.0,713.6,1600,1200
20160718_FIRE_lp-n-iqeye,-1200,0.0782,19.1,666.3,84.7,714.2,1600,1200
20160718_FIRE_lp-n-iqeye,-1200,0.1218,19.4,667.1,84.6,714.2,1600,1200
20160718_FIRE_lp-n-iqeye,-1080,0.1151,16.8,667.4,84.5,714.0,1600,1200
20160718_FIRE_lp-n-iqeye,-1080,0.2010,16.7,668.0,84.4,713.8,1600,1200
20160718_FIRE_lp-n-iqeye,-960,0.1279,15.5,665.9,84.4,713.5,1600,1200
20160718_FIRE_lp-n-iqeye,-960,0.1667,17.8,667.4,84.5,713.2,1600,1200
20160718_FIRE_lp-n-iqeye,-840,0.0511,19.7,665.8,84.2,713.0,1600,1200
20160718_FIRE_lp-n-iqeye,-840,0.1226,19.7,666.4,84.1,712.9,1600,1200
20160718_FIRE_lp-n-iqeye,-720,0.0832,20.4,667.0,84.4,714.1,1600,1200
20160718_FIRE_lp-n-iqeye,-600,0.0688,22.9,667.7,84.5,714.1,1600,1200
20160718_FIRE_lp-n-iqeye,-480,0.0700,21.5,667.6,84.4,713.4,1600,1200
20160718_FIRE_lp-n-iqeye,-360,0.0832,21.4,666.4,84.9,714.0,1600,1200
20160718_FIRE_lp-n-iqeye,-360,0.1120,1293.2,796.3,1425.9,1007.5,1600,1200
20160718_FIRE_lp-n-iqeye,-360,0.1187,21.6,667.0,84.8,713.9,1600,1200
20160718_FIRE_lp-n-iqeye,-240,0.0966,20.3,665.9,84.8,714.0,1600,1200
20160718_FIRE_lp-n-iqeye,-120,0.0565,20.0,668.2,85.1,713.9,1600,1200
20160718_FIRE_lp-n-iqeye,-120,0.0658,19.2,668.0,84.3,713.9,1600,1200
20160718_FIRE_lp-n-iqeye,0,0.0890,18.8,666.7,84.9,713.5,1600,1200
20160718_FIRE_lp-n-iqeye,0,0.1505,19.1,667.3,84.7,713.3,1600,1200
20160718_FIRE_lp-n-iqeye,0,0.0561,1134.8,766.6,1537.8,1167.3,1600,1200
20160718_FIRE_lp-n-iqeye,120,0.0665,20.8,668.2,84.3,713.8,1600,1200
20160718_FIRE_lp-n-iqeye,360,0.0869,24.7,668.7,84.9,713.6,1600,1200
20160718_FIRE_lp-n-iqeye,360,0.0547,786.4,489.6,837.8,516.3,1600,1200
20160718_FIRE_lp-n-iqeye,360,0.0912,785.9,489.5,837.5,514.2,1600,1200
20160718_FIRE_lp-n-iqeye,360,0.2948,785.6,489.1,837.5,513.8,1600,1200
20160718_FIRE_lp-n-iqeye,360,0.1410,25.5,668.9,84.8,713.6,1600,1200
20160718_FIRE_lp-n-iqeye,360,0.2982,785.5,489.1,837.8,513.5,1600,1200
20160718_FIRE_lp-n-iqeye,480,0.4493,790.8,485.1,851.9,515.5,1600,1200
20160718_FIRE_lp-n-iqeye,480,0.4550,791.1,485.1,852.0,515.2,1600,1200
20160718_FIRE_lp-n-iqeye,480,0.6283,790.9,484.7,851.8,515.0,1600,1200
20160718_FIRE_lp-n-iqeye,480,0.0551,21.2,669.0,84.5,713.9,1600,1200
20160718_FIRE_lp-n-iqeye,480,0.5841,790.8,484.7,851.9,514.9,1600,1200
20160718_FIRE_lp-n-iqeye,600,0.7058,787.0,482.4,860.6,514.4,1600,1200
20160718_FIRE_lp-n-iqeye,600,0.0512,23.7,667.5,84.5,713.4,1600,1200
20160718_FIRE_lp-n-iqeye,600,0.7067,787.0,482.4,860.5,514.1,1600,1200
20160718_FIRE_lp-n-iqeye,600,0.0505,787.0,483.0,826.2,512.7,1600,1200
20160718_FIRE_lp-n-iqeye,600,0.7410,786.9,482.3,860.6,514.1,1600,1200
20160718_FIRE_lp-n-iqeye,600,0.0713,23.0,666.7,84.7,713.4,1600,1200
20160718_FIRE_lp-n-iqeye,600,0.7301,786.9,482.3,860.4,513.9,1600,1200
20160718_FIRE_lp-n-iqeye,600,0.0517,787.0,482.9,825.3,512.6,1600,1200
20160718_FIRE_lp-n-iqeye,720,0.6132,786.3,471.2,844.1,513.5,1600,1200
20160718_FIRE_lp-n-iqeye,720,0.1188,787.3,471.0,869.6,514.8,1600,1200
20160718_FIRE_lp-n-iqeye,720,0.6154,786.5,471.2,844.0,513.3,1600,1200
20160718_FIRE_lp-n-iqeye,720,0.1277,787.4,471.1,870.5,514.6,1600,1200
20160718_FIRE_lp-n-iqeye,720,0.6549,786.3,471.2,843.9,513.4,1600,1200
20160718_FIRE_lp-n-iqeye,720,0.1247,787.2,471.0,870.0,514.8,1600,1200
20160718_FIRE_lp-n-iqeye,720,0.6405,786.5,471.2,843.9,513.2,1600,1200
20160718_FIRE_lp-n-iqeye,720,0.1311,787.3,471.0,870.6,514.6,1600,1200
20160718_FIRE_lp-n-iqeye,840,0.6871,790.0,472.5,856.5,513.5,1600,1200
20160718_FIRE_lp-n-iqeye,840,0.6535,790.5,472.6,856.3,513.3,1600,1200
20160718_FIRE_lp-n-iqeye,840,0.7213,790.1,472.5,856.2,513.5,1600,1200
20160718_FIRE_lp-n-iqeye,840,0.6757,790.4,472.6,856.2,513.4,1600,1200
20160718_FIRE_lp-n-iqeye,960,0.6081,788.3,475.6,859.6,512.6,1600,1200
20160718_FIRE_lp-n-iqeye,960,0.0739,784.9,475.4,892.9,515.6,1600,1200
20160718_FIRE_lp-n-iqeye,960,0.5879,788.6,475.6,859.4,512.4,1600,1200
20160718_FIRE_lp-n-iqeye,960,0.1569,787.2,475.3,885.7,514.0,1600,1200
20160718_FIRE_lp-n-iqeye,960,0.6346,788.0,475.5,859.0,512.6,1600,1200
20160718_FIRE_lp-n-iqeye,960,0.1637,786.9,475.4,885.3,514.4,1600,1200
20160718_FIRE_lp-n-iqeye,960,0.6132,788.3,475.5,859.3,512.6,1600,1200
20160718_FIRE_lp-n-iqeye,960,0.1562,787.0,475.1,885.8,514.2,1600,1200
20160718_FIRE_lp-n-iqeye,1080,0.5429,785.9,478.3,858.9,514.4,1600,1200
20160718_FIRE_lp-n-iqeye,1080,0.2486,785.1,478.5,895.3,516.5,1600,1200
20160718_FIRE_lp-n-iqeye,1080,0.5279,786.2,478.3,858.7,514.3,1600,1200
20160718_FIRE_lp-n-iqeye,1080,0.2580,785.6,478.3,888.1,515.3,1600,1200
20160718_FIRE_lp-n-iqeye,1080,0.5035,785.9,478.1,856.3,514.1,1600,1200
20160718_FIRE_lp-n-iqeye,1080,0.2733,783.7,478.3,897.3,517.0,1600,1200
20160718_FIRE_lp-n-iqeye,1080,0.4956,786.1,478.1,855.8,513.9,1600,1200
20160718_FIRE_lp-n-iqeye,1080,0.2478,785.6,477.8,892.0,515.0,1600,1200
20160718_FIRE_lp-n-iqeye,1200,0.4845,784.8,477.4,856.9,513.7,1600,1200
20160718_FIRE_lp-n-iqeye,1200,0.3099,785.7,476.8,888.2,514.6,1600,1200
20160718_FIRE_lp-n-iqeye,1200,0.0698,16.8,666.8,85.0,713.8,1600,1200
20160718_FIRE_lp-n-iqeye,1200,0.0532,786.6,480.0,815.5,512.8,1600,1200
20160718_FIRE_lp-n-iqeye,1200,0.5106,785.0,477.5,856.9,513.6,1600,1200
20160718_FIRE_lp-n-iqeye,1200,0.3103,785.9,476.8,890.4,514.5,1600,1200
20160718_FIRE_lp-n-iqeye,1200,0.0562,786.7,478.2,821.5,512.5,1600,1200
20160718_FIRE_lp-n-iqeye,1200,0.4633,784.6,477.5,854.7,513.6,1600,1200
20160718_FIRE_lp-n-iqeye,1200,0.3032,785.4,476.7,894.3,514.3,1600,1200
20160718_FIRE_lp-n-iqeye,1200,0.1049,17.0,667.3,84.9,713.6,1600,1200
20160718_FIRE_lp-n-iqeye,1200,0.0810,786.4,478.3,821.2,512.6,1600,1200
20160718_FIRE_lp-n-iqeye,1200,0.4893,784.9,477.5,855.0,513.6,1600,1200
20160718_FIRE_lp-n-iqeye,1200,0.2938,785.7,476.6,892.3,514.3,1600,1200
20160718_FIRE_lp-n-iqeye,1200,0.0845,786.6,478.3,820.7,512.5,1600,1200
20160718_FIRE_lp-n-iqeye,1320,0.0948,16.4,668.6,84.5,713.5,1600,1200
20160718_FIRE_lp-n-iqeye,1320,0.0765,788.9,475.4,871.0,514.0,1600,1200
20160718_FIRE_lp-n-iqeye,1320,0.0735,785.9,474.3,916.3,518.2,1600,1200
20160718_FIRE_lp-n-iqeye,1320,0.1011,789.4,475.4,869.4,513.9,1600,1200
20160718_FIRE_lp-n-iqeye,1320,0.0600,785.7,474.2,916.0,517.1,1600,1200
20160718_FIRE_lp-n-iqeye,1320,0.2090,789.1,475.6,870.7,513.4,1600,1200
20160718_FIRE_lp-n-iqeye,1320,0.1703,16.3,669.1,84.5,713.4,1600,1200
20160718_FIRE_lp-n-iqeye,1320,0.0893,785.7,474.4,915.5,517.4,1600,1200
20160718_FIRE_lp-n-iqeye,1320,0.1839,789.1,475.6,870.6,513.4,1600,1200
20160718_FIRE_lp-n-iqeye,1320,0.0522,787.9,474.6,905.0,515.2,1600,1200
20160718_FIRE_lp-n-iqeye,1440,0.4281,788.4,473.5,875.0,514.7,1600,1200
20160718_FIRE_lp-n-iqeye,1440,0.4610,788.6,473.4,877.9,514.6,1600,1200
20160718_FIRE_lp-n-iqeye,1440,0.5660,788.7,473.7,875.7,514.3,1600,1200
20160718_FIRE_lp-n-iqeye,1440,0.0992,21.8,668.3,84.7,713.2,1600,1200
20160718_FIRE_lp-n-iqeye,1440,0.5337,788.8,473.6,879.0,514.3,1600,1200
20160718_FIRE_lp-n-iqeye,1560,0.2522,784.9,473.6,896.6,517.0,1600,1200
20160718_FIRE_lp-n-iqeye,1560,0.0527,783.9,473.9,861.9,514.5,1600,1200
20160718_FIRE_lp-n-iqeye,1560,0.3016,785.1,473.5,900.1,516.9,1600,1200
20160718_FIRE_lp-n-iqeye,1560,0.1318,785.5,474.0,868.2,514.9,1600,1200
20160718_FIRE_lp-n-iqeye,1560,0.2946,784.9,473.6,878.0,515.6,1600,1200
20160718_FIRE_lp-n-iqeye,1560,0.1513,781.7,473.7,908.5,518.7,1600,1200
20160718_FIRE_lp-n-iqeye,1560,0.0625,16.8,668.2,84.8,713.4,1600,1200
20160718_FIRE_lp-n-iqeye,1560,0.2875,785.1,473.5,884.7,515.6,1600,1200
20160718_FIRE_lp-n-iqeye,1560,0.1075,784.0,474.1,857.9,514.3,1600,1200
20160718_FIRE_lp-n-iqeye,1560,0.0584,781.5,473.1,917.9,520.0,1600,1200
20160718_FIRE_lp-n-iqeye,1680,0.2262,788.2,475.6,859.6,513.9,1600,1200
20160718_FIRE_lp-n-iqeye,1680,0.1599,17.6,668.5,84.6,713.3,1600,1200
20160718_FIRE_lp-n-iqeye,1680,0.1280,789.4,475.1,887.3,516.1,1600,1200
20160718_FIRE_lp-n-iqeye,1680,0.1073,785.7,474.9,926.3,518.7,1600,1200
20160718_FIRE_lp-n-iqeye,1680,0.2893,788.3,475.6,858.8,513.8,1600,1200
20160718_FIRE_lp-n-iqeye,1680,0.1763,789.6,475.1,887.5,515.7,1600,1200
20160718_FIRE_lp-n-iqeye,1680,0.1087,785.9,474.8,921.0,518.2,1600,1200
20160718_FIRE_lp-n-iqeye,1680,0.3139,788.1,475.9,858.5,513.9,1600,1200
20160718_FIRE_lp-n-iqeye,1680,0.2085,17.7,668.7,84.5,713.3,1600,1200
20160718_FIRE_lp-n-iqeye,1680,0.1694,789.4,475.3,882.0,515.4,1600,1200
20160718_FIRE_lp-n-iqeye,1680,0.1190,787.8,475.0,917.3,517.1,1600,1200
20160718_FIRE_lp-n-iqeye,1680,0.3261,788.2,475.8,858.0,513.9,1600,1200
20160718_FIRE_lp-n-iqeye,1680,0.1584,789.5,475.2,883.2,515.3,1600,1200
20160718_FIRE_lp-n-iqeye,1680,0.0745,785.6,474.6,921.1,518.0,1600,1200
20160718_FIRE_lp-n-iqeye,1800,0.1019,793.6,475.6,875.9,514.9,1600,1200
20160718_FIRE_lp-n-iqeye,1800,0.0598,16.8,667.9,85.1,713.4,1600,1200
20160718_FIRE_lp-n-iqeye,1800,0.0597,789.0,474.6,943.2,518.9,1600,1200
20160718_FIRE_lp-n-iqeye,1800,0.1587,793.9,475.5,877.7,515.5,1600,1200
20160718_FIRE_lp-n-iqeye,1800,0.2306,793.2,475.7,878.2,515.6,1600,1200
20160718_FIRE_lp-n-iqeye,1800,0.1100,18.8,667.4,85.7,713.7,1600,1200
20160718_FIRE_lp-n-iqeye,1800,0.0640,788.0,474.6,943.0,518.5,1600,1200
20160718_FIRE_lp-n-iqeye,1800,0.2148,793.1,475.7,876.3,515.2,1600,1200
20160718_FIRE_lp-n-iqeye,1920,0.1540,791.3,474.0,896.0,516.6,1600,1200
20160718_FIRE_lp-n-iqeye,1920,0.0900,21.0,668.6,84.7,713.3,1600,1200
20160718_FIRE_lp-n-iqeye,1920,0.2187,791.6,474.0,893.1,516.0,1600,1200
20160718_FIRE_lp-n-iqeye,1920,0.2224,790.3,474.1,895.7,516.4,1600,1200
20160718_FIRE_lp-n-iqeye,1920,0.1614,20.8,668.6,84.6,713.3,1600,1200
20160718_FIRE_lp-n-iqeye,1920,0.0531,786.9,473.3,944.7,518.3,1600,1200
20160718_FIRE_lp-n-iqeye,1920,0.2136,790.9,474.2,892.4,515.9,1600,1200
20160718_FIRE_lp-n-iqeye,2040,0.0809,21.9,669.1,84.7,712.8,1600,1200
20160718_FIRE_lp-n-iqeye,2040,0.1410,21.3,668.3,85.0,712.9,1600,1200
20160718_FIRE_lp-n-iqeye,2160,0.1507,791.3,472.5,871.6,514.7,1600,1200
20160718_FIRE_lp-n-iqeye,2160,0.1231,17.4,668.1,85.0,713.1,1600,1200
20160718_FIRE_lp-n-iqeye,2160,0.1818,791.4,472.4,875.0,514.6,1600,1200
20160718_FIRE_lp-n-iqeye,2160,0.3138,790.3,472.9,865.0,514.2,1600,1200
20160718_FIRE_lp-n-iqeye,2160,0.1837,17.3,668.2,84.9,713.1,1600,1200
20160718_FIRE_lp-n-iqeye,2160,0.0794,789.6,472.5,892.2,515.5,1600,1200
20160718_FIRE_lp-n-iqeye,2160,0.3093,790.4,472.9,864.6,514.2,1600,1200
20160718_FIRE_lp-n-iqeye,2160,0.0777,789.5,472.5,892.1,515.4,1600,1200
20160718_FIRE_lp-n-iqeye,2280,0.2462,790.3,472.0,861.9,515.0,1600,1200
20160718_FIRE_lp-n-iqeye,2280,0.2475,790.4,471.9,862.4,514.8,1600,1200
20160718_FIRE_lp-n-iqeye,2280,0.3321,791.5,472.1,862.8,514.8,1600,1200
20160718_FIRE_lp-n-iqeye,2280,0.2720,790.2,472.0,861.9,514.9,1600,1200
20160718_FIRE_lp-n-iqeye,2400,0.6158,790.0,474.4,869.9,514.3,1600,1200
20160718_FIRE_lp-n-iqeye,2400,0.1139,19.7,667.4,85.2,713.5,1600,1200
20160718_FIRE_lp-n-iqeye,2400,0.6193,790.2,474.5,869.6,514.2,1600,1200
20160718_FIRE_lp-n-iqeye,2400,0.5953,789.9,474.4,869.2,514.0,1600,1200
20160718_FIRE_lp-n-iqeye,2400,0.1600,19.8,667.7,85.1,713.5,1600,1200
20160718_FIRE_lp-n-iqeye,2400,0.5839,790.1,474.6,867.9,514.0,1600,1200
20160718_FIRE_mg-s-iqeye,-2400,0.0909,111.3,513.6,134.6,544.1,1600,1200
20160718_FIRE_mg-s-iqeye,-2280,0.0770,112.3,513.8,135.9,544.1,1600,1200
20160718_FIRE_mg-s-iqeye,-2160,0.2038,112.6,513.3,134.7,544.2,1600,1200
20160718_FIRE_mg-s-iqeye,-2040,0.0872,113.0,513.6,134.7,543.5,1600,1200
20160718_FIRE_mg-s-iqeye,-2040,0.3788,113.0,513.7,133.9,543.4,1600,1200
20160718_FIRE_mg-s-iqeye,-1920,0.0952,113.4,515.0,135.9,544.2,1600,1200
20160718_FIRE_mg-s-iqeye,-1800,0.1021,111.8,513.0,135.0,544.1,1600,1200
20160718_FIRE_mg-s-iqeye,-1800,0.0547,111.5,512.9,150.4,544.4,1600,1200
20160718_FIRE_mg-s-iqeye,-1800,0.3133,111.6,513.0,135.1,544.1,1600,1200
20160718_FIRE_mg-s-iqeye,-1800,0.1449,111.4,512.8,149.8,544.3,1600,1200
20160718_FIRE_mg-s-iqeye,-1680,0.2168,112.5,513.3,134.7,544.2,1600,1200
20160718_FIRE_mg-s-iqeye,-1680,0.0813,112.4,513.1,148.5,544.4,1600,1200
20160718_FIRE_mg-s-iqeye,-1560,0.1369,114.3,513.0,136.1,543.6,1600,1200
20160718_FIRE_mg-s-iqeye,-1440,0.1784,111.0,513.1,136.9,544.4,1600,1200
20160718_FIRE_mg-s-iqeye,-1440,0.1473,111.7,513.1,149.0,544.6,1600,1200
20160718_FIRE_mg-s-iqeye,-1320,0.1953,112.8,513.7,135.3,543.9,1600,1200
20160718_FIRE_mg-s-iqeye,-1320,0.0625,112.6,513.3,147.0,544.2,1600,1200
20160718_FIRE_mg-s-iqeye,-1200,0.0848,110.7,513.0,135.3,543.6,1600,1200
20160718_FIRE_mg-s-iqeye,-960,0.1072,111.6,513.6,134.9,544.4,1600,1200
20160718_FIRE_mg-s-iqeye,-960,0.0786,112.0,513.3,143.7,544.8,1600,1200
20160718_FIRE_mg-s-iqeye,-840,0.0700,111.3,512.9,136.6,544.0,1600,1200
20160718_FIRE_mg-s-iqeye,-720,0.1808,110.9,512.9,136.4,543.8,1600,1200
20160718_FIRE_mg-s-iqeye,-720,0.0614,111.0,513.1,149.2,544.2,1600,1200
20160718_FIRE_mg-s-iqeye,-600,0.0986,113.1,513.4,134.6,544.1,1600,1200
20160718_FIRE_mg-s-iqeye,-480,0.0823,110.2,513.3,136.0,544.7,1600,1200
20160718_FIRE_mg-s-iqeye,-360,0.1420,111.5,512.3,135.5,544.2,1600,1200
20160718_FIRE_mg-s-iqeye,-240,0.1106,110.5,512.7,135.7,543.9,1600,1200
20160718_FIRE_mg-s-iqeye,-120,0.0547,111.5,512.3,135.3,543.6,1600,1200
20160718_FIRE_mg-s-iqeye,0,0.1041,111.8,512.4,135.5,543.4,1600,1200
20160718_FIRE_mg-s-iqeye,120,0.0897,112.5,514.7,136.2,544.2,1600,1200
20160718_FIRE_mg-s-iqeye,120,0.0522,112.3,514.8,147.5,544.6,1600,1200
20160718_FIRE_mg-s-iqeye,240,0.0569,112.0,513.3,155.3,544.6,1600,1200
20160718_FIRE_mg-s-iqeye,240,0.1077,112.5,513.6,135.7,544.0,1600,1200
20160718_FIRE_mg-s-iqeye,240,0.1076,112.2,513.1,149.0,544.3,1600,1200
20160718_FIRE_mg-s-iqeye,360,0.0866,111.8,512.2,134.0,543.6,1600,1200
20160718_FIRE_mg-s-iqeye,360,0.0566,111.4,511.7,145.7,544.2,1600,1200
20160718_FIRE_mg-s-iqeye,480,0.0958,111.0,512.9,134.5,543.6,1600,1200
20160718_FIRE_mg-s-iqeye,600,0.1012,498.0,548.1,544.8,569.5,1600,1200
20160718_FIRE_mg-s-iqeye,600,0.2503,498.0,548.1,545.1,569.1,1600,1200
20160718_FIRE_mg-s-iqeye,600,0.0844,111.3,513.3,133.6,543.5,1600,1200
20160718_FIRE_mg-s-iqeye,600,0.0570,508.3,549.6,543.7,568.7,1600,1200
20160718_FIRE_mg-s-iqeye,720,0.6047,490.9,546.2,539.5,568.0,1600,1200
20160718_FIRE_mg-s-iqeye,720,0.0728,507.2,547.9,539.3,567.8,1600,1200
20160718_FIRE_mg-s-iqeye,720,0.6725,491.0,546.3,539.4,567.9,1600,1200
20160718_FIRE_mg-s-iqeye,720,0.0683,507.3,547.9,539.2,567.7,1600,1200
20160718_FIRE_mg-s-iqeye,840,0.7264,473.7,537.4,541.1,567.5,1600,1200
20160718_FIRE_mg-s-iqeye,840,0.7506,474.5,537.9,540.9,567.7,1600,1200
20160718_FIRE_mg-s-iqeye,960,0.6831,459.9,534.3,528.1,567.1,1600,1200
20160718_FIRE_mg-s-iqeye,960,0.7222,459.8,534.4,529.1,567.0,1600,1200
20160718_FIRE_mg-s-iqeye,1080,0.7285,463.4,529.5,534.7,567.8,1600,1200
20160718_FIRE_mg-s-iqeye,1080,0.7579,463.0,529.5,534.6,567.8,1600,1200
20160718_FIRE_mg-s-iqeye,1200,0.7669,472.1,520.8,532.6,567.1,1600,1200
20160718_FIRE_mg-s-iqeye,1200,0.7815,472.1,520.8,532.7,567.1,1600,1200
20160718_FIRE_mg-s-iqeye,1320,0.6787,469.1,518.7,535.4,567.0,1600,1200
20160718_FIRE_mg-s-iqeye,1320,0.7052,468.6,518.6,535.3,567.1,1600,1200
20160718_FIRE_mg-s-iqeye,1440,0.8165,459.4,525.3,539.3,568.5,1600,1200
20160718_FIRE_mg-s-iqeye,1440,0.8291,459.2,525.3,539.2,568.5,1600,1200
20160718_FIRE_mg-s-iqeye,1560,0.7703,446.8,526.1,540.0,568.6,1600,1200
20160718_FIRE_mg-s-iqeye,1560,0.7907,446.0,525.9,539.8,568.6,1600,1200
20160718_FIRE_mg-s-iqeye,1680,0.5758,445.5,524.3,537.7,569.0,1600,1200
20160718_FIRE_mg-s-iqeye,1680,0.1993,469.2,526.4,537.7,568.1,1600,1200
20160718_FIRE_mg-s-iqeye,1680,0.6181,440.6,523.9,537.7,569.0,1600,1200
20160718_FIRE_mg-s-iqeye,1680,0.1903,469.2,526.2,537.7,568.1,1600,1200
20160718_FIRE_mg-s-iqeye,1800,0.7102,436.5,523.4,536.5,568.0,1600,1200
20160718_FIRE_mg-s-iqeye,1800,0.7431,434.6,523.3,536.5,568.1,1600,1200
20160718_FIRE_mg-s-iqeye,1920,0.7413,432.2,522.8,533.8,567.7,1600,1200
20160718_FIRE_mg-s-iqeye,1920,0.7619,430.6,522.6,533.9,567.8,1600,1200
20160718_FIRE_mg-s-iqeye,2040,0.8158,424.3,521.9,535.7,568.0,1600,1200
20160718_FIRE_mg-s-iqeye,2040,0.8302,423.9,521.9,535.9,568.1,1600,1200
20160718_FIRE_mg-s-iqeye,2160,0.8231,414.6,521.7,536.5,568.2,1600,1200
20160718_FIRE_mg-s-iqeye,2160,0.8469,414.6,521.7,536.8,568.3,1600,1200
20160718_FIRE_mg-s-iqeye,2280,0.7161,408.8,520.5,534.8,568.0,1600,1200
20160718_FIRE_mg-s-iqeye,2280,0.7734,409.2,520.7,534.8,568.0,1600,1200
20160718_FIRE_mg-s-iqeye,2400,0.6376,407.9,520.0,534.2,568.2,1600,1200
20160718_FIRE_mg-s-iqeye,2400,0.7183,407.9,520.1,533.9,568.3,1600,1200
20160718_FIRE_mw-e-mobo-c,-1380,0.0616,357.9,779.4,375.3,794.6,2048,1536
20160718_FIRE_mw-e-mobo-c,-300,0.0622,301.6,776.2,323.1,796.6,2048,1536
20160718_FIRE_mw-e-mobo-c,-300,0.0963,301.7,776.4,322.9,796.5,2048,1536
20160718_FIRE_mw-e-mobo-c,900,0.3865,1300.9,748.4,1416.2,800.9,2048,1536
20160718_FIRE_mw-e-mobo-c,900,0.3841,1300.8,748.5,1416.3,801.0,2048,1536
20160718_FIRE_mw-e-mobo-c,900,0.4100,1300.9,748.4,1416.2,800.5,2048,1536
20160718_FIRE_mw-e-mobo-c,900,0.0744,1329.3,749.1,1415.4,790.7,2048,1536
20160718_FIRE_mw-e-mobo-c,900,0.4027,1300.8,748.5,1416.2,800.7,2048,1536
20160718_FIRE_mw-e-mobo-c,900,0.0692,1327.6,749.1,1415.5,790.8,2048,1536
20160718_FIRE_mw-e-mobo-c,1080,0.2483,1301.9,726.3,1423.9,791.4,2048,1536
20160718_FIRE_mw-e-mobo-c,1080,0.0889,1344.8,741.9,1424.4,791.3,2048,1536
20160718_FIRE_mw-e-mobo-c,1080,0.2546,1301.9,726.3,1423.9,791.5,2048,1536
20160718_FIRE_mw-e-mobo-c,1080,0.0928,1344.7,742.0,1424.4,791.4,2048,1536
20160718_FIRE_mw-e-mobo-c,1080,0.2700,1301.8,726.7,1424.0,791.4,2048,1536
20160718_FIRE_mw-e-mobo-c,1080,0.1278,1345.9,742.4,1424.5,791.2,2048,1536
20160718_FIRE_mw-e-mobo-c,1080,0.0762,1363.4,747.4,1424.5,791.1,2048,1536
20160718_FIRE_mw-e-mobo-c,1080,0.2727,1301.8,726.6,1424.0,791.5,2048,1536
20160718_FIRE_mw-e-mobo-c,1080,0.1244,1345.6,742.3,1424.5,791.2,2048,1536
20160718_FIRE_mw-e-mobo-c,1080,0.0696,1362.9,747.4,1424.5,791.1,2048,1536
20160718_FIRE_mw-e-mobo-c,1140,0.1184,1299.4,723.9,1414.6,789.8,2048,1536
20160718_FIRE_mw-e-mobo-c,1140,0.1171,1299.3,723.9,1414.7,789.8,2048,1536
20160718_FIRE_mw-e-mobo-c,1140,0.1376,1300.7,724.1,1414.3,789.8,2048,1536
20160718_FIRE_mw-e-mobo-c,1140,0.0548,1367.3,734.3,1413.7,790.0,2048,1536
20160718_FIRE_mw-e-mobo-c,1140,0.1337,1300.1,724.0,1414.4,789.8,2048,1536
20160718_FIRE_mw-e-mobo-c,1200,0.3695,1322.0,718.7,1423.6,791.8,2048,1536
20160718_FIRE_mw-e-mobo-c,1200,0.3694,1322.4,717.9,1423.0,791.6,2048,1536
20160718_FIRE_mw-e-mobo-c,1200,0.0500,242.3,783.7,264.4,802.0,2048,1536
20160718_FIRE_mw-e-mobo-c,1200,0.4551,1322.0,718.2,1423.4,791.7,2048,1536
20160718_FIRE_mw-e-mobo-c,1200,0.4440,1322.0,718.4,1423.5,791.8,2048,1536
20160718_FIRE_mw-e-mobo-c,1260,0.4256,1308.7,708.5,1420.1,791.8,2048,1536
20160718_FIRE_mw-e-mobo-c,1260,0.4227,1308.5,708.5,1420.2,791.8,2048,1536
20160718_FIRE_mw-e-mobo-c,1260,0.5108,1309.4,708.3,1420.1,791.5,2048,1536
20160718_FIRE_mw-e-mobo-c,1260,0.4982,1309.1,708.3,1420.1,791.6,2048,1536
20160718_FIRE_mw-e-mobo-c,1320,0.3594,1300.1,701.2,1408.7,791.1,2048,1536
20160718_FIRE_mw-e-mobo-c,1320,0.3702,1300.0,701.2,1408.7,791.1,2048,1536
20160718_FIRE_mw-e-mobo-c,1320,0.3681,1300.4,701.3,1408.5,791.0,2048,1536
20160718_FIRE_mw-e-mobo-c,1320,0.3786,1300.2,701.2,1408.6,791.1,2048,1536
20160718_FIRE_mw-e-mobo-c,1380,0.8196,1292.9,698.6,1424.8,791.4,2048,1536
20160718_FIRE_mw-e-mobo-c,1380,0.8227,1292.8,698.6,1424.9,791.5,2048,1536
20160718_FIRE_mw-e-mobo-c,1380,0.8472,1293.3,698.7,1424.9,791.4,2048,1536
20160718_FIRE_mw-e-mobo-c,1380,0.8473,1293.1,698.7,1424.9,791.4,2048,1536
20160718_FIRE_mw-e-mobo-c,1440,0.4070,1278.1,705.2,1422.0,789.8,2048,1536
20160718_FIRE_mw-e-mobo-c,1440,0.4010,1278.0,705.3,1422.2,789.8,2048,1536
20160718_FIRE_mw-e-mobo-c,1440,0.4546,1278.2,705.2,1421.9,789.7,2048,1536
20160718_FIRE_mw-e-mobo-c,1440,0.4519,1278.1,705.2,1422.0,789.8,2048,1536
20160718_FIRE_mw-e-mobo-c,1560,0.0517,1341.1,715.8,1417.6,791.4,2048,1536
20160718_FIRE_mw-e-mobo-c,1560,0.0567,1341.9,715.9,1417.6,791.4,2048,1536
20160718_FIRE_mw-e-mobo-c,1560,0.1080,1350.5,719.8,1416.9,791.2,2048,1536
20160718_FIRE_mw-e-mobo-c,1560,0.0550,1355.0,737.2,1416.8,790.6,2048,1536
20160718_FIRE_mw-e-mobo-c,1560,0.0528,1327.2,713.5,1417.8,791.7,2048,1536
20160718_FIRE_mw-e-mobo-c,1560,0.1112,1350.7,720.2,1416.9,791.3,2048,1536
20160718_FIRE_mw-e-mobo-c,1560,0.0505,1325.3,713.4,1417.9,791.8,2048,1536
20160718_FIRE_mw-e-mobo-c,1680,0.0948,1346.0,715.0,1412.9,793.5,2048,1536
20160718_FIRE_mw-e-mobo-c,1680,0.0530,1351.6,766.3,1410.0,792.7,2048,1536
20160718_FIRE_mw-e-mobo-c,1680,0.0926,1346.1,715.0,1413.0,793.6,2048,1536
20160718_FIRE_mw-e-mobo-c,1680,0.0511,1351.6,766.2,1410.1,792.8,2048,1536
20160718_FIRE_mw-e-mobo-c,1800,0.2264,1162.4,711.8,1427.9,764.1,2048,1536
20160718_FIRE_mw-e-mobo-c,1800,0.1899,1195.1,712.3,1422.9,777.4,2048,1536
20160718_FIRE_mw-e-mobo-c,1800,0.0508,1335.7,738.3,1421.5,793.8,2048,1536
20160718_FIRE_mw-e-mobo-c,1800,0.2064,1161.0,711.8,1427.8,764.4,2048,1536
20160718_FIRE_mw-e-mobo-c,1800,0.1700,1193.7,712.3,1422.9,778.0,2048,1536
20160718_FIRE_mw-e-mobo-c,1800,0.0587,1334.7,737.9,1421.3,794.0,2048,1536
20160718_FIRE_mw-e-mobo-c,1800,0.2508,1163.7,712.0,1428.4,762.5,2048,1536
20160718_FIRE_mw-e-mobo-c,1800,0.2304,1195.7,712.7,1422.5,794.5,2048,1536
20160718_FIRE_mw-e-mobo-c,1800,0.0892,1334.9,734.2,1421.5,793.6,2048,1536
20160718_FIRE_mw-e-mobo-c,1800,0.0625,1313.2,719.8,1422.1,793.4,2048,1536
20160718_FIRE_mw-e-mobo-c,1800,0.2395,1162.3,711.9,1428.3,762.9,2048,1536
20160718_FIRE_mw-e-mobo-c,1800,0.2178,1194.4,712.7,1422.5,795.0,2048,1536
20160718_FIRE_mw-e-mobo-c,1800,0.0948,1333.8,733.8,1421.4,793.8,2048,1536
20160718_FIRE_mw-e-mobo-c,1800,0.0634,1315.0,720.0,1422.2,793.5,2048,1536
20160718_FIRE_mw-e-mobo-c,1860,0.1661,1188.8,710.9,1413.2,759.8,2048,1536
20160718_FIRE_mw-e-mobo-c,1860,0.1440,1188.1,710.9,1413.5,759.8,2048,1536
20160718_FIRE_mw-e-mobo-c,1860,0.2038,1190.7,711.2,1412.0,759.3,2048,1536
20160718_FIRE_mw-e-mobo-c,1860,0.1870,1189.1,711.1,1412.4,759.4,2048,1536
20160718_FIRE_mw-e-mobo-c,1920,0.1881,1179.3,710.2,1410.7,762.6,2048,1536
20160718_FIRE_mw-e-mobo-c,1920,0.1629,1179.0,710.2,1411.1,762.6,2048,1536
20160718_FIRE_mw-e-mobo-c,1920,0.2769,1181.3,710.5,1408.7,762.5,2048,1536
20160718_FIRE_mw-e-mobo-c,1920,0.2636,1180.4,710.4,1409.4,762.4,2048,1536
20160718_FIRE_mw-e-mobo-c,1980,0.1582,1176.3,708.8,1407.7,769.5,2048,1536
20160718_FIRE_mw-e-mobo-c,1980,0.1278,1174.2,708.8,1408.2,769.8,2048,1536
20160718_FIRE_mw-e-mobo-c,1980,0.2056,1177.0,709.0,1406.4,767.6,2048,1536
20160718_FIRE_mw-e-mobo-c,1980,0.1827,1174.0,709.0,1407.0,767.8,2048,1536
20160718_FIRE_mw-e-mobo-c,2040,0.1379,1166.9,709.8,1405.2,773.6,2048,1536
20160718_FIRE_mw-e-mobo-c,2040,0.1107,1166.8,709.7,1405.2,773.9,2048,1536
20160718_FIRE_mw-e-mobo-c,2040,0.2203,1170.6,710.0,1405.1,769.7,2048,1536
20160718_FIRE_mw-e-mobo-c,2040,0.1968,1170.4,709.9,1404.9,769.7,2048,1536
20160718_FIRE_mw-e-mobo-c,2100,0.2138,1165.5,711.3,1395.2,770.5,2048,1536
20160718_FIRE_mw-e-mobo-c,2100,0.1757,1164.0,711.2,1395.6,770.6,2048,1536
20160718_FIRE_mw-e-mobo-c,2100,0.2767,1169.4,711.7,1395.9,769.7,2048,1536
20160718_FIRE_mw-e-mobo-c,2100,0.2469,1167.9,711.6,1396.1,769.8,2048,1536
20160718_FIRE_mw-e-mobo-c,2160,0.0775,1147.2,710.4,1389.6,789.3,2048,1536
20160718_FIRE_mw-e-mobo-c,2160,0.0598,1146.8,710.2,1389.4,789.4,2048,1536
20160718_FIRE_mw-e-mobo-c,2280,0.0772,1130.5,711.3,1379.9,770.9,2048,1536
20160718_FIRE_mw-e-mobo-c,2280,0.0724,331.2,778.6,353.5,795.0,2048,1536
20160718_FIRE_mw-e-mobo-c,2280,0.1162,1131.6,711.4,1381.0,771.0,2048,1536
20160718_FIRE_mw-e-mobo-c,2280,0.0694,1130.0,711.3,1387.1,770.9,2048,1536
20160718_FIRE_mw-e-mobo-c,2400,0.0997,1136.3,711.3,1392.7,771.7,2048,1536
20160718_FIRE_mw-e-mobo-c,2400,0.0762,1136.3,711.0,1392.5,771.8,2048,1536
20160722_FIRE_mg-s-iqeye,-2160,0.0606,5.1,475.8,137.3,545.1,1600,1200
20160722_FIRE_mg-s-iqeye,-1560,0.0574,2.0,477.0,141.9,544.8,1600,1200
20160722_FIRE_mg-s-iqeye,-1320,0.0549,1.3,473.8,141.6,545.5,1600,1200
20160722_FIRE_mg-s-iqeye,-1320,0.0504,0.0,471.9,139.3,545.2,1600,1200
20160722_FIRE_mg-s-iqeye,-240,0.0631,107.2,513.2,134.4,544.0,1600,1200
20160722_FIRE_mg-s-iqeye,240,0.0752,27.4,599.1,67.5,632.4,1600,1200
20160722_FIRE_mg-s-iqeye,360,0.0560,26.2,598.7,67.8,631.8,1600,1200
20160722_FIRE_mg-s-iqeye,480,0.1259,26.0,598.0,67.3,632.6,1600,1200
20160722_FIRE_mg-s-iqeye,720,0.0802,26.2,598.3,68.0,632.3,1600,1200
20160722_FIRE_mg-s-iqeye,960,0.0788,25.7,598.1,67.3,632.7,1600,1200
20160722_FIRE_mg-s-iqeye,1200,0.0516,230.2,602.2,269.7,631.0,1600,1200
20160722_FIRE_mg-s-iqeye,1200,0.0660,27.2,598.2,67.0,633.1,1600,1200
20160722_FIRE_mg-s-iqeye,1320,0.0523,1004.9,542.4,1024.0,567.5,1600,1200
20160722_FIRE_mg-s-iqeye,2400,0.0676,25.1,597.5,68.1,634.1,1600,1200
20160722_FIRE_mw-e-mobo-c,-1980,0.0550,618.5,730.7,804.9,786.8,2048,1536
20160722_FIRE_mw-e-mobo-c,-1800,0.0753,602.3,725.8,851.0,787.7,2048,1536
20160722_FIRE_mw-e-mobo-c,-1800,0.1154,603.3,726.3,849.6,787.7,2048,1536
20160722_FIRE_mw-e-mobo-c,-1680,0.1330,603.3,729.9,793.8,786.3,2048,1536
20160722_FIRE_mw-e-mobo-c,-1680,0.1980,603.4,730.2,793.5,786.4,2048,1536
20160722_FIRE_mw-e-mobo-c,-1620,0.0506,595.6,728.2,828.5,787.7,2048,1536
20160722_FIRE_mw-e-mobo-c,-1560,0.0724,593.1,725.9,835.7,787.7,2048,1536
20160722_FIRE_mw-e-mobo-c,-1440,0.0618,597.4,726.9,818.8,786.2,2048,1536
20160722_FIRE_mw-e-mobo-c,-1440,0.0952,597.3,727.4,816.7,786.3,2048,1536
20160722_FIRE_mw-e-mobo-c,-1380,0.0794,591.6,727.9,809.9,786.6,2048,1536
20160722_FIRE_mw-e-mobo-c,-1200,0.0594,579.9,727.0,804.4,785.9,2048,1536
20160722_FIRE_mw-e-mobo-c,-1080,0.0645,591.0,729.6,788.8,786.6,2048,1536
20160722_FIRE_mw-e-mobo-c,-1080,0.0894,591.3,729.2,802.9,787.0,2048,1536
20160722_FIRE_mw-e-mobo-c,-960,0.0562,558.0,733.2,761.3,785.7,2048,1536
20160722_FIRE_mw-e-mobo-c,-960,0.0882,557.9,733.8,758.8,785.9,2048,1536
20160722_FIRE_mw-e-mobo-c,-960,0.0506,577.1,728.3,819.6,787.4,2048,1536
20160722_FIRE_mw-e-mobo-c,-60,0.0573,534.1,732.1,761.0,786.2,2048,1536
20160722_FIRE_mw-e-mobo-c,60,0.0562,523.0,732.8,742.4,786.3,2048,1536
20160722_FIRE_mw-e-mobo-c,60,0.0712,522.5,732.9,758.0,786.6,2048,1536
20160722_FIRE_mw-e-mobo-c,60,0.0542,530.2,725.4,835.7,788.8,2048,1536
20160722_FIRE_mw-e-mobo-c,120,0.0557,522.7,726.8,821.0,787.5,2048,1536
20160722_FIRE_mw-e-mobo-c,120,0.0800,522.4,727.4,818.7,787.7,2048,1536
20160722_FIRE_mw-e-mobo-c,120,0.0501,526.5,731.9,745.5,785.7,2048,1536
20160722_FIRE_mw-e-mobo-c,180,0.0555,523.8,725.9,824.4,788.0,2048,1536
20160722_FIRE_mw-e-mobo-c,180,0.0744,521.8,727.6,805.5,787.5,2048,1536
20160722_FIRE_mw-e-mobo-c,240,0.0914,519.9,726.0,823.3,788.1,2048,1536
20160722_FIRE_mw-e-mobo-c,240,0.0543,519.5,733.2,742.4,786.0,2048,1536
20160722_FIRE_mw-e-mobo-c,240,0.1210,520.3,726.6,820.9,788.2,2048,1536
20160722_FIRE_mw-e-mobo-c,240,0.0774,519.2,734.0,740.5,786.2,2048,1536
20160722_FIRE_mw-e-mobo-c,300,0.1603,523.7,725.9,799.4,787.1,2048,1536
20160722_FIRE_mw-e-mobo-c,300,0.1827,523.7,726.5,798.7,787.2,2048,1536
20160722_FIRE_mw-e-mobo-c,360,0.1068,511.8,725.9,809.2,787.5,2048,1536
20160722_FIRE_mw-e-mobo-c,360,0.1261,511.7,726.6,807.7,787.7,2048,1536
20160722_FIRE_mw-e-mobo-c,420,0.0650,504.7,726.3,802.1,787.0,2048,1536
20160722_FIRE_mw-e-mobo-c,420,0.0804,504.9,730.1,771.1,786.8,2048,1536
20160722_FIRE_mw-e-mobo-c,480,0.1671,507.1,729.6,766.9,786.9,2048,1536
20160722_FIRE_mw-e-mobo-c,480,0.0503,514.6,735.1,715.3,785.5,2048,1536
20160722_FIRE_mw-e-mobo-c,480,0.1937,507.1,730.5,765.6,787.1,2048,1536
20160722_FIRE_mw-e-mobo-c,480,0.0646,514.8,736.0,696.9,785.2,2048,1536
20160722_FIRE_mw-e-mobo-c,480,0.2211,1831.4,1012.5,1915.2,1063.7,2048,1536
20160722_FIRE_mw-e-mobo-c,480,0.1096,1828.5,1010.0,1932.6,1065.5,2048,1536
20160722_FIRE_mw-e-mobo-c,540,0.1800,507.3,726.1,790.6,787.0,2048,1536
20160722_FIRE_mw-e-mobo-c,540,0.0585,514.3,733.7,720.7,786.1,2048,1536
20160722_FIRE_mw-e-mobo-c,540,0.1917,507.3,726.8,789.2,787.2,2048,1536
20160722_FIRE_mw-e-mobo-c,540,0.0728,514.1,734.5,720.7,786.4,2048,1536
20160722_FIRE_mw-e-mobo-c,540,0.0622,516.7,748.5,582.3,782.9,2048,1536
20160722_FIRE_mw-e-mobo-c,600,0.1806,504.0,727.8,773.5,787.2,2048,1536
20160722_FIRE_mw-e-mobo-c,600,0.0660,511.9,733.1,711.6,786.3,2048,1536
20160722_FIRE_mw-e-mobo-c,600,0.1964,505.9,727.9,792.8,787.9,2048,1536
20160722_FIRE_mw-e-mobo-c,600,0.0862,511.6,736.6,692.5,785.5,2048,1536
20160722_FIRE_mw-e-mobo-c,600,0.0747,1830.1,1018.2,1910.5,1062.3,2048,1536
20160722_FIRE_mw-e-mobo-c,600,0.0529,1819.0,1016.9,1930.8,1065.3,2048,1536
20160722_FIRE_mw-e-mobo-c,660,0.2758,503.3,727.1,764.9,786.5,2048,1536
20160722_FIRE_mw-e-mobo-c,660,0.0810,1784.5,960.4,1892.9,1024.0,2048,1536
20160722_FIRE_mw-e-mobo-c,660,0.2941,503.4,727.8,763.8,786.8,2048,1536
20160722_FIRE_mw-e-mobo-c,660,0.0755,1785.2,957.6,1902.0,1056.9,2048,1536
20160722_FIRE_mw-e-mobo-c,660,0.0525,1783.7,954.0,1936.7,1069.4,2048,1536
20160722_FIRE_mw-e-mobo-c,720,0.1930,498.9,727.0,779.6,787.3,2048,1536
20160722_FIRE_mw-e-mobo-c,720,0.3193,1778.3,962.7,1857.5,1024.0,2048,1536
20160722_FIRE_mw-e-mobo-c,720,0.3243,1777.3,962.4,1858.2,1024.0,2048,1536
20160722_FIRE_mw-e-mobo-c,720,0.2222,499.2,727.6,778.0,787.4,2048,1536
20160722_FIRE_mw-e-mobo-c,720,0.5294,1790.2,967.6,1909.7,1067.2,2048,1536
20160722_FIRE_mw-e-mobo-c,720,0.4909,1789.7,966.5,1912.5,1067.3,2048,1536
20160722_FIRE_mw-e-mobo-c,780,0.0570,500.1,728.7,771.3,787.1,2048,1536
20160722_FIRE_mw-e-mobo-c,780,0.1634,1629.2,902.6,1898.2,1023.4,2048,1536
20160722_FIRE_mw-e-mobo-c,780,0.0522,1661.7,920.9,1883.2,1024.0,2048,1536
20160722_FIRE_mw-e-mobo-c,780,0.1901,1630.7,902.4,1897.1,1023.4,2048,1536
20160722_FIRE_mw-e-mobo-c,780,0.0804,553.7,724.4,821.3,788.4,2048,1536
20160722_FIRE_mw-e-mobo-c,780,0.0570,500.9,731.7,764.0,787.1,2048,1536
20160722_FIRE_mw-e-mobo-c,780,0.2942,1794.0,946.6,1896.2,1068.1,2048,1536
20160722_FIRE_mw-e-mobo-c,780,0.0904,1733.4,927.4,1892.9,1068.4,2048,1536
20160722_FIRE_mw-e-mobo-c,780,0.2742,1794.8,946.6,1878.3,1067.9,2048,1536
20160722_FIRE_mw-e-mobo-c,780,0.0938,1781.6,944.7,1910.6,1068.4,2048,1536
20160722_FIRE_mw-e-mobo-c,780,0.0857,1716.2,923.0,1891.6,1068.7,2048,1536
20160722_FIRE_mw-e-mobo-c,780,0.0615,1764.4,935.4,1885.0,1068.2,2048,1536
20160722_FIRE_mw-e-mobo-c,840,0.1031,558.1,724.1,817.7,787.8,2048,1536
20160722_FIRE_mw-e-mobo-c,840,0.0986,1695.7,924.1,1862.4,1024.0,2048,1536
20160722_FIRE_mw-e-mobo-c,840,0.1176,1694.7,924.0,1862.6,1024.0,2048,1536
20160722_FIRE_mw-e-mobo-c,840,0.1660,557.8,724.4,816.7,788.0,2048,1536
20160722_FIRE_mw-e-mobo-c,840,0.4544,1758.0,980.4,1905.6,1072.4,2048,1536
20160722_FIRE_mw-e-mobo-c,840,0.3869,1691.2,926.9,1915.6,1076.3,2048,1536
20160722_FIRE_mw-e-mobo-c,840,0.0626,1510.0,845.0,1920.0,1097.2,2048,1536
20160722_FIRE_mw-e-mobo-c,840,0.4125,1690.9,927.1,1910.8,1076.1,2048,1536
20160722_FIRE_mw-e-mobo-c,840,0.4020,1757.4,980.3,1897.8,1072.3,2048,1536
20160722_FIRE_mw-e-mobo-c,840,0.0633,1510.8,848.6,1958.9,1095.9,2048,1536
20160722_FIRE_mw-e-mobo-c,900,0.1899,552.7,725.4,800.5,787.8,2048,1536
20160722_FIRE_mw-e-mobo-c,900,0.0990,1590.0,897.3,1862.9,1024.0,2048,1536
20160722_FIRE_mw-e-mobo-c,900,0.0879,1638.5,933.9,1855.5,1024.0,2048,1536
20160722_FIRE_mw-e-mobo-c,900,0.1032,1589.2,898.2,1863.2,1024.0,2048,1536
20160722_FIRE_mw-e-mobo-c,900,0.0947,1637.7,934.3,1855.6,1024.0,2048,1536
20160722_FIRE_mw-e-mobo-c,900,0.2516,558.3,725.7,802.1,788.0,2048,1536
20160722_FIRE_mw-e-mobo-c,900,0.5250,1649.7,925.8,1904.1,1082.3,2048,1536
20160722_FIRE_mw-e-mobo-c,900,0.1487,1771.7,1000.5,1890.0,1075.6,2048,1536
20160722_FIRE_mw-e-mobo-c,900,0.5161,1649.6,925.8,1903.2,1082.4,2048,1536
20160722_FIRE_mw-e-mobo-c,900,0.1228,1771.5,1000.4,1889.3,1075.6,2048,1536
20160722_FIRE_mw-e-mobo-c,960,0.1508,556.7,724.9,803.6,787.3,2048,1536
20160722_FIRE_mw-e-mobo-c,960,0.2145,1542.1,917.1,1900.1,1024.0,2048,1536
20160722_FIRE_mw-e-mobo-c,960,0.1444,1595.7,917.8,1767.4,1023.0,2048,1536
20160722_FIRE_mw-e-mobo-c,960,0.2438,1546.7,917.2,1895.9,1024.0,2048,1536
20160722_FIRE_mw-e-mobo-c,960,0.1298,1595.4,917.8,1775.3,1023.2,2048,1536
20160722_FIRE_mw-e-mobo-c,960,0.2077,556.5,725.2,802.9,787.5,2048,1536
20160722_FIRE_mw-e-mobo-c,960,0.3748,1586.3,914.1,1909.0,1072.6,2048,1536
20160722_FIRE_mw-e-mobo-c,960,0.3199,1802.2,995.2,1901.8,1072.0,2048,1536
20160722_FIRE_mw-e-mobo-c,960,0.0980,1595.3,915.8,1785.7,1043.0,2048,1536
20160722_FIRE_mw-e-mobo-c,960,0.3862,1613.2,918.8,1905.2,1078.9,2048,1536
20160722_FIRE_mw-e-mobo-c,960,0.3374,1800.8,994.3,1900.9,1072.4,2048,1536
20160722_FIRE_mw-e-mobo-c,960,0.0886,1595.1,915.7,1796.3,1043.8,2048,1536
20160722_FIRE_mw-e-mobo-c,1020,0.1198,551.6,726.0,794.2,787.0,2048,1536
20160722_FIRE_mw-e-mobo-c,1020,0.4974,1664.6,918.0,1872.3,1023.9,2048,1536
20160722_FIRE_mw-e-mobo-c,1020,0.4998,1664.3,918.1,1871.8,1024.0,2048,1536
20160722_FIRE_mw-e-mobo-c,1020,0.1720,552.6,726.4,793.5,787.1,2048,1536
20160722_FIRE_mw-e-mobo-c,1020,0.5149,1683.0,931.0,1892.1,1072.3,2048,1536
20160722_FIRE_mw-e-mobo-c,1020,0.1106,1814.0,993.1,1890.1,1070.2,2048,1536
20160722_FIRE_mw-e-mobo-c,1020,0.5224,1681.4,930.8,1891.4,1072.3,2048,1536
20160722_FIRE_mw-e-mobo-c,1020,0.0929,1813.6,992.9,1889.6,1070.2,2048,1536
20160722_FIRE_mw-e-mobo-c,1080,0.1854,540.8,726.1,789.6,787.7,2048,1536
20160722_FIRE_mw-e-mobo-c,1080,0.0610,1609.2,935.2,1897.4,1024.0,2048,1536
20160722_FIRE_mw-e-mobo-c,1080,0.2513,541.6,726.4,789.3,787.8,2048,1536
20160722_FIRE_mw-e-mobo-c,1080,0.6840,1784.1,997.7,1895.2,1073.1,2048,1536
20160722_FIRE_mw-e-mobo-c,1080,0.2765,1672.4,941.4,1895.4,1075.9,2048,1536
20160722_FIRE_mw-e-mobo-c,1080,0.6611,1784.1,997.4,1894.3,1073.0,2048,1536
20160722_FIRE_mw-e-mobo-c,1080,0.3056,1671.2,941.6,1894.8,1075.8,2048,1536
20160722_FIRE_mw-e-mobo-c,1140,0.1813,528.3,725.1,795.3,787.6,2048,1536
20160722_FIRE_mw-e-mobo-c,1140,0.2243,530.7,725.3,799.1,788.1,2048,1536
20160722_FIRE_mw-e-mobo-c,1140,0.8265,1809.3,1023.6,1892.2,1073.7,2048,1536
20160722_FIRE_mw-e-mobo-c,1140,0.8233,1809.1,1023.4,1891.6,1073.7,2048,1536
20160722_FIRE_mw-e-mobo-c,1200,0.1431,534.8,725.7,777.6,787.1,2048,1536
20160722_FIRE_mw-e-mobo-c,1200,0.2942,1753.4,969.1,1822.9,1024.0,2048,1536
20160722_FIRE_mw-e-mobo-c,1200,0.0534,1714.9,949.7,1826.2,1024.0,2048,1536
20160722_FIRE_mw-e-mobo-c,1200,0.3061,1752.9,969.0,1823.0,1024.0,2048,1536
20160722_FIRE_mw-e-mobo-c,1200,0.0603,1714.7,949.5,1826.4,1024.0,2048,1536
20160722_FIRE_mw-e-mobo-c,1200,0.2061,528.1,724.8,792.8,788.0,2048,1536
20160722_FIRE_mw-e-mobo-c,1200,0.6853,1750.7,969.8,1904.9,1066.1,2048,1536
20160722_FIRE_mw-e-mobo-c,1200,0.5723,1825.2,1026.1,1902.4,1065.0,2048,1536
20160722_FIRE_mw-e-mobo-c,1200,0.6926,1750.5,969.8,1904.6,1066.1,2048,1536
20160722_FIRE_mw-e-mobo-c,1200,0.4887,1825.1,1026.3,1901.8,1064.9,2048,1536
20160722_FIRE_mw-e-mobo-c,1260,0.1425,529.5,726.3,777.2,787.4,2048,1536
20160722_FIRE_mw-e-mobo-c,1260,0.0680,1613.4,907.4,1687.6,1011.9,2048,1536
20160722_FIRE_mw-e-mobo-c,1260,0.0780,1613.1,907.2,1687.9,1011.7,2048,1536
20160722_FIRE_mw-e-mobo-c,1260,0.1849,529.2,726.7,776.5,787.5,2048,1536
20160722_FIRE_mw-e-mobo-c,1260,0.7481,1794.5,1012.6,1897.5,1073.7,2048,1536
20160722_FIRE_mw-e-mobo-c,1260,0.7283,1794.2,1009.8,1895.4,1073.6,2048,1536
20160722_FIRE_mw-e-mobo-c,1320,0.1068,524.5,726.7,783.2,787.6,2048,1536
20160722_FIRE_mw-e-mobo-c,1320,0.1519,528.6,727.2,786.3,788.0,2048,1536
20160722_FIRE_mw-e-mobo-c,1320,0.7672,1811.0,1025.9,1887.7,1069.3,2048,1536
20160722_FIRE_mw-e-mobo-c,1320,0.7675,1810.7,1025.4,1886.4,1069.2,2048,1536
20160722_FIRE_mw-e-mobo-c,1380,0.1994,526.0,728.0,759.6,787.5,2048,1536
20160722_FIRE_mw-e-mobo-c,1380,0.0717,1651.8,942.2,1826.4,1024.0,2048,1536
20160722_FIRE_mw-e-mobo-c,1380,0.2517,525.5,728.3,759.5,787.7,2048,1536
20160722_FIRE_mw-e-mobo-c,1380,0.3399,1656.5,941.3,1893.1,1078.6,2048,1536
20160722_FIRE_mw-e-mobo-c,1380,0.1991,1809.8,1047.1,1885.4,1074.8,2048,1536
20160722_FIRE_mw-e-mobo-c,1380,0.3471,1655.4,941.3,1892.3,1078.5,2048,1536
20160722_FIRE_mw-e-mobo-c,1380,0.1845,1808.7,1046.9,1884.3,1074.7,2048,1536
20160722_FIRE_mw-e-mobo-c,1440,0.2855,514.6,727.8,755.8,787.9,2048,1536
20160722_FIRE_mw-e-mobo-c,1440,0.1381,1715.0,989.5,1776.8,1024.0,2048,1536
20160722_FIRE_mw-e-mobo-c,1440,0.1343,1721.9,997.0,1777.2,1024.0,2048,1536
20160722_FIRE_mw-e-mobo-c,1440,0.1425,1714.8,989.3,1777.0,1024.0,2048,1536
20160722_FIRE_mw-e-mobo-c,1440,0.1289,1720.3,995.9,1774.8,1024.0,2048,1536
20160722_FIRE_mw-e-mobo-c,1440,0.3237,516.5,728.2,759.4,788.0,2048,1536
20160722_FIRE_mw-e-mobo-c,1440,0.3890,1814.7,1041.8,1893.9,1074.2,2048,1536
20160722_FIRE_mw-e-mobo-c,1440,0.3033,1713.2,990.5,1893.6,1075.0,2048,1536
20160722_FIRE_mw-e-mobo-c,1440,0.1351,1717.0,997.3,1785.5,1053.4,2048,1536
20160722_FIRE_mw-e-mobo-c,1440,0.3484,1814.7,1041.5,1893.1,1074.2,2048,1536
20160722_FIRE_mw-e-mobo-c,1440,0.3160,1712.8,990.1,1893.5,1075.3,2048,1536
20160722_FIRE_mw-e-mobo-c,1440,0.1247,1716.8,997.1,1785.5,1053.6,2048,1536
20160722_FIRE_mw-e-mobo-c,1500,0.1970,513.3,727.4,758.9,787.9,2048,1536
20160722_FIRE_mw-e-mobo-c,1500,0.2263,513.2,727.8,758.6,788.0,2048,1536
20160722_FIRE_mw-e-mobo-c,1500,0.4183,1817.4,1049.8,1875.3,1075.0,2048,1536
20160722_FIRE_mw-e-mobo-c,1500,0.3527,1817.3,1049.7,1873.9,1074.9,2048,1536
20160722_FIRE_mw-e-mobo-c,1500,0.0931,1809.7,1045.9,1869.1,1075.8,2048,1536
20160722_FIRE_mw-e-mobo-c,1560,0.1325,516.1,725.9,800.1,787.8,2048,1536
20160722_FIRE_mw-e-mobo-c,1560,0.1855,515.9,726.4,798.5,788.0,2048,1536
20160722_FIRE_mw-e-mobo-c,1560,0.7002,1781.9,1021.1,1880.0,1074.0,2048,1536
20160722_FIRE_mw-e-mobo-c,1560,0.6926,1781.9,1020.9,1879.2,1073.8,2048,1536
20160722_FIRE_mw-e-mobo-c,1620,0.1755,512.5,729.6,744.2,786.8,2048,1536
20160722_FIRE_mw-e-mobo-c,1620,0.1468,523.7,726.4,810.3,788.3,2048,1536
20160722_FIRE_mw-e-mobo-c,1620,0.0651,1651.5,954.4,1752.9,1022.3,2048,1536
20160722_FIRE_mw-e-mobo-c,1620,0.0888,1651.4,954.3,1753.1,1022.2,2048,1536
20160722_FIRE_mw-e-mobo-c,1620,0.2209,512.2,730.0,744.0,787.0,2048,1536
20160722_FIRE_mw-e-mobo-c,1620,0.1909,523.7,726.8,806.8,788.5,2048,1536
20160722_FIRE_mw-e-mobo-c,1620,0.6594,1838.2,1019.7,1893.9,1067.5,2048,1536
20160722_FIRE_mw-e-mobo-c,1620,0.0656,1807.4,1018.4,1892.7,1072.0,2048,1536
20160722_FIRE_mw-e-mobo-c,1620,0.6143,1837.8,1019.7,1891.7,1067.5,2048,1536
20160722_FIRE_mw-e-mobo-c,1620,0.0896,1807.4,1018.4,1890.7,1072.3,2048,1536
20160722_FIRE_mw-e-mobo-c,1680,0.2167,502.2,728.7,754.9,787.3,2048,1536
20160722_FIRE_mw-e-mobo-c,1680,0.0626,519.7,723.9,806.3,789.2,2048,1536
20160722_FIRE_mw-e-mobo-c,1680,0.1199,1809.3,995.6,1854.6,1023.8,2048,1536
20160722_FIRE_mw-e-mobo-c,1680,0.1370,1809.4,995.5,1854.6,1023.9,2048,1536
20160722_FIRE_mw-e-mobo-c,1680,0.0506,1797.9,994.9,1862.4,1024.0,2048,1536
20160722_FIRE_mw-e-mobo-c,1680,0.2417,502.1,729.1,754.7,787.5,2048,1536
20160722_FIRE_mw-e-mobo-c,1680,0.5713,1840.8,1025.0,1885.5,1067.0,2048,1536
20160722_FIRE_mw-e-mobo-c,1680,0.2816,1802.1,996.2,1887.9,1068.0,2048,1536
20160722_FIRE_mw-e-mobo-c,1680,0.0567,1829.1,1001.3,1886.6,1067.2,2048,1536
20160722_FIRE_mw-e-mobo-c,1680,0.5370,1840.8,1024.9,1884.8,1066.9,2048,1536
20160722_FIRE_mw-e-mobo-c,1680,0.3064,1802.0,996.1,1887.0,1067.8,2048,1536
20160722_FIRE_mw-e-mobo-c,1680,0.0618,1823.0,999.6,1885.8,1067.1,2048,1536
20160722_FIRE_mw-e-mobo-c,1740,0.1976,504.4,728.3,773.0,787.2,2048,1536
20160722_FIRE_mw-e-mobo-c,1740,0.4295,1816.3,981.5,1872.9,1024.0,2048,1536
20160722_FIRE_mw-e-mobo-c,1740,0.0533,1816.1,979.2,1907.5,1024.0,2048,1536
20160722_FIRE_mw-e-mobo-c,1740,0.4132,1816.1,981.5,1873.0,1024.0,2048,1536
20160722_FIRE_mw-e-mobo-c,1740,0.2416,504.2,728.6,771.7,787.4,2048,1536
20160722_FIRE_mw-e-mobo-c,1740,0.9066,1815.3,982.8,1886.6,1066.5,2048,1536
20160722_FIRE_mw-e-mobo-c,1740,0.9059,1815.2,982.7,1885.4,1066.4,2048,1536
20160722_FIRE_mw-e-mobo-c,1800,0.2672,503.3,729.0,762.8,787.1,2048,1536
20160722_FIRE_mw-e-mobo-c,1800,0.3094,503.1,729.4,761.5,787.3,2048,1536
20160722_FIRE_mw-e-mobo-c,1800,0.4471,1809.2,988.9,1886.5,1069.7,2048,1536
20160722_FIRE_mw-e-mobo-c,1800,0.4285,1809.6,988.6,1881.0,1069.6,2048,1536
20160722_FIRE_mw-e-mobo-c,1860,0.2817,503.2,729.3,758.3,787.0,2048,1536
20160722_FIRE_mw-e-mobo-c,1860,0.4633,1815.1,960.8,1864.3,1024.0,2048,1536
20160722_FIRE_mw-e-mobo-c,1860,0.0620,1815.2,960.9,1886.5,1024.0,2048,1536
20160722_FIRE_mw-e-mobo-c,1860,0.4344,1814.9,960.7,1864.4,1024.0,2048,1536
20160722_FIRE_mw-e-mobo-c,1860,0.0706,1814.9,960.7,1886.8,1024.0,2048,1536
20160722_FIRE_mw-e-mobo-c,1860,0.3125,503.1,729.6,757.3,787.3,2048,1536
20160722_FIRE_mw-e-mobo-c,1860,0.8529,1816.9,961.7,1897.0,1067.3,2048,1536
20160722_FIRE_mw-e-mobo-c,1860,0.8483,1816.6,961.6,1894.9,1067.1,2048,1536
20160722_FIRE_mw-e-mobo-c,1920,0.2370,500.0,729.7,768.7,787.3,2048,1536
20160722_FIRE_mw-e-mobo-c,1920,0.0701,505.8,733.7,703.3,785.5,2048,1536
20160722_FIRE_mw-e-mobo-c,1920,0.5636,1665.8,925.8,1854.6,1024.0,2048,1536
20160722_FIRE_mw-e-mobo-c,1920,0.5894,1665.1,925.6,1855.1,1024.0,2048,1536
20160722_FIRE_mw-e-mobo-c,1920,0.2600,500.1,730.0,767.1,787.5,2048,1536
20160722_FIRE_mw-e-mobo-c,1920,0.0813,505.8,734.2,703.1,785.7,2048,1536
20160722_FIRE_mw-e-mobo-c,1920,0.6790,1760.0,991.3,1889.9,1074.1,2048,1536
20160722_FIRE_mw-e-mobo-c,1920,0.5362,1669.2,927.5,1896.5,1077.1,2048,1536
20160722_FIRE_mw-e-mobo-c,1920,0.6560,1759.8,991.2,1889.4,1074.1,2048,1536
20160722_FIRE_mw-e-mobo-c,1920,0.5592,1669.1,927.9,1895.6,1077.0,2048,1536
20160722_FIRE_mw-e-mobo-c,1980,0.1725,496.7,730.4,757.9,786.7,2048,1536
20160722_FIRE_mw-e-mobo-c,1980,0.1883,1580.6,888.3,1835.6,1024.0,2048,1536
20160722_FIRE_mw-e-mobo-c,1980,0.1916,1580.5,888.3,1835.2,1024.0,2048,1536
20160722_FIRE_mw-e-mobo-c,1980,0.1999,496.4,730.8,755.8,786.8,2048,1536
20160722_FIRE_mw-e-mobo-c,1980,0.0521,550.1,726.2,823.4,788.6,2048,1536
20160722_FIRE_mw-e-mobo-c,1980,0.8191,1759.9,990.0,1890.8,1075.2,2048,1536
20160722_FIRE_mw-e-mobo-c,1980,0.3466,1584.2,865.5,1865.4,1071.4,2048,1536
20160722_FIRE_mw-e-mobo-c,1980,0.8123,1759.8,990.0,1889.8,1075.2,2048,1536
20160722_FIRE_mw-e-mobo-c,1980,0.3458,1583.9,863.3,1865.2,1072.2,2048,1536
20160722_FIRE_mw-e-mobo-c,2040,0.0756,500.4,732.0,752.5,787.5,2048,1536
20160722_FIRE_mw-e-mobo-c,2040,0.7838,1617.8,918.2,1757.3,1024.0,2048,1536
20160722_FIRE_mw-e-mobo-c,2040,0.7877,1617.6,918.1,1757.6,1024.0,2048,1536
20160722_FIRE_mw-e-mobo-c,2040,0.0917,500.0,732.3,750.2,787.6,2048,1536
20160722_FIRE_mw-e-mobo-c,2040,0.0786,552.8,727.2,825.4,789.0,2048,1536
20160722_FIRE_mw-e-mobo-c,2040,0.6237,1614.3,914.7,1876.2,1080.1,2048,1536
20160722_FIRE_mw-e-mobo-c,2040,0.6156,1614.1,914.8,1876.5,1080.1,2048,1536
20160722_FIRE_mw-e-mobo-c,2100,0.2030,1597.7,950.0,1680.2,1020.6,2048,1536
20160722_FIRE_mw-e-mobo-c,2100,0.2162,1597.6,949.9,1680.4,1020.5,2048,1536
20160722_FIRE_mw-e-mobo-c,2100,0.0607,497.6,733.1,731.9,787.2,2048,1536
20160722_FIRE_mw-e-mobo-c,2100,0.3318,1731.4,1019.4,1884.8,1078.7,2048,1536
20160722_FIRE_mw-e-mobo-c,2100,0.1467,1798.1,1044.3,1884.8,1076.5,2048,1536
20160722_FIRE_mw-e-mobo-c,2100,0.3507,1730.9,1019.3,1884.2,1078.8,2048,1536
20160722_FIRE_mw-e-mobo-c,2100,0.1466,1798.1,1044.2,1884.1,1076.5,2048,1536
20160722_FIRE_mw-e-mobo-c,2160,0.2343,1653.8,945.5,1814.9,1024.0,2048,1536
20160722_FIRE_mw-e-mobo-c,2160,0.2686,1653.5,945.4,1815.4,1024.0,2048,1536
20160722_FIRE_mw-e-mobo-c,2160,0.0524,492.3,732.8,742.5,787.7,2048,1536
20160722_FIRE_mw-e-mobo-c,2160,0.6761,1684.2,953.7,1892.6,1077.0,2048,1536
20160722_FIRE_mw-e-mobo-c,2160,0.5397,1811.8,1031.1,1889.1,1072.4,2048,1536
20160722_FIRE_mw-e-mobo-c,2160,0.6792,1683.2,953.9,1892.3,1077.0,2048,1536
20160722_FIRE_mw-e-mobo-c,2160,0.5451,1810.4,1030.7,1890.3,1072.7,2048,1536
20160722_FIRE_mw-e-mobo-c,2220,0.3503,1723.0,961.7,1861.4,1024.0,2048,1536
20160722_FIRE_mw-e-mobo-c,2220,0.4035,1722.8,961.8,1861.6,1024.0,2048,1536
20160722_FIRE_mw-e-mobo-c,2220,0.6875,1729.7,964.7,1891.8,1073.8,2048,1536
20160722_FIRE_mw-e-mobo-c,2220,0.6863,1729.5,964.7,1891.0,1073.8,2048,1536
20160722_FIRE_mw-e-mobo-c,2280,0.0681,479.4,732.7,723.3,787.1,2048,1536
20160722_FIRE_mw-e-mobo-c,2280,0.0693,1755.4,974.2,1834.6,1023.6,2048,1536
20160722_FIRE_mw-e-mobo-c,2280,0.0621,1564.2,936.8,1842.9,1024.0,2048,1536
20160722_FIRE_mw-e-mobo-c,2280,0.0796,1755.2,974.1,1834.8,1023.6,2048,1536
20160722_FIRE_mw-e-mobo-c,2280,0.0719,1564.1,936.4,1843.1,1024.0,2048,1536
20160722_FIRE_mw-e-mobo-c,2280,0.0899,479.3,733.1,722.3,787.2,2048,1536
20160722_FIRE_mw-e-mobo-c,2280,0.7557,1756.0,976.9,1889.7,1075.5,2048,1536
20160722_FIRE_mw-e-mobo-c,2280,0.7548,1755.9,976.8,1888.9,1075.5,2048,1536
20160722_FIRE_mw-e-mobo-c,2340,0.5850,1613.4,940.1,1817.0,1024.0,2048,1536
20160722_FIRE_mw-e-mobo-c,2340,0.0892,1742.2,997.9,1790.8,1023.9,2048,1536
20160722_FIRE_mw-e-mobo-c,2340,0.6040,1613.3,940.0,1817.2,1024.0,2048,1536
20160722_FIRE_mw-e-mobo-c,2340,0.0916,1742.1,997.8,1791.2,1023.9,2048,1536
20160722_FIRE_mw-e-mobo-c,2340,0.0768,1731.6,997.1,1784.8,1024.0,2048,1536
20160722_FIRE_mw-e-mobo-c,2340,0.0526,1739.4,996.2,1806.7,1024.0,2048,1536
20160722_FIRE_mw-e-mobo-c,2340,0.4472,1740.2,995.3,1894.9,1074.0,2048,1536
20160722_FIRE_mw-e-mobo-c,2340,0.3446,1829.7,1020.5,1894.7,1068.3,2048,1536
20160722_FIRE_mw-e-mobo-c,2340,0.1042,1608.3,938.6,1873.3,1068.5,2048,1536
20160722_FIRE_mw-e-mobo-c,2340,0.4617,1740.2,995.3,1893.8,1074.0,2048,1536
20160722_FIRE_mw-e-mobo-c,2340,0.2933,1830.0,1020.3,1891.9,1068.6,2048,1536
20160722_FIRE_mw-e-mobo-c,2340,0.1179,1604.0,939.6,1897.1,1083.3,2048,1536
20160722_FIRE_mw-e-mobo-c,2400,0.0529,470.1,733.2,718.4,787.3,2048,1536
20160722_FIRE_mw-e-mobo-c,2400,0.0504,528.3,729.7,777.5,787.9,2048,1536
20160722_FIRE_mw-e-mobo-c,2400,0.4710,1832.4,1027.9,1897.5,1069.7,2048,1536
20160722_FIRE_mw-e-mobo-c,2400,0.2309,1683.4,931.8,1905.3,1073.9,2048,1536
20160722_FIRE_mw-e-mobo-c,2400,0.1226,1800.1,1019.3,1899.0,1069.8,2048,1536
20160722_FIRE_mw-e-mobo-c,2400,0.4182,1832.3,1027.3,1896.4,1069.5,2048,1536
20160722_FIRE_mw-e-mobo-c,2400,0.2634,1675.5,932.1,1903.7,1073.8,2048,1536
20160722_FIRE_mw-e-mobo-c,2400,0.1685,1812.4,1020.8,1896.7,1069.9,2048,1536
20160722_FIRE_mw-e-mobo-c,2400,0.1363,1780.4,1015.1,1898.6,1070.1,2048,1536
20161113_FIRE_bl-n-mobo-c,-2400,0.0704,364.7,734.9,378.1,751.4,2048,1536
20161113_FIRE_bl-n-mobo-c,-2040,0.1217,362.5,734.8,382.3,752.2,2048,1536
20161113_FIRE_bl-n-mobo-c,-2040,0.0529,1148.2,752.3,1166.1,764.8,2048,1536
20161113_FIRE_bl-n-mobo-c,-2040,0.1703,362.3,735.5,382.1,752.0,2048,1536
20161113_FIRE_bl-n-mobo-c,-2040,0.0673,1148.0,752.7,1166.1,764.8,2048,1536
20161113_FIRE_bl-n-mobo-c,-1980,0.0530,1147.6,751.9,1166.6,764.7,2048,1536
20161113_FIRE_bl-n-mobo-c,-1740,0.0804,328.2,731.9,348.3,753.3,2048,1536
20161113_FIRE_bl-n-mobo-c,-1740,0.1189,328.2,732.6,347.8,753.1,2048,1536
20161113_FIRE_bl-n-mobo-c,-1740,0.0526,321.9,729.8,347.7,753.4,2048,1536
20161113_FIRE_bl-n-mobo-c,-1500,0.0928,368.0,729.2,392.2,751.0,2048,1536
20161113_FIRE_bl-n-mobo-c,-1500,0.1112,368.1,729.9,391.8,750.7,2048,1536
20161113_FIRE_bl-n-mobo-c,-1320,0.0601,332.6,733.8,354.9,753.2,2048,1536
20161113_FIRE_bl-n-mobo-c,-1320,0.0827,332.7,734.9,354.6,753.0,2048,1536
20161113_FIRE_bl-n-mobo-c,-1320,0.0578,332.6,735.0,347.7,752.6,2048,1536
20161113_FIRE_bl-n-mobo-c,-720,0.1023,363.4,730.9,395.5,751.7,2048,1536
20161113_FIRE_bl-n-mobo-c,-720,0.1018,371.8,732.0,396.3,751.1,2048,1536
20161113_FIRE_bl-n-mobo-c,-720,0.1001,378.6,733.2,394.7,750.7,2048,1536
20161113_FIRE_bl-n-mobo-c,-720,0.1265,379.3,734.1,394.5,750.4,2048,1536
20161113_FIRE_bl-n-mobo-c,-720,0.1229,371.9,733.1,396.0,750.9,2048,1536
20161113_FIRE_bl-n-mobo-c,-720,0.1184,363.0,732.1,395.4,751.5,2048,1536
20161113_FIRE_bl-n-mobo-c,-600,0.2887,364.7,733.1,392.8,751.8,2048,1536
20161113_FIRE_bl-n-mobo-c,-600,0.0617,361.9,729.2,395.5,751.0,2048,1536
20161113_FIRE_bl-n-mobo-c,-600,0.3435,364.5,733.5,393.0,751.6,2048,1536
20161113_FIRE_bl-n-mobo-c,-600,0.0699,361.9,729.8,395.4,750.8,2048,1536
20161113_FIRE_bl-n-mobo-c,-540,0.0915,320.1,734.3,345.6,753.2,2048,1536
20161113_FIRE_bl-n-mobo-c,-540,0.1304,320.5,734.9,345.0,752.9,2048,1536
20161113_FIRE_bl-n-mobo-c,-480,0.1022,371.4,732.3,394.8,750.8,2048,1536
20161113_FIRE_bl-n-mobo-c,-480,0.1312,371.3,733.0,395.0,750.6,2048,1536
20161113_FIRE_bl-n-mobo-c,-420,0.0513,356.5,729.8,387.1,751.3,2048,1536
20161113_FIRE_bl-n-mobo-c,-360,0.0738,367.1,734.9,386.6,751.7,2048,1536
20161113_FIRE_bl-n-mobo-c,-360,0.1100,367.4,735.7,386.4,751.4,2048,1536
20161113_FIRE_bl-n-mobo-c,-180,0.0569,374.6,730.1,398.6,750.7,2048,1536
20161113_FIRE_bl-n-mobo-c,-180,0.0809,374.3,730.8,398.4,750.5,2048,1536
20161113_FIRE_bl-n-mobo-c,-60,0.2475,369.7,727.1,395.1,750.3,2048,1536
20161113_FIRE_bl-n-mobo-c,-60,0.3056,369.4,727.0,395.5,749.7,2048,1536
20161113_FIRE_bl-n-mobo-c,0,0.0505,335.4,727.1,394.4,752.6,2048,1536
20161113_FIRE_bl-n-mobo-c,0,0.0665,334.3,727.7,394.7,752.3,2048,1536
20161113_FIRE_bl-n-mobo-c,60,0.0508,398.1,735.5,415.1,749.7,2048,1536
20161113_FIRE_bl-n-mobo-c,120,0.5072,862.7,751.4,876.2,763.8,2048,1536
20161113_FIRE_bl-n-mobo-c,120,0.0853,861.8,746.1,878.5,763.6,2048,1536
20161113_FIRE_bl-n-mobo-c,120,0.5362,862.8,751.6,876.1,763.8,2048,1536
20161113_FIRE_bl-n-mobo-c,120,0.0698,861.9,746.5,878.2,763.5,2048,1536
20161113_FIRE_bl-n-mobo-c,180,0.5237,864.8,746.5,879.3,764.6,2048,1536
20161113_FIRE_bl-n-mobo-c,180,0.5711,864.9,746.8,879.3,764.5,2048,1536
20161113_FIRE_bl-n-mobo-c,240,0.5371,866.3,740.2,881.7,762.9,2048,1536
20161113_FIRE_bl-n-mobo-c,240,0.0962,369.5,727.3,401.4,750.3,2048,1536
20161113_FIRE_bl-n-mobo-c,240,0.6100,866.5,740.3,881.5,762.7,2048,1536
20161113_FIRE_bl-n-mobo-c,240,0.1375,369.1,727.5,401.3,750.1,2048,1536
20161113_FIRE_bl-n-mobo-c,300,0.5279,867.6,738.1,885.1,762.6,2048,1536
20161113_FIRE_bl-n-mobo-c,300,0.0740,378.5,728.8,410.5,750.0,2048,1536
20161113_FIRE_bl-n-mobo-c,300,0.5766,867.7,738.2,885.0,762.5,2048,1536
20161113_FIRE_bl-n-mobo-c,300,0.0823,377.9,729.3,410.8,749.8,2048,1536
20161113_FIRE_bl-n-mobo-c,360,0.5421,864.2,740.9,886.3,764.1,2048,1536
20161113_FIRE_bl-n-mobo-c,360,0.1709,863.5,745.0,882.4,764.8,2048,1536
20161113_FIRE_bl-n-mobo-c,360,0.1305,355.7,725.4,402.2,750.1,2048,1536
20161113_FIRE_bl-n-mobo-c,360,0.5878,864.1,741.4,886.0,764.1,2048,1536
20161113_FIRE_bl-n-mobo-c,360,0.1809,863.4,745.4,882.5,764.8,2048,1536
20161113_FIRE_bl-n-mobo-c,360,0.1722,357.7,725.6,400.3,749.6,2048,1536
20161113_FIRE_bl-n-mobo-c,420,0.5693,864.4,749.5,882.1,765.0,2048,1536
20161113_FIRE_bl-n-mobo-c,420,0.0611,864.0,744.8,886.4,764.9,2048,1536
20161113_FIRE_bl-n-mobo-c,420,0.5955,864.4,749.7,882.1,765.0,2048,1536
20161113_FIRE_bl-n-mobo-c,420,0.0505,864.1,745.2,886.3,764.9,2048,1536
20161113_FIRE_bl-n-mobo-c,480,0.5926,869.5,744.5,882.3,763.9,2048,1536
20161113_FIRE_bl-n-mobo-c,480,0.6281,869.7,744.8,882.2,763.9,2048,1536
20161113_FIRE_bl-n-mobo-c,540,0.6342,869.7,739.4,886.1,763.8,2048,1536
20161113_FIRE_bl-n-mobo-c,540,0.6690,869.7,739.6,885.7,763.7,2048,1536
20161113_FIRE_bl-n-mobo-c,600,0.6495,870.8,736.6,887.7,763.6,2048,1536
20161113_FIRE_bl-n-mobo-c,600,0.0715,371.3,723.0,408.1,750.4,2048,1536
20161113_FIRE_bl-n-mobo-c,600,0.6802,871.0,736.7,887.5,763.5,2048,1536
20161113_FIRE_bl-n-mobo-c,600,0.0873,370.9,723.1,408.6,750.3,2048,1536
20161113_FIRE_bl-n-mobo-c,660,0.4794,864.2,748.1,888.7,764.4,2048,1536
20161113_FIRE_bl-n-mobo-c,660,0.1987,381.0,726.8,410.0,750.1,2048,1536
20161113_FIRE_bl-n-mobo-c,660,0.1828,863.2,744.2,891.8,764.2,2048,1536
20161113_FIRE_bl-n-mobo-c,660,0.5223,863.9,748.5,888.6,764.4,2048,1536
20161113_FIRE_bl-n-mobo-c,660,0.2424,381.2,727.0,410.1,749.9,2048,1536
20161113_FIRE_bl-n-mobo-c,660,0.1904,863.0,744.9,891.8,764.2,2048,1536
20161113_FIRE_bl-n-mobo-c,720,0.4992,859.6,750.7,885.5,765.5,2048,1536
20161113_FIRE_bl-n-mobo-c,720,0.0619,858.0,744.2,889.2,765.3,2048,1536
20161113_FIRE_bl-n-mobo-c,720,0.5694,859.5,750.9,885.6,765.5,2048,1536
20161113_FIRE_bl-n-mobo-c,780,0.4640,859.0,744.5,885.6,764.6,2048,1536
20161113_FIRE_bl-n-mobo-c,780,0.0641,854.1,735.4,891.2,764.5,2048,1536
20161113_FIRE_bl-n-mobo-c,780,0.0536,858.4,741.6,894.3,765.3,2048,1536
20161113_FIRE_bl-n-mobo-c,780,0.5162,859.0,744.8,886.0,764.6,2048,1536
20161113_FIRE_bl-n-mobo-c,840,0.5774,863.0,744.2,885.0,765.0,2048,1536
20161113_FIRE_bl-n-mobo-c,840,0.6018,863.0,744.4,885.1,764.9,2048,1536
20161113_FIRE_bl-n-mobo-c,900,0.5413,860.3,741.0,888.0,764.6,2048,1536
20161113_FIRE_bl-n-mobo-c,900,0.5776,860.3,741.5,887.8,764.6,2048,1536
20161113_FIRE_bl-n-mobo-c,960,0.7346,856.3,734.0,881.3,763.9,2048,1536
20161113_FIRE_bl-n-mobo-c,960,0.7614,856.4,734.1,881.2,763.8,2048,1536
20161113_FIRE_bl-n-mobo-c,1020,0.7039,851.1,723.6,888.3,764.1,2048,1536
20161113_FIRE_bl-n-mobo-c,1020,0.0767,869.4,748.9,886.5,764.9,2048,1536
20161113_FIRE_bl-n-mobo-c,1020,0.7251,851.0,723.6,888.1,764.1,2048,1536
20161113_FIRE_bl-n-mobo-c,1020,0.0764,869.4,749.0,886.4,764.9,2048,1536
20161113_FIRE_bl-n-mobo-c,1080,0.4986,845.9,716.3,891.0,764.3,2048,1536
20161113_FIRE_bl-n-mobo-c,1080,0.3573,864.2,742.6,888.6,765.1,2048,1536
20161113_FIRE_bl-n-mobo-c,1080,0.2503,856.2,721.2,889.0,764.8,2048,1536
20161113_FIRE_bl-n-mobo-c,1080,0.5093,845.1,716.6,889.5,764.7,2048,1536
20161113_FIRE_bl-n-mobo-c,1080,0.3811,864.2,742.7,888.6,765.1,2048,1536
20161113_FIRE_bl-n-mobo-c,1080,0.2613,856.6,721.2,889.0,764.8,2048,1536
20161113_FIRE_bl-n-mobo-c,1140,0.6684,833.6,711.8,886.5,763.8,2048,1536
20161113_FIRE_bl-n-mobo-c,1140,0.0959,861.2,734.0,886.1,764.3,2048,1536
20161113_FIRE_bl-n-mobo-c,1140,0.0754,861.8,743.3,882.2,764.6,2048,1536
20161113_FIRE_bl-n-mobo-c,1140,0.0661,862.2,748.0,878.8,764.8,2048,1536
20161113_FIRE_bl-n-mobo-c,1140,0.7028,833.8,711.9,886.5,763.8,2048,1536
20161113_FIRE_bl-n-mobo-c,1140,0.0910,861.3,734.2,886.0,764.3,2048,1536
20161113_FIRE_bl-n-mobo-c,1140,0.0752,861.9,743.7,882.2,764.6,2048,1536
20161113_FIRE_bl-n-mobo-c,1140,0.0667,862.3,748.1,878.7,764.8,2048,1536
20161113_FIRE_bl-n-mobo-c,1200,0.5837,829.3,708.9,879.1,765.1,2048,1536
20161113_FIRE_bl-n-mobo-c,1200,0.3873,858.8,743.5,878.1,765.0,2048,1536
20161113_FIRE_bl-n-mobo-c,1200,0.5981,829.4,708.9,879.0,765.1,2048,1536
20161113_FIRE_bl-n-mobo-c,1200,0.4134,858.8,743.7,878.0,765.0,2048,1536
20161113_FIRE_bl-n-mobo-c,1260,0.3962,812.9,708.9,883.3,763.7,2048,1536
20161113_FIRE_bl-n-mobo-c,1260,0.1939,855.9,723.7,880.9,763.5,2048,1536
20161113_FIRE_bl-n-mobo-c,1260,0.1552,849.5,719.8,882.1,763.4,2048,1536
20161113_FIRE_bl-n-mobo-c,1260,0.1295,858.3,734.0,880.1,763.9,2048,1536
20161113_FIRE_bl-n-mobo-c,1260,0.0666,838.0,715.7,883.3,763.4,2048,1536
20161113_FIRE_bl-n-mobo-c,1260,0.4075,813.0,708.9,883.0,763.7,2048,1536
20161113_FIRE_bl-n-mobo-c,1260,0.2152,856.7,724.6,880.7,763.6,2048,1536
20161113_FIRE_bl-n-mobo-c,1260,0.1525,850.5,720.3,881.8,763.4,2048,1536
20161113_FIRE_bl-n-mobo-c,1260,0.1383,858.3,733.8,879.9,763.8,2048,1536
20161113_FIRE_bl-n-mobo-c,1260,0.0595,838.2,715.9,883.2,763.4,2048,1536
20161113_FIRE_bl-n-mobo-c,1320,0.4850,854.5,717.1,880.1,763.8,2048,1536
20161113_FIRE_bl-n-mobo-c,1320,0.1558,853.3,713.4,891.4,763.7,2048,1536
20161113_FIRE_bl-n-mobo-c,1320,0.1001,855.6,722.5,876.1,764.4,2048,1536
20161113_FIRE_bl-n-mobo-c,1320,0.5060,854.4,721.2,876.6,764.0,2048,1536
20161113_FIRE_bl-n-mobo-c,1320,0.2842,854.1,716.7,884.0,764.1,2048,1536
20161113_FIRE_bl-n-mobo-c,1380,0.4169,850.7,708.6,888.7,764.6,2048,1536
20161113_FIRE_bl-n-mobo-c,1380,0.3115,864.0,750.5,879.2,764.7,2048,1536
20161113_FIRE_bl-n-mobo-c,1380,0.2436,860.7,746.1,880.6,764.5,2048,1536
20161113_FIRE_bl-n-mobo-c,1380,0.4172,851.0,708.8,887.8,764.6,2048,1536
20161113_FIRE_bl-n-mobo-c,1380,0.3558,864.0,750.6,879.2,764.7,2048,1536
20161113_FIRE_bl-n-mobo-c,1380,0.2813,861.3,748.1,880.4,764.5,2048,1536
20161113_FIRE_bl-n-mobo-c,1440,0.5553,864.6,745.1,883.1,764.7,2048,1536
20161113_FIRE_bl-n-mobo-c,1440,0.5832,864.7,745.3,883.1,764.6,2048,1536
20161113_FIRE_bl-n-mobo-c,1500,0.6085,865.8,740.9,883.9,763.7,2048,1536
20161113_FIRE_bl-n-mobo-c,1500,0.6575,866.0,741.1,883.7,763.7,2048,1536
20161113_FIRE_bl-n-mobo-c,1560,0.4417,869.1,738.5,884.9,764.6,2048,1536
20161113_FIRE_bl-n-mobo-c,1560,0.0722,868.8,735.5,890.7,764.4,2048,1536
20161113_FIRE_bl-n-mobo-c,1560,0.4628,869.3,738.9,884.6,764.5,2048,1536
20161113_FIRE_bl-n-mobo-c,1560,0.0710,868.9,735.9,890.6,764.4,2048,1536
20161113_FIRE_bl-n-mobo-c,1620,0.5199,864.1,740.6,887.2,764.9,2048,1536
20161113_FIRE_bl-n-mobo-c,1620,0.5527,864.1,740.8,887.0,764.9,2048,1536
20161113_FIRE_bl-n-mobo-c,1680,0.5259,864.9,746.7,889.6,765.4,2048,1536
20161113_FIRE_bl-n-mobo-c,1680,0.1232,863.9,732.0,894.3,765.2,2048,1536
20161113_FIRE_bl-n-mobo-c,1680,0.0515,863.0,723.1,897.0,765.8,2048,1536
20161113_FIRE_bl-n-mobo-c,1680,0.5535,865.0,747.1,889.7,765.4,2048,1536
20161113_FIRE_bl-n-mobo-c,1680,0.1083,864.0,732.7,894.1,765.2,2048,1536
20161113_FIRE_bl-n-mobo-c,1740,0.6382,867.0,740.4,890.6,764.8,2048,1536
20161113_FIRE_bl-n-mobo-c,1740,0.0753,865.4,733.6,894.1,764.5,2048,1536
20161113_FIRE_bl-n-mobo-c,1740,0.6656,867.1,740.6,890.6,764.8,2048,1536
20161113_FIRE_bl-n-mobo-c,1740,0.0735,865.6,734.9,893.9,764.5,2048,1536
20161113_FIRE_bl-n-mobo-c,1800,0.6147,864.1,742.5,885.3,764.5,2048,1536
20161113_FIRE_bl-n-mobo-c,1800,0.6463,864.1,742.7,885.1,764.4,2048,1536
20161113_FIRE_bl-n-mobo-c,1860,0.6979,863.6,737.6,889.6,766.0,2048,1536
20161113_FIRE_bl-n-mobo-c,1860,0.7199,863.6,737.8,889.6,766.1,2048,1536
20161113_FIRE_bl-n-mobo-c,1920,0.6973,864.2,728.2,895.3,765.8,2048,1536
20161113_FIRE_bl-n-mobo-c,1920,0.0706,864.7,740.3,894.7,766.0,2048,1536
20161113_FIRE_bl-n-mobo-c,1920,0.7118,864.3,728.2,895.2,765.8,2048,1536
20161113_FIRE_bl-n-mobo-c,1920,0.0703,864.7,740.3,894.7,766.0,2048,1536
20161113_FIRE_bl-n-mobo-c,1980,0.7215,862.4,720.5,898.0,765.6,2048,1536
20161113_FIRE_bl-n-mobo-c,1980,0.1836,866.1,741.2,897.1,765.8,2048,1536
20161113_FIRE_bl-n-mobo-c,1980,0.7194,862.6,720.5,897.9,765.6,2048,1536
20161113_FIRE_bl-n-mobo-c,1980,0.2110,864.9,740.9,897.2,765.8,2048,1536
20161113_FIRE_bl-n-mobo-c,2040,0.6132,862.7,724.3,896.8,766.3,2048,1536
20161113_FIRE_bl-n-mobo-c,2040,0.0947,864.2,736.2,896.1,766.6,2048,1536
20161113_FIRE_bl-n-mobo-c,2040,0.6254,863.0,724.9,896.8,766.3,2048,1536
20161113_FIRE_bl-n-mobo-c,2040,0.1005,864.2,736.1,896.2,766.6,2048,1536
20161113_FIRE_bl-n-mobo-c,2100,0.6632,868.4,743.7,897.6,766.5,2048,1536
20161113_FIRE_bl-n-mobo-c,2100,0.2419,865.7,715.9,900.5,766.6,2048,1536
20161113_FIRE_bl-n-mobo-c,2100,0.6908,868.3,743.8,897.7,766.5,2048,1536
20161113_FIRE_bl-n-mobo-c,2100,0.2286,866.1,715.9,900.4,766.6,2048,1536
20161113_FIRE_bl-n-mobo-c,2160,0.7525,858.9,739.4,898.6,766.3,2048,1536
20161113_FIRE_bl-n-mobo-c,2160,0.7734,858.9,739.5,898.6,766.3,2048,1536
20161113_FIRE_bl-n-mobo-c,2220,0.6393,858.3,714.0,902.7,765.4,2048,1536
20161113_FIRE_bl-n-mobo-c,2220,0.1605,859.9,733.4,901.2,765.6,2048,1536
20161113_FIRE_bl-n-mobo-c,2220,0.1315,896.0,739.5,906.3,766.3,2048,1536
20161113_FIRE_bl-n-mobo-c,2220,0.1190,896.1,742.9,904.7,767.7,2048,1536
20161113_FIRE_bl-n-mobo-c,2220,0.0658,896.2,735.8,908.7,766.4,2048,1536
20161113_FIRE_bl-n-mobo-c,2220,0.6377,858.6,714.3,902.6,765.4,2048,1536
20161113_FIRE_bl-n-mobo-c,2220,0.2087,859.9,733.5,901.2,765.6,2048,1536
20161113_FIRE_bl-n-mobo-c,2220,0.1453,896.0,740.0,906.2,766.3,2048,1536
20161113_FIRE_bl-n-mobo-c,2220,0.1317,896.1,743.0,904.7,767.7,2048,1536
20161113_FIRE_bl-n-mobo-c,2220,0.0721,896.2,736.6,908.6,766.4,2048,1536
20161113_FIRE_bl-n-mobo-c,2280,0.7679,858.6,723.6,903.5,763.9,2048,1536
20161113_FIRE_bl-n-mobo-c,2280,0.1781,896.1,736.0,905.7,767.0,2048,1536
20161113_FIRE_bl-n-mobo-c,2280,0.0981,896.2,732.6,909.0,766.8,2048,1536
20161113_FIRE_bl-n-mobo-c,2280,0.7839,858.8,723.9,903.5,763.9,2048,1536
20161113_FIRE_bl-n-mobo-c,2280,0.2000,896.1,736.3,905.6,766.9,2048,1536
20161113_FIRE_bl-n-mobo-c,2280,0.1059,896.2,733.3,908.9,766.8,2048,1536
20161113_FIRE_bl-n-mobo-c,2340,0.8108,851.7,716.9,907.4,763.5,2048,1536
20161113_FIRE_bl-n-mobo-c,2340,0.2095,896.2,728.6,909.6,765.9,2048,1536
20161113_FIRE_bl-n-mobo-c,2340,0.0715,896.0,715.3,909.0,763.5,2048,1536
20161113_FIRE_bl-n-mobo-c,2340,0.8225,851.7,717.0,907.4,763.5,2048,1536
20161113_FIRE_bl-n-mobo-c,2340,0.2357,896.2,728.8,909.5,765.9,2048,1536
20161113_FIRE_bl-n-mobo-c,2340,0.0771,896.0,717.0,908.8,763.4,2048,1536
20161113_FIRE_bl-n-mobo-c,2400,0.7692,843.6,713.5,908.4,764.5,2048,1536
20161113_FIRE_bl-n-mobo-c,2400,0.3389,896.1,727.1,911.2,766.4,2048,1536
20161113_FIRE_bl-n-mobo-c,2400,0.0905,896.0,711.2,910.9,764.4,2048,1536
20161113_FIRE_bl-n-mobo-c,2400,0.7847,843.6,713.6,908.4,764.6,2048,1536
20161113_FIRE_bl-n-mobo-c,2400,0.3675,896.1,727.2,911.2,766.4,2048,1536
20161113_FIRE_bl-n-mobo-c,2400,0.0971,896.0,713.0,910.8,764.4,2048,1536
20161113_FIRE_bm-n-mobo-c,720,0.0560,1490.2,1444.3,1717.8,1536.0,2048,1536
20161113_FIRE_bm-w-mobo-c,360,0.0931,1604.5,719.0,1627.4,749.8,2048,1536
20161113_FIRE_bm-w-mobo-c,360,0.1135,1604.4,719.0,1627.4,749.9,2048,1536
20161113_FIRE_bm-w-mobo-c,360,0.0941,1604.5,719.0,1627.4,749.8,2048,1536
20161113_FIRE_bm-w-mobo-c,360,0.1144,1604.5,719.0,1627.4,749.9,2048,1536
20161113_FIRE_bm-w-mobo-c,420,0.2159,1602.3,712.8,1627.9,751.7,2048,1536
20161113_FIRE_bm-w-mobo-c,420,0.2505,1602.2,712.8,1628.0,751.9,2048,1536
20161113_FIRE_bm-w-mobo-c,420,0.2206,1602.3,712.8,1628.0,751.6,2048,1536
20161113_FIRE_bm-w-mobo-c,420,0.2528,1602.2,712.8,1628.0,751.8,2048,1536
20161113_FIRE_bm-w-mobo-c,480,0.1769,1602.5,711.4,1628.7,749.2,2048,1536
20161113_FIRE_bm-w-mobo-c,480,0.1970,1602.5,711.4,1628.7,749.3,2048,1536
20161113_FIRE_bm-w-mobo-c,480,0.1774,1602.6,711.5,1628.7,749.2,2048,1536
20161113_FIRE_bm-w-mobo-c,480,0.1991,1602.5,711.4,1628.7,749.3,2048,1536
20161113_FIRE_bm-w-mobo-c,540,0.1183,1599.2,708.7,1630.5,748.5,2048,1536
20161113_FIRE_bm-w-mobo-c,540,0.1388,1599.1,708.7,1630.5,748.6,2048,1536
20161113_FIRE_bm-w-mobo-c,540,0.1156,1599.3,708.8,1630.5,748.5,2048,1536
20161113_FIRE_bm-w-mobo-c,540,0.1358,1599.1,708.7,1630.6,748.5,2048,1536
20161113_FIRE_bm-w-mobo-c,600,0.1772,1601.9,710.7,1632.2,747.5,2048,1536
20161113_FIRE_bm-w-mobo-c,600,0.2048,1601.9,710.7,1632.2,747.6,2048,1536
20161113_FIRE_bm-w-mobo-c,600,0.1748,1601.8,710.8,1632.1,747.5,2048,1536
20161113_FIRE_bm-w-mobo-c,600,0.2003,1601.7,710.7,1632.1,747.6,2048,1536
20161113_FIRE_bm-w-mobo-c,660,0.1800,1599.7,708.5,1636.4,748.2,2048,1536
20161113_FIRE_bm-w-mobo-c,660,0.2013,1599.5,708.3,1636.5,748.4,2048,1536
20161113_FIRE_bm-w-mobo-c,660,0.1820,1599.6,708.5,1636.4,748.1,2048,1536
20161113_FIRE_bm-w-mobo-c,660,0.2037,1599.4,708.3,1636.5,748.3,2048,1536
20161113_FIRE_bm-w-mobo-c,780,0.2420,1600.1,710.2,1638.5,750.1,2048,1536
20161113_FIRE_bm-w-mobo-c,780,0.2615,1600.0,710.2,1638.6,750.1,2048,1536
20161113_FIRE_bm-w-mobo-c,780,0.2307,1600.0,710.3,1638.5,750.1,2048,1536
20161113_FIRE_bm-w-mobo-c,780,0.2472,1599.9,710.2,1638.6,750.2,2048,1536
20161113_FIRE_bm-w-mobo-c,840,0.3490,1596.9,709.5,1640.8,761.3,2048,1536
20161113_FIRE_bm-w-mobo-c,840,0.3586,1596.8,709.4,1640.8,761.3,2048,1536
20161113_FIRE_bm-w-mobo-c,840,0.3552,1596.4,708.6,1639.7,761.5,2048,1536
20161113_FIRE_bm-w-mobo-c,840,0.3658,1596.3,708.6,1639.8,761.5,2048,1536
20161113_FIRE_bm-w-mobo-c,900,0.1286,1596.2,708.2,1633.1,761.9,2048,1536
20161113_FIRE_bm-w-mobo-c,900,0.0908,1606.8,730.7,1630.9,761.8,2048,1536
20161113_FIRE_bm-w-mobo-c,900,0.0639,1600.1,724.3,1631.9,761.3,2048,1536
20161113_FIRE_bm-w-mobo-c,900,0.1564,1595.7,707.8,1633.3,761.9,2048,1536
20161113_FIRE_bm-w-mobo-c,900,0.0951,1606.4,730.6,1630.9,761.9,2048,1536
20161113_FIRE_bm-w-mobo-c,900,0.0706,1599.8,723.4,1632.0,761.4,2048,1536
20161113_FIRE_bm-w-mobo-c,900,0.1391,1595.9,708.1,1633.2,761.8,2048,1536
20161113_FIRE_bm-w-mobo-c,900,0.0896,1606.6,730.5,1630.9,761.7,2048,1536
20161113_FIRE_bm-w-mobo-c,900,0.0665,1599.8,723.4,1632.0,761.2,2048,1536
20161113_FIRE_bm-w-mobo-c,900,0.1674,1595.5,707.8,1633.4,761.8,2048,1536
20161113_FIRE_bm-w-mobo-c,900,0.0937,1606.2,730.4,1631.0,761.7,2048,1536
20161113_FIRE_bm-w-mobo-c,900,0.0738,1599.5,722.4,1632.0,761.2,2048,1536
20161113_FIRE_bm-w-mobo-c,960,0.5046,1594.1,711.2,1635.7,764.5,2048,1536
20161113_FIRE_bm-w-mobo-c,960,0.5055,1594.1,711.1,1635.9,764.4,2048,1536
20161113_FIRE_bm-w-mobo-c,960,0.4922,1594.1,711.2,1636.0,764.1,2048,1536
20161113_FIRE_bm-w-mobo-c,960,0.4930,1594.1,711.1,1636.1,764.1,2048,1536
20161113_FIRE_bm-w-mobo-c,1020,0.5337,1593.9,711.1,1633.4,761.3,2048,1536
20161113_FIRE_bm-w-mobo-c,1020,0.5360,1593.9,711.0,1633.5,761.3,2048,1536
20161113_FIRE_bm-w-mobo-c,1020,0.5156,1593.6,710.4,1633.7,762.1,2048,1536
20161113_FIRE_bm-w-mobo-c,1020,0.5214,1593.5,710.4,1633.8,762.1,2048,1536
20161113_FIRE_bm-w-mobo-c,1080,0.3769,1591.3,709.0,1636.3,748.9,2048,1536
20161113_FIRE_bm-w-mobo-c,1080,0.3981,1591.2,708.9,1636.5,749.0,2048,1536
20161113_FIRE_bm-w-mobo-c,1080,0.3674,1591.2,709.0,1636.5,748.9,2048,1536
20161113_FIRE_bm-w-mobo-c,1080,0.3885,1591.2,708.9,1636.6,749.0,2048,1536
20161113_FIRE_bm-w-mobo-c,1140,0.4745,1586.5,705.6,1633.6,764.7,2048,1536
20161113_FIRE_bm-w-mobo-c,1140,0.4827,1586.4,705.5,1633.7,764.7,2048,1536
20161113_FIRE_bm-w-mobo-c,1140,0.4637,1586.2,705.7,1633.8,764.6,2048,1536
20161113_FIRE_bm-w-mobo-c,1140,0.4716,1586.1,705.6,1633.9,764.6,2048,1536
20161113_FIRE_bm-w-mobo-c,1200,0.5510,1586.4,703.0,1631.7,762.9,2048,1536
20161113_FIRE_bm-w-mobo-c,1200,0.5549,1586.2,702.9,1631.8,762.9,2048,1536
20161113_FIRE_bm-w-mobo-c,1200,0.5468,1586.2,703.1,1631.8,762.9,2048,1536
20161113_FIRE_bm-w-mobo-c,1200,0.5497,1586.0,703.0,1631.9,762.9,2048,1536
20161113_FIRE_bm-w-mobo-c,1260,0.4065,1578.8,700.6,1636.6,756.8,2048,1536
20161113_FIRE_bm-w-mobo-c,1260,0.4293,1578.8,700.5,1636.6,757.0,2048,1536
20161113_FIRE_bm-w-mobo-c,1260,0.3833,1578.9,700.6,1636.6,756.0,2048,1536
20161113_FIRE_bm-w-mobo-c,1260,0.4055,1578.9,700.5,1636.7,756.0,2048,1536
20161113_FIRE_bm-w-mobo-c,1320,0.2236,1576.8,696.4,1634.8,760.1,2048,1536
20161113_FIRE_bm-w-mobo-c,1320,0.2627,1576.8,696.3,1634.8,760.1,2048,1536
20161113_FIRE_bm-w-mobo-c,1320,0.2268,1576.9,696.4,1634.8,759.9,2048,1536
20161113_FIRE_bm-w-mobo-c,1320,0.2646,1576.9,696.3,1634.9,759.9,2048,1536
20161113_FIRE_bm-w-mobo-c,1380,0.3112,1580.0,689.1,1630.5,762.1,2048,1536
20161113_FIRE_bm-w-mobo-c,1380,0.3282,1579.8,689.0,1630.7,762.1,2048,1536
20161113_FIRE_bm-w-mobo-c,1380,0.3131,1579.4,689.1,1630.9,762.0,2048,1536
20161113_FIRE_bm-w-mobo-c,1380,0.3265,1579.2,689.0,1631.0,762.0,2048,1536
20161113_FIRE_bm-w-mobo-c,1440,0.3346,1582.1,684.6,1630.4,762.2,2048,1536
20161113_FIRE_bm-w-mobo-c,1440,0.3545,1582.0,684.5,1630.5,762.2,2048,1536
20161113_FIRE_bm-w-mobo-c,1440,0.3340,1581.5,684.6,1630.7,762.1,2048,1536
20161113_FIRE_bm-w-mobo-c,1440,0.3518,1581.3,684.5,1630.8,762.1,2048,1536
20161113_FIRE_bm-w-mobo-c,1500,0.0924,1576.2,685.7,1631.1,762.0,2048,1536
20161113_FIRE_bm-w-mobo-c,1500,0.1032,1576.2,685.6,1631.2,762.0,2048,1536
20161113_FIRE_bm-w-mobo-c,1500,0.1002,1575.9,685.7,1631.4,761.9,2048,1536
20161113_FIRE_bm-w-mobo-c,1500,0.1129,1575.9,685.6,1631.5,761.9,2048,1536
20161113_FIRE_bm-w-mobo-c,1560,0.0905,1572.6,690.8,1634.7,762.1,2048,1536
20161113_FIRE_bm-w-mobo-c,1560,0.0968,1572.5,690.8,1634.8,762.2,2048,1536
20161113_FIRE_bm-w-mobo-c,1560,0.0992,1572.5,690.8,1634.8,762.0,2048,1536
20161113_FIRE_bm-w-mobo-c,1560,0.1070,1572.3,690.8,1634.9,762.0,2048,1536
20161113_FIRE_bm-w-mobo-c,2100,0.0551,1618.2,730.1,1631.9,759.9,2048,1536
20161113_FIRE_bm-w-mobo-c,2100,0.0566,1618.1,730.0,1631.9,759.9,2048,1536
20161113_FIRE_bm-w-mobo-c,2100,0.0524,1581.7,699.4,1634.1,762.1,2048,1536
20161113_FIRE_bm-w-mobo-c,2100,0.0569,1617.9,730.1,1631.9,759.8,2048,1536
20161113_FIRE_bm-w-mobo-c,2100,0.0564,1552.7,696.7,1635.0,760.6,2048,1536
20161113_FIRE_bm-w-mobo-c,2100,0.0524,1581.2,699.4,1634.1,762.0,2048,1536
20161113_FIRE_bm-w-mobo-c,2100,0.0593,1553.0,696.6,1635.1,760.6,2048,1536
20161113_FIRE_bm-w-mobo-c,2100,0.0576,1617.7,729.9,1632.0,759.9,2048,1536
20161113_FIRE_bm-w-mobo-c,2100,0.0556,1581.1,699.4,1634.2,762.0,2048,1536
20161113_FIRE_bm-w-mobo-c,2160,0.2529,1585.1,699.8,1630.7,759.8,2048,1536
20161113_FIRE_bm-w-mobo-c,2160,0.1046,1597.0,701.1,1630.3,754.2,2048,1536
20161113_FIRE_bm-w-mobo-c,2160,0.0670,1609.3,702.7,1630.4,752.8,2048,1536
20161113_FIRE_bm-w-mobo-c,2160,0.2572,1585.0,699.7,1630.7,759.9,2048,1536
20161113_FIRE_bm-w-mobo-c,2160,0.1073,1596.9,701.1,1630.3,754.3,2048,1536
20161113_FIRE_bm-w-mobo-c,2160,0.0675,1609.1,702.6,1630.4,752.8,2048,1536
20161113_FIRE_bm-w-mobo-c,2160,0.2486,1584.6,699.7,1630.7,759.7,2048,1536
20161113_FIRE_bm-w-mobo-c,2160,0.1006,1596.7,701.1,1630.3,754.2,2048,1536
20161113_FIRE_bm-w-mobo-c,2160,0.0650,1609.0,702.6,1630.4,752.8,2048,1536
20161113_FIRE_bm-w-mobo-c,2160,0.2528,1584.4,699.7,1630.8,759.7,2048,1536
20161113_FIRE_bm-w-mobo-c,2160,0.1029,1596.5,701.0,1630.3,754.2,2048,1536
20161113_FIRE_bm-w-mobo-c,2160,0.0655,1608.8,702.4,1630.4,752.8,2048,1536
20161113_FIRE_bm-w-mobo-c,2220,0.1116,1581.5,697.0,1632.1,756.6,2048,1536
20161113_FIRE_bm-w-mobo-c,2220,0.0635,1593.5,699.3,1630.9,761.0,2048,1536
20161113_FIRE_bm-w-mobo-c,2220,0.1171,1581.5,696.9,1632.1,756.6,2048,1536
20161113_FIRE_bm-w-mobo-c,2220,0.0673,1593.2,699.1,1630.9,761.0,2048,1536
20161113_FIRE_bm-w-mobo-c,2220,0.1171,1581.0,697.0,1632.1,756.4,2048,1536
20161113_FIRE_bm-w-mobo-c,2220,0.0700,1592.0,699.1,1630.9,760.8,2048,1536
20161113_FIRE_bm-w-mobo-c,2220,0.1220,1580.9,696.9,1632.2,756.4,2048,1536
20161113_FIRE_bm-w-mobo-c,2220,0.0559,1595.4,699.0,1631.0,759.9,2048,1536
20170519_FIRE_rm-w-mobo-c,-2040,0.0625,975.2,782.5,1000.0,804.3,2048,1536
20170519_FIRE_rm-w-mobo-c,-2040,0.0733,975.2,782.7,999.8,804.1,2048,1536
20170519_FIRE_rm-w-mobo-c,-1800,0.1557,893.3,792.4,907.5,809.5,2048,1536
20170519_FIRE_rm-w-mobo-c,-1800,0.0565,892.2,783.1,933.9,809.9,2048,1536
20170519_FIRE_rm-w-mobo-c,-1800,0.0541,893.1,788.8,917.1,809.9,2048,1536
20170519_FIRE_rm-w-mobo-c,-1800,0.2019,893.4,793.1,907.0,809.4,2048,1536
20170519_FIRE_rm-w-mobo-c,-1800,0.0730,892.3,783.3,933.9,809.8,2048,1536
20170519_FIRE_rm-w-mobo-c,-1800,0.0707,893.2,789.8,914.8,809.8,2048,1536
20170519_FIRE_rm-w-mobo-c,-1740,0.5058,893.7,788.7,919.0,809.1,2048,1536
20170519_FIRE_rm-w-mobo-c,-1740,0.2213,896.0,787.4,919.3,810.9,2048,1536
20170519_FIRE_rm-w-mobo-c,-1740,0.5530,893.8,789.0,918.7,809.0,2048,1536
20170519_FIRE_rm-w-mobo-c,-1740,0.2611,896.0,787.8,919.2,810.7,2048,1536
20170519_FIRE_rm-w-mobo-c,-1620,0.2577,903.5,788.3,931.2,809.2,2048,1536
20170519_FIRE_rm-w-mobo-c,-1620,0.3184,903.6,788.5,931.1,809.2,2048,1536
20170519_FIRE_rm-w-mobo-c,-1620,0.0605,902.0,789.1,930.8,810.1,2048,1536
20170519_FIRE_rm-w-mobo-c,-1560,0.1182,909.4,788.6,924.0,809.8,2048,1536
20170519_FIRE_rm-w-mobo-c,-1560,0.0636,909.2,784.1,928.8,809.7,2048,1536
20170519_FIRE_rm-w-mobo-c,-1560,0.1582,909.7,789.5,923.4,809.7,2048,1536
20170519_FIRE_rm-w-mobo-c,-1560,0.0923,909.6,785.0,928.1,809.7,2048,1536
20170519_FIRE_rm-w-mobo-c,-1560,0.0623,908.8,784.8,924.5,809.8,2048,1536
20170519_FIRE_rm-w-mobo-c,-1500,0.0678,909.0,789.6,926.9,809.5,2048,1536
20170519_FIRE_rm-w-mobo-c,-1500,0.0834,909.2,790.2,926.6,809.4,2048,1536
20170519_FIRE_rm-w-mobo-c,900,0.1799,705.6,832.1,730.0,849.6,2048,1536
20170519_FIRE_rm-w-mobo-c,900,0.1722,705.5,832.1,730.1,849.6,2048,1536
20170519_FIRE_rm-w-mobo-c,1140,0.1604,710.7,831.0,735.4,849.1,2048,1536
20170519_FIRE_rm-w-mobo-c,1140,0.1524,710.7,831.1,735.4,849.1,2048,1536
20170519_FIRE_rm-w-mobo-c,1200,0.6215,710.9,822.9,742.3,849.0,2048,1536
20170519_FIRE_rm-w-mobo-c,1200,0.6309,710.9,822.8,742.3,848.9,2048,1536
20170519_FIRE_rm-w-mobo-c,1260,0.5659,709.6,824.5,731.3,849.1,2048,1536
20170519_FIRE_rm-w-mobo-c,1260,0.5631,709.6,824.5,731.2,849.1,2048,1536
20170519_FIRE_rm-w-mobo-c,1320,0.4358,707.8,829.5,729.7,849.6,2048,1536
20170519_FIRE_rm-w-mobo-c,1320,0.1654,707.3,824.7,735.9,849.7,2048,1536
20170519_FIRE_rm-w-mobo-c,1320,0.4360,707.8,829.3,729.8,849.6,2048,1536
20170519_FIRE_rm-w-mobo-c,1320,0.1764,707.3,824.6,736.0,849.7,2048,1536
20170519_FIRE_rm-w-mobo-c,1380,0.4225,702.6,829.2,731.6,849.8,2048,1536
20170519_FIRE_rm-w-mobo-c,1380,0.4365,702.6,829.1,731.6,849.8,2048,1536
20170519_FIRE_rm-w-mobo-c,1500,0.0543,710.6,824.5,751.6,848.9,2048,1536
20170519_FIRE_rm-w-mobo-c,1500,0.0518,711.2,828.1,743.2,849.0,2048,1536
20170519_FIRE_rm-w-mobo-c,1500,0.0593,710.6,824.4,751.8,848.8,2048,1536
20170519_FIRE_rm-w-mobo-c,1500,0.0543,711.2,828.0,743.3,849.0,2048,1536
20170519_FIRE_rm-w-mobo-c,1560,0.7516,712.7,821.9,751.2,848.2,2048,1536
20170519_FIRE_rm-w-mobo-c,1560,0.7477,712.6,821.9,751.2,848.2,2048,1536
20170519_FIRE_rm-w-mobo-c,1620,0.4089,712.0,821.1,767.4,848.6,2048,1536
20170519_FIRE_rm-w-mobo-c,1620,0.3602,712.7,821.8,746.7,848.2,2048,1536
20170519_FIRE_rm-w-mobo-c,1620,0.0660,712.0,814.4,778.9,849.3,2048,1536
20170519_FIRE_rm-w-mobo-c,1620,0.4229,712.5,821.7,761.6,848.5,2048,1536
20170519_FIRE_rm-w-mobo-c,1620,0.3759,712.6,821.8,746.9,848.2,2048,1536
20170519_FIRE_rm-w-mobo-c,1620,0.0681,712.0,814.3,778.6,849.3,2048,1536
20170519_FIRE_rm-w-mobo-c,1680,0.4466,708.6,821.5,747.2,848.4,2048,1536
20170519_FIRE_rm-w-mobo-c,1680,0.2875,708.4,808.1,748.1,848.5,2048,1536
20170519_FIRE_rm-w-mobo-c,1680,0.1301,707.9,792.8,752.3,848.7,2048,1536
20170519_FIRE_rm-w-mobo-c,1680,0.0720,707.7,790.5,775.2,849.1,2048,1536
20170519_FIRE_rm-w-mobo-c,1680,0.4699,708.6,821.5,747.3,848.4,2048,1536
20170519_FIRE_rm-w-mobo-c,1680,0.2997,708.4,805.7,748.2,848.5,2048,1536
20170519_FIRE_rm-w-mobo-c,1680,0.1494,708.0,792.9,751.9,848.7,2048,1536
20170519_FIRE_rm-w-mobo-c,1680,0.0745,707.8,790.5,774.7,849.1,2048,1536
20170519_FIRE_rm-w-mobo-c,1740,0.2654,709.6,824.2,756.8,849.0,2048,1536
20170519_FIRE_rm-w-mobo-c,1740,0.2622,709.4,824.2,757.0,848.9,2048,1536
20170519_FIRE_rm-w-mobo-c,1800,0.5538,710.3,820.6,765.6,848.5,2048,1536
20170519_FIRE_rm-w-mobo-c,1800,0.5659,710.3,820.6,765.7,848.5,2048,1536
20170519_FIRE_rm-w-mobo-c,1860,0.1319,705.7,820.5,778.4,849.4,2048,1536
20170519_FIRE_rm-w-mobo-c,1860,0.1273,706.0,823.9,757.4,849.3,2048,1536
20170519_FIRE_rm-w-mobo-c,1860,0.1094,705.1,806.5,785.4,849.9,2048,1536
20170519_FIRE_rm-w-mobo-c,1860,0.0504,704.3,790.4,795.5,849.8,2048,1536
20170519_FIRE_rm-w-mobo-c,1860,0.1384,705.7,820.6,776.6,849.4,2048,1536
20170519_FIRE_rm-w-mobo-c,1860,0.1361,705.9,823.8,757.6,849.3,2048,1536
20170519_FIRE_rm-w-mobo-c,1860,0.1131,705.0,806.4,783.5,849.9,2048,1536
20170519_FIRE_rm-w-mobo-c,1860,0.0567,704.4,796.5,797.7,850.5,2048,1536
20170519_FIRE_rm-w-mobo-c,1920,0.1035,706.5,829.3,744.7,849.4,2048,1536
20170519_FIRE_rm-w-mobo-c,1920,0.0802,704.6,814.3,789.7,849.3,2048,1536
20170519_FIRE_rm-w-mobo-c,1920,0.0624,704.3,798.3,786.0,849.8,2048,1536
20170519_FIRE_rm-w-mobo-c,1920,0.0581,706.4,823.5,751.4,849.4,2048,1536
20170519_FIRE_rm-w-mobo-c,1920,0.0533,705.4,821.6,772.9,849.4,2048,1536
20170519_FIRE_rm-w-mobo-c,1920,0.1067,706.5,829.1,744.8,849.4,2048,1536
20170519_FIRE_rm-w-mobo-c,1920,0.0795,704.6,813.9,788.6,849.4,2048,1536
20170519_FIRE_rm-w-mobo-c,1920,0.0648,704.1,797.6,785.2,849.9,2048,1536
20170519_FIRE_rm-w-mobo-c,1920,0.0620,706.4,823.5,751.3,849.4,2048,1536
20170519_FIRE_rm-w-mobo-c,1920,0.0552,705.3,821.8,771.3,849.4,2048,1536
20170519_FIRE_rm-w-mobo-c,1980,0.0756,705.5,824.8,750.1,849.3,2048,1536
20170519_FIRE_rm-w-mobo-c,1980,0.0837,705.5,824.6,750.3,849.3,2048,1536
20170519_FIRE_rm-w-mobo-c,2040,0.3693,705.0,823.1,740.2,848.9,2048,1536
20170519_FIRE_rm-w-mobo-c,2040,0.3787,705.0,823.1,740.4,848.9,2048,1536
20170519_FIRE_rm-w-mobo-c,2100,0.7519,706.2,822.3,744.7,848.9,2048,1536
20170519_FIRE_rm-w-mobo-c,2100,0.7588,706.2,822.3,744.8,848.9,2048,1536
20170519_FIRE_rm-w-mobo-c,2160,0.6233,705.2,822.1,750.2,849.2,2048,1536
20170519_FIRE_rm-w-mobo-c,2160,0.6430,705.1,822.1,750.1,849.3,2048,1536
20170519_FIRE_rm-w-mobo-c,2220,0.3655,704.6,820.1,749.7,848.9,2048,1536
20170519_FIRE_rm-w-mobo-c,2220,0.3814,704.6,820.0,750.1,848.9,2048,1536
20170519_FIRE_rm-w-mobo-c,2280,0.3641,706.1,818.2,763.9,848.9,2048,1536
20170519_FIRE_rm-w-mobo-c,2280,0.3378,704.7,803.8,764.6,849.1,2048,1536
20170519_FIRE_rm-w-mobo-c,2280,0.0576,704.5,791.2,773.8,849.1,2048,1536
20170519_FIRE_rm-w-mobo-c,2280,0.3688,706.0,818.2,763.7,848.9,2048,1536
20170519_FIRE_rm-w-mobo-c,2280,0.3498,704.6,802.4,764.4,849.1,2048,1536
20170519_FIRE_rm-w-mobo-c,2340,0.3169,707.4,799.8,752.7,847.9,2048,1536
20170519_FIRE_rm-w-mobo-c,2340,0.1339,708.4,806.2,743.1,848.2,2048,1536
20170519_FIRE_rm-w-mobo-c,2340,0.1224,707.0,798.2,779.7,848.0,2048,1536
20170519_FIRE_rm-w-mobo-c,2340,0.3425,707.4,800.0,754.0,847.7,2048,1536
20170519_FIRE_rm-w-mobo-c,2340,0.1392,708.3,808.4,741.2,848.2,2048,1536
20170519_FIRE_rm-w-mobo-c,2340,0.1233,707.1,798.2,779.2,848.1,2048,1536
20170519_FIRE_rm-w-mobo-c,2400,0.3564,707.2,783.6,753.5,847.6,2048,1536
20170519_FIRE_rm-w-mobo-c,2400,0.1654,709.1,821.5,747.6,848.1,2048,1536
20170519_FIRE_rm-w-mobo-c,2400,0.0559,709.4,810.3,749.6,847.7,2048,1536
20170519_FIRE_rm-w-mobo-c,2400,0.0543,707.6,786.8,796.1,848.3,2048,1536
20170519_FIRE_rm-w-mobo-c,2400,0.3883,708.0,784.2,753.2,848.2,2048,1536
20170519_FIRE_rm-w-mobo-c,2400,0.1737,709.1,821.4,747.8,848.1,2048,1536
20170519_FIRE_rm-w-mobo-c,2400,0.0575,709.3,807.2,749.9,847.8,2048,1536
20170520_FIRE_lp-s-iqeye,-780,0.0784,732.8,491.2,764.0,508.6,1600,1200
20170520_FIRE_lp-s-iqeye,-780,0.0664,732.8,491.4,764.0,508.6,1600,1200
20170520_FIRE_lp-s-iqeye,0,0.6555,1379.6,606.6,1417.2,632.3,1600,1200
20170520_FIRE_lp-s-iqeye,0,0.7223,1379.6,606.5,1417.3,632.2,1600,1200
20170520_FIRE_lp-s-iqeye,60,0.8008,1379.2,572.6,1446.5,630.0,1600,1200
20170520_FIRE_lp-s-iqeye,60,0.8240,1379.3,572.3,1446.3,629.9,1600,1200
20170520_FIRE_lp-s-iqeye,60,0.0568,1380.4,598.8,1414.9,629.6,1600,1200
20170520_FIRE_lp-s-iqeye,120,0.7373,1371.2,544.8,1479.2,632.1,1600,1200
20170520_FIRE_lp-s-iqeye,120,0.2685,1416.5,543.4,1481.2,599.0,1600,1200
20170520_FIRE_lp-s-iqeye,120,0.7226,1371.1,545.1,1479.0,632.0,1600,1200
20170520_FIRE_lp-s-iqeye,120,0.3526,1417.5,543.6,1480.8,598.7,1600,1200
20170520_FIRE_lp-s-iqeye,180,0.6834,1378.5,592.4,1429.3,632.0,1600,1200
20170520_FIRE_lp-s-iqeye,180,0.7583,1378.6,592.6,1428.6,632.0,1600,1200
20170520_FIRE_lp-s-iqeye,240,0.8686,1381.9,560.8,1465.3,631.2,1600,1200
20170520_FIRE_lp-s-iqeye,240,0.8840,1382.3,560.6,1463.8,631.5,1600,1200
20170520_FIRE_lp-s-iqeye,300,0.9078,1381.6,547.1,1494.8,629.6,1600,1200
20170520_FIRE_lp-s-iqeye,300,0.9118,1381.4,547.1,1494.1,629.7,1600,1200
20170520_FIRE_lp-s-iqeye,360,0.6134,1369.6,556.5,1447.4,631.5,1600,1200
20170520_FIRE_lp-s-iqeye,360,0.4506,1368.8,550.4,1497.4,631.8,1600,1200
20170520_FIRE_lp-s-iqeye,360,0.6771,1369.4,557.4,1446.7,631.4,1600,1200
20170520_FIRE_lp-s-iqeye,360,0.3492,1368.9,554.7,1483.7,631.9,1600,1200
20170520_FIRE_lp-s-iqeye,420,0.8016,1388.2,549.6,1488.5,632.4,1600,1200
20170520_FIRE_lp-s-iqeye,420,0.7826,1388.2,550.6,1486.8,632.4,1600,1200
20170520_FIRE_lp-s-iqeye,480,0.8041,1383.5,513.1,1511.0,633.9,1600,1200
20170520_FIRE_lp-s-iqeye,480,0.8081,1383.9,513.9,1511.2,633.5,1600,1200
20170520_FIRE_lp-s-iqeye,540,0.7556,1390.9,463.3,1583.7,646.2,1600,1200
20170520_FIRE_lp-s-iqeye,540,0.2102,1386.6,531.8,1517.9,636.1,1600,1200
20170520_FIRE_lp-s-iqeye,540,0.8161,1390.8,462.5,1583.5,645.7,1600,1200
20170520_FIRE_lp-s-iqeye,540,0.0954,1387.2,531.1,1517.6,635.7,1600,1200
20170520_FIRE_lp-s-iqeye,540,0.0506,1387.5,482.2,1529.6,635.8,1600,1200
20170520_FIRE_lp-s-iqeye,600,0.8163,1388.9,458.8,1599.2,637.5,1600,1200
20170520_FIRE_lp-s-iqeye,600,0.8281,1389.3,457.7,1598.4,637.0,1600,1200
20170520_FIRE_lp-s-iqeye,660,0.5325,1411.1,433.7,1600.0,630.3,1600,1200
20170520_FIRE_lp-s-iqeye,660,0.4325,1392.6,478.5,1586.6,635.1,1600,1200
20170520_FIRE_lp-s-iqeye,660,0.0511,1391.8,525.9,1561.4,632.9,1600,1200
20170520_FIRE_lp-s-iqeye,660,0.6606,1411.4,431.7,1600.0,628.9,1600,1200
20170520_FIRE_lp-s-iqeye,660,0.3263,1392.5,476.3,1588.3,635.4,1600,1200
20170520_FIRE_lp-s-iqeye,660,0.0852,1391.9,510.2,1566.7,635.3,1600,1200
20170520_FIRE_lp-s-iqeye,720,0.8582,1386.7,535.9,1562.9,633.6,1600,1200
20170520_FIRE_lp-s-iqeye,720,0.8685,1387.4,535.9,1564.4,633.3,1600,1200
20170520_FIRE_lp-s-iqeye,780,0.7320,1396.6,495.3,1589.3,636.4,1600,1200
20170520_FIRE_lp-s-iqeye,780,0.2679,1394.8,545.7,1519.9,634.7,1600,1200
20170520_FIRE_lp-s-iqeye,780,0.1060,1396.7,513.7,1529.8,634.5,1600,1200
20170520_FIRE_lp-s-iqeye,780,0.7403,1397.4,494.9,1589.7,635.8,1600,1200
20170520_FIRE_lp-s-iqeye,780,0.3225,1395.6,545.6,1520.5,634.3,1600,1200
20170520_FIRE_lp-s-iqeye,840,0.7107,1423.6,477.3,1561.7,638.3,1600,1200
20170520_FIRE_lp-s-iqeye,840,0.4376,1438.1,471.1,1600.0,635.7,1600,1200
20170520_FIRE_lp-s-iqeye,840,0.0572,1380.8,501.5,1556.4,637.7,1600,1200
20170520_FIRE_lp-s-iqeye,840,0.7190,1450.1,479.6,1559.0,636.1,1600,1200
20170520_FIRE_lp-s-iqeye,840,0.4824,1441.2,469.2,1600.0,633.5,1600,1200
20170520_FIRE_lp-s-iqeye,840,0.1276,1384.5,478.0,1560.1,636.0,1600,1200
20170520_FIRE_lp-s-iqeye,900,0.5163,1380.9,549.9,1564.8,638.9,1600,1200
20170520_FIRE_lp-s-iqeye,900,0.4534,1422.9,413.9,1599.5,640.4,1600,1200
20170520_FIRE_lp-s-iqeye,900,0.2108,1377.9,466.7,1598.4,648.0,1600,1200
20170520_FIRE_lp-s-iqeye,900,0.5211,1423.4,412.3,1599.5,639.9,1600,1200
20170520_FIRE_lp-s-iqeye,900,0.4961,1381.4,550.7,1560.7,638.2,1600,1200
20170520_FIRE_lp-s-iqeye,900,0.1110,1387.3,454.0,1599.7,646.3,1600,1200
20170520_FIRE_lp-s-iqeye,960,0.4291,1429.9,426.0,1600.0,644.9,1600,1200
20170520_FIRE_lp-s-iqeye,960,0.3415,1392.4,541.3,1563.4,637.9,1600,1200
20170520_FIRE_lp-s-iqeye,960,0.2167,1399.1,498.5,1600.0,636.9,1600,1200
20170520_FIRE_lp-s-iqeye,960,0.4274,1429.7,426.1,1600.0,643.8,1600,1200
20170520_FIRE_lp-s-iqeye,960,0.2162,1398.9,489.7,1600.0,636.7,1600,1200
20170520_FIRE_lp-s-iqeye,960,0.2079,1392.6,543.8,1561.2,637.5,1600,1200
20170520_FIRE_lp-s-iqeye,1020,0.8178,1414.5,469.3,1599.2,638.5,1600,1200
20170520_FIRE_lp-s-iqeye,1020,0.8430,1413.8,468.3,1599.3,638.4,1600,1200
20170520_FIRE_lp-s-iqeye,1080,0.1741,715.9,491.1,768.0,514.6,1600,1200
20170520_FIRE_lp-s-iqeye,1080,0.5265,1428.2,424.7,1600.0,633.8,1600,1200
20170520_FIRE_lp-s-iqeye,1080,0.2750,1400.8,475.0,1600.0,634.9,1600,1200
20170520_FIRE_lp-s-iqeye,1080,0.0551,715.5,491.4,767.7,515.0,1600,1200
20170520_FIRE_lp-s-iqeye,1080,0.2443,715.9,491.1,768.1,514.5,1600,1200
20170520_FIRE_lp-s-iqeye,1080,0.5908,1421.8,428.7,1600.0,636.2,1600,1200
20170520_FIRE_lp-s-iqeye,1080,0.2437,1401.6,472.5,1600.0,635.0,1600,1200
20170520_FIRE_lp-s-iqeye,1080,0.0609,715.6,491.4,767.7,514.9,1600,1200
20170520_FIRE_lp-s-iqeye,1140,0.7285,1393.0,544.7,1587.6,635.7,1600,1200
20170520_FIRE_lp-s-iqeye,1140,0.8063,1403.1,546.7,1587.8,633.3,1600,1200
20170520_FIRE_lp-s-iqeye,1200,0.1212,762.2,479.8,785.3,503.4,1600,1200
20170520_FIRE_lp-s-iqeye,1200,0.6557,1394.4,513.5,1581.3,635.0,1600,1200
20170520_FIRE_lp-s-iqeye,1200,0.2519,762.2,480.0,785.3,503.5,1600,1200
20170520_FIRE_lp-s-iqeye,1200,0.7129,1400.9,510.7,1594.5,634.0,1600,1200
20170520_FIRE_lp-s-iqeye,1260,0.6604,1402.8,463.1,1598.0,635.6,1600,1200
20170520_FIRE_lp-s-iqeye,1260,0.7026,1413.5,461.7,1598.7,643.6,1600,1200
20170520_FIRE_lp-s-iqeye,1320,0.8047,1389.8,546.4,1534.9,635.8,1600,1200
20170520_FIRE_lp-s-iqeye,1320,0.1769,1437.9,435.8,1600.0,643.3,1600,1200
20170520_FIRE_lp-s-iqeye,1320,0.8067,1391.0,546.4,1534.6,635.3,1600,1200
20170520_FIRE_lp-s-iqeye,1320,0.3041,1437.5,435.2,1599.8,636.6,1600,1200
20170520_FIRE_lp-s-iqeye,1380,0.8624,1395.2,549.6,1534.9,634.9,1600,1200
20170520_FIRE_lp-s-iqeye,1380,0.3478,1444.8,406.0,1600.0,621.5,1600,1200
20170520_FIRE_lp-s-iqeye,1380,0.8696,1398.0,549.6,1534.4,634.1,1600,1200
20170520_FIRE_lp-s-iqeye,1380,0.3701,1443.9,405.4,1599.6,619.6,1600,1200
20170520_FIRE_lp-s-iqeye,1440,0.5156,1393.9,544.4,1555.5,635.3,1600,1200
20170520_FIRE_lp-s-iqeye,1440,0.3783,1425.8,391.3,1600.0,650.0,1600,1200
20170520_FIRE_lp-s-iqeye,1440,0.3011,1409.2,467.4,1600.0,635.1,1600,1200
20170520_FIRE_lp-s-iqeye,1440,0.4558,1424.8,390.3,1600.0,651.8,1600,1200
20170520_FIRE_lp-s-iqeye,1440,0.3607,1407.0,497.8,1600.0,635.3,1600,1200
20170520_FIRE_lp-s-iqeye,1440,0.2763,1399.8,544.6,1556.5,634.4,1600,1200
20170520_FIRE_lp-s-iqeye,1440,0.0558,1468.5,367.9,1600.0,615.0,1600,1200
20170520_FIRE_lp-s-iqeye,1500,0.1536,711.9,500.6,728.3,516.1,1600,1200
20170520_FIRE_lp-s-iqeye,1500,0.8095,1386.9,552.5,1551.3,636.0,1600,1200
20170520_FIRE_lp-s-iqeye,1500,0.0991,712.0,500.7,728.1,516.0,1600,1200
20170520_FIRE_lp-s-iqeye,1500,0.2663,711.9,500.8,728.2,516.0,1600,1200
20170520_FIRE_lp-s-iqeye,1500,0.8461,1387.3,551.9,1551.5,635.4,1600,1200
20170520_FIRE_lp-s-iqeye,1500,0.1532,712.0,500.9,728.1,515.9,1600,1200
20170520_FIRE_lp-s-iqeye,1560,0.3978,714.2,495.9,732.9,515.2,1600,1200
20170520_FIRE_lp-s-iqeye,1560,0.0595,713.6,492.7,746.6,515.5,1600,1200
20170520_FIRE_lp-s-iqeye,1560,0.7896,1391.2,549.6,1582.4,639.3,1600,1200
20170520_FIRE_lp-s-iqeye,1560,0.3597,714.2,496.0,732.7,515.1,1600,1200
20170520_FIRE_lp-s-iqeye,1560,0.2763,1431.7,456.8,1600.0,646.1,1600,1200
20170520_FIRE_lp-s-iqeye,1560,0.5041,714.2,496.0,732.8,515.1,1600,1200
20170520_FIRE_lp-s-iqeye,1560,0.0663,713.6,493.1,746.3,515.4,1600,1200
20170520_FIRE_lp-s-iqeye,1560,0.7886,1392.7,549.0,1583.9,638.9,1600,1200
20170520_FIRE_lp-s-iqeye,1560,0.4641,714.3,496.0,732.5,515.0,1600,1200
20170520_FIRE_lp-s-iqeye,1560,0.4102,1437.6,456.6,1600.0,644.9,1600,1200
20170520_FIRE_lp-s-iqeye,1620,0.0816,711.5,495.0,737.9,514.2,1600,1200
20170520_FIRE_lp-s-iqeye,1620,0.7288,1402.6,550.4,1597.2,639.8,1600,1200
20170520_FIRE_lp-s-iqeye,1620,0.0534,1390.7,571.3,1589.6,641.1,1600,1200
20170520_FIRE_lp-s-iqeye,1620,0.1199,711.3,494.9,738.0,514.3,1600,1200
20170520_FIRE_lp-s-iqeye,1620,0.7693,1404.5,550.8,1596.6,639.4,1600,1200
20170520_FIRE_lp-s-iqeye,1680,0.3039,710.3,493.9,749.8,516.9,1600,1200
20170520_FIRE_lp-s-iqeye,1680,0.0603,710.6,496.7,739.4,516.7,1600,1200
20170520_FIRE_lp-s-iqeye,1680,0.8258,1411.6,548.2,1596.7,637.9,1600,1200
20170520_FIRE_lp-s-iqeye,1680,0.2096,710.4,494.2,748.7,516.8,1600,1200
20170520_FIRE_lp-s-iqeye,1680,0.0890,709.2,492.3,761.4,516.8,1600,1200
20170520_FIRE_lp-s-iqeye,1680,0.0571,710.6,496.9,738.7,516.5,1600,1200
20170520_FIRE_lp-s-iqeye,1680,0.3936,710.2,493.9,750.2,516.7,1600,1200
20170520_FIRE_lp-s-iqeye,1680,0.0889,710.6,496.6,739.4,516.4,1600,1200
20170520_FIRE_lp-s-iqeye,1680,0.8455,1413.2,548.4,1597.4,637.3,1600,1200
20170520_FIRE_lp-s-iqeye,1680,0.2866,710.3,494.3,748.7,516.6,1600,1200
20170520_FIRE_lp-s-iqeye,1680,0.1211,709.0,492.7,761.2,516.5,1600,1200
20170520_FIRE_lp-s-iqeye,1680,0.0893,710.6,496.9,738.7,516.3,1600,1200
20170520_FIRE_lp-s-iqeye,1740,0.2881,710.8,493.3,750.9,515.2,1600,1200
20170520_FIRE_lp-s-iqeye,1740,0.4323,1387.3,550.9,1541.2,637.1,1600,1200
20170520_FIRE_lp-s-iqeye,1740,0.2151,1395.6,547.3,1598.8,636.8,1600,1200
20170520_FIRE_lp-s-iqeye,1740,0.1662,710.9,493.5,749.3,515.1,1600,1200
20170520_FIRE_lp-s-iqeye,1740,0.1588,1415.0,519.7,1600.0,636.0,1600,1200
20170520_FIRE_lp-s-iqeye,1740,0.3846,710.7,493.3,750.9,515.0,1600,1200
20170520_FIRE_lp-s-iqeye,1740,0.4699,1406.7,531.2,1599.7,635.4,1600,1200
20170520_FIRE_lp-s-iqeye,1740,0.3097,1389.5,551.0,1542.0,636.2,1600,1200
20170520_FIRE_lp-s-iqeye,1740,0.2383,711.0,493.6,749.0,514.9,1600,1200
20170520_FIRE_lp-s-iqeye,1800,0.4626,709.0,492.7,760.1,515.0,1600,1200
20170520_FIRE_lp-s-iqeye,1800,0.7276,1383.3,554.7,1576.1,636.4,1600,1200
20170520_FIRE_lp-s-iqeye,1800,0.3103,708.8,493.3,758.7,514.9,1600,1200
20170520_FIRE_lp-s-iqeye,1800,0.5436,708.9,492.7,760.2,514.8,1600,1200
20170520_FIRE_lp-s-iqeye,1800,0.7218,1384.1,554.2,1578.4,636.0,1600,1200
20170520_FIRE_lp-s-iqeye,1800,0.4040,709.0,492.9,758.7,514.7,1600,1200
20170520_FIRE_lp-s-iqeye,1800,0.0530,1414.8,481.8,1599.9,636.9,1600,1200
20170520_FIRE_lp-s-iqeye,1860,0.4669,523.6,477.7,538.7,491.9,1600,1200
20170520_FIRE_lp-s-iqeye,1860,0.7519,1376.4,544.2,1583.4,636.7,1600,1200
20170520_FIRE_lp-s-iqeye,1860,0.2457,523.5,477.9,538.8,492.0,1600,1200
20170520_FIRE_lp-s-iqeye,1860,0.7902,1408.7,546.2,1582.0,635.1,1600,1200
20170520_FIRE_lp-s-iqeye,1920,0.5222,524.7,470.8,546.4,491.5,1600,1200
20170520_FIRE_lp-s-iqeye,1920,0.1437,710.2,492.5,763.1,514.9,1600,1200
20170520_FIRE_lp-s-iqeye,1920,0.7335,1373.1,546.1,1600.0,636.8,1600,1200
20170520_FIRE_lp-s-iqeye,1920,0.0599,710.0,493.1,760.9,514.7,1600,1200
20170520_FIRE_lp-s-iqeye,1920,0.4453,524.6,470.7,546.4,491.6,1600,1200
20170520_FIRE_lp-s-iqeye,1920,0.2644,710.5,492.7,761.7,514.5,1600,1200
20170520_FIRE_lp-s-iqeye,1920,0.7808,1373.9,546.5,1600.0,636.6,1600,1200
20170520_FIRE_lp-s-iqeye,1980,0.6035,525.5,467.0,552.5,491.9,1600,1200
20170520_FIRE_lp-s-iqeye,1980,0.0626,708.7,491.7,763.7,515.7,1600,1200
20170520_FIRE_lp-s-iqeye,1980,0.7660,1376.7,551.3,1574.2,638.5,1600,1200
20170520_FIRE_lp-s-iqeye,1980,0.0575,1385.2,382.7,1600.0,650.5,1600,1200
20170520_FIRE_lp-s-iqeye,1980,0.4695,525.2,467.0,552.8,492.1,1600,1200
20170520_FIRE_lp-s-iqeye,1980,0.1752,708.8,490.3,765.2,515.5,1600,1200
20170520_FIRE_lp-s-iqeye,1980,0.7997,1376.9,551.4,1574.3,638.2,1600,1200
20170520_FIRE_lp-s-iqeye,2040,0.7127,528.3,462.9,560.1,491.7,1600,1200
20170520_FIRE_lp-s-iqeye,2040,0.1597,710.4,482.8,767.8,514.3,1600,1200
20170520_FIRE_lp-s-iqeye,2040,0.4438,1375.9,541.4,1558.9,636.7,1600,1200
20170520_FIRE_lp-s-iqeye,2040,0.4236,1375.5,502.3,1568.3,636.2,1600,1200
20170520_FIRE_lp-s-iqeye,2040,0.1073,1412.7,448.4,1600.0,628.7,1600,1200
20170520_FIRE_lp-s-iqeye,2040,0.0727,709.9,483.5,767.7,514.6,1600,1200
20170520_FIRE_lp-s-iqeye,2040,0.6720,528.3,463.0,560.1,491.8,1600,1200
20170520_FIRE_lp-s-iqeye,2040,0.1944,710.4,483.7,767.5,514.3,1600,1200
20170520_FIRE_lp-s-iqeye,2040,0.4675,1375.5,501.9,1570.0,635.8,1600,1200
20170520_FIRE_lp-s-iqeye,2040,0.3944,1375.8,542.4,1559.4,636.5,1600,1200
20170520_FIRE_lp-s-iqeye,2040,0.1631,1411.5,454.1,1600.0,636.0,1600,1200
20170520_FIRE_lp-s-iqeye,2040,0.0563,710.1,485.0,767.4,514.6,1600,1200
20170520_FIRE_lp-s-iqeye,2100,0.7977,536.2,461.3,569.0,491.5,1600,1200
20170520_FIRE_lp-s-iqeye,2100,0.5900,1381.3,470.5,1599.4,642.0,1600,1200
20170520_FIRE_lp-s-iqeye,2100,0.2562,1375.4,523.1,1596.6,639.1,1600,1200
20170520_FIRE_lp-s-iqeye,2100,0.7793,536.2,461.4,569.1,491.5,1600,1200
20170520_FIRE_lp-s-iqeye,2100,0.6440,1388.1,464.3,1600.0,639.8,1600,1200
20170520_FIRE_lp-s-iqeye,2100,0.2003,1375.3,522.4,1597.1,639.1,1600,1200
20170520_FIRE_lp-s-iqeye,2160,0.7660,543.4,454.3,575.7,490.6,1600,1200
20170520_FIRE_lp-s-iqeye,2160,0.0849,709.1,496.1,730.3,513.7,1600,1200
20170520_FIRE_lp-s-iqeye,2160,0.1964,1377.3,485.6,1598.3,637.8,1600,1200
20170520_FIRE_lp-s-iqeye,2160,0.0778,709.0,496.0,730.4,513.7,1600,1200
20170520_FIRE_lp-s-iqeye,2160,0.0646,1371.6,535.7,1591.0,638.2,1600,1200
20170520_FIRE_lp-s-iqeye,2160,0.7623,543.4,454.4,575.6,490.6,1600,1200
20170520_FIRE_lp-s-iqeye,2160,0.1886,709.1,496.1,730.0,513.6,1600,1200
20170520_FIRE_lp-s-iqeye,2160,0.0800,708.8,494.8,738.0,514.0,1600,1200
20170520_FIRE_lp-s-iqeye,2160,0.2953,1375.5,498.3,1596.8,638.9,1600,1200
20170520_FIRE_lp-s-iqeye,2160,0.1544,708.9,496.0,730.0,513.7,1600,1200
20170520_FIRE_lp-s-iqeye,2160,0.1294,1387.3,433.6,1600.0,637.3,1600,1200
20170520_FIRE_lp-s-iqeye,2160,0.0868,1371.2,539.1,1598.4,638.2,1600,1200
20170520_FIRE_lp-s-iqeye,2220,0.6268,550.6,455.3,584.4,492.0,1600,1200
20170520_FIRE_lp-s-iqeye,2220,0.3927,1371.7,522.6,1600.0,637.8,1600,1200
20170520_FIRE_lp-s-iqeye,2220,0.6236,550.6,455.6,584.6,492.0,1600,1200
20170520_FIRE_lp-s-iqeye,2220,0.1137,708.0,496.2,730.6,514.1,1600,1200
20170520_FIRE_lp-s-iqeye,2220,0.4222,1370.9,523.5,1600.0,637.8,1600,1200
20170520_FIRE_lp-s-iqeye,2220,0.0639,707.7,496.1,730.7,514.3,1600,1200
20170520_FIRE_lp-s-iqeye,2280,0.6150,556.9,452.8,595.8,490.8,1600,1200
20170520_FIRE_lp-s-iqeye,2280,0.2974,1369.8,486.0,1598.4,635.9,1600,1200
20170520_FIRE_lp-s-iqeye,2280,0.0668,1369.5,537.4,1597.2,636.8,1600,1200
20170520_FIRE_lp-s-iqeye,2280,0.6318,556.9,453.1,596.0,490.9,1600,1200
20170520_FIRE_lp-s-iqeye,2280,0.4961,1369.8,485.7,1600.0,635.5,1600,1200
20170520_FIRE_lp-s-iqeye,2280,0.0656,1360.6,566.2,1600.0,637.9,1600,1200
20170520_FIRE_lp-s-iqeye,2280,0.0605,1369.5,535.7,1600.0,636.8,1600,1200
20170520_FIRE_lp-s-iqeye,2280,0.0518,576.0,448.1,596.3,491.2,1600,1200
20170520_FIRE_lp-s-iqeye,2340,0.4902,557.3,455.9,603.3,491.4,1600,1200
20170520_FIRE_lp-s-iqeye,2340,0.0637,556.5,445.5,620.4,491.5,1600,1200
20170520_FIRE_lp-s-iqeye,2340,0.3208,1390.3,456.3,1600.0,641.1,1600,1200
20170520_FIRE_lp-s-iqeye,2340,0.5391,557.6,456.1,602.9,491.4,1600,1200
20170520_FIRE_lp-s-iqeye,2340,0.0516,556.6,446.3,620.1,491.5,1600,1200
20170520_FIRE_lp-s-iqeye,2340,0.4157,1391.2,456.6,1599.1,628.8,1600,1200
20170520_FIRE_lp-s-iqeye,2400,0.3687,568.5,450.9,624.3,492.7,1600,1200
20170520_FIRE_lp-s-iqeye,2400,0.0643,702.8,498.2,725.7,515.0,1600,1200
20170520_FIRE_lp-s-iqeye,2400,0.0534,702.4,494.6,751.6,515.5,1600,1200
20170520_FIRE_lp-s-iqeye,2400,0.4976,1371.4,442.3,1600.0,640.7,1600,1200
20170520_FIRE_lp-s-iqeye,2400,0.2920,568.5,451.8,624.3,492.7,1600,1200
20170520_FIRE_lp-s-iqeye,2400,0.0933,702.8,498.2,725.6,515.0,1600,1200
20170520_FIRE_lp-s-iqeye,2400,0.0741,702.4,494.5,753.5,515.4,1600,1200
20170520_FIRE_lp-s-iqeye,2400,0.0535,702.9,495.7,738.8,515.0,1600,1200
20170520_FIRE_lp-s-iqeye,2400,0.5900,1374.2,443.1,1600.0,639.8,1600,1200
20170520_FIRE_om-s-mobo-c,-720,0.1151,1940.0,1013.5,2012.3,1042.4,2048,1536
20170520_FIRE_om-s-mobo-c,-660,0.1096,1940.4,1012.9,2012.0,1042.1,2048,1536
20170520_FIRE_om-s-mobo-c,-540,0.0583,1939.5,1013.1,2012.1,1042.5,2048,1536
20170520_FIRE_om-s-mobo-c,-120,0.0550,1939.1,1013.3,2012.5,1042.6,2048,1536
20170520_FIRE_om-s-mobo-c,-60,0.0656,1940.0,1013.1,2013.3,1042.3,2048,1536
20170520_FIRE_om-s-mobo-c,0,0.0958,0.3,536.9,69.6,587.0,2048,1536
20170520_FIRE_om-s-mobo-c,0,0.1750,1939.3,1012.3,2014.4,1042.4,2048,1536
20170520_FIRE_om-s-mobo-c,60,0.0690,0.3,536.6,73.4,587.2,2048,1536
20170520_FIRE_om-s-mobo-c,60,0.1987,1940.5,1012.7,2013.2,1042.1,2048,1536
20170520_FIRE_om-s-mobo-c,120,0.1162,0.4,532.2,76.7,586.7,2048,1536
20170520_FIRE_om-s-mobo-c,120,0.1350,1939.0,1013.1,2013.0,1042.4,2048,1536
20170520_FIRE_om-s-mobo-c,180,0.0930,1938.9,1012.8,2013.9,1042.5,2048,1536
20170520_FIRE_om-s-mobo-c,240,0.0849,1938.6,1013.0,2013.2,1042.6,2048,1536
20170520_FIRE_om-s-mobo-c,480,0.0594,0.5,530.3,78.5,586.0,2048,1536
20170520_FIRE_om-s-mobo-c,540,0.0504,0.5,532.0,76.0,586.2,2048,1536
20170520_FIRE_om-s-mobo-c,660,0.0677,0.9,533.0,77.3,586.1,2048,1536
20170520_FIRE_om-s-mobo-c,960,0.0528,0.4,533.6,74.5,586.4,2048,1536
20170520_FIRE_om-s-mobo-c,1080,0.0780,1.2,531.9,78.3,585.2,2048,1536
20170520_FIRE_om-s-mobo-c,2220,0.2219,1688.2,512.1,1722.3,536.6,2048,1536
20170520_FIRE_om-s-mobo-c,2220,0.2349,1688.3,512.1,1722.3,536.6,2048,1536
20170520_FIRE_om-s-mobo-c,2280,0.3350,1684.4,509.0,1727.8,533.6,2048,1536
20170520_FIRE_om-s-mobo-c,2280,0.3418,1684.4,508.9,1727.9,533.6,2048,1536
20170520_FIRE_om-s-mobo-c,2340,0.2125,1686.2,506.8,1730.7,531.9,2048,1536
20170520_FIRE_om-s-mobo-c,2340,0.2508,1686.2,506.8,1730.7,531.8,2048,1536
20170520_FIRE_pi-w-mobo-c,-2220,0.0731,1654.0,687.5,1698.6,711.8,2048,1536
20170520_FIRE_pi-w-mobo-c,-2220,0.0560,1664.1,687.0,1702.0,710.2,2048,1536
20170520_FIRE_pi-w-mobo-c,-2220,0.0560,1673.7,688.3,1702.6,710.5,2048,1536
20170520_FIRE_pi-w-mobo-c,-2220,0.0681,1653.9,687.5,1698.8,711.9,2048,1536
20170520_FIRE_pi-w-mobo-c,-2220,0.0506,1664.2,687.1,1702.0,710.3,2048,1536
20170520_FIRE_pi-w-mobo-c,-2220,0.0569,1654.0,688.0,1699.3,711.5,2048,1536
20170520_FIRE_pi-w-mobo-c,-2040,0.0575,1609.0,699.3,1625.9,713.7,2048,1536
20170520_FIRE_pi-w-mobo-c,-2040,0.0553,1609.0,699.4,1625.9,713.7,2048,1536
20170520_FIRE_pi-w-mobo-c,-2040,0.0581,1609.2,700.2,1629.1,713.3,2048,1536
20170520_FIRE_pi-w-mobo-c,-2040,0.0539,1609.1,700.3,1629.2,713.3,2048,1536
20170520_FIRE_pi-w-mobo-c,-1920,0.1519,1684.5,694.3,1706.7,710.4,2048,1536
20170520_FIRE_pi-w-mobo-c,-1920,0.1463,1684.5,694.3,1706.7,710.4,2048,1536
20170520_FIRE_pi-w-mobo-c,-1920,0.1432,1684.5,694.9,1706.7,710.0,2048,1536
20170520_FIRE_pi-w-mobo-c,-1920,0.1313,1684.5,694.9,1706.8,710.0,2048,1536
20170520_FIRE_pi-w-mobo-c,-1860,0.0558,1611.6,701.4,1637.8,713.8,2048,1536
20170520_FIRE_pi-w-mobo-c,-1860,0.0525,1611.6,701.5,1638.1,713.9,2048,1536
20170520_FIRE_pi-w-mobo-c,-1800,0.0847,1609.1,697.5,1634.0,713.8,2048,1536
20170520_FIRE_pi-w-mobo-c,-1800,0.0829,1609.6,699.3,1628.7,714.2,2048,1536
20170520_FIRE_pi-w-mobo-c,-1800,0.0635,1605.8,695.6,1628.9,713.6,2048,1536
20170520_FIRE_pi-w-mobo-c,-1800,0.0839,1609.0,697.7,1634.2,713.8,2048,1536
20170520_FIRE_pi-w-mobo-c,-1800,0.0795,1609.5,699.4,1628.8,714.2,2048,1536
20170520_FIRE_pi-w-mobo-c,-1800,0.0594,1605.8,695.8,1629.1,713.6,2048,1536
20170520_FIRE_pi-w-mobo-c,-1800,0.0982,1608.8,699.5,1633.9,713.7,2048,1536
20170520_FIRE_pi-w-mobo-c,-1800,0.0796,1607.3,700.2,1626.4,713.8,2048,1536
20170520_FIRE_pi-w-mobo-c,-1800,0.0661,1606.0,697.6,1629.4,713.5,2048,1536
20170520_FIRE_pi-w-mobo-c,-1800,0.0928,1608.7,699.6,1634.1,713.8,2048,1536
20170520_FIRE_pi-w-mobo-c,-1800,0.0731,1607.3,700.2,1626.5,713.8,2048,1536
20170520_FIRE_pi-w-mobo-c,-1800,0.0593,1606.0,697.8,1629.5,713.5,2048,1536
20170520_FIRE_pi-w-mobo-c,-1680,0.0505,1610.2,699.2,1636.1,714.0,2048,1536
20170520_FIRE_pi-w-mobo-c,-1620,0.1083,1646.2,694.5,1673.9,712.5,2048,1536
20170520_FIRE_pi-w-mobo-c,-1620,0.1038,1646.1,694.6,1673.9,712.5,2048,1536
20170520_FIRE_pi-w-mobo-c,-1620,0.1171,1646.1,695.6,1674.0,712.2,2048,1536
20170520_FIRE_pi-w-mobo-c,-1620,0.1004,1646.1,695.7,1674.0,712.2,2048,1536
20170520_FIRE_pi-w-mobo-c,-1500,0.1103,1684.3,693.8,1705.2,710.4,2048,1536
20170520_FIRE_pi-w-mobo-c,-1500,0.1037,1684.3,693.9,1705.3,710.4,2048,1536
20170520_FIRE_pi-w-mobo-c,-1500,0.1035,1684.4,694.9,1705.2,710.2,2048,1536
20170520_FIRE_pi-w-mobo-c,-1500,0.0874,1684.4,695.0,1705.3,710.2,2048,1536
20170520_FIRE_pi-w-mobo-c,-1440,0.1627,1680.3,693.9,1706.1,711.0,2048,1536
20170520_FIRE_pi-w-mobo-c,-1440,0.1680,1680.3,694.0,1706.1,711.0,2048,1536
20170520_FIRE_pi-w-mobo-c,-1440,0.1329,1680.0,694.8,1705.4,710.8,2048,1536
20170520_FIRE_pi-w-mobo-c,-1440,0.1240,1680.0,694.9,1705.5,710.8,2048,1536
20170520_FIRE_pi-w-mobo-c,-1320,0.1424,1687.2,694.0,1710.4,710.1,2048,1536
20170520_FIRE_pi-w-mobo-c,-1320,0.1462,1687.2,694.1,1710.5,710.1,2048,1536
20170520_FIRE_pi-w-mobo-c,-1320,0.1201,1687.2,694.7,1710.6,709.8,2048,1536
20170520_FIRE_pi-w-mobo-c,-1320,0.1146,1687.2,694.8,1710.7,709.8,2048,1536
20170520_FIRE_pi-w-mobo-c,-1260,0.0675,1690.9,695.4,1709.5,710.6,2048,1536
20170520_FIRE_pi-w-mobo-c,-1260,0.0598,1690.9,695.5,1709.5,710.6,2048,1536
20170520_FIRE_pi-w-mobo-c,-1260,0.0622,1691.1,696.6,1709.4,710.4,2048,1536
20170520_FIRE_pi-w-mobo-c,-1260,0.0521,1691.0,696.7,1709.5,710.4,2048,1536
20170520_FIRE_pi-w-mobo-c,-1080,0.1695,1685.3,694.2,1708.7,710.4,2048,1536
20170520_FIRE_pi-w-mobo-c,-1080,0.0746,1606.3,698.7,1623.7,714.0,2048,1536
20170520_FIRE_pi-w-mobo-c,-1080,0.0519,1684.6,684.4,1711.6,709.8,2048,1536
20170520_FIRE_pi-w-mobo-c,-1080,0.1661,1685.3,694.3,1708.7,710.4,2048,1536
20170520_FIRE_pi-w-mobo-c,-1080,0.0691,1606.4,698.8,1623.7,714.0,2048,1536
20170520_FIRE_pi-w-mobo-c,-1080,0.1684,1685.3,695.5,1708.8,710.2,2048,1536
20170520_FIRE_pi-w-mobo-c,-1080,0.0643,1605.8,698.0,1624.7,713.6,2048,1536
20170520_FIRE_pi-w-mobo-c,-1080,0.1598,1685.3,695.5,1708.9,710.2,2048,1536
20170520_FIRE_pi-w-mobo-c,-1080,0.0569,1605.8,698.0,1624.8,713.6,2048,1536
20170520_FIRE_pi-w-mobo-c,-1020,0.1203,1687.4,695.2,1706.6,710.1,2048,1536
20170520_FIRE_pi-w-mobo-c,-1020,0.1172,1687.4,695.3,1706.6,710.1,2048,1536
20170520_FIRE_pi-w-mobo-c,-1020,0.0992,1687.5,695.8,1706.6,709.9,2048,1536
20170520_FIRE_pi-w-mobo-c,-1020,0.0876,1687.5,695.9,1706.6,709.9,2048,1536
20170520_FIRE_pi-w-mobo-c,-960,0.1261,1649.2,691.7,1671.0,713.0,2048,1536
20170520_FIRE_pi-w-mobo-c,-960,0.1143,1649.1,691.9,1670.9,713.0,2048,1536
20170520_FIRE_pi-w-mobo-c,-960,0.1043,1649.2,693.4,1670.5,712.7,2048,1536
20170520_FIRE_pi-w-mobo-c,-960,0.0618,1649.8,689.4,1672.6,711.7,2048,1536
20170520_FIRE_pi-w-mobo-c,-960,0.0866,1649.1,693.9,1670.4,712.7,2048,1536
20170520_FIRE_pi-w-mobo-c,-720,0.1391,1653.0,697.3,1671.9,712.8,2048,1536
20170520_FIRE_pi-w-mobo-c,-720,0.1354,1653.0,697.4,1671.8,712.8,2048,1536
20170520_FIRE_pi-w-mobo-c,-720,0.1548,1653.4,698.4,1671.8,712.6,2048,1536
20170520_FIRE_pi-w-mobo-c,-720,0.1386,1653.4,698.5,1671.7,712.6,2048,1536
20170520_FIRE_pi-w-mobo-c,-600,0.0712,1651.6,695.5,1671.6,712.9,2048,1536
20170520_FIRE_pi-w-mobo-c,-600,0.0698,1651.4,693.6,1672.3,712.6,2048,1536
20170520_FIRE_pi-w-mobo-c,-600,0.0688,1652.0,695.0,1672.2,712.3,2048,1536
20170520_FIRE_pi-w-mobo-c,-600,0.0623,1652.0,695.0,1672.1,712.3,2048,1536
20170520_FIRE_pi-w-mobo-c,-240,0.2139,1631.1,695.7,1663.4,713.9,2048,1536
20170520_FIRE_pi-w-mobo-c,-240,0.0882,1629.4,698.2,1655.7,714.3,2048,1536
20170520_FIRE_pi-w-mobo-c,-240,0.2140,1631.1,695.8,1663.5,713.9,2048,1536
20170520_FIRE_pi-w-mobo-c,-240,0.0870,1629.4,698.3,1655.8,714.3,2048,1536
20170520_FIRE_pi-w-mobo-c,-240,0.2044,1630.9,696.8,1663.3,713.7,2048,1536
20170520_FIRE_pi-w-mobo-c,-240,0.0811,1629.4,699.4,1653.8,714.0,2048,1536
20170520_FIRE_pi-w-mobo-c,-240,0.1968,1630.9,696.9,1663.3,713.7,2048,1536
20170520_FIRE_pi-w-mobo-c,-240,0.0768,1629.5,699.5,1653.9,714.1,2048,1536
20170520_FIRE_pi-w-mobo-c,-180,0.0898,1686.1,694.0,1703.3,710.9,2048,1536
20170520_FIRE_pi-w-mobo-c,-180,0.0800,1686.1,694.0,1703.3,710.9,2048,1536
20170520_FIRE_pi-w-mobo-c,-180,0.0964,1686.5,694.6,1703.1,710.5,2048,1536
20170520_FIRE_pi-w-mobo-c,-180,0.0801,1686.5,694.6,1703.1,710.5,2048,1536
20170520_FIRE_pi-w-mobo-c,-120,0.0760,1629.6,698.8,1652.3,715.0,2048,1536
20170520_FIRE_pi-w-mobo-c,-120,0.0719,1626.0,699.2,1647.4,714.9,2048,1536
20170520_FIRE_pi-w-mobo-c,-120,0.0652,1614.0,696.8,1645.0,714.3,2048,1536
20170520_FIRE_pi-w-mobo-c,-120,0.0610,1625.8,695.9,1655.0,714.6,2048,1536
20170520_FIRE_pi-w-mobo-c,-120,0.0759,1629.5,699.0,1652.2,715.0,2048,1536
20170520_FIRE_pi-w-mobo-c,-120,0.0722,1626.0,699.4,1647.3,714.9,2048,1536
20170520_FIRE_pi-w-mobo-c,-120,0.0672,1613.9,697.1,1645.1,714.3,2048,1536
20170520_FIRE_pi-w-mobo-c,-120,0.0612,1625.7,696.2,1655.0,714.6,2048,1536
20170520_FIRE_pi-w-mobo-c,-120,0.0676,1613.5,698.5,1644.7,714.2,2048,1536
20170520_FIRE_pi-w-mobo-c,-120,0.0665,1626.2,700.3,1646.6,714.7,2048,1536
20170520_FIRE_pi-w-mobo-c,-120,0.0660,1629.6,700.0,1651.4,714.7,2048,1536
20170520_FIRE_pi-w-mobo-c,-120,0.0574,1620.8,698.0,1649.8,714.3,2048,1536
20170520_FIRE_pi-w-mobo-c,-120,0.0663,1613.4,698.7,1644.8,714.3,2048,1536
20170520_FIRE_pi-w-mobo-c,-120,0.0630,1626.2,700.4,1646.6,714.7,2048,1536
20170520_FIRE_pi-w-mobo-c,-120,0.0624,1629.5,700.1,1651.4,714.8,2048,1536
20170520_FIRE_pi-w-mobo-c,-120,0.0557,1619.8,698.3,1650.9,714.6,2048,1536
20170520_FIRE_pi-w-mobo-c,-60,0.0507,1627.8,699.8,1646.9,714.3,2048,1536
20170520_FIRE_pi-w-mobo-c,0,0.1315,1638.3,698.4,1666.2,714.0,2048,1536
20170520_FIRE_pi-w-mobo-c,0,0.0870,1637.2,700.2,1661.9,714.7,2048,1536
20170520_FIRE_pi-w-mobo-c,0,0.1315,1638.3,698.6,1666.2,714.0,2048,1536
20170520_FIRE_pi-w-mobo-c,0,0.1385,1638.2,699.9,1666.0,713.9,2048,1536
20170520_FIRE_pi-w-mobo-c,0,0.1296,1638.1,700.1,1666.0,714.0,2048,1536
20170520_FIRE_pi-w-mobo-c,60,0.0533,412.8,731.9,427.9,747.0,2048,1536
20170520_FIRE_pi-w-mobo-c,60,0.2409,1650.9,694.7,1672.4,712.9,2048,1536
20170520_FIRE_pi-w-mobo-c,60,0.0995,1565.8,700.0,1590.0,715.3,2048,1536
20170520_FIRE_pi-w-mobo-c,60,0.0630,1563.5,696.2,1590.9,714.9,2048,1536
20170520_FIRE_pi-w-mobo-c,60,0.2409,1650.9,694.8,1672.4,712.9,2048,1536
20170520_FIRE_pi-w-mobo-c,60,0.0977,1565.8,700.2,1590.1,715.3,2048,1536
20170520_FIRE_pi-w-mobo-c,60,0.0615,1563.5,696.3,1591.0,714.9,2048,1536
20170520_FIRE_pi-w-mobo-c,60,0.0562,413.0,732.4,427.5,746.8,2048,1536
20170520_FIRE_pi-w-mobo-c,60,0.2455,1650.9,695.2,1672.4,712.7,2048,1536
20170520_FIRE_pi-w-mobo-c,60,0.0805,1565.6,701.2,1590.2,715.0,2048,1536
20170520_FIRE_pi-w-mobo-c,60,0.0539,1563.3,697.5,1591.1,714.6,2048,1536
20170520_FIRE_pi-w-mobo-c,60,0.2265,1650.9,695.3,1672.4,712.8,2048,1536
20170520_FIRE_pi-w-mobo-c,60,0.0721,1565.6,701.3,1590.3,715.1,2048,1536
20170520_FIRE_pi-w-mobo-c,120,0.0963,1569.9,699.3,1591.3,716.2,2048,1536
20170520_FIRE_pi-w-mobo-c,120,0.0667,1638.6,695.0,1665.5,714.0,2048,1536
20170520_FIRE_pi-w-mobo-c,120,0.0636,1568.8,696.5,1594.5,715.6,2048,1536
20170520_FIRE_pi-w-mobo-c,120,0.0525,1635.4,697.6,1660.9,714.7,2048,1536
20170520_FIRE_pi-w-mobo-c,120,0.0919,1569.9,699.5,1591.3,716.2,2048,1536
20170520_FIRE_pi-w-mobo-c,120,0.0642,1638.5,695.2,1665.5,714.0,2048,1536
20170520_FIRE_pi-w-mobo-c,120,0.0600,1568.8,696.6,1594.5,715.6,2048,1536
20170520_FIRE_pi-w-mobo-c,120,0.0506,1635.4,697.7,1660.9,714.7,2048,1536
20170520_FIRE_pi-w-mobo-c,120,0.0879,1569.1,697.5,1592.7,715.2,2048,1536
20170520_FIRE_pi-w-mobo-c,120,0.0839,1568.1,701.6,1591.3,715.8,2048,1536
20170520_FIRE_pi-w-mobo-c,120,0.0579,1639.0,696.4,1665.2,713.7,2048,1536
20170520_FIRE_pi-w-mobo-c,120,0.0787,1569.8,700.5,1591.1,715.9,2048,1536
20170520_FIRE_pi-w-mobo-c,120,0.0542,1568.7,697.5,1594.3,715.4,2048,1536
20170520_FIRE_pi-w-mobo-c,120,0.0517,1638.9,696.5,1665.1,713.8,2048,1536
20170520_FIRE_pi-w-mobo-c,180,0.1266,1650.5,692.0,1671.7,713.6,2048,1536
20170520_FIRE_pi-w-mobo-c,180,0.0995,1642.6,690.2,1672.6,713.2,2048,1536
20170520_FIRE_pi-w-mobo-c,180,0.0687,1618.5,688.6,1672.9,713.8,2048,1536
20170520_FIRE_pi-w-mobo-c,180,0.0569,1626.5,692.9,1670.4,714.9,2048,1536
20170520_FIRE_pi-w-mobo-c,180,0.1262,1650.5,692.0,1671.7,713.6,2048,1536
20170520_FIRE_pi-w-mobo-c,180,0.1009,1642.5,690.2,1672.6,713.3,2048,1536
20170520_FIRE_pi-w-mobo-c,180,0.0703,1618.3,688.7,1672.9,713.8,2048,1536
20170520_FIRE_pi-w-mobo-c,180,0.0576,1626.4,693.0,1670.5,715.0,2048,1536
20170520_FIRE_pi-w-mobo-c,180,0.1164,1652.0,691.1,1671.7,712.8,2048,1536
20170520_FIRE_pi-w-mobo-c,180,0.0764,1644.5,691.6,1671.8,713.5,2048,1536
20170520_FIRE_pi-w-mobo-c,180,0.0615,1617.8,689.1,1672.8,713.7,2048,1536
20170520_FIRE_pi-w-mobo-c,180,0.0511,1626.0,694.5,1670.1,714.7,2048,1536
20170520_FIRE_pi-w-mobo-c,180,0.1045,1652.0,691.2,1671.7,712.8,2048,1536
20170520_FIRE_pi-w-mobo-c,180,0.0720,1643.7,691.7,1671.8,713.6,2048,1536
20170520_FIRE_pi-w-mobo-c,180,0.0595,1617.5,689.2,1672.8,713.8,2048,1536
20170520_FIRE_pi-w-mobo-c,240,0.0931,1605.7,695.2,1623.5,713.6,2048,1536
20170520_FIRE_pi-w-mobo-c,240,0.0905,1605.8,695.2,1623.5,713.6,2048,1536
20170520_FIRE_pi-w-mobo-c,240,0.0841,1606.1,695.6,1623.1,713.4,2048,1536
20170520_FIRE_pi-w-mobo-c,240,0.0756,1606.1,695.7,1623.1,713.4,2048,1536
20170520_FIRE_pi-w-mobo-c,300,0.1775,403.7,730.8,425.1,747.0,2048,1536
20170520_FIRE_pi-w-mobo-c,300,0.0900,399.2,728.5,427.4,746.6,2048,1536
20170520_FIRE_pi-w-mobo-c,300,0.0673,1631.6,699.3,1657.2,715.0,2048,1536
20170520_FIRE_pi-w-mobo-c,300,0.0658,1632.7,696.5,1670.2,714.4,2048,1536
20170520_FIRE_pi-w-mobo-c,300,0.0675,1631.5,699.5,1657.2,715.0,2048,1536
20170520_FIRE_pi-w-mobo-c,300,0.0654,1632.5,696.7,1670.1,714.4,2048,1536
20170520_FIRE_pi-w-mobo-c,300,0.1965,403.6,731.3,425.0,746.6,2048,1536
20170520_FIRE_pi-w-mobo-c,300,0.1107,399.5,729.6,427.1,746.3,2048,1536
20170520_FIRE_pi-w-mobo-c,300,0.0569,1631.4,700.2,1656.8,714.9,2048,1536
20170520_FIRE_pi-w-mobo-c,300,0.0545,1632.3,697.6,1670.9,714.3,2048,1536
20170520_FIRE_pi-w-mobo-c,300,0.0526,1631.4,700.3,1656.8,714.9,2048,1536
20170520_FIRE_pi-w-mobo-c,360,0.1111,392.3,731.5,434.4,761.7,2048,1536
20170520_FIRE_pi-w-mobo-c,360,0.1168,1651.6,695.5,1671.7,712.6,2048,1536
20170520_FIRE_pi-w-mobo-c,360,0.1129,1651.5,695.6,1671.7,712.6,2048,1536
20170520_FIRE_pi-w-mobo-c,360,0.1912,391.9,731.8,434.7,762.4,2048,1536
20170520_FIRE_pi-w-mobo-c,360,0.1027,1651.5,696.7,1671.6,712.4,2048,1536
20170520_FIRE_pi-w-mobo-c,360,0.0880,1651.5,696.8,1671.5,712.4,2048,1536
20170520_FIRE_pi-w-mobo-c,420,0.6903,398.3,721.3,443.4,761.5,2048,1536
20170520_FIRE_pi-w-mobo-c,420,0.0974,1635.0,695.3,1668.6,714.5,2048,1536
20170520_FIRE_pi-w-mobo-c,420,0.0692,1632.6,697.9,1661.5,715.0,2048,1536
20170520_FIRE_pi-w-mobo-c,420,0.0949,1634.8,695.5,1668.6,714.5,2048,1536
20170520_FIRE_pi-w-mobo-c,420,0.0679,1632.6,698.1,1661.5,715.0,2048,1536
20170520_FIRE_pi-w-mobo-c,420,0.7121,398.3,721.5,443.1,761.6,2048,1536
20170520_FIRE_pi-w-mobo-c,420,0.0796,1635.2,696.4,1668.5,714.3,2048,1536
20170520_FIRE_pi-w-mobo-c,420,0.0566,1632.8,699.1,1660.9,714.8,2048,1536
20170520_FIRE_pi-w-mobo-c,420,0.0700,1635.0,696.5,1668.5,714.3,2048,1536
20170520_FIRE_pi-w-mobo-c,420,0.0513,1632.7,699.3,1660.8,714.9,2048,1536
20170520_FIRE_pi-w-mobo-c,480,0.8093,401.6,709.2,451.5,758.6,2048,1536
20170520_FIRE_pi-w-mobo-c,480,0.8142,401.6,709.3,451.3,758.6,2048,1536
20170520_FIRE_pi-w-mobo-c,540,0.8199,407.3,700.7,465.4,760.4,2048,1536
20170520_FIRE_pi-w-mobo-c,540,0.8278,407.3,700.9,465.4,760.7,2048,1536
20170520_FIRE_pi-w-mobo-c,600,0.7371,410.4,686.6,479.2,747.9,2048,1536
20170520_FIRE_pi-w-mobo-c,600,0.0908,1644.0,698.9,1662.4,713.6,2048,1536
20170520_FIRE_pi-w-mobo-c,600,0.0623,1644.0,696.8,1669.8,713.5,2048,1536
20170520_FIRE_pi-w-mobo-c,600,0.0884,1644.0,699.0,1662.4,713.6,2048,1536
20170520_FIRE_pi-w-mobo-c,600,0.0619,1644.0,696.9,1669.8,713.5,2048,1536
20170520_FIRE_pi-w-mobo-c,600,0.7281,410.3,686.7,479.1,748.2,2048,1536
20170520_FIRE_pi-w-mobo-c,600,0.0829,1644.2,699.7,1662.1,713.3,2048,1536
20170520_FIRE_pi-w-mobo-c,600,0.0641,1644.2,698.4,1669.4,713.4,2048,1536
20170520_FIRE_pi-w-mobo-c,600,0.0760,1644.2,699.7,1662.1,713.3,2048,1536
20170520_FIRE_pi-w-mobo-c,600,0.0580,1644.1,698.4,1669.4,713.4,2048,1536
20170520_FIRE_pi-w-mobo-c,660,0.7054,406.3,672.2,492.7,759.3,2048,1536
20170520_FIRE_pi-w-mobo-c,660,0.1162,1628.9,700.8,1646.7,715.3,2048,1536
20170520_FIRE_pi-w-mobo-c,660,0.0882,1627.0,696.1,1662.3,715.0,2048,1536
20170520_FIRE_pi-w-mobo-c,660,0.0785,1625.6,697.2,1651.8,714.9,2048,1536
20170520_FIRE_pi-w-mobo-c,660,0.0719,1635.1,695.8,1673.6,715.3,2048,1536
20170520_FIRE_pi-w-mobo-c,660,0.0520,1617.5,696.9,1648.1,714.6,2048,1536
20170520_FIRE_pi-w-mobo-c,660,0.1172,1628.9,700.9,1646.7,715.3,2048,1536
20170520_FIRE_pi-w-mobo-c,660,0.0885,1627.0,696.3,1662.5,715.0,2048,1536
20170520_FIRE_pi-w-mobo-c,660,0.0782,1625.7,697.3,1651.8,714.9,2048,1536
20170520_FIRE_pi-w-mobo-c,660,0.0711,1634.7,695.9,1673.6,715.3,2048,1536
20170520_FIRE_pi-w-mobo-c,660,0.0528,1617.5,697.1,1648.0,714.6,2048,1536
20170520_FIRE_pi-w-mobo-c,660,0.7124,406.0,672.4,492.7,760.1,2048,1536
20170520_FIRE_pi-w-mobo-c,660,0.1248,1629.1,701.9,1646.3,715.1,2048,1536
20170520_FIRE_pi-w-mobo-c,660,0.0846,1627.0,697.3,1661.6,714.9,2048,1536
20170520_FIRE_pi-w-mobo-c,660,0.0754,1625.7,698.5,1651.0,714.7,2048,1536
20170520_FIRE_pi-w-mobo-c,660,0.0635,1627.6,695.6,1672.8,715.1,2048,1536
20170520_FIRE_pi-w-mobo-c,660,0.0555,1617.5,698.7,1647.0,714.5,2048,1536
20170520_FIRE_pi-w-mobo-c,660,0.1217,1629.1,701.9,1646.3,715.1,2048,1536
20170520_FIRE_pi-w-mobo-c,660,0.0819,1627.0,697.4,1661.7,714.9,2048,1536
20170520_FIRE_pi-w-mobo-c,660,0.0726,1625.7,698.5,1651.0,714.7,2048,1536
20170520_FIRE_pi-w-mobo-c,660,0.0608,1627.5,695.7,1672.9,715.1,2048,1536
20170520_FIRE_pi-w-mobo-c,660,0.0552,1617.5,698.8,1647.0,714.6,2048,1536
20170520_FIRE_pi-w-mobo-c,720,0.8059,406.9,669.3,507.0,757.9,2048,1536
20170520_FIRE_pi-w-mobo-c,720,0.1970,1629.9,694.8,1669.4,714.5,2048,1536
20170520_FIRE_pi-w-mobo-c,720,0.0954,1626.2,690.2,1672.4,714.0,2048,1536
20170520_FIRE_pi-w-mobo-c,720,0.0808,1629.5,698.5,1653.5,714.9,2048,1536
20170520_FIRE_pi-w-mobo-c,720,0.1983,1629.9,695.0,1669.5,714.5,2048,1536
20170520_FIRE_pi-w-mobo-c,720,0.0912,1626.3,690.6,1672.4,714.0,2048,1536
20170520_FIRE_pi-w-mobo-c,720,0.0796,1629.5,698.6,1653.6,714.9,2048,1536
20170520_FIRE_pi-w-mobo-c,720,0.8063,406.7,670.3,506.9,758.1,2048,1536
20170520_FIRE_pi-w-mobo-c,720,0.2055,1629.8,695.7,1669.8,714.4,2048,1536
20170520_FIRE_pi-w-mobo-c,720,0.0743,1629.7,699.6,1651.7,714.7,2048,1536
20170520_FIRE_pi-w-mobo-c,720,0.1996,1629.8,695.8,1669.8,714.4,2048,1536
20170520_FIRE_pi-w-mobo-c,720,0.0708,1629.7,699.7,1651.7,714.7,2048,1536
20170520_FIRE_pi-w-mobo-c,780,0.7331,407.9,671.6,520.1,761.4,2048,1536
20170520_FIRE_pi-w-mobo-c,780,0.7087,407.8,672.4,520.1,761.7,2048,1536
20170520_FIRE_pi-w-mobo-c,780,0.0568,408.8,697.8,463.9,759.9,2048,1536
20170520_FIRE_pi-w-mobo-c,840,0.3223,409.8,687.2,446.3,751.0,2048,1536
20170520_FIRE_pi-w-mobo-c,840,0.2151,409.1,686.4,464.4,751.1,2048,1536
20170520_FIRE_pi-w-mobo-c,840,0.1559,409.4,681.8,493.5,756.2,2048,1536
20170520_FIRE_pi-w-mobo-c,840,0.1491,408.7,674.7,526.1,756.9,2048,1536
20170520_FIRE_pi-w-mobo-c,840,0.2783,1645.4,687.8,1672.0,712.9,2048,1536
20170520_FIRE_pi-w-mobo-c,840,0.1499,1566.0,702.1,1588.9,715.8,2048,1536
20170520_FIRE_pi-w-mobo-c,840,0.0865,1637.4,684.3,1674.3,712.3,2048,1536
20170520_FIRE_pi-w-mobo-c,840,0.0800,1565.5,697.6,1590.7,715.2,2048,1536
20170520_FIRE_pi-w-mobo-c,840,0.0725,1636.6,690.3,1669.6,713.7,2048,1536
20170520_FIRE_pi-w-mobo-c,840,0.2758,1645.4,687.9,1672.0,712.8,2048,1536
20170520_FIRE_pi-w-mobo-c,840,0.1459,1566.0,702.3,1588.9,715.8,2048,1536
20170520_FIRE_pi-w-mobo-c,840,0.0851,1637.5,684.5,1674.3,712.3,2048,1536
20170520_FIRE_pi-w-mobo-c,840,0.0753,1565.5,697.8,1590.7,715.2,2048,1536
20170520_FIRE_pi-w-mobo-c,840,0.0719,1636.5,690.4,1669.7,713.7,2048,1536
20170520_FIRE_pi-w-mobo-c,840,0.3549,409.8,687.3,445.8,751.3,2048,1536
20170520_FIRE_pi-w-mobo-c,840,0.2311,409.1,686.7,465.4,751.3,2048,1536
20170520_FIRE_pi-w-mobo-c,840,0.1148,408.7,681.3,503.0,758.1,2048,1536
20170520_FIRE_pi-w-mobo-c,840,0.0549,411.0,689.3,439.2,762.4,2048,1536
20170520_FIRE_pi-w-mobo-c,840,0.2633,1645.7,687.8,1672.3,712.2,2048,1536
20170520_FIRE_pi-w-mobo-c,840,0.1300,1565.8,703.0,1588.8,715.6,2048,1536
20170520_FIRE_pi-w-mobo-c,840,0.0754,1638.2,685.5,1674.2,712.2,2048,1536
20170520_FIRE_pi-w-mobo-c,840,0.0646,1565.2,698.7,1590.6,714.9,2048,1536
20170520_FIRE_pi-w-mobo-c,840,0.0594,1636.9,691.3,1669.0,713.5,2048,1536
20170520_FIRE_pi-w-mobo-c,840,0.2487,1645.6,687.9,1672.3,712.2,2048,1536
20170520_FIRE_pi-w-mobo-c,840,0.1190,1565.7,703.0,1588.9,715.6,2048,1536
20170520_FIRE_pi-w-mobo-c,840,0.0727,1638.1,685.6,1674.2,712.3,2048,1536
20170520_FIRE_pi-w-mobo-c,840,0.0585,1565.2,698.7,1590.6,715.0,2048,1536
20170520_FIRE_pi-w-mobo-c,840,0.0575,1636.8,691.4,1669.1,713.5,2048,1536
20170520_FIRE_pi-w-mobo-c,900,0.4680,405.4,672.8,451.8,762.5,2048,1536
20170520_FIRE_pi-w-mobo-c,900,0.3400,405.9,723.5,443.9,763.3,2048,1536
20170520_FIRE_pi-w-mobo-c,900,0.3283,405.5,671.7,479.0,761.8,2048,1536
20170520_FIRE_pi-w-mobo-c,900,0.1999,406.7,708.5,444.9,763.7,2048,1536
20170520_FIRE_pi-w-mobo-c,900,0.1026,1568.0,701.2,1589.5,715.5,2048,1536
20170520_FIRE_pi-w-mobo-c,900,0.0803,1568.7,697.3,1591.0,714.9,2048,1536
20170520_FIRE_pi-w-mobo-c,900,0.0973,1567.9,701.4,1589.5,715.6,2048,1536
20170520_FIRE_pi-w-mobo-c,900,0.0745,1568.6,697.5,1591.0,714.9,2048,1536
20170520_FIRE_pi-w-mobo-c,900,0.4706,405.4,672.9,450.7,762.6,2048,1536
20170520_FIRE_pi-w-mobo-c,900,0.4098,405.8,723.5,443.9,763.3,2048,1536
20170520_FIRE_pi-w-mobo-c,900,0.3959,405.4,672.1,470.8,761.8,2048,1536
20170520_FIRE_pi-w-mobo-c,900,0.1507,406.2,704.5,444.6,763.3,2048,1536
20170520_FIRE_pi-w-mobo-c,900,0.0917,1570.1,700.9,1590.1,715.2,2048,1536
20170520_FIRE_pi-w-mobo-c,900,0.0521,1565.5,697.5,1590.7,714.8,2048,1536
20170520_FIRE_pi-w-mobo-c,900,0.0811,1570.1,701.0,1590.1,715.3,2048,1536
20170520_FIRE_pi-w-mobo-c,960,0.7339,406.2,680.1,450.9,763.0,2048,1536
20170520_FIRE_pi-w-mobo-c,960,0.1129,1641.0,699.1,1661.5,713.9,2048,1536
20170520_FIRE_pi-w-mobo-c,960,0.1102,1640.9,699.2,1661.5,713.9,2048,1536
20170520_FIRE_pi-w-mobo-c,960,0.7479,406.3,683.7,450.8,763.0,2048,1536
20170520_FIRE_pi-w-mobo-c,960,0.1154,1640.8,698.8,1662.1,713.3,2048,1536
20170520_FIRE_pi-w-mobo-c,960,0.1061,1640.8,698.8,1662.1,713.3,2048,1536
20170520_FIRE_pi-w-mobo-c,1020,0.7235,410.9,677.1,468.2,756.7,2048,1536
20170520_FIRE_pi-w-mobo-c,1020,0.1838,1644.3,694.8,1669.4,713.6,2048,1536
20170520_FIRE_pi-w-mobo-c,1020,0.0685,1641.7,691.0,1673.0,713.2,2048,1536
20170520_FIRE_pi-w-mobo-c,1020,0.1796,1644.3,695.0,1669.5,713.6,2048,1536
20170520_FIRE_pi-w-mobo-c,1020,0.0650,1641.8,691.5,1672.9,713.3,2048,1536
20170520_FIRE_pi-w-mobo-c,1020,0.7220,410.9,677.4,468.2,757.2,2048,1536
20170520_FIRE_pi-w-mobo-c,1020,0.1971,1644.9,695.7,1669.3,713.3,2048,1536
20170520_FIRE_pi-w-mobo-c,1020,0.1775,1644.9,695.7,1669.3,713.3,2048,1536
20170520_FIRE_pi-w-mobo-c,1080,0.7171,397.9,666.9,482.3,759.8,2048,1536
20170520_FIRE_pi-w-mobo-c,1080,0.1647,411.1,690.7,481.2,757.0,2048,1536
20170520_FIRE_pi-w-mobo-c,1080,0.0665,1641.2,699.4,1662.3,713.8,2048,1536
20170520_FIRE_pi-w-mobo-c,1080,0.0655,1641.2,699.5,1662.3,713.8,2048,1536
20170520_FIRE_pi-w-mobo-c,1080,0.7026,397.7,667.5,482.3,760.0,2048,1536
20170520_FIRE_pi-w-mobo-c,1080,0.2694,411.1,693.5,481.0,757.1,2048,1536
20170520_FIRE_pi-w-mobo-c,1080,0.0559,1641.3,700.0,1662.0,713.5,2048,1536
20170520_FIRE_pi-w-mobo-c,1080,0.0522,1641.2,700.0,1662.0,713.5,2048,1536
20170520_FIRE_pi-w-mobo-c,1140,0.5258,390.4,653.3,493.4,760.9,2048,1536
20170520_FIRE_pi-w-mobo-c,1140,0.3128,391.7,691.7,447.9,762.2,2048,1536
20170520_FIRE_pi-w-mobo-c,1140,0.2847,390.6,652.8,455.7,761.6,2048,1536
20170520_FIRE_pi-w-mobo-c,1140,0.1019,420.3,661.3,478.3,749.4,2048,1536
20170520_FIRE_pi-w-mobo-c,1140,0.4330,390.5,652.9,494.5,760.1,2048,1536
20170520_FIRE_pi-w-mobo-c,1140,0.4088,391.7,693.4,447.7,762.3,2048,1536
20170520_FIRE_pi-w-mobo-c,1140,0.2834,390.6,653.2,450.0,761.7,2048,1536
20170520_FIRE_pi-w-mobo-c,1140,0.0786,421.4,663.4,476.5,749.2,2048,1536
20170520_FIRE_pi-w-mobo-c,1200,0.7311,387.2,685.3,455.3,763.3,2048,1536
20170520_FIRE_pi-w-mobo-c,1200,0.5704,387.3,647.8,456.1,762.9,2048,1536
20170520_FIRE_pi-w-mobo-c,1200,0.2221,386.9,640.3,486.8,761.2,2048,1536
20170520_FIRE_pi-w-mobo-c,1200,0.1978,1682.4,693.7,1701.2,709.8,2048,1536
20170520_FIRE_pi-w-mobo-c,1200,0.1836,1682.4,693.8,1701.2,709.8,2048,1536
20170520_FIRE_pi-w-mobo-c,1200,0.7542,387.1,686.0,455.3,763.4,2048,1536
20170520_FIRE_pi-w-mobo-c,1200,0.1526,386.7,638.6,501.9,762.1,2048,1536
20170520_FIRE_pi-w-mobo-c,1200,0.1791,1682.8,694.3,1700.9,709.6,2048,1536
20170520_FIRE_pi-w-mobo-c,1200,0.1496,1682.8,694.4,1700.9,709.6,2048,1536
20170520_FIRE_pi-w-mobo-c,1260,0.7409,385.3,694.9,455.3,759.6,2048,1536
20170520_FIRE_pi-w-mobo-c,1260,0.1397,385.3,645.0,461.9,759.3,2048,1536
20170520_FIRE_pi-w-mobo-c,1260,0.0617,385.4,632.0,489.3,760.8,2048,1536
20170520_FIRE_pi-w-mobo-c,1260,0.7709,385.4,695.3,455.0,759.8,2048,1536
20170520_FIRE_pi-w-mobo-c,1260,0.0609,385.4,630.9,491.4,761.1,2048,1536
20170520_FIRE_pi-w-mobo-c,1260,0.0560,385.2,641.3,461.9,759.4,2048,1536
20170520_FIRE_pi-w-mobo-c,1320,0.7367,385.7,671.1,462.4,761.0,2048,1536
20170520_FIRE_pi-w-mobo-c,1320,0.7264,385.8,674.6,462.3,761.1,2048,1536
20170520_FIRE_pi-w-mobo-c,1380,0.7110,387.0,669.0,470.6,762.5,2048,1536
20170520_FIRE_pi-w-mobo-c,1380,0.0508,410.9,737.1,434.3,763.4,2048,1536
20170520_FIRE_pi-w-mobo-c,1380,0.0637,1533.4,698.0,1551.0,716.5,2048,1536
20170520_FIRE_pi-w-mobo-c,1380,0.0526,1645.4,693.8,1668.1,712.8,2048,1536
20170520_FIRE_pi-w-mobo-c,1380,0.0571,1533.5,698.2,1551.0,716.6,2048,1536
20170520_FIRE_pi-w-mobo-c,1380,0.6926,387.2,670.1,470.5,762.7,2048,1536
20170520_FIRE_pi-w-mobo-c,1380,0.0676,411.0,737.0,434.3,763.4,2048,1536
20170520_FIRE_pi-w-mobo-c,1380,0.0613,1533.6,699.3,1550.6,716.6,2048,1536
20170520_FIRE_pi-w-mobo-c,1380,0.0533,1533.6,699.4,1550.6,716.6,2048,1536
20170520_FIRE_pi-w-mobo-c,1440,0.5011,395.4,682.3,479.5,760.8,2048,1536
20170520_FIRE_pi-w-mobo-c,1440,0.2928,403.3,699.1,480.8,758.4,2048,1536
20170520_FIRE_pi-w-mobo-c,1440,0.0866,397.2,699.2,443.8,761.7,2048,1536
20170520_FIRE_pi-w-mobo-c,1440,0.0634,414.5,728.5,440.5,761.1,2048,1536
20170520_FIRE_pi-w-mobo-c,1440,0.0576,420.1,734.8,440.2,761.1,2048,1536
20170520_FIRE_pi-w-mobo-c,1440,0.4636,395.7,687.6,479.3,760.9,2048,1536
20170520_FIRE_pi-w-mobo-c,1440,0.3054,404.6,701.2,480.3,757.8,2048,1536
20170520_FIRE_pi-w-mobo-c,1440,0.1056,397.3,700.7,443.7,761.7,2048,1536
20170520_FIRE_pi-w-mobo-c,1440,0.0756,414.6,728.5,440.4,761.1,2048,1536
20170520_FIRE_pi-w-mobo-c,1440,0.0703,420.0,734.7,440.1,761.1,2048,1536
20170520_FIRE_pi-w-mobo-c,1440,0.0642,394.0,658.9,479.4,760.1,2048,1536
20170520_FIRE_pi-w-mobo-c,1440,0.0610,404.4,714.2,442.5,761.4,2048,1536
20170520_FIRE_pi-w-mobo-c,1500,0.3452,395.7,694.7,483.6,759.1,2048,1536
20170520_FIRE_pi-w-mobo-c,1500,0.2904,397.6,697.8,451.5,758.2,2048,1536
20170520_FIRE_pi-w-mobo-c,1500,0.1476,402.4,703.3,465.1,757.1,2048,1536
20170520_FIRE_pi-w-mobo-c,1500,0.0519,405.5,706.8,486.4,758.7,2048,1536
20170520_FIRE_pi-w-mobo-c,1500,0.3347,397.6,698.6,451.2,758.4,2048,1536
20170520_FIRE_pi-w-mobo-c,1500,0.3129,395.9,696.6,481.1,759.3,2048,1536
20170520_FIRE_pi-w-mobo-c,1500,0.1442,402.6,704.1,462.0,757.3,2048,1536
20170520_FIRE_pi-w-mobo-c,1500,0.0535,406.1,707.5,486.4,758.8,2048,1536
20170520_FIRE_pi-w-mobo-c,1560,0.3491,396.6,687.4,464.6,756.5,2048,1536
20170520_FIRE_pi-w-mobo-c,1560,0.1436,417.8,705.6,462.5,755.8,2048,1536
20170520_FIRE_pi-w-mobo-c,1560,0.1212,426.7,714.8,462.2,755.8,2048,1536
20170520_FIRE_pi-w-mobo-c,1560,0.0620,432.7,727.1,460.4,756.9,2048,1536
20170520_FIRE_pi-w-mobo-c,1560,0.0762,1682.7,689.9,1710.2,710.3,2048,1536
20170520_FIRE_pi-w-mobo-c,1560,0.0662,1682.6,690.0,1710.2,710.3,2048,1536
20170520_FIRE_pi-w-mobo-c,1560,0.3325,397.1,687.5,464.3,755.9,2048,1536
20170520_FIRE_pi-w-mobo-c,1560,0.1508,419.6,707.9,462.1,755.8,2048,1536
20170520_FIRE_pi-w-mobo-c,1560,0.1036,424.0,720.7,461.3,756.8,2048,1536
20170520_FIRE_pi-w-mobo-c,1560,0.0862,429.8,713.9,462.7,755.7,2048,1536
20170520_FIRE_pi-w-mobo-c,1560,0.0667,432.3,726.9,460.3,756.9,2048,1536
20170520_FIRE_pi-w-mobo-c,1620,0.6154,402.1,690.1,476.7,758.1,2048,1536
20170520_FIRE_pi-w-mobo-c,1620,0.1241,1649.3,688.3,1674.6,711.6,2048,1536
20170520_FIRE_pi-w-mobo-c,1620,0.1206,1649.2,688.3,1674.6,711.6,2048,1536
20170520_FIRE_pi-w-mobo-c,1620,0.6073,402.1,691.0,476.5,758.3,2048,1536
20170520_FIRE_pi-w-mobo-c,1620,0.0707,411.1,704.3,475.8,759.1,2048,1536
20170520_FIRE_pi-w-mobo-c,1620,0.0977,1649.9,688.4,1674.9,710.9,2048,1536
20170520_FIRE_pi-w-mobo-c,1620,0.0838,1649.8,688.4,1674.9,711.0,2048,1536
20170520_FIRE_pi-w-mobo-c,1680,0.6539,411.3,685.0,491.6,757.4,2048,1536
20170520_FIRE_pi-w-mobo-c,1680,0.1512,430.6,735.9,453.7,758.5,2048,1536
20170520_FIRE_pi-w-mobo-c,1680,0.0668,424.9,695.8,491.4,758.0,2048,1536
20170520_FIRE_pi-w-mobo-c,1680,0.0541,1681.1,690.7,1704.9,709.8,2048,1536
20170520_FIRE_pi-w-mobo-c,1680,0.0511,1681.0,690.8,1704.9,709.8,2048,1536
20170520_FIRE_pi-w-mobo-c,1680,0.6399,411.3,686.0,491.5,757.5,2048,1536
20170520_FIRE_pi-w-mobo-c,1680,0.1744,430.6,735.8,453.7,758.5,2048,1536
20170520_FIRE_pi-w-mobo-c,1680,0.0810,425.2,696.9,491.3,758.0,2048,1536
20170520_FIRE_pi-w-mobo-c,1740,0.6940,416.9,689.5,504.2,757.6,2048,1536
20170520_FIRE_pi-w-mobo-c,1740,0.1412,428.5,723.9,466.2,757.6,2048,1536
20170520_FIRE_pi-w-mobo-c,1740,0.6875,417.1,689.9,504.2,757.7,2048,1536
20170520_FIRE_pi-w-mobo-c,1740,0.1931,428.4,724.0,466.3,757.6,2048,1536
20170520_FIRE_pi-w-mobo-c,1800,0.4122,421.9,693.9,516.6,757.5,2048,1536
20170520_FIRE_pi-w-mobo-c,1800,0.0635,425.4,701.7,474.5,757.0,2048,1536
20170520_FIRE_pi-w-mobo-c,1800,0.2087,1648.7,692.9,1672.6,712.2,2048,1536
20170520_FIRE_pi-w-mobo-c,1800,0.1225,1646.4,686.3,1674.2,711.2,2048,1536
20170520_FIRE_pi-w-mobo-c,1800,0.0564,1637.7,690.0,1671.7,713.5,2048,1536
20170520_FIRE_pi-w-mobo-c,1800,0.2020,1648.7,693.0,1672.6,712.2,2048,1536
20170520_FIRE_pi-w-mobo-c,1800,0.1137,1646.4,686.6,1674.1,711.2,2048,1536
20170520_FIRE_pi-w-mobo-c,1800,0.0544,1637.8,690.1,1671.8,713.5,2048,1536
20170520_FIRE_pi-w-mobo-c,1800,0.3757,421.5,695.7,516.6,757.7,2048,1536
20170520_FIRE_pi-w-mobo-c,1800,0.0750,425.1,702.3,475.0,757.0,2048,1536
20170520_FIRE_pi-w-mobo-c,1800,0.2207,1648.9,693.7,1673.0,712.0,2048,1536
20170520_FIRE_pi-w-mobo-c,1800,0.1054,1646.9,688.2,1674.3,711.1,2048,1536
20170520_FIRE_pi-w-mobo-c,1800,0.2043,1648.8,693.8,1673.0,712.0,2048,1536
20170520_FIRE_pi-w-mobo-c,1800,0.0936,1646.9,688.3,1674.3,711.2,2048,1536
20170520_FIRE_pi-w-mobo-c,1860,0.6239,393.4,680.5,526.9,763.2,2048,1536
20170520_FIRE_pi-w-mobo-c,1860,0.0820,391.1,698.3,475.2,759.1,2048,1536
20170520_FIRE_pi-w-mobo-c,1860,0.5580,393.2,682.9,526.9,763.4,2048,1536
20170520_FIRE_pi-w-mobo-c,1860,0.0984,391.4,699.1,473.9,759.2,2048,1536
20170520_FIRE_pi-w-mobo-c,1860,0.0793,392.4,711.9,468.8,762.6,2048,1536
20170520_FIRE_pi-w-mobo-c,1860,0.0500,392.3,694.4,498.3,763.4,2048,1536
20170520_FIRE_pi-w-mobo-c,1920,0.4345,394.7,718.5,434.0,763.4,2048,1536
20170520_FIRE_pi-w-mobo-c,1920,0.3291,393.8,700.7,478.0,763.8,2048,1536
20170520_FIRE_pi-w-mobo-c,1920,0.1267,394.5,707.3,451.2,763.5,2048,1536
20170520_FIRE_pi-w-mobo-c,1920,0.0618,393.5,688.5,521.7,763.2,2048,1536
20170520_FIRE_pi-w-mobo-c,1920,0.2975,1651.5,693.9,1671.9,712.2,2048,1536
20170520_FIRE_pi-w-mobo-c,1920,0.2995,1651.5,693.9,1671.8,712.2,2048,1536
20170520_FIRE_pi-w-mobo-c,1920,0.5817,394.8,718.9,433.9,763.5,2048,1536
20170520_FIRE_pi-w-mobo-c,1920,0.2492,394.0,699.2,479.4,763.1,2048,1536
20170520_FIRE_pi-w-mobo-c,1920,0.0513,393.6,691.5,517.2,763.3,2048,1536
20170520_FIRE_pi-w-mobo-c,1920,0.3132,1651.3,693.7,1671.9,712.1,2048,1536
20170520_FIRE_pi-w-mobo-c,1920,0.2955,1651.7,694.5,1671.7,712.0,2048,1536
20170520_FIRE_pi-w-mobo-c,1980,0.6314,392.6,716.4,436.3,765.0,2048,1536
20170520_FIRE_pi-w-mobo-c,1980,0.0724,392.6,701.5,451.8,764.7,2048,1536
20170520_FIRE_pi-w-mobo-c,1980,0.2193,1646.8,693.8,1672.0,712.2,2048,1536
20170520_FIRE_pi-w-mobo-c,1980,0.2119,1646.8,693.9,1671.9,712.2,2048,1536
20170520_FIRE_pi-w-mobo-c,1980,0.6853,392.7,717.0,436.0,765.0,2048,1536
20170520_FIRE_pi-w-mobo-c,1980,0.1808,1646.9,694.3,1671.7,712.1,2048,1536
20170520_FIRE_pi-w-mobo-c,1980,0.1528,1646.9,694.4,1671.7,712.1,2048,1536
20170520_FIRE_pi-w-mobo-c,2040,0.7501,393.5,705.2,447.3,763.8,2048,1536
20170520_FIRE_pi-w-mobo-c,2040,0.0580,1533.5,694.4,1558.4,715.8,2048,1536
20170520_FIRE_pi-w-mobo-c,2040,0.0536,1533.5,694.6,1558.4,715.8,2048,1536
20170520_FIRE_pi-w-mobo-c,2040,0.7844,393.5,705.7,447.1,763.8,2048,1536
20170520_FIRE_pi-w-mobo-c,2040,0.0540,1533.5,695.2,1558.3,715.6,2048,1536
20170520_FIRE_pi-w-mobo-c,2100,0.8095,395.3,694.1,456.5,762.9,2048,1536
20170520_FIRE_pi-w-mobo-c,2100,0.8150,395.3,694.3,456.6,762.9,2048,1536
20170520_FIRE_pi-w-mobo-c,2160,0.8161,373.5,674.6,467.4,763.4,2048,1536
20170520_FIRE_pi-w-mobo-c,2160,0.1543,401.1,674.9,466.9,749.1,2048,1536
20170520_FIRE_pi-w-mobo-c,2160,0.0699,1644.8,694.8,1667.5,713.0,2048,1536
20170520_FIRE_pi-w-mobo-c,2160,0.0691,1642.5,688.6,1668.7,712.8,2048,1536
20170520_FIRE_pi-w-mobo-c,2160,0.0575,1639.5,679.0,1672.9,712.3,2048,1536
20170520_FIRE_pi-w-mobo-c,2160,0.0707,1644.8,695.0,1667.5,713.0,2048,1536
20170520_FIRE_pi-w-mobo-c,2160,0.0696,1642.6,689.0,1668.7,712.8,2048,1536
20170520_FIRE_pi-w-mobo-c,2160,0.0576,1639.5,679.1,1672.9,712.3,2048,1536
20170520_FIRE_pi-w-mobo-c,2160,0.8163,373.0,674.8,467.5,763.7,2048,1536
20170520_FIRE_pi-w-mobo-c,2160,0.1413,401.1,675.1,466.8,749.3,2048,1536
20170520_FIRE_pi-w-mobo-c,2160,0.0640,1644.9,696.8,1667.0,712.8,2048,1536
20170520_FIRE_pi-w-mobo-c,2160,0.0580,1643.9,692.9,1669.4,712.6,2048,1536
20170520_FIRE_pi-w-mobo-c,2160,0.0599,1644.8,697.0,1666.9,712.8,2048,1536
20170520_FIRE_pi-w-mobo-c,2160,0.0537,1643.9,693.2,1669.3,712.6,2048,1536
20170520_FIRE_pi-w-mobo-c,2220,0.8130,370.8,661.1,475.0,764.2,2048,1536
20170520_FIRE_pi-w-mobo-c,2220,0.8163,370.7,662.0,475.0,764.3,2048,1536
20170520_FIRE_pi-w-mobo-c,2280,0.7765,366.0,641.5,477.1,764.8,2048,1536
20170520_FIRE_pi-w-mobo-c,2280,0.7724,365.8,641.1,477.0,765.0,2048,1536
20170520_FIRE_pi-w-mobo-c,2340,0.7013,364.2,635.4,472.5,764.8,2048,1536
20170520_FIRE_pi-w-mobo-c,2340,0.1373,1532.7,699.3,1551.0,716.3,2048,1536
20170520_FIRE_pi-w-mobo-c,2340,0.1283,1532.7,699.5,1551.0,716.3,2048,1536
20170520_FIRE_pi-w-mobo-c,2340,0.6892,364.1,634.9,471.9,764.9,2048,1536
20170520_FIRE_pi-w-mobo-c,2340,0.1318,1532.8,700.4,1550.8,716.3,2048,1536
20170520_FIRE_pi-w-mobo-c,2340,0.1132,1532.8,700.6,1550.8,716.3,2048,1536
20170520_FIRE_pi-w-mobo-c,2400,0.7633,365.0,653.0,488.7,765.8,2048,1536
20170520_FIRE_pi-w-mobo-c,2400,0.7383,365.0,646.8,488.3,765.8,2048,1536
20170609_FIRE_sm-n-mobo-c,1560,0.0780,1024.0,802.2,1056.6,854.7,2048,1536
20170609_FIRE_sm-n-mobo-c,1560,0.0627,1024.1,802.6,1055.8,855.1,2048,1536
20170609_FIRE_sm-n-mobo-c,1620,0.0587,1024.0,785.7,1099.4,859.3,2048,1536
20170609_FIRE_sm-n-mobo-c,1620,0.0766,1024.1,785.6,1100.5,860.9,2048,1536
20170609_FIRE_sm-n-mobo-c,1800,0.1982,1014.2,777.5,1107.1,856.7,2048,1536
20170609_FIRE_sm-n-mobo-c,1800,0.2572,1014.3,777.3,1106.7,856.8,2048,1536
20170609_FIRE_sm-n-mobo-c,1860,0.4354,1014.1,757.4,1131.3,857.6,2048,1536
20170609_FIRE_sm-n-mobo-c,1860,0.0928,1015.4,823.7,1055.6,856.7,2048,1536
20170609_FIRE_sm-n-mobo-c,1860,0.1543,1024.0,758.3,1131.1,857.2,2048,1536
20170609_FIRE_sm-n-mobo-c,1860,0.0566,1024.5,823.3,1054.6,856.5,2048,1536
20170609_FIRE_sm-n-mobo-c,1860,0.4931,1014.2,757.5,1131.0,857.7,2048,1536
20170609_FIRE_sm-n-mobo-c,1860,0.2759,1015.7,823.7,1055.3,856.6,2048,1536
20170609_FIRE_sm-n-mobo-c,1860,0.1374,1024.6,823.6,1054.5,856.3,2048,1536
20170609_FIRE_sm-n-mobo-c,1860,0.0903,1024.0,758.3,1131.0,857.2,2048,1536
20170609_FIRE_sm-n-mobo-c,1920,0.2825,1015.4,746.7,1180.5,857.1,2048,1536
20170609_FIRE_sm-n-mobo-c,1920,0.1906,1016.5,817.0,1073.9,856.2,2048,1536
20170609_FIRE_sm-n-mobo-c,1920,0.1128,1024.0,746.6,1179.7,856.6,2048,1536
20170609_FIRE_sm-n-mobo-c,1920,0.1006,1024.1,817.1,1073.4,855.4,2048,1536
20170609_FIRE_sm-n-mobo-c,1920,0.3810,1016.9,817.0,1073.2,856.2,2048,1536
20170609_FIRE_sm-n-mobo-c,1920,0.3232,1015.5,746.9,1179.6,857.1,2048,1536
20170609_FIRE_sm-n-mobo-c,1920,0.1952,1024.1,817.2,1073.0,855.5,2048,1536
20170609_FIRE_sm-n-mobo-c,1920,0.1035,1024.0,747.0,1179.2,856.8,2048,1536
20170609_FIRE_sm-n-mobo-c,1980,0.4764,1019.1,810.0,1074.1,856.5,2048,1536
20170609_FIRE_sm-n-mobo-c,1980,0.4139,1024.6,810.0,1073.8,856.2,2048,1536
20170609_FIRE_sm-n-mobo-c,1980,0.6577,1019.5,809.9,1073.4,856.4,2048,1536
20170609_FIRE_sm-n-mobo-c,1980,0.6064,1024.3,810.9,1073.2,856.0,2048,1536
20170609_FIRE_sm-n-mobo-c,2040,0.7048,1014.8,820.6,1086.6,856.8,2048,1536
20170609_FIRE_sm-n-mobo-c,2040,0.6363,1024.2,820.3,1086.8,855.7,2048,1536
20170609_FIRE_sm-n-mobo-c,2040,0.7789,1014.9,820.8,1084.7,856.7,2048,1536
20170609_FIRE_sm-n-mobo-c,2040,0.7060,1024.4,820.6,1084.9,855.7,2048,1536
20170609_FIRE_sm-n-mobo-c,2100,0.4326,1020.5,816.6,1094.1,856.4,2048,1536
20170609_FIRE_sm-n-mobo-c,2100,0.0746,1019.1,809.9,1115.5,856.2,2048,1536
20170609_FIRE_sm-n-mobo-c,2100,0.4795,1024.9,816.6,1095.0,855.8,2048,1536
20170609_FIRE_sm-n-mobo-c,2100,0.0861,1024.9,810.2,1113.6,855.7,2048,1536
20170609_FIRE_sm-n-mobo-c,2100,0.6471,1021.4,817.2,1089.5,856.2,2048,1536
20170609_FIRE_sm-n-mobo-c,2100,0.1151,1019.8,813.5,1109.3,856.0,2048,1536
20170609_FIRE_sm-n-mobo-c,2100,0.6131,1025.1,817.2,1089.9,855.7,2048,1536
20170609_FIRE_sm-n-mobo-c,2100,0.0725,1025.2,811.3,1112.2,855.8,2048,1536
20170609_FIRE_sm-n-mobo-c,2160,0.6614,1013.5,818.5,1102.2,856.6,2048,1536
20170609_FIRE_sm-n-mobo-c,2160,0.6382,1025.0,818.9,1101.9,855.6,2048,1536
20170609_FIRE_sm-n-mobo-c,2160,0.7622,1013.6,818.7,1098.9,856.6,2048,1536
20170609_FIRE_sm-n-mobo-c,2160,0.7150,1025.1,819.1,1098.4,855.5,2048,1536
20170609_FIRE_sm-n-mobo-c,2220,0.6483,1012.1,817.7,1100.2,857.0,2048,1536
20170609_FIRE_sm-n-mobo-c,2220,0.1176,1027.4,817.6,1099.6,855.0,2048,1536
20170609_FIRE_sm-n-mobo-c,2220,0.7738,1012.3,817.7,1098.4,856.9,2048,1536
20170609_FIRE_sm-n-mobo-c,2220,0.1304,1027.7,817.8,1098.0,854.9,2048,1536
20170609_FIRE_sm-n-mobo-c,2280,0.3321,1013.8,819.8,1114.0,857.3,2048,1536
20170609_FIRE_sm-n-mobo-c,2280,0.3508,1013.8,819.7,1112.7,857.3,2048,1536
20170609_FIRE_sm-n-mobo-c,2340,0.4246,1012.9,812.9,1127.2,857.4,2048,1536
20170609_FIRE_sm-n-mobo-c,2340,0.2596,1024.0,813.9,1128.2,856.7,2048,1536
20170609_FIRE_sm-n-mobo-c,2340,0.0687,1024.1,822.8,1048.7,856.2,2048,1536
20170609_FIRE_sm-n-mobo-c,2340,0.4445,1013.1,813.9,1124.1,857.3,2048,1536
20170609_FIRE_sm-n-mobo-c,2340,0.0859,1012.9,822.7,1061.4,857.5,2048,1536
20170609_FIRE_sm-n-mobo-c,2340,0.1748,1024.5,814.6,1124.2,856.5,2048,1536
20170609_FIRE_sm-n-mobo-c,2340,0.1422,1024.2,823.7,1047.4,855.9,2048,1536
20170609_FIRE_sm-n-mobo-c,2400,0.6972,1013.8,816.6,1067.7,857.0,2048,1536
20170609_FIRE_sm-n-mobo-c,2400,0.6579,1024.3,816.7,1066.9,855.8,2048,1536
20170609_FIRE_sm-n-mobo-c,2400,0.7772,1013.9,816.7,1066.8,856.9,2048,1536
20170609_FIRE_sm-n-mobo-c,2400,0.7128,1024.8,816.7,1066.3,855.5,2048,1536
20170613_FIRE_hp-n-mobo-c,1020,0.0719,420.4,726.1,455.3,779.3,2048,1536
20170613_FIRE_hp-n-mobo-c,1020,0.0846,420.7,725.5,455.4,779.7,2048,1536
20170613_FIRE_hp-n-mobo-c,1440,0.6284,424.5,722.0,460.3,768.9,2048,1536
20170613_FIRE_hp-n-mobo-c,1440,0.6331,424.0,721.9,460.1,769.1,2048,1536
20170613_FIRE_hp-n-mobo-c,1500,0.2747,420.3,711.1,458.1,754.8,2048,1536
20170613_FIRE_hp-n-mobo-c,1500,0.0660,420.8,711.2,456.9,742.3,2048,1536
20170613_FIRE_hp-n-mobo-c,1500,0.0646,420.4,709.6,459.5,773.1,2048,1536
20170613_FIRE_hp-n-mobo-c,1500,0.2617,420.4,711.1,458.1,757.5,2048,1536
20170613_FIRE_hp-n-mobo-c,1500,0.1038,421.1,711.1,457.6,744.3,2048,1536
20170613_FIRE_hp-n-mobo-c,1560,0.2147,415.5,709.2,456.9,778.6,2048,1536
20170613_FIRE_hp-n-mobo-c,1560,0.2109,415.5,709.2,457.0,778.7,2048,1536
20170613_FIRE_hp-n-mobo-c,1620,0.3968,412.5,717.1,467.7,779.1,2048,1536
20170613_FIRE_hp-n-mobo-c,1620,0.0596,428.3,718.0,468.0,778.6,2048,1536
20170613_FIRE_hp-n-mobo-c,1620,0.3936,412.3,717.1,467.8,779.0,2048,1536
20170613_FIRE_hp-n-mobo-c,1620,0.0595,428.3,717.9,468.1,778.5,2048,1536
20170613_FIRE_hp-n-mobo-c,1680,0.3397,419.6,721.2,475.3,786.0,2048,1536
20170613_FIRE_hp-n-mobo-c,1680,0.1790,424.3,771.9,438.5,785.7,2048,1536
20170613_FIRE_hp-n-mobo-c,1680,0.1005,422.8,742.9,457.5,786.1,2048,1536
20170613_FIRE_hp-n-mobo-c,1680,0.3687,419.4,721.1,475.5,786.0,2048,1536
20170613_FIRE_hp-n-mobo-c,1680,0.1644,424.3,771.9,438.5,785.8,2048,1536
20170613_FIRE_hp-n-mobo-c,1680,0.1095,422.7,731.7,464.8,786.1,2048,1536
20170613_FIRE_hp-n-mobo-c,1740,0.5796,425.4,712.2,474.3,782.2,2048,1536
20170613_FIRE_hp-n-mobo-c,1740,0.1540,437.3,712.2,473.9,777.6,2048,1536
20170613_FIRE_hp-n-mobo-c,1740,0.5928,425.4,712.3,474.3,782.3,2048,1536
20170613_FIRE_hp-n-mobo-c,1740,0.1579,437.3,712.3,473.9,777.6,2048,1536
20170613_FIRE_hp-n-mobo-c,1800,0.6207,420.6,712.6,468.7,784.6,2048,1536
20170613_FIRE_hp-n-mobo-c,1800,0.0624,422.8,769.3,441.6,785.0,2048,1536
20170613_FIRE_hp-n-mobo-c,1800,0.6411,420.6,712.7,468.8,784.6,2048,1536
20170613_FIRE_hp-n-mobo-c,1800,0.2706,433.0,711.3,469.8,782.8,2048,1536
20170613_FIRE_hp-n-mobo-c,1800,0.0588,422.8,769.3,441.6,785.0,2048,1536
20170613_FIRE_hp-n-mobo-c,1860,0.3510,423.2,756.6,446.0,785.5,2048,1536
20170613_FIRE_hp-n-mobo-c,1860,0.1167,419.7,724.5,465.9,785.7,2048,1536
20170613_FIRE_hp-n-mobo-c,1860,0.3693,423.2,756.9,445.9,785.5,2048,1536
20170613_FIRE_hp-n-mobo-c,1860,0.1301,419.9,723.8,466.1,785.8,2048,1536
20170613_FIRE_hp-n-mobo-c,1980,0.0847,418.1,714.4,483.8,785.3,2048,1536
20170613_FIRE_hp-n-mobo-c,1980,0.1173,417.9,714.3,483.6,785.5,2048,1536
20170613_FIRE_hp-n-mobo-c,2040,0.5968,418.1,703.7,486.3,785.7,2048,1536
20170613_FIRE_hp-n-mobo-c,2040,0.0550,420.9,766.7,442.6,785.4,2048,1536
20170613_FIRE_hp-n-mobo-c,2040,0.6191,418.1,703.7,486.2,785.7,2048,1536
20170613_FIRE_hp-n-mobo-c,2040,0.0533,420.9,766.6,442.6,785.4,2048,1536
20170613_FIRE_hp-n-mobo-c,2100,0.3701,415.2,706.9,485.4,785.6,2048,1536
20170613_FIRE_hp-n-mobo-c,2100,0.1153,422.2,766.1,442.1,785.2,2048,1536
20170613_FIRE_hp-n-mobo-c,2100,0.4029,416.1,707.0,485.7,785.8,2048,1536
20170613_FIRE_hp-n-mobo-c,2100,0.1318,422.2,766.2,442.1,785.3,2048,1536
20170613_FIRE_hp-n-mobo-c,2160,0.3447,423.9,769.3,443.6,785.7,2048,1536
20170613_FIRE_hp-n-mobo-c,2160,0.0730,402.7,712.0,478.4,732.5,2048,1536
20170613_FIRE_hp-n-mobo-c,2160,0.3884,424.0,769.4,443.5,785.7,2048,1536
20170613_FIRE_hp-n-mobo-c,2160,0.0710,401.7,712.4,479.0,732.9,2048,1536
20170613_FIRE_hp-n-mobo-c,2220,0.1946,427.7,768.2,448.5,785.0,2048,1536
20170613_FIRE_hp-n-mobo-c,2220,0.0951,423.8,714.5,477.7,784.9,2048,1536
20170613_FIRE_hp-n-mobo-c,2220,0.2228,427.7,768.2,448.5,784.9,2048,1536
20170613_FIRE_hp-n-mobo-c,2220,0.1159,423.8,714.5,477.7,784.9,2048,1536
20170613_FIRE_hp-n-mobo-c,2220,0.0588,425.2,729.6,470.8,785.1,2048,1536
20170625_BBM_bm-n-mobo,-2400,0.1071,1170.0,567.6,1203.0,591.4,2048,1536
20170625_BBM_bm-n-mobo,-2400,0.1404,1177.7,566.6,1202.4,589.7,2048,1536
20170625_BBM_bm-n-mobo,-2400,0.0972,1167.8,566.1,1203.1,590.7,2048,1536
20170625_BBM_bm-n-mobo,-2400,0.0682,1178.2,566.7,1202.3,589.7,2048,1536
20170625_BBM_bm-n-mobo,-2280,0.0538,1293.7,572.1,1327.6,602.8,2048,1536
20170625_BBM_bm-n-mobo,-2280,0.0662,1293.5,571.8,1327.6,602.8,2048,1536
20170625_BBM_bm-n-mobo,-2280,0.0660,1293.5,571.7,1327.8,602.8,2048,1536
20170625_BBM_bm-n-mobo,-1980,0.0520,1081.1,568.4,1106.4,591.7,2048,1536
20170625_BBM_bm-n-mobo,-1980,0.1086,1080.3,567.9,1106.5,591.4,2048,1536
20170625_BBM_bm-n-mobo,-1920,0.1096,1300.4,572.3,1331.3,602.7,2048,1536
20170625_BBM_bm-n-mobo,-1920,0.1193,1300.3,572.3,1331.4,602.7,2048,1536
20170625_BBM_bm-n-mobo,-1920,0.1506,1300.0,572.1,1331.6,602.6,2048,1536
20170625_BBM_bm-n-mobo,-1920,0.0504,1080.0,567.1,1105.5,591.1,2048,1536
20170625_BBM_bm-n-mobo,-1920,0.1642,1299.9,571.9,1331.7,602.6,2048,1536
20170625_BBM_bm-n-mobo,-1920,0.1088,1078.4,567.2,1106.5,591.1,2048,1536
20170625_BBM_bm-n-mobo,-1680,0.1185,1305.5,585.3,1328.2,603.3,2048,1536
20170625_BBM_bm-n-mobo,-1680,0.1086,1305.5,585.3,1328.3,603.4,2048,1536
20170625_BBM_bm-n-mobo,-1680,0.1266,1305.6,585.5,1328.2,603.3,2048,1536
20170625_BBM_bm-n-mobo,-1680,0.1235,1305.6,585.4,1328.3,603.3,2048,1536
20170625_BBM_bm-n-mobo,-1560,0.2809,1269.4,567.5,1315.9,601.4,2048,1536
20170625_BBM_bm-n-mobo,-1560,0.2456,1269.3,567.5,1316.0,601.5,2048,1536
20170625_BBM_bm-n-mobo,-1560,0.2713,1264.5,567.5,1315.5,600.8,2048,1536
20170625_BBM_bm-n-mobo,-1560,0.2653,1264.4,567.4,1315.6,600.9,2048,1536
20170625_BBM_bm-n-mobo,-1380,0.1307,1403.5,583.1,1424.6,607.0,2048,1536
20170625_BBM_bm-n-mobo,-1380,0.0649,1399.0,580.1,1422.2,606.8,2048,1536
20170625_BBM_bm-n-mobo,-1380,0.1223,1403.5,583.1,1424.6,607.0,2048,1536
20170625_BBM_bm-n-mobo,-1380,0.0588,1399.0,580.2,1422.2,606.8,2048,1536
20170625_BBM_bm-n-mobo,-1380,0.1193,1403.4,583.0,1424.7,607.0,2048,1536
20170625_BBM_bm-n-mobo,-1380,0.0656,1398.7,579.6,1422.4,606.8,2048,1536
20170625_BBM_bm-n-mobo,-1380,0.1233,1403.4,582.8,1424.7,607.0,2048,1536
20170625_BBM_bm-n-mobo,-1380,0.0683,1398.6,579.5,1422.4,606.9,2048,1536
20170625_BBM_bm-n-mobo,-1320,0.2249,1289.6,568.1,1332.4,602.6,2048,1536
20170625_BBM_bm-n-mobo,-1320,0.0774,1300.0,572.0,1331.7,603.1,2048,1536
20170625_BBM_bm-n-mobo,-1320,0.0748,1310.3,577.3,1332.0,603.1,2048,1536
20170625_BBM_bm-n-mobo,-1320,0.2103,1289.7,568.2,1332.5,602.7,2048,1536
20170625_BBM_bm-n-mobo,-1320,0.0733,1300.0,572.1,1331.7,603.2,2048,1536
20170625_BBM_bm-n-mobo,-1320,0.0705,1310.4,577.5,1332.0,603.1,2048,1536
20170625_BBM_bm-n-mobo,-1320,0.2527,1289.4,568.2,1332.8,602.7,2048,1536
20170625_BBM_bm-n-mobo,-1320,0.0789,1299.5,571.8,1331.8,603.2,2048,1536
20170625_BBM_bm-n-mobo,-1320,0.0737,1310.4,577.4,1332.1,603.2,2048,1536
20170625_BBM_bm-n-mobo,-1320,0.2564,1289.4,568.1,1332.9,602.7,2048,1536
20170625_BBM_bm-n-mobo,-1320,0.0802,1299.5,571.7,1331.9,603.2,2048,1536
20170625_BBM_bm-n-mobo,-1320,0.0743,1310.4,577.2,1332.2,603.2,2048,1536
20170625_BBM_bm-n-mobo,-1080,0.2358,1289.8,568.2,1332.4,602.4,2048,1536
20170625_BBM_bm-n-mobo,-1080,0.0539,1288.6,569.3,1320.9,602.6,2048,1536
20170625_BBM_bm-n-mobo,-1080,0.2260,1289.8,568.3,1332.5,602.5,2048,1536
20170625_BBM_bm-n-mobo,-1080,0.2543,1289.4,568.2,1332.8,602.4,2048,1536
20170625_BBM_bm-n-mobo,-1080,0.1072,1135.5,575.5,1155.1,594.1,2048,1536
20170625_BBM_bm-n-mobo,-1080,0.2471,1289.4,568.2,1332.9,602.4,2048,1536
20170625_BBM_bm-n-mobo,-1020,0.0655,1284.0,565.0,1347.8,602.9,2048,1536
20170625_BBM_bm-n-mobo,-1020,0.0546,1319.7,573.8,1345.5,603.6,2048,1536
20170625_BBM_bm-n-mobo,-1020,0.0569,1284.1,565.1,1347.8,603.0,2048,1536
20170625_BBM_bm-n-mobo,-1020,0.0515,1319.8,573.9,1345.5,603.6,2048,1536
20170625_BBM_bm-n-mobo,-1020,0.0695,1283.1,564.7,1348.3,602.8,2048,1536
20170625_BBM_bm-n-mobo,-1020,0.0729,1283.1,564.6,1348.4,602.9,2048,1536
20170625_BBM_bm-n-mobo,-1020,0.0530,1319.6,573.1,1345.9,603.6,2048,1536
20170625_BBM_bm-n-mobo,-900,0.0552,1304.1,576.5,1329.9,602.7,2048,1536
20170625_BBM_bm-n-mobo,-840,0.0534,1291.4,576.2,1317.6,602.6,2048,1536
20170625_BBM_bm-n-mobo,-780,0.0656,1134.4,573.1,1158.0,593.9,2048,1536
20170625_BBM_bm-n-mobo,-720,0.3007,1305.9,576.4,1331.0,603.3,2048,1536
20170625_BBM_bm-n-mobo,-720,0.0692,1297.6,573.2,1331.6,603.0,2048,1536
20170625_BBM_bm-n-mobo,-720,0.2774,1305.9,576.5,1331.0,603.3,2048,1536
20170625_BBM_bm-n-mobo,-720,0.0546,1297.6,573.3,1331.5,603.1,2048,1536
20170625_BBM_bm-n-mobo,-720,0.3045,1305.7,576.2,1331.3,603.3,2048,1536
20170625_BBM_bm-n-mobo,-720,0.0730,1296.4,572.9,1332.2,603.0,2048,1536
20170625_BBM_bm-n-mobo,-720,0.2998,1305.7,576.2,1331.3,603.4,2048,1536
20170625_BBM_bm-n-mobo,-720,0.0704,1289.8,572.7,1331.5,603.4,2048,1536
20170625_BBM_bm-n-mobo,-660,0.0501,1301.0,574.6,1330.4,602.8,2048,1536
20170625_BBM_bm-n-mobo,-660,0.0517,1301.0,574.5,1330.5,602.8,2048,1536
20170625_BBM_bm-n-mobo,-600,0.0680,1303.4,577.9,1330.5,603.5,2048,1536
20170625_BBM_bm-n-mobo,-600,0.0514,1295.5,573.4,1328.1,603.4,2048,1536
20170625_BBM_bm-n-mobo,-600,0.0636,1303.3,577.8,1330.6,603.6,2048,1536
20170625_BBM_bm-n-mobo,-600,0.0658,1293.8,571.6,1328.2,603.3,2048,1536
20170625_BBM_bm-n-mobo,-600,0.0650,1302.0,576.2,1330.8,603.5,2048,1536
20170625_BBM_bm-n-mobo,-600,0.0633,1307.2,578.7,1332.9,603.6,2048,1536
20170625_BBM_bm-n-mobo,-600,0.0674,1293.7,571.4,1328.4,603.4,2048,1536
20170625_BBM_bm-n-mobo,-600,0.0653,1301.9,575.9,1330.9,603.6,2048,1536
20170625_BBM_bm-n-mobo,-600,0.0644,1307.1,578.5,1333.1,603.7,2048,1536
20170625_BBM_bm-n-mobo,-540,0.0888,1293.4,570.0,1331.1,603.5,2048,1536
20170625_BBM_bm-n-mobo,-540,0.0924,1293.3,569.9,1331.1,603.5,2048,1536
20170625_BBM_bm-n-mobo,-540,0.1635,1292.3,568.5,1332.2,603.1,2048,1536
20170625_BBM_bm-n-mobo,-540,0.1753,1292.2,568.4,1332.3,603.1,2048,1536
20170625_BBM_bm-n-mobo,-480,0.0658,1311.4,576.2,1341.0,604.5,2048,1536
20170625_BBM_bm-n-mobo,-480,0.0523,1318.2,575.8,1347.2,604.4,2048,1536
20170625_BBM_bm-n-mobo,-480,0.0703,1311.4,576.3,1341.1,604.5,2048,1536
20170625_BBM_bm-n-mobo,-480,0.0563,1318.2,575.8,1347.2,604.4,2048,1536
20170625_BBM_bm-n-mobo,-480,0.0777,1311.3,576.2,1341.5,604.5,2048,1536
20170625_BBM_bm-n-mobo,-480,0.0823,1311.2,576.0,1341.7,604.5,2048,1536
20170625_BBM_bm-n-mobo,-420,0.0630,1310.5,573.0,1342.1,603.2,2048,1536
20170625_BBM_bm-n-mobo,-420,0.0682,1310.4,572.9,1342.2,603.2,2048,1536
20170625_BBM_bm-n-mobo,-360,0.1096,1310.2,574.5,1335.4,603.5,2048,1536
20170625_BBM_bm-n-mobo,-360,0.1060,1310.2,574.6,1335.4,603.5,2048,1536
20170625_BBM_bm-n-mobo,-360,0.1239,1310.3,574.5,1335.6,603.5,2048,1536
20170625_BBM_bm-n-mobo,-360,0.0526,1295.4,574.3,1331.6,603.2,2048,1536
20170625_BBM_bm-n-mobo,-360,0.1253,1310.2,574.4,1335.8,603.5,2048,1536
20170625_BBM_bm-n-mobo,-360,0.0523,1295.4,574.2,1331.7,603.2,2048,1536
20170625_BBM_bm-n-mobo,-240,0.0569,1310.1,577.2,1333.7,602.7,2048,1536
20170625_BBM_bm-n-mobo,-240,0.0575,1310.1,577.1,1333.8,602.7,2048,1536
20170625_BBM_bm-n-mobo,-180,0.0501,1294.3,574.6,1327.2,603.1,2048,1536
20170625_BBM_bm-n-mobo,-120,0.0599,1385.8,584.6,1408.6,605.3,2048,1536
20170625_BBM_bm-n-mobo,-120,0.0587,1385.8,584.6,1408.6,605.4,2048,1536
20170625_BBM_bm-n-mobo,-60,0.0960,1308.1,576.3,1341.7,603.5,2048,1536
20170625_BBM_bm-n-mobo,-60,0.0610,1294.7,575.5,1345.6,603.2,2048,1536
20170625_BBM_bm-n-mobo,-60,0.0551,1292.9,577.1,1330.9,603.4,2048,1536
20170625_BBM_bm-n-mobo,-60,0.0908,1308.1,576.3,1341.8,603.5,2048,1536
20170625_BBM_bm-n-mobo,-60,0.0567,1294.7,575.6,1345.6,603.2,2048,1536
20170625_BBM_bm-n-mobo,-60,0.0511,1292.8,577.1,1331.1,603.4,2048,1536
20170625_BBM_bm-n-mobo,-60,0.1176,1308.5,576.1,1342.1,603.4,2048,1536
20170625_BBM_bm-n-mobo,-60,0.1070,1301.9,576.3,1336.8,603.3,2048,1536
20170625_BBM_bm-n-mobo,-60,0.0776,1295.1,575.4,1346.3,603.0,2048,1536
20170625_BBM_bm-n-mobo,-60,0.0645,1292.9,577.0,1330.9,603.3,2048,1536
20170625_BBM_bm-n-mobo,-60,0.0572,1319.1,577.1,1347.8,603.3,2048,1536
20170625_BBM_bm-n-mobo,-60,0.1146,1308.4,576.0,1342.2,603.4,2048,1536
20170625_BBM_bm-n-mobo,-60,0.0732,1295.4,575.3,1346.3,603.1,2048,1536
20170625_BBM_bm-n-mobo,-60,0.0603,1293.1,576.9,1331.0,603.3,2048,1536
20170625_BBM_bm-n-mobo,-60,0.0551,1319.0,577.0,1347.8,603.4,2048,1536
20170625_BBM_bm-n-mobo,0,0.0697,1302.9,578.5,1331.6,603.4,2048,1536
20170625_BBM_bm-n-mobo,0,0.0576,1295.9,577.1,1329.0,603.3,2048,1536
20170625_BBM_bm-n-mobo,0,0.0659,1303.0,578.5,1331.7,603.5,2048,1536
20170625_BBM_bm-n-mobo,0,0.0532,1295.9,577.2,1329.2,603.4,2048,1536
20170625_BBM_bm-n-mobo,0,0.0809,1302.7,578.2,1331.7,603.4,2048,1536
20170625_BBM_bm-n-mobo,0,0.0724,1295.7,576.9,1329.0,603.3,2048,1536
20170625_BBM_bm-n-mobo,0,0.0809,1302.7,578.1,1331.8,603.4,2048,1536
20170625_BBM_bm-n-mobo,0,0.0711,1295.7,576.8,1329.2,603.3,2048,1536
20170625_BBM_bm-n-mobo,0,0.0512,1308.2,577.0,1342.0,603.7,2048,1536
20170625_BBM_bm-n-mobo,120,0.0834,1388.4,583.6,1411.3,606.0,2048,1536
20170625_BBM_bm-n-mobo,120,0.0698,1388.4,583.7,1411.3,606.0,2048,1536
20170625_BBM_bm-n-mobo,120,0.0874,1388.5,583.5,1411.3,605.8,2048,1536
20170625_BBM_bm-n-mobo,120,0.0538,1306.7,579.8,1329.4,602.9,2048,1536
20170625_BBM_bm-n-mobo,120,0.0841,1388.5,583.4,1411.4,605.9,2048,1536
20170625_BBM_bm-n-mobo,120,0.0518,1306.7,579.7,1329.4,602.9,2048,1536
20170625_BBM_bm-n-mobo,180,0.0815,1305.2,576.3,1330.6,602.2,2048,1536
20170625_BBM_bm-n-mobo,180,0.0836,1305.2,576.3,1330.6,602.3,2048,1536
20170625_BBM_bm-n-mobo,180,0.1275,1305.0,575.9,1330.7,602.1,2048,1536
20170625_BBM_bm-n-mobo,180,0.1212,1305.0,575.8,1330.8,602.2,2048,1536
20170625_BBM_bm-n-mobo,240,0.0707,1307.2,578.4,1332.6,603.4,2048,1536
20170625_BBM_bm-n-mobo,240,0.0667,1307.2,578.4,1332.7,603.4,2048,1536
20170625_BBM_bm-n-mobo,240,0.1024,1307.3,578.0,1332.8,603.3,2048,1536
20170625_BBM_bm-n-mobo,240,0.0522,1311.8,577.3,1338.1,603.5,2048,1536
20170625_BBM_bm-n-mobo,240,0.1057,1307.2,577.9,1332.9,603.3,2048,1536
20170625_BBM_bm-n-mobo,240,0.0549,1311.7,577.2,1338.2,603.5,2048,1536
20170625_BBM_bm-n-mobo,300,0.2065,1296.9,575.1,1337.6,604.1,2048,1536
20170625_BBM_bm-n-mobo,300,0.1014,1238.0,560.6,1343.1,603.2,2048,1536
20170625_BBM_bm-n-mobo,300,0.0793,1313.5,577.6,1339.2,604.1,2048,1536
20170625_BBM_bm-n-mobo,300,0.0511,1290.2,570.8,1334.5,603.3,2048,1536
20170625_BBM_bm-n-mobo,300,0.2024,1296.9,575.1,1337.6,604.2,2048,1536
20170625_BBM_bm-n-mobo,300,0.0909,1240.1,561.2,1341.8,603.7,2048,1536
20170625_BBM_bm-n-mobo,300,0.0760,1313.4,577.6,1339.2,604.1,2048,1536
20170625_BBM_bm-n-mobo,300,0.2357,1296.5,575.4,1337.7,604.0,2048,1536
20170625_BBM_bm-n-mobo,300,0.1008,1237.6,561.3,1342.8,603.0,2048,1536
20170625_BBM_bm-n-mobo,300,0.0811,1313.8,577.9,1339.0,604.0,2048,1536
20170625_BBM_bm-n-mobo,300,0.2226,1296.7,575.3,1337.8,604.1,2048,1536
20170625_BBM_bm-n-mobo,300,0.0888,1239.2,561.3,1341.9,603.6,2048,1536
20170625_BBM_bm-n-mobo,300,0.0767,1313.7,577.8,1339.1,604.0,2048,1536
20170625_BBM_bm-n-mobo,360,0.0612,1065.2,567.1,1089.2,588.5,2048,1536
20170625_BBM_bm-n-mobo,360,0.0536,1303.4,577.7,1332.8,603.4,2048,1536
20170625_BBM_bm-n-mobo,360,0.1038,1064.2,567.2,1089.5,588.6,2048,1536
20170625_BBM_bm-n-mobo,360,0.0540,1303.6,577.6,1332.9,603.5,2048,1536
20170625_BBM_bm-n-mobo,420,0.0960,1599.3,752.0,1641.3,782.5,2048,1536
20170625_BBM_bm-n-mobo,420,0.1153,1599.5,752.1,1641.0,782.4,2048,1536
20170625_BBM_bm-n-mobo,420,0.1338,1600.1,752.8,1640.3,782.1,2048,1536
20170625_BBM_bm-n-mobo,420,0.1514,1600.2,752.8,1640.2,782.1,2048,1536
20170625_BBM_bm-n-mobo,420,0.0564,1064.4,567.1,1091.9,588.4,2048,1536
20170625_BBM_bm-n-mobo,480,0.8102,1597.9,725.8,1649.3,782.8,2048,1536
20170625_BBM_bm-n-mobo,480,0.8120,1597.9,725.8,1649.3,782.8,2048,1536
20170625_BBM_bm-n-mobo,480,0.8132,1598.2,725.8,1649.4,783.1,2048,1536
20170625_BBM_bm-n-mobo,480,0.8129,1598.2,725.8,1649.5,783.1,2048,1536
20170625_BBM_bm-n-mobo,540,0.5016,1612.9,683.6,1644.1,734.1,2048,1536
20170625_BBM_bm-n-mobo,540,0.1582,1611.8,680.8,1672.1,737.1,2048,1536
20170625_BBM_bm-n-mobo,540,0.1382,1613.6,682.5,1658.5,734.6,2048,1536
20170625_BBM_bm-n-mobo,540,0.5157,1612.9,683.6,1644.0,734.1,2048,1536
20170625_BBM_bm-n-mobo,540,0.1524,1611.8,680.8,1671.8,737.1,2048,1536
20170625_BBM_bm-n-mobo,540,0.1374,1613.6,682.6,1657.7,734.7,2048,1536
20170625_BBM_bm-n-mobo,540,0.5165,1613.2,683.7,1643.7,734.1,2048,1536
20170625_BBM_bm-n-mobo,540,0.1257,1612.0,680.8,1672.0,737.2,2048,1536
20170625_BBM_bm-n-mobo,540,0.1225,1613.9,682.7,1655.5,734.7,2048,1536
20170625_BBM_bm-n-mobo,540,0.5237,1613.2,683.6,1643.7,734.1,2048,1536
20170625_BBM_bm-n-mobo,540,0.1267,1613.8,681.2,1673.5,735.1,2048,1536
20170625_BBM_bm-n-mobo,540,0.1251,1613.9,682.8,1655.4,734.7,2048,1536
20170625_BBM_bm-n-mobo,600,0.3672,1608.3,764.5,1653.1,790.7,2048,1536
20170625_BBM_bm-n-mobo,600,0.0871,1604.5,689.9,1694.2,793.2,2048,1536
20170625_BBM_bm-n-mobo,600,0.3942,1608.3,764.6,1653.0,790.7,2048,1536
20170625_BBM_bm-n-mobo,600,0.0798,1604.6,689.9,1694.1,793.0,2048,1536
20170625_BBM_bm-n-mobo,600,0.0548,1605.7,699.0,1674.6,790.9,2048,1536
20170625_BBM_bm-n-mobo,600,0.4090,1608.3,764.9,1652.6,790.6,2048,1536
20170625_BBM_bm-n-mobo,600,0.0737,1604.5,689.8,1694.4,793.1,2048,1536
20170625_BBM_bm-n-mobo,600,0.4243,1608.3,764.9,1652.6,790.6,2048,1536
20170625_BBM_bm-n-mobo,600,0.0715,1604.5,689.8,1694.3,793.0,2048,1536
20170625_BBM_bm-n-mobo,660,0.5531,1604.6,743.3,1719.5,790.4,2048,1536
20170625_BBM_bm-n-mobo,660,0.0629,1605.5,759.4,1661.5,791.2,2048,1536
20170625_BBM_bm-n-mobo,660,0.0521,1302.7,579.0,1331.7,604.3,2048,1536
20170625_BBM_bm-n-mobo,660,0.5536,1604.7,743.2,1719.5,790.4,2048,1536
20170625_BBM_bm-n-mobo,660,0.0673,1605.5,759.4,1661.3,791.2,2048,1536
20170625_BBM_bm-n-mobo,660,0.5338,1604.7,743.5,1719.0,790.3,2048,1536
20170625_BBM_bm-n-mobo,660,0.0864,1605.5,759.5,1661.0,791.1,2048,1536
20170625_BBM_bm-n-mobo,660,0.5355,1604.7,743.5,1719.1,790.3,2048,1536
20170625_BBM_bm-n-mobo,660,0.0880,1605.5,759.5,1660.9,791.1,2048,1536
20170625_BBM_bm-n-mobo,720,0.5742,1599.8,754.6,1667.8,789.0,2048,1536
20170625_BBM_bm-n-mobo,720,0.5754,1599.8,754.6,1667.8,789.0,2048,1536
20170625_BBM_bm-n-mobo,720,0.6058,1599.8,754.7,1667.5,789.0,2048,1536
20170625_BBM_bm-n-mobo,720,0.6024,1599.8,754.6,1667.6,789.0,2048,1536
20170625_BBM_bm-n-mobo,780,0.2478,1606.6,697.5,1731.5,786.1,2048,1536
20170625_BBM_bm-n-mobo,780,0.1518,1607.5,696.6,1678.5,787.9,2048,1536
20170625_BBM_bm-n-mobo,780,0.2573,1606.7,697.6,1731.5,785.9,2048,1536
20170625_BBM_bm-n-mobo,780,0.1648,1607.6,696.7,1678.3,787.7,2048,1536
20170625_BBM_bm-n-mobo,780,0.2142,1608.7,695.5,1732.4,784.6,2048,1536
20170625_BBM_bm-n-mobo,780,0.1753,1608.3,699.2,1677.1,785.0,2048,1536
20170625_BBM_bm-n-mobo,780,0.2275,1606.8,698.2,1730.8,785.9,2048,1536
20170625_BBM_bm-n-mobo,780,0.1833,1607.6,697.5,1677.9,787.5,2048,1536
20170625_BBM_bm-n-mobo,840,0.5164,1603.4,757.9,1676.0,794.2,2048,1536
20170625_BBM_bm-n-mobo,840,0.1149,1604.5,760.1,1659.4,792.4,2048,1536
20170625_BBM_bm-n-mobo,840,0.5159,1603.4,757.9,1675.8,794.1,2048,1536
20170625_BBM_bm-n-mobo,840,0.1218,1604.5,760.1,1659.4,792.4,2048,1536
20170625_BBM_bm-n-mobo,840,0.5193,1603.4,757.9,1675.7,794.2,2048,1536
20170625_BBM_bm-n-mobo,840,0.1237,1604.5,760.1,1659.1,792.4,2048,1536
20170625_BBM_bm-n-mobo,840,0.5226,1603.4,757.9,1675.5,794.1,2048,1536
20170625_BBM_bm-n-mobo,840,0.1270,1604.5,760.1,1659.1,792.4,2048,1536
20170625_BBM_bm-n-mobo,900,0.7284,1601.7,747.6,1661.6,790.0,2048,1536
20170625_BBM_bm-n-mobo,900,0.7336,1601.7,747.6,1661.6,790.0,2048,1536
20170625_BBM_bm-n-mobo,900,0.7327,1601.6,747.7,1661.6,790.0,2048,1536
20170625_BBM_bm-n-mobo,900,0.7377,1601.6,747.6,1661.6,790.0,2048,1536
20170625_BBM_bm-n-mobo,960,0.4997,1601.4,680.0,1772.3,809.1,2048,1536
20170625_BBM_bm-n-mobo,960,0.2143,1603.6,744.3,1649.1,789.3,2048,1536
20170625_BBM_bm-n-mobo,960,0.4938,1601.5,678.7,1772.6,808.9,2048,1536
20170625_BBM_bm-n-mobo,960,0.2467,1603.6,744.3,1649.1,789.3,2048,1536
20170625_BBM_bm-n-mobo,960,0.4865,1601.4,679.5,1772.0,808.8,2048,1536
20170625_BBM_bm-n-mobo,960,0.2370,1603.8,744.6,1649.2,789.3,2048,1536
20170625_BBM_bm-n-mobo,960,0.4869,1601.4,677.8,1772.4,808.8,2048,1536
20170625_BBM_bm-n-mobo,960,0.2600,1603.6,744.3,1649.1,789.3,2048,1536
20170625_BBM_bm-n-mobo,1020,0.8172,1604.8,725.5,1657.4,791.0,2048,1536
20170625_BBM_bm-n-mobo,1020,0.8195,1604.8,725.5,1657.4,791.0,2048,1536
20170625_BBM_bm-n-mobo,1020,0.8206,1604.8,725.6,1657.2,791.0,2048,1536
20170625_BBM_bm-n-mobo,1020,0.8209,1604.8,725.6,1657.3,791.0,2048,1536
20170625_BBM_bm-n-mobo,1080,0.5010,1603.8,682.1,1692.8,804.8,2048,1536
20170625_BBM_bm-n-mobo,1080,0.5135,1603.9,682.0,1692.4,804.0,2048,1536
20170625_BBM_bm-n-mobo,1080,0.4933,1603.8,682.0,1692.0,804.9,2048,1536
20170625_BBM_bm-n-mobo,1080,0.5049,1603.9,681.9,1691.8,804.2,2048,1536
20170625_BBM_bm-n-mobo,1140,0.7940,1605.1,704.0,1715.8,792.4,2048,1536
20170625_BBM_bm-n-mobo,1140,0.7974,1605.1,703.9,1716.0,792.3,2048,1536
20170625_BBM_bm-n-mobo,1140,0.7995,1605.1,704.1,1715.6,792.3,2048,1536
20170625_BBM_bm-n-mobo,1140,0.8016,1605.1,704.0,1715.8,792.3,2048,1536
20170625_BBM_bm-n-mobo,1200,0.2562,1601.8,740.9,1739.7,805.4,2048,1536
20170625_BBM_bm-n-mobo,1200,0.2006,1604.8,750.0,1713.6,801.0,2048,1536
20170625_BBM_bm-n-mobo,1200,0.2512,1601.8,740.8,1740.1,805.4,2048,1536
20170625_BBM_bm-n-mobo,1200,0.2076,1604.8,750.0,1713.8,800.9,2048,1536
20170625_BBM_bm-n-mobo,1200,0.2507,1601.8,741.0,1740.1,805.5,2048,1536
20170625_BBM_bm-n-mobo,1200,0.2441,1604.9,750.3,1709.2,801.1,2048,1536
20170625_BBM_bm-n-mobo,1200,0.2485,1601.7,740.7,1740.7,805.5,2048,1536
20170625_BBM_bm-n-mobo,1200,0.2390,1604.9,750.2,1710.5,801.0,2048,1536
20170625_BBM_bm-n-mobo,1260,0.7257,1602.4,668.0,1767.3,792.9,2048,1536
20170625_BBM_bm-n-mobo,1260,0.0618,1604.0,730.3,1679.2,789.7,2048,1536
20170625_BBM_bm-n-mobo,1260,0.7318,1602.5,668.1,1767.4,792.8,2048,1536
20170625_BBM_bm-n-mobo,1260,0.0623,1604.0,730.4,1679.1,789.7,2048,1536
20170625_BBM_bm-n-mobo,1260,0.7010,1602.3,667.9,1767.0,792.8,2048,1536
20170625_BBM_bm-n-mobo,1260,0.0747,1604.0,730.5,1679.3,789.7,2048,1536
20170625_BBM_bm-n-mobo,1260,0.7101,1602.4,668.0,1767.2,792.8,2048,1536
20170625_BBM_bm-n-mobo,1260,0.0723,1604.0,730.6,1679.1,789.7,2048,1536
20170625_BBM_bm-n-mobo,1320,0.7445,1605.9,715.6,1728.6,795.0,2048,1536
20170625_BBM_bm-n-mobo,1320,0.7484,1605.9,715.5,1728.6,794.9,2048,1536
20170625_BBM_bm-n-mobo,1320,0.7419,1605.8,715.7,1728.2,795.0,2048,1536
20170625_BBM_bm-n-mobo,1320,0.7444,1605.8,715.6,1728.4,794.9,2048,1536
20170625_BBM_bm-n-mobo,1380,0.5676,1585.1,717.6,1667.0,789.6,2048,1536
20170625_BBM_bm-n-mobo,1380,0.5883,1585.2,717.5,1666.8,789.4,2048,1536
20170625_BBM_bm-n-mobo,1380,0.5835,1585.4,717.6,1666.8,789.5,2048,1536
20170625_BBM_bm-n-mobo,1380,0.5980,1585.5,717.5,1666.7,789.4,2048,1536
20170625_BBM_bm-n-mobo,1440,0.4232,1596.8,716.6,1675.3,789.9,2048,1536
20170625_BBM_bm-n-mobo,1440,0.2722,1594.3,681.4,1715.8,793.6,2048,1536
20170625_BBM_bm-n-mobo,1440,0.4323,1596.8,716.8,1675.1,789.9,2048,1536
20170625_BBM_bm-n-mobo,1440,0.2743,1594.3,681.5,1716.2,793.5,2048,1536
20170625_BBM_bm-n-mobo,1440,0.4863,1596.8,717.7,1674.6,789.9,2048,1536
20170625_BBM_bm-n-mobo,1440,0.2446,1594.2,681.4,1715.9,793.5,2048,1536
20170625_BBM_bm-n-mobo,1440,0.4805,1596.8,717.6,1674.6,789.9,2048,1536
20170625_BBM_bm-n-mobo,1440,0.2541,1594.3,681.4,1716.2,793.4,2048,1536
20170625_BBM_bm-n-mobo,1500,0.5381,1599.1,705.9,1756.8,793.2,2048,1536
20170625_BBM_bm-n-mobo,1500,0.3573,1601.1,713.7,1678.0,790.1,2048,1536
20170625_BBM_bm-n-mobo,1500,0.5448,1599.2,705.8,1756.7,793.0,2048,1536
20170625_BBM_bm-n-mobo,1500,0.3600,1601.1,713.7,1677.8,790.1,2048,1536
20170625_BBM_bm-n-mobo,1500,0.5280,1599.1,706.1,1756.6,793.2,2048,1536
20170625_BBM_bm-n-mobo,1500,0.3831,1601.1,713.7,1677.8,790.1,2048,1536
20170625_BBM_bm-n-mobo,1500,0.5374,1599.2,706.0,1756.5,793.1,2048,1536
20170625_BBM_bm-n-mobo,1500,0.3803,1601.1,713.7,1677.7,790.1,2048,1536
20170625_BBM_bm-n-mobo,1560,0.6740,1580.3,733.0,1703.1,794.9,2048,1536
20170625_BBM_bm-n-mobo,1560,0.6806,1580.3,733.0,1703.1,794.8,2048,1536
20170625_BBM_bm-n-mobo,1560,0.6921,1580.3,733.1,1703.1,794.9,2048,1536
20170625_BBM_bm-n-mobo,1560,0.6962,1580.2,733.1,1703.1,794.9,2048,1536
20170625_BBM_bm-n-mobo,1620,0.8406,1596.9,697.1,1700.6,792.8,2048,1536
20170625_BBM_bm-n-mobo,1620,0.8426,1596.9,697.1,1700.7,792.8,2048,1536
20170625_BBM_bm-n-mobo,1620,0.8436,1597.1,697.7,1700.4,792.8,2048,1536
20170625_BBM_bm-n-mobo,1620,0.8450,1597.1,697.7,1700.5,792.8,2048,1536
20170625_BBM_bm-n-mobo,1680,0.2956,1596.1,748.9,1692.0,792.2,2048,1536
20170625_BBM_bm-n-mobo,1680,0.2441,1593.0,668.1,1817.8,797.8,2048,1536
20170625_BBM_bm-n-mobo,1680,0.1190,1594.0,708.6,1821.2,799.7,2048,1536
20170625_BBM_bm-n-mobo,1680,0.3170,1596.1,748.9,1692.1,792.1,2048,1536
20170625_BBM_bm-n-mobo,1680,0.2656,1593.0,667.8,1819.8,797.4,2048,1536
20170625_BBM_bm-n-mobo,1680,0.1193,1594.0,707.3,1823.8,799.6,2048,1536
20170625_BBM_bm-n-mobo,1680,0.3365,1596.0,748.8,1692.0,792.2,2048,1536
20170625_BBM_bm-n-mobo,1680,0.2332,1593.9,683.9,1814.2,796.2,2048,1536
20170625_BBM_bm-n-mobo,1680,0.1402,1585.0,652.3,1829.9,800.7,2048,1536
20170625_BBM_bm-n-mobo,1680,0.1036,1594.4,720.2,1812.2,797.1,2048,1536
20170625_BBM_bm-n-mobo,1680,0.3476,1596.0,748.8,1692.2,792.2,2048,1536
20170625_BBM_bm-n-mobo,1680,0.2528,1593.9,682.6,1815.6,796.0,2048,1536
20170625_BBM_bm-n-mobo,1680,0.1644,1584.8,652.6,1833.3,800.7,2048,1536
20170625_BBM_bm-n-mobo,1680,0.1056,1594.4,719.6,1813.4,796.9,2048,1536
20170625_BBM_bm-n-mobo,1740,0.8835,1606.3,695.8,1724.9,791.8,2048,1536
20170625_BBM_bm-n-mobo,1740,0.8838,1606.3,695.8,1724.9,791.8,2048,1536
20170625_BBM_bm-n-mobo,1740,0.8843,1606.3,696.0,1724.8,791.8,2048,1536
20170625_BBM_bm-n-mobo,1740,0.8843,1606.3,695.9,1724.8,791.8,2048,1536
20170625_BBM_bm-n-mobo,1800,0.5002,1618.1,656.6,1867.9,802.9,2048,1536
20170625_BBM_bm-n-mobo,1800,0.4887,1608.0,737.2,1741.9,803.9,2048,1536
20170625_BBM_bm-n-mobo,1800,0.0979,1606.2,653.4,1804.0,806.2,2048,1536
20170625_BBM_bm-n-mobo,1800,0.5405,1601.9,654.2,1872.7,806.6,2048,1536
20170625_BBM_bm-n-mobo,1800,0.4615,1608.0,737.3,1741.4,803.8,2048,1536
20170625_BBM_bm-n-mobo,1800,0.5151,1608.1,737.3,1741.9,803.4,2048,1536
20170625_BBM_bm-n-mobo,1800,0.4980,1618.5,656.9,1866.3,802.9,2048,1536
20170625_BBM_bm-n-mobo,1800,0.0869,1606.1,653.3,1803.3,806.2,2048,1536
20170625_BBM_bm-n-mobo,1800,0.5398,1602.1,654.1,1872.1,806.6,2048,1536
20170625_BBM_bm-n-mobo,1800,0.4796,1608.0,737.4,1741.6,803.5,2048,1536
20170625_BBM_bm-n-mobo,1860,0.7158,1584.5,689.5,1842.0,788.3,2048,1536
20170625_BBM_bm-n-mobo,1860,0.6996,1584.3,689.0,1842.4,788.3,2048,1536
20170625_BBM_bm-n-mobo,1860,0.7167,1584.4,689.2,1841.9,788.2,2048,1536
20170625_BBM_bm-n-mobo,1860,0.6997,1584.3,688.7,1842.3,788.3,2048,1536
20170625_BBM_bm-n-mobo,1920,0.7398,1583.5,662.5,1793.5,790.7,2048,1536
20170625_BBM_bm-n-mobo,1920,0.7049,1583.3,662.3,1797.7,790.8,2048,1536
20170625_BBM_bm-n-mobo,1920,0.0514,1592.4,655.9,1866.0,801.2,2048,1536
20170625_BBM_bm-n-mobo,1920,0.7476,1583.7,662.6,1793.3,790.7,2048,1536
20170625_BBM_bm-n-mobo,1920,0.7116,1583.4,662.3,1797.4,790.8,2048,1536
20170625_BBM_bm-n-mobo,1920,0.0537,1592.2,655.9,1865.3,801.2,2048,1536
20170625_BBM_bm-n-mobo,1980,0.8743,1593.8,638.6,1799.3,796.9,2048,1536
20170625_BBM_bm-n-mobo,1980,0.8714,1593.7,638.9,1799.3,796.7,2048,1536
20170625_BBM_bm-n-mobo,1980,0.8772,1593.9,638.2,1799.2,796.8,2048,1536
20170625_BBM_bm-n-mobo,1980,0.8739,1593.8,638.4,1799.2,796.7,2048,1536
20170625_BBM_bm-n-mobo,2040,0.7285,1608.3,641.7,1889.7,795.9,2048,1536
20170625_BBM_bm-n-mobo,2040,0.7166,1607.9,642.1,1886.0,796.3,2048,1536
20170625_BBM_bm-n-mobo,2040,0.7344,1608.2,642.0,1887.5,795.6,2048,1536
20170625_BBM_bm-n-mobo,2040,0.7215,1607.9,642.1,1884.3,796.1,2048,1536
20170625_BBM_bm-n-mobo,2100,0.6023,1596.3,629.3,1908.2,804.3,2048,1536
20170625_BBM_bm-n-mobo,2100,0.6223,1595.0,628.6,1915.2,805.0,2048,1536
20170625_BBM_bm-n-mobo,2100,0.6157,1596.5,629.2,1908.4,804.2,2048,1536
20170625_BBM_bm-n-mobo,2100,0.6350,1595.4,627.9,1915.6,805.0,2048,1536
20170625_BBM_bm-n-mobo,2160,0.3599,1584.2,677.7,1920.0,805.9,2048,1536
20170625_BBM_bm-n-mobo,2160,0.0552,1593.8,692.7,1864.9,798.8,2048,1536
20170625_BBM_bm-n-mobo,2160,0.3173,1587.4,657.8,2025.7,813.4,2048,1536
20170625_BBM_bm-n-mobo,2160,0.1709,1577.0,678.9,1960.7,802.0,2048,1536
20170625_BBM_bm-n-mobo,2160,0.1049,1595.6,692.8,1778.0,797.3,2048,1536
20170625_BBM_bm-n-mobo,2160,0.0740,1593.7,692.7,1866.8,797.3,2048,1536
20170625_BBM_bm-n-mobo,2160,0.3600,1583.9,678.2,1920.0,806.2,2048,1536
20170625_BBM_bm-n-mobo,2160,0.0637,1594.0,692.8,1863.7,798.8,2048,1536
20170625_BBM_bm-n-mobo,2160,0.3201,1585.9,657.5,2026.5,813.6,2048,1536
20170625_BBM_bm-n-mobo,2160,0.1823,1576.7,678.7,1961.4,802.1,2048,1536
20170625_BBM_bm-n-mobo,2160,0.1160,1595.9,692.9,1776.8,797.3,2048,1536
20170625_BBM_bm-n-mobo,2160,0.0771,1593.8,692.7,1869.2,797.3,2048,1536
20170625_BBM_bm-n-mobo,2220,0.6982,1585.9,647.3,1914.1,805.5,2048,1536
20170625_BBM_bm-n-mobo,2220,0.4119,1600.9,645.5,1838.8,798.6,2048,1536
20170625_BBM_bm-n-mobo,2220,0.6289,1585.4,646.8,1966.5,807.2,2048,1536
20170625_BBM_bm-n-mobo,2220,0.4294,1599.2,643.1,1866.5,800.4,2048,1536
20170625_BBM_bm-n-mobo,2220,0.6989,1596.4,646.4,1871.4,801.4,2048,1536
20170625_BBM_bm-n-mobo,2220,0.6153,1585.4,646.8,1967.3,807.4,2048,1536
20170625_BBM_bm-n-mobo,2220,0.4516,1599.5,643.0,1863.3,800.2,2048,1536
20170625_BBM_bm-n-mobo,2220,0.0576,1619.5,640.5,2001.3,837.2,2048,1536
20170625_BBM_bm-n-mobo,2280,0.8139,1601.1,654.2,1818.6,798.2,2048,1536
20170625_BBM_bm-n-mobo,2280,0.8078,1601.0,654.2,1818.2,798.4,2048,1536
20170625_BBM_bm-n-mobo,2280,0.8246,1601.2,654.7,1817.9,798.1,2048,1536
20170625_BBM_bm-n-mobo,2280,0.8179,1601.1,654.7,1817.4,798.3,2048,1536
20170625_BBM_bm-n-mobo,2340,0.7136,1598.1,645.2,1903.0,804.8,2048,1536
20170625_BBM_bm-n-mobo,2340,0.4925,1593.7,642.6,1998.0,806.9,2048,1536
20170625_BBM_bm-n-mobo,2340,0.2421,1598.0,622.2,2048.0,831.9,2048,1536
20170625_BBM_bm-n-mobo,2340,0.0659,1601.7,639.2,1894.1,819.4,2048,1536
20170625_BBM_bm-n-mobo,2340,0.0561,1671.9,633.3,2048.0,800.9,2048,1536
20170625_BBM_bm-n-mobo,2340,0.7054,1598.0,645.1,1903.7,804.7,2048,1536
20170625_BBM_bm-n-mobo,2340,0.5002,1595.3,642.1,1998.1,806.7,2048,1536
20170625_BBM_bm-n-mobo,2340,0.2514,1598.4,621.0,2048.0,831.5,2048,1536
20170625_BBM_bm-n-mobo,2340,0.0697,1602.1,638.9,1893.2,818.9,2048,1536
20170625_BBM_bm-n-mobo,2400,0.7160,1593.6,635.7,1849.1,808.8,2048,1536
20170625_BBM_bm-n-mobo,2400,0.5577,1592.7,635.3,1867.0,809.5,2048,1536
20170625_BBM_bm-n-mobo,2400,0.3418,1593.6,636.3,1999.0,816.0,2048,1536
20170625_BBM_bm-n-mobo,2400,0.7174,1593.9,635.8,1848.6,808.7,2048,1536
20170625_BBM_bm-n-mobo,2400,0.5672,1593.1,635.2,1865.5,809.5,2048,1536
20170625_BBM_bm-n-mobo,2400,0.3424,1594.1,636.2,1999.0,815.9,2048,1536
20170625_BBM_bm-n-mobo,2400,0.0511,1614.0,619.7,2048.0,842.7,2048,1536
20170625_FIRE_mg-s-iqeye,-2400,0.3360,880.8,426.9,930.3,574.0,1600,1200
20170625_FIRE_mg-s-iqeye,-2400,0.0741,880.5,423.6,969.1,572.4,1600,1200
20170625_FIRE_mg-s-iqeye,-2400,0.0565,870.0,421.8,1024.0,573.0,1600,1200
20170625_FIRE_mg-s-iqeye,-2400,0.0513,881.3,462.1,926.4,573.6,1600,1200
20170625_FIRE_mg-s-iqeye,-2400,0.3061,881.3,428.0,930.0,573.8,1600,1200
20170625_FIRE_mg-s-iqeye,-2400,0.1878,1584.8,561.5,1599.8,591.4,1600,1200
20170625_FIRE_mg-s-iqeye,-2400,0.0924,887.1,423.8,940.6,577.4,1600,1200
20170625_FIRE_mg-s-iqeye,-2400,0.0623,1587.5,562.7,1600.0,601.8,1600,1200
20170625_FIRE_mg-s-iqeye,-2400,0.1763,880.5,430.8,929.8,573.2,1600,1200
20170625_FIRE_mg-s-iqeye,-2400,0.0514,881.2,468.1,925.1,572.5,1600,1200
20170625_FIRE_mg-s-iqeye,-2400,0.2108,1584.4,561.2,1599.8,590.8,1600,1200
20170625_FIRE_mg-s-iqeye,-2400,0.1948,880.5,427.4,930.0,573.2,1600,1200
20170625_FIRE_mg-s-iqeye,-2400,0.0688,885.3,422.8,943.2,576.5,1600,1200
20170625_FIRE_mg-s-iqeye,-2400,0.0687,1586.9,562.6,1600.0,601.2,1600,1200
20170625_FIRE_mg-s-iqeye,-2400,0.0506,881.1,468.7,924.9,572.5,1600,1200
20170625_FIRE_mg-s-iqeye,-2340,0.3538,881.8,430.1,929.7,580.9,1600,1200
20170625_FIRE_mg-s-iqeye,-2340,0.0665,883.2,468.5,925.6,581.3,1600,1200
20170625_FIRE_mg-s-iqeye,-2340,0.0555,880.5,427.2,969.0,577.9,1600,1200
20170625_FIRE_mg-s-iqeye,-2340,0.3238,881.9,430.3,929.4,579.9,1600,1200
20170625_FIRE_mg-s-iqeye,-2340,0.2152,1585.9,560.2,1599.9,590.1,1600,1200
20170625_FIRE_mg-s-iqeye,-2340,0.1778,1589.2,561.9,1600.0,591.5,1600,1200
20170625_FIRE_mg-s-iqeye,-2340,0.0741,883.1,468.6,925.5,580.5,1600,1200
20170625_FIRE_mg-s-iqeye,-2340,0.2171,881.6,438.8,929.0,579.1,1600,1200
20170625_FIRE_mg-s-iqeye,-2340,0.0713,883.0,473.1,924.7,579.3,1600,1200
20170625_FIRE_mg-s-iqeye,-2340,0.2277,1585.2,560.0,1599.8,589.8,1600,1200
20170625_FIRE_mg-s-iqeye,-2340,0.2240,881.4,432.1,929.1,579.1,1600,1200
20170625_FIRE_mg-s-iqeye,-2340,0.0905,1587.9,562.3,1600.0,598.3,1600,1200
20170625_FIRE_mg-s-iqeye,-2340,0.0691,882.9,474.7,924.5,579.4,1600,1200
20170625_FIRE_mg-s-iqeye,-2340,0.0518,883.3,507.9,917.1,579.6,1600,1200
20170625_FIRE_mg-s-iqeye,-2280,0.3384,881.0,426.3,931.3,579.1,1600,1200
20170625_FIRE_mg-s-iqeye,-2280,0.1029,867.1,425.5,939.6,577.0,1600,1200
20170625_FIRE_mg-s-iqeye,-2280,0.0877,880.3,424.3,958.4,575.9,1600,1200
20170625_FIRE_mg-s-iqeye,-2280,0.0763,884.2,539.6,914.5,578.9,1600,1200
20170625_FIRE_mg-s-iqeye,-2280,0.0508,882.9,475.8,926.4,578.3,1600,1200
20170625_FIRE_mg-s-iqeye,-2280,0.3029,881.1,426.0,930.9,578.6,1600,1200
20170625_FIRE_mg-s-iqeye,-2280,0.2434,1585.6,561.0,1599.9,589.9,1600,1200
20170625_FIRE_mg-s-iqeye,-2280,0.0895,884.1,540.3,914.5,578.5,1600,1200
20170625_FIRE_mg-s-iqeye,-2280,0.0895,1588.7,562.1,1600.0,596.9,1600,1200
20170625_FIRE_mg-s-iqeye,-2280,0.0848,864.7,425.4,938.5,576.6,1600,1200
20170625_FIRE_mg-s-iqeye,-2280,0.0674,881.6,424.0,952.2,575.7,1600,1200
20170625_FIRE_mg-s-iqeye,-2280,0.0525,882.8,476.5,926.0,578.0,1600,1200
20170625_FIRE_mg-s-iqeye,-2280,0.1969,880.8,427.5,930.7,578.5,1600,1200
20170625_FIRE_mg-s-iqeye,-2280,0.1339,882.0,467.4,928.0,576.5,1600,1200
20170625_FIRE_mg-s-iqeye,-2280,0.0827,884.4,540.3,914.4,578.2,1600,1200
20170625_FIRE_mg-s-iqeye,-2280,0.0574,859.6,425.1,940.1,576.8,1600,1200
20170625_FIRE_mg-s-iqeye,-2280,0.0568,883.8,511.4,915.6,578.7,1600,1200
20170625_FIRE_mg-s-iqeye,-2280,0.2531,1584.6,560.7,1599.8,589.5,1600,1200
20170625_FIRE_mg-s-iqeye,-2280,0.2071,880.4,425.8,931.0,578.1,1600,1200
20170625_FIRE_mg-s-iqeye,-2280,0.1167,881.8,464.3,927.7,576.2,1600,1200
20170625_FIRE_mg-s-iqeye,-2280,0.0925,884.3,540.7,914.4,578.0,1600,1200
20170625_FIRE_mg-s-iqeye,-2280,0.0830,1587.5,561.8,1600.0,596.5,1600,1200
20170625_FIRE_mg-s-iqeye,-2280,0.0812,865.5,423.6,944.2,578.3,1600,1200
20170625_FIRE_mg-s-iqeye,-2280,0.0614,883.7,513.8,915.6,578.3,1600,1200
20170625_FIRE_mg-s-iqeye,-2220,0.2553,881.0,425.6,930.8,575.6,1600,1200
20170625_FIRE_mg-s-iqeye,-2220,0.0923,879.9,423.5,995.1,573.5,1600,1200
20170625_FIRE_mg-s-iqeye,-2220,0.0852,861.4,424.8,940.1,574.7,1600,1200
20170625_FIRE_mg-s-iqeye,-2220,0.0588,884.8,542.1,913.8,574.9,1600,1200
20170625_FIRE_mg-s-iqeye,-2220,0.2390,1583.9,560.1,1599.9,591.2,1600,1200
20170625_FIRE_mg-s-iqeye,-2220,0.2266,881.2,425.3,930.9,575.6,1600,1200
20170625_FIRE_mg-s-iqeye,-2220,0.0972,887.2,423.7,942.8,577.9,1600,1200
20170625_FIRE_mg-s-iqeye,-2220,0.0885,1587.1,561.7,1600.0,598.8,1600,1200
20170625_FIRE_mg-s-iqeye,-2220,0.0742,857.9,424.9,939.4,574.6,1600,1200
20170625_FIRE_mg-s-iqeye,-2220,0.0588,884.7,542.4,913.7,574.8,1600,1200
20170625_FIRE_mg-s-iqeye,-2220,0.1130,880.5,426.8,930.1,575.0,1600,1200
20170625_FIRE_mg-s-iqeye,-2220,0.0834,882.0,461.6,926.3,573.3,1600,1200
20170625_FIRE_mg-s-iqeye,-2220,0.0593,884.9,542.8,913.7,574.2,1600,1200
20170625_FIRE_mg-s-iqeye,-2220,0.2430,1583.2,560.0,1599.9,590.6,1600,1200
20170625_FIRE_mg-s-iqeye,-2220,0.1144,880.1,425.3,930.7,575.0,1600,1200
20170625_FIRE_mg-s-iqeye,-2220,0.0908,1586.3,561.5,1600.0,598.3,1600,1200
20170625_FIRE_mg-s-iqeye,-2220,0.0731,881.8,458.9,926.3,573.4,1600,1200
20170625_FIRE_mg-s-iqeye,-2220,0.0603,884.8,543.2,913.6,574.3,1600,1200
20170625_FIRE_mg-s-iqeye,-2220,0.0552,850.6,424.3,941.2,574.5,1600,1200
20170625_FIRE_mg-s-iqeye,-2220,0.0511,1583.1,529.3,1600.0,590.5,1600,1200
20170625_FIRE_mg-s-iqeye,-2160,0.3584,882.3,428.1,930.1,579.8,1600,1200
20170625_FIRE_mg-s-iqeye,-2160,0.0868,883.7,465.2,926.6,579.7,1600,1200
20170625_FIRE_mg-s-iqeye,-2160,0.3532,882.5,430.5,929.9,578.9,1600,1200
20170625_FIRE_mg-s-iqeye,-2160,0.1848,1584.9,561.5,1599.9,589.0,1600,1200
20170625_FIRE_mg-s-iqeye,-2160,0.1612,1589.5,561.7,1600.0,589.0,1600,1200
20170625_FIRE_mg-s-iqeye,-2160,0.1066,883.6,464.6,926.5,579.0,1600,1200
20170625_FIRE_mg-s-iqeye,-2160,0.0536,1589.5,562.9,1600.0,599.0,1600,1200
20170625_FIRE_mg-s-iqeye,-2160,0.2502,881.9,432.3,929.8,578.7,1600,1200
20170625_FIRE_mg-s-iqeye,-2160,0.0812,883.6,470.5,925.6,578.1,1600,1200
20170625_FIRE_mg-s-iqeye,-2160,0.0539,885.0,532.0,915.1,576.8,1600,1200
20170625_FIRE_mg-s-iqeye,-2160,0.0506,884.2,505.9,916.2,578.4,1600,1200
20170625_FIRE_mg-s-iqeye,-2160,0.2448,881.8,430.3,929.7,578.4,1600,1200
20170625_FIRE_mg-s-iqeye,-2160,0.1831,1584.2,561.1,1599.8,588.7,1600,1200
20170625_FIRE_mg-s-iqeye,-2160,0.1565,1588.3,561.8,1600.0,589.8,1600,1200
20170625_FIRE_mg-s-iqeye,-2160,0.0834,883.3,471.3,925.3,578.2,1600,1200
20170625_FIRE_mg-s-iqeye,-2160,0.0586,884.9,532.7,915.2,576.8,1600,1200
20170625_FIRE_mg-s-iqeye,-2160,0.0568,884.1,507.2,916.3,578.2,1600,1200
20170625_FIRE_mg-s-iqeye,-2100,0.3490,881.5,425.7,929.9,577.5,1600,1200
20170625_FIRE_mg-s-iqeye,-2100,0.0912,881.0,424.4,993.4,575.2,1600,1200
20170625_FIRE_mg-s-iqeye,-2100,0.3187,881.7,426.0,929.8,577.6,1600,1200
20170625_FIRE_mg-s-iqeye,-2100,0.2124,1585.9,560.2,1599.9,589.2,1600,1200
20170625_FIRE_mg-s-iqeye,-2100,0.1143,1587.9,551.3,1600.0,589.5,1600,1200
20170625_FIRE_mg-s-iqeye,-2100,0.0911,887.7,424.3,941.6,579.0,1600,1200
20170625_FIRE_mg-s-iqeye,-2100,0.0616,1588.2,562.7,1600.0,596.9,1600,1200
20170625_FIRE_mg-s-iqeye,-2100,0.0536,882.3,468.5,925.4,577.0,1600,1200
20170625_FIRE_mg-s-iqeye,-2100,0.1807,881.0,428.1,929.2,576.5,1600,1200
20170625_FIRE_mg-s-iqeye,-2100,0.2011,1585.3,559.7,1599.9,588.9,1600,1200
20170625_FIRE_mg-s-iqeye,-2100,0.1907,881.0,426.4,929.3,576.7,1600,1200
20170625_FIRE_mg-s-iqeye,-2100,0.1088,1587.0,550.9,1600.0,589.2,1600,1200
20170625_FIRE_mg-s-iqeye,-2100,0.0625,885.3,423.2,943.4,578.0,1600,1200
20170625_FIRE_mg-s-iqeye,-2100,0.0574,1587.5,562.5,1600.0,596.5,1600,1200
20170625_FIRE_mg-s-iqeye,-2100,0.0541,1584.5,533.5,1600.0,589.2,1600,1200
20170625_FIRE_mg-s-iqeye,-2040,0.3037,881.3,427.5,931.3,581.8,1600,1200
20170625_FIRE_mg-s-iqeye,-2040,0.1251,860.4,426.6,937.6,579.3,1600,1200
20170625_FIRE_mg-s-iqeye,-2040,0.0576,879.4,424.5,966.0,579.8,1600,1200
20170625_FIRE_mg-s-iqeye,-2040,0.0539,885.0,528.0,914.8,582.2,1600,1200
20170625_FIRE_mg-s-iqeye,-2040,0.0510,885.5,544.6,913.4,583.9,1600,1200
20170625_FIRE_mg-s-iqeye,-2040,0.2704,881.7,427.5,931.0,581.1,1600,1200
20170625_FIRE_mg-s-iqeye,-2040,0.1851,1584.3,559.8,1599.9,592.3,1600,1200
20170625_FIRE_mg-s-iqeye,-2040,0.1457,1589.0,561.3,1600.0,594.2,1600,1200
20170625_FIRE_mg-s-iqeye,-2040,0.1105,857.8,426.7,936.8,578.6,1600,1200
20170625_FIRE_mg-s-iqeye,-2040,0.0535,885.0,535.8,914.1,581.7,1600,1200
20170625_FIRE_mg-s-iqeye,-2040,0.1606,881.0,428.4,930.4,580.5,1600,1200
20170625_FIRE_mg-s-iqeye,-2040,0.0699,885.1,531.9,914.6,581.3,1600,1200
20170625_FIRE_mg-s-iqeye,-2040,0.0560,884.4,510.0,915.7,583.1,1600,1200
20170625_FIRE_mg-s-iqeye,-2040,0.0523,883.6,479.9,924.6,580.1,1600,1200
20170625_FIRE_mg-s-iqeye,-2040,0.1771,880.8,427.3,930.7,580.6,1600,1200
20170625_FIRE_mg-s-iqeye,-2040,0.1610,1583.8,559.6,1599.9,591.8,1600,1200
20170625_FIRE_mg-s-iqeye,-2040,0.1354,1587.9,560.9,1600.0,593.9,1600,1200
20170625_FIRE_mg-s-iqeye,-2040,0.0722,885.0,532.0,914.6,581.5,1600,1200
20170625_FIRE_mg-s-iqeye,-2040,0.0716,854.7,425.9,937.6,578.5,1600,1200
20170625_FIRE_mg-s-iqeye,-2040,0.0596,884.3,510.0,915.7,583.3,1600,1200
20170625_FIRE_mg-s-iqeye,-1980,0.3139,881.4,427.3,929.8,575.8,1600,1200
20170625_FIRE_mg-s-iqeye,-1980,0.0733,881.3,424.4,986.4,573.3,1600,1200
20170625_FIRE_mg-s-iqeye,-1980,0.0729,884.3,540.2,914.0,575.8,1600,1200
20170625_FIRE_mg-s-iqeye,-1980,0.0610,882.6,470.0,924.4,575.3,1600,1200
20170625_FIRE_mg-s-iqeye,-1980,0.0510,883.1,512.6,916.0,574.5,1600,1200
20170625_FIRE_mg-s-iqeye,-1980,0.2980,881.6,428.4,929.6,575.2,1600,1200
20170625_FIRE_mg-s-iqeye,-1980,0.1402,1444.5,555.8,1465.0,577.8,1600,1200
20170625_FIRE_mg-s-iqeye,-1980,0.1174,1583.9,559.1,1599.9,590.3,1600,1200
20170625_FIRE_mg-s-iqeye,-1980,0.0997,1589.5,559.7,1600.0,590.3,1600,1200
20170625_FIRE_mg-s-iqeye,-1980,0.0813,887.3,425.1,941.0,577.3,1600,1200
20170625_FIRE_mg-s-iqeye,-1980,0.0802,884.3,541.5,914.0,575.1,1600,1200
20170625_FIRE_mg-s-iqeye,-1980,0.0663,882.6,469.1,924.1,574.8,1600,1200
20170625_FIRE_mg-s-iqeye,-1980,0.1287,881.2,430.5,929.1,574.6,1600,1200
20170625_FIRE_mg-s-iqeye,-1980,0.0791,884.4,542.7,913.9,574.5,1600,1200
20170625_FIRE_mg-s-iqeye,-1980,0.0606,883.4,517.7,915.7,574.7,1600,1200
20170625_FIRE_mg-s-iqeye,-1980,0.0540,882.6,477.8,922.6,573.7,1600,1200
20170625_FIRE_mg-s-iqeye,-1980,0.3169,1444.0,555.9,1465.7,580.2,1600,1200
20170625_FIRE_mg-s-iqeye,-1980,0.1428,881.1,427.8,929.6,574.4,1600,1200
20170625_FIRE_mg-s-iqeye,-1980,0.1258,1583.5,559.1,1599.9,589.9,1600,1200
20170625_FIRE_mg-s-iqeye,-1980,0.1053,1588.9,561.3,1600.0,591.4,1600,1200
20170625_FIRE_mg-s-iqeye,-1980,0.0744,884.3,542.9,913.9,574.3,1600,1200
20170625_FIRE_mg-s-iqeye,-1980,0.0547,883.3,518.0,915.8,574.4,1600,1200
20170625_FIRE_mg-s-iqeye,-1920,0.2881,881.4,426.5,930.1,577.5,1600,1200
20170625_FIRE_mg-s-iqeye,-1920,0.0624,882.0,424.8,983.8,575.1,1600,1200
20170625_FIRE_mg-s-iqeye,-1920,0.0617,886.9,425.0,942.6,579.7,1600,1200
20170625_FIRE_mg-s-iqeye,-1920,0.0509,882.2,465.1,925.5,576.7,1600,1200
20170625_FIRE_mg-s-iqeye,-1920,0.2624,881.7,426.7,929.9,577.0,1600,1200
20170625_FIRE_mg-s-iqeye,-1920,0.1260,1586.3,561.9,1599.9,590.6,1600,1200
20170625_FIRE_mg-s-iqeye,-1920,0.1218,1591.7,562.2,1600.0,590.6,1600,1200
20170625_FIRE_mg-s-iqeye,-1920,0.0648,889.0,425.2,941.8,579.3,1600,1200
20170625_FIRE_mg-s-iqeye,-1920,0.0625,1589.2,564.0,1600.0,592.1,1600,1200
20170625_FIRE_mg-s-iqeye,-1920,0.0602,866.7,426.0,936.7,575.9,1600,1200
20170625_FIRE_mg-s-iqeye,-1920,0.0583,882.2,464.0,925.4,576.4,1600,1200
20170625_FIRE_mg-s-iqeye,-1920,0.0523,1591.2,563.4,1600.0,601.3,1600,1200
20170625_FIRE_mg-s-iqeye,-1920,0.1320,880.6,427.4,929.4,576.7,1600,1200
20170625_FIRE_mg-s-iqeye,-1920,0.1618,880.6,426.5,929.7,576.6,1600,1200
20170625_FIRE_mg-s-iqeye,-1920,0.1246,1585.6,561.7,1599.9,590.3,1600,1200
20170625_FIRE_mg-s-iqeye,-1920,0.1129,1590.7,562.3,1600.0,592.0,1600,1200
20170625_FIRE_mg-s-iqeye,-1860,0.3058,880.8,424.8,929.6,575.8,1600,1200
20170625_FIRE_mg-s-iqeye,-1860,0.1535,880.5,423.2,1001.3,573.3,1600,1200
20170625_FIRE_mg-s-iqeye,-1860,0.0661,882.6,512.1,916.5,575.6,1600,1200
20170625_FIRE_mg-s-iqeye,-1860,0.3056,880.8,425.4,929.1,575.5,1600,1200
20170625_FIRE_mg-s-iqeye,-1860,0.1836,1585.2,560.0,1599.9,589.7,1600,1200
20170625_FIRE_mg-s-iqeye,-1860,0.1417,1589.3,561.3,1600.0,591.2,1600,1200
20170625_FIRE_mg-s-iqeye,-1860,0.1356,886.7,422.9,941.8,576.3,1600,1200
20170625_FIRE_mg-s-iqeye,-1860,0.0972,881.6,423.3,969.0,573.3,1600,1200
20170625_FIRE_mg-s-iqeye,-1860,0.0600,882.6,512.6,916.3,575.3,1600,1200
20170625_FIRE_mg-s-iqeye,-1860,0.0513,875.0,422.4,1006.2,573.2,1600,1200
20170625_FIRE_mg-s-iqeye,-1860,0.1966,880.4,425.8,928.8,575.1,1600,1200
20170625_FIRE_mg-s-iqeye,-1860,0.1075,879.3,422.7,1012.4,573.2,1600,1200
20170625_FIRE_mg-s-iqeye,-1860,0.0884,884.3,421.6,946.4,576.1,1600,1200
20170625_FIRE_mg-s-iqeye,-1860,0.0826,882.4,514.4,916.4,575.7,1600,1200
20170625_FIRE_mg-s-iqeye,-1860,0.0526,883.6,534.8,914.9,574.9,1600,1200
20170625_FIRE_mg-s-iqeye,-1860,0.2110,880.1,425.0,929.1,575.1,1600,1200
20170625_FIRE_mg-s-iqeye,-1860,0.1935,1584.4,560.0,1599.8,589.2,1600,1200
20170625_FIRE_mg-s-iqeye,-1860,0.1155,885.5,422.0,943.6,575.4,1600,1200
20170625_FIRE_mg-s-iqeye,-1860,0.0912,880.5,423.0,976.5,573.4,1600,1200
20170625_FIRE_mg-s-iqeye,-1860,0.0837,882.2,515.6,916.4,575.7,1600,1200
20170625_FIRE_mg-s-iqeye,-1860,0.0542,883.4,535.0,914.9,575.0,1600,1200
20170625_FIRE_mg-s-iqeye,-1860,0.0502,1588.3,561.7,1600.0,600.9,1600,1200
20170625_FIRE_mg-s-iqeye,-1800,0.2997,882.1,426.5,930.1,577.3,1600,1200
20170625_FIRE_mg-s-iqeye,-1800,0.1727,876.6,422.7,1021.7,573.5,1600,1200
20170625_FIRE_mg-s-iqeye,-1800,0.1349,881.2,426.2,975.0,575.7,1600,1200
20170625_FIRE_mg-s-iqeye,-1800,0.0768,884.8,423.0,948.4,579.5,1600,1200
20170625_FIRE_mg-s-iqeye,-1800,0.3331,882.3,426.1,930.3,576.6,1600,1200
20170625_FIRE_mg-s-iqeye,-1800,0.2522,1583.9,560.8,1599.9,591.8,1600,1200
20170625_FIRE_mg-s-iqeye,-1800,0.1276,883.0,423.7,970.3,573.3,1600,1200
20170625_FIRE_mg-s-iqeye,-1800,0.1049,886.6,422.8,943.9,579.0,1600,1200
20170625_FIRE_mg-s-iqeye,-1800,0.0954,1587.3,562.3,1600.0,600.7,1600,1200
20170625_FIRE_mg-s-iqeye,-1800,0.0754,1506.0,539.9,1528.8,571.1,1600,1200
20170625_FIRE_mg-s-iqeye,-1800,0.1698,882.0,430.0,930.3,576.7,1600,1200
20170625_FIRE_mg-s-iqeye,-1800,0.1277,880.8,423.2,1001.1,573.8,1600,1200
20170625_FIRE_mg-s-iqeye,-1800,0.1194,881.5,424.5,962.1,574.7,1600,1200
20170625_FIRE_mg-s-iqeye,-1800,0.2230,881.7,426.0,931.5,576.6,1600,1200
20170625_FIRE_mg-s-iqeye,-1800,0.2226,1583.6,560.6,1599.9,591.5,1600,1200
20170625_FIRE_mg-s-iqeye,-1800,0.1697,881.7,424.3,953.7,574.4,1600,1200
20170625_FIRE_mg-s-iqeye,-1800,0.0804,1586.7,562.1,1600.0,600.6,1600,1200
20170625_FIRE_mg-s-iqeye,-1800,0.0737,877.4,422.6,989.9,574.2,1600,1200
20170625_FIRE_mg-s-iqeye,-1740,0.2698,880.5,424.8,928.4,576.9,1600,1200
20170625_FIRE_mg-s-iqeye,-1740,0.1720,873.6,421.8,1022.6,572.9,1600,1200
20170625_FIRE_mg-s-iqeye,-1740,0.1649,880.9,424.7,947.5,573.2,1600,1200
20170625_FIRE_mg-s-iqeye,-1740,0.2899,880.5,425.0,928.8,575.9,1600,1200
20170625_FIRE_mg-s-iqeye,-1740,0.2259,1584.1,561.7,1599.8,591.5,1600,1200
20170625_FIRE_mg-s-iqeye,-1740,0.1285,880.8,423.7,975.5,572.6,1600,1200
20170625_FIRE_mg-s-iqeye,-1740,0.1200,884.2,422.6,942.1,578.9,1600,1200
20170625_FIRE_mg-s-iqeye,-1740,0.0695,1587.7,562.8,1600.0,599.7,1600,1200
20170625_FIRE_mg-s-iqeye,-1740,0.1622,880.2,426.5,928.0,575.7,1600,1200
20170625_FIRE_mg-s-iqeye,-1740,0.1223,878.6,423.1,1015.9,572.8,1600,1200
20170625_FIRE_mg-s-iqeye,-1740,0.1189,879.9,424.5,969.9,573.7,1600,1200
20170625_FIRE_mg-s-iqeye,-1740,0.2275,880.4,424.5,939.8,573.4,1600,1200
20170625_FIRE_mg-s-iqeye,-1740,0.2186,1583.7,561.3,1599.8,591.0,1600,1200
20170625_FIRE_mg-s-iqeye,-1740,0.1255,879.8,423.7,980.1,572.7,1600,1200
20170625_FIRE_mg-s-iqeye,-1740,0.1023,885.4,422.5,955.4,577.1,1600,1200
20170625_FIRE_mg-s-iqeye,-1740,0.0939,880.6,454.8,926.0,573.6,1600,1200
20170625_FIRE_mg-s-iqeye,-1740,0.0649,1587.0,562.6,1600.0,599.2,1600,1200
20170625_FIRE_mg-s-iqeye,-1680,0.3327,880.5,423.7,936.9,574.1,1600,1200
20170625_FIRE_mg-s-iqeye,-1680,0.1623,880.6,423.0,993.8,573.4,1600,1200
20170625_FIRE_mg-s-iqeye,-1680,0.0954,882.0,446.5,926.9,574.7,1600,1200
20170625_FIRE_mg-s-iqeye,-1680,0.0518,884.7,536.0,913.2,576.0,1600,1200
20170625_FIRE_mg-s-iqeye,-1680,0.3448,880.7,423.5,936.8,573.8,1600,1200
20170625_FIRE_mg-s-iqeye,-1680,0.2317,1584.4,560.5,1599.9,592.3,1600,1200
20170625_FIRE_mg-s-iqeye,-1680,0.1981,1588.6,562.1,1600.0,594.0,1600,1200
20170625_FIRE_mg-s-iqeye,-1680,0.1239,1586.7,553.1,1600.0,592.7,1600,1200
20170625_FIRE_mg-s-iqeye,-1680,0.1178,881.8,423.1,965.2,573.4,1600,1200
20170625_FIRE_mg-s-iqeye,-1680,0.1148,881.9,445.8,927.1,574.2,1600,1200
20170625_FIRE_mg-s-iqeye,-1680,0.0920,874.8,422.4,1009.5,573.7,1600,1200
20170625_FIRE_mg-s-iqeye,-1680,0.2474,880.2,423.2,938.2,574.4,1600,1200
20170625_FIRE_mg-s-iqeye,-1680,0.1324,879.9,422.7,1006.7,573.5,1600,1200
20170625_FIRE_mg-s-iqeye,-1680,0.0720,881.7,456.0,926.0,574.0,1600,1200
20170625_FIRE_mg-s-iqeye,-1680,0.0632,884.8,537.4,913.2,575.4,1600,1200
20170625_FIRE_mg-s-iqeye,-1680,0.2833,880.0,423.3,939.8,574.3,1600,1200
20170625_FIRE_mg-s-iqeye,-1680,0.2249,1584.0,560.3,1599.9,591.7,1600,1200
20170625_FIRE_mg-s-iqeye,-1680,0.1139,880.9,423.0,969.0,573.7,1600,1200
20170625_FIRE_mg-s-iqeye,-1680,0.0967,1587.7,562.5,1600.0,599.8,1600,1200
20170625_FIRE_mg-s-iqeye,-1680,0.0728,881.5,451.8,926.2,574.1,1600,1200
20170625_FIRE_mg-s-iqeye,-1680,0.0682,875.1,422.2,1010.2,573.9,1600,1200
20170625_FIRE_mg-s-iqeye,-1680,0.0643,884.7,537.7,913.1,575.5,1600,1200
20170625_FIRE_mg-s-iqeye,-1620,0.3024,880.1,424.8,929.9,574.6,1600,1200
20170625_FIRE_mg-s-iqeye,-1620,0.2172,874.8,423.3,1022.8,572.5,1600,1200
20170625_FIRE_mg-s-iqeye,-1620,0.1470,879.0,424.9,983.5,573.4,1600,1200
20170625_FIRE_mg-s-iqeye,-1620,0.1002,885.0,423.2,947.6,575.8,1600,1200
20170625_FIRE_mg-s-iqeye,-1620,0.0503,884.3,535.4,914.1,575.4,1600,1200
20170625_FIRE_mg-s-iqeye,-1620,0.3276,880.3,425.1,929.5,574.4,1600,1200
20170625_FIRE_mg-s-iqeye,-1620,0.1696,1585.4,560.9,1600.0,589.9,1600,1200
20170625_FIRE_mg-s-iqeye,-1620,0.1495,1590.2,561.1,1600.0,589.8,1600,1200
20170625_FIRE_mg-s-iqeye,-1620,0.1334,881.1,423.9,974.5,572.3,1600,1200
20170625_FIRE_mg-s-iqeye,-1620,0.1166,886.4,423.2,944.2,575.6,1600,1200
20170625_FIRE_mg-s-iqeye,-1620,0.0534,884.3,535.7,914.0,575.1,1600,1200
20170625_FIRE_mg-s-iqeye,-1620,0.2220,880.1,424.2,940.6,573.3,1600,1200
20170625_FIRE_mg-s-iqeye,-1620,0.1806,879.4,423.6,1008.7,572.5,1600,1200
20170625_FIRE_mg-s-iqeye,-1620,0.0639,884.5,536.4,914.0,574.6,1600,1200
20170625_FIRE_mg-s-iqeye,-1620,0.0612,883.1,519.0,915.9,573.6,1600,1200
20170625_FIRE_mg-s-iqeye,-1620,0.0609,880.9,457.1,926.2,572.8,1600,1200
20170625_FIRE_mg-s-iqeye,-1620,0.2449,880.1,424.2,940.2,573.1,1600,1200
20170625_FIRE_mg-s-iqeye,-1620,0.1683,1584.7,560.8,1599.9,589.4,1600,1200
20170625_FIRE_mg-s-iqeye,-1620,0.1366,880.3,423.6,976.9,572.6,1600,1200
20170625_FIRE_mg-s-iqeye,-1620,0.1363,1588.6,561.4,1600.0,590.6,1600,1200
20170625_FIRE_mg-s-iqeye,-1620,0.0660,884.3,536.6,914.0,574.8,1600,1200
20170625_FIRE_mg-s-iqeye,-1620,0.0645,883.3,523.5,915.9,573.4,1600,1200
20170625_FIRE_mg-s-iqeye,-1620,0.0623,880.7,454.8,926.0,572.9,1600,1200
20170625_FIRE_mg-s-iqeye,-1560,0.3278,882.0,424.3,929.4,581.9,1600,1200
20170625_FIRE_mg-s-iqeye,-1560,0.1104,882.5,423.0,990.7,576.4,1600,1200
20170625_FIRE_mg-s-iqeye,-1560,0.0506,885.0,544.2,915.0,588.4,1600,1200
20170625_FIRE_mg-s-iqeye,-1560,0.3359,882.1,424.3,929.5,580.2,1600,1200
20170625_FIRE_mg-s-iqeye,-1560,0.2136,1584.3,560.2,1599.9,591.2,1600,1200
20170625_FIRE_mg-s-iqeye,-1560,0.0835,1587.5,562.5,1600.0,599.6,1600,1200
20170625_FIRE_mg-s-iqeye,-1560,0.0826,883.7,423.0,968.0,575.7,1600,1200
20170625_FIRE_mg-s-iqeye,-1560,0.0501,1583.6,530.2,1600.0,591.5,1600,1200
20170625_FIRE_mg-s-iqeye,-1560,0.2405,881.7,427.0,929.0,579.3,1600,1200
20170625_FIRE_mg-s-iqeye,-1560,0.0835,881.3,422.6,1005.4,576.3,1600,1200
20170625_FIRE_mg-s-iqeye,-1560,0.0621,885.7,421.2,945.0,581.2,1600,1200
20170625_FIRE_mg-s-iqeye,-1560,0.2714,881.5,424.6,929.5,578.8,1600,1200
20170625_FIRE_mg-s-iqeye,-1560,0.2003,1584.0,559.8,1599.9,590.7,1600,1200
20170625_FIRE_mg-s-iqeye,-1560,0.1114,886.7,421.5,943.0,579.9,1600,1200
20170625_FIRE_mg-s-iqeye,-1560,0.0829,882.6,422.8,969.0,576.0,1600,1200
20170625_FIRE_mg-s-iqeye,-1560,0.0786,1586.9,562.3,1600.0,599.2,1600,1200
20170625_FIRE_mg-s-iqeye,-1560,0.0549,1583.3,532.9,1600.0,591.3,1600,1200
20170625_FIRE_mg-s-iqeye,-1500,0.2882,881.6,425.4,929.1,572.2,1600,1200
20170625_FIRE_mg-s-iqeye,-1500,0.1885,877.4,423.5,1023.3,571.2,1600,1200
20170625_FIRE_mg-s-iqeye,-1500,0.1863,881.9,425.0,950.7,571.4,1600,1200
20170625_FIRE_mg-s-iqeye,-1500,0.3235,881.7,425.9,929.1,572.1,1600,1200
20170625_FIRE_mg-s-iqeye,-1500,0.1809,1582.4,560.8,1599.9,588.6,1600,1200
20170625_FIRE_mg-s-iqeye,-1500,0.1413,882.7,424.1,970.5,571.0,1600,1200
20170625_FIRE_mg-s-iqeye,-1500,0.1308,886.7,423.3,947.2,574.0,1600,1200
20170625_FIRE_mg-s-iqeye,-1500,0.0826,882.0,452.0,938.8,570.1,1600,1200
20170625_FIRE_mg-s-iqeye,-1500,0.1978,881.6,424.6,940.1,571.9,1600,1200
20170625_FIRE_mg-s-iqeye,-1500,0.1446,880.9,424.0,1004.2,571.4,1600,1200
20170625_FIRE_mg-s-iqeye,-1500,0.0827,885.0,423.0,962.8,574.9,1600,1200
20170625_FIRE_mg-s-iqeye,-1500,0.0661,882.4,458.1,926.5,571.0,1600,1200
20170625_FIRE_mg-s-iqeye,-1500,0.2382,881.5,424.6,941.3,571.6,1600,1200
20170625_FIRE_mg-s-iqeye,-1500,0.1486,1582.1,560.7,1599.9,588.3,1600,1200
20170625_FIRE_mg-s-iqeye,-1500,0.1317,882.0,424.0,971.1,571.4,1600,1200
20170625_FIRE_mg-s-iqeye,-1500,0.0733,882.1,455.4,926.8,571.0,1600,1200
20170625_FIRE_mg-s-iqeye,-1440,0.3599,882.3,424.1,930.1,576.0,1600,1200
20170625_FIRE_mg-s-iqeye,-1440,0.1312,882.7,423.5,974.9,573.4,1600,1200
20170625_FIRE_mg-s-iqeye,-1440,0.1180,876.5,422.2,1022.9,573.9,1600,1200
20170625_FIRE_mg-s-iqeye,-1440,0.3653,882.1,424.6,930.1,575.1,1600,1200
20170625_FIRE_mg-s-iqeye,-1440,0.1458,1585.7,561.5,1600.0,590.3,1600,1200
20170625_FIRE_mg-s-iqeye,-1440,0.1420,1590.8,561.7,1600.0,590.2,1600,1200
20170625_FIRE_mg-s-iqeye,-1440,0.1118,883.2,423.7,961.6,573.1,1600,1200
20170625_FIRE_mg-s-iqeye,-1440,0.0848,876.6,422.8,1014.0,573.9,1600,1200
20170625_FIRE_mg-s-iqeye,-1440,0.0640,1590.1,562.6,1600.0,598.3,1600,1200
20170625_FIRE_mg-s-iqeye,-1440,0.1988,881.9,426.3,929.3,575.0,1600,1200
20170625_FIRE_mg-s-iqeye,-1440,0.0967,880.7,423.4,1013.8,573.5,1600,1200
20170625_FIRE_mg-s-iqeye,-1440,0.0945,882.9,462.0,926.4,573.3,1600,1200
20170625_FIRE_mg-s-iqeye,-1440,0.0667,883.3,423.0,949.4,577.8,1600,1200
20170625_FIRE_mg-s-iqeye,-1440,0.0607,884.3,515.1,916.4,573.7,1600,1200
20170625_FIRE_mg-s-iqeye,-1440,0.0515,885.2,534.3,914.2,574.5,1600,1200
20170625_FIRE_mg-s-iqeye,-1440,0.2344,881.6,424.9,930.2,574.8,1600,1200
20170625_FIRE_mg-s-iqeye,-1440,0.1351,1585.1,561.3,1599.9,590.0,1600,1200
20170625_FIRE_mg-s-iqeye,-1440,0.1305,1589.7,561.9,1600.0,591.1,1600,1200
20170625_FIRE_mg-s-iqeye,-1440,0.0979,881.8,423.5,973.7,573.6,1600,1200
20170625_FIRE_mg-s-iqeye,-1440,0.0840,882.7,457.9,926.4,573.2,1600,1200
20170625_FIRE_mg-s-iqeye,-1440,0.0631,884.1,515.9,916.4,573.7,1600,1200
20170625_FIRE_mg-s-iqeye,-1440,0.0542,885.1,535.4,914.2,574.5,1600,1200
20170625_FIRE_mg-s-iqeye,-1440,0.0538,876.5,422.5,1019.0,574.4,1600,1200
20170625_FIRE_mg-s-iqeye,-1380,0.3622,881.1,425.4,930.6,578.7,1600,1200
20170625_FIRE_mg-s-iqeye,-1380,0.1357,874.0,421.3,1022.7,574.5,1600,1200
20170625_FIRE_mg-s-iqeye,-1380,0.1337,881.5,423.2,986.1,574.9,1600,1200
20170625_FIRE_mg-s-iqeye,-1380,0.0674,885.2,548.3,913.3,581.7,1600,1200
20170625_FIRE_mg-s-iqeye,-1380,0.3761,881.2,425.4,930.9,578.4,1600,1200
20170625_FIRE_mg-s-iqeye,-1380,0.2021,1584.1,560.8,1599.9,589.3,1600,1200
20170625_FIRE_mg-s-iqeye,-1380,0.1565,888.1,422.9,941.7,579.5,1600,1200
20170625_FIRE_mg-s-iqeye,-1380,0.1075,882.7,423.4,961.0,574.9,1600,1200
20170625_FIRE_mg-s-iqeye,-1380,0.0639,885.1,548.3,913.2,581.4,1600,1200
20170625_FIRE_mg-s-iqeye,-1380,0.0602,874.8,422.5,991.6,575.0,1600,1200
20170625_FIRE_mg-s-iqeye,-1380,0.0586,1587.5,562.0,1600.0,598.3,1600,1200
20170625_FIRE_mg-s-iqeye,-1380,0.2706,880.9,426.3,930.0,578.5,1600,1200
20170625_FIRE_mg-s-iqeye,-1380,0.1044,880.5,422.7,1003.4,575.3,1600,1200
20170625_FIRE_mg-s-iqeye,-1380,0.1024,886.3,421.9,943.6,579.3,1600,1200
20170625_FIRE_mg-s-iqeye,-1380,0.0686,885.4,548.3,913.2,581.4,1600,1200
20170625_FIRE_mg-s-iqeye,-1380,0.3072,880.6,425.3,930.9,578.1,1600,1200
20170625_FIRE_mg-s-iqeye,-1380,0.1941,1583.6,560.7,1599.8,588.9,1600,1200
20170625_FIRE_mg-s-iqeye,-1380,0.1673,887.3,422.4,943.4,578.2,1600,1200
20170625_FIRE_mg-s-iqeye,-1380,0.1127,881.8,423.2,964.5,575.2,1600,1200
20170625_FIRE_mg-s-iqeye,-1380,0.0692,885.2,548.3,913.2,581.3,1600,1200
20170625_FIRE_mg-s-iqeye,-1380,0.0544,1586.6,561.8,1600.0,597.8,1600,1200
20170625_FIRE_mg-s-iqeye,-1320,0.3460,880.7,424.4,930.0,580.2,1600,1200
20170625_FIRE_mg-s-iqeye,-1320,0.1495,872.5,422.8,1022.7,575.8,1600,1200
20170625_FIRE_mg-s-iqeye,-1320,0.0602,884.9,544.6,914.0,583.4,1600,1200
20170625_FIRE_mg-s-iqeye,-1320,0.3582,880.8,424.9,929.9,579.5,1600,1200
20170625_FIRE_mg-s-iqeye,-1320,0.2131,1585.9,560.4,1599.9,591.1,1600,1200
20170625_FIRE_mg-s-iqeye,-1320,0.2003,1590.1,561.8,1600.0,592.6,1600,1200
20170625_FIRE_mg-s-iqeye,-1320,0.0832,881.3,423.9,977.5,576.1,1600,1200
20170625_FIRE_mg-s-iqeye,-1320,0.0762,872.7,423.2,1010.4,576.6,1600,1200
20170625_FIRE_mg-s-iqeye,-1320,0.0541,884.7,544.7,913.9,583.1,1600,1200
20170625_FIRE_mg-s-iqeye,-1320,0.2377,880.4,424.8,929.5,579.5,1600,1200
20170625_FIRE_mg-s-iqeye,-1320,0.1131,878.8,423.5,1015.8,576.3,1600,1200
20170625_FIRE_mg-s-iqeye,-1320,0.0726,882.6,422.8,951.5,580.0,1600,1200
20170625_FIRE_mg-s-iqeye,-1320,0.2685,880.2,424.6,929.8,579.3,1600,1200
20170625_FIRE_mg-s-iqeye,-1320,0.2187,1585.1,559.9,1599.9,590.5,1600,1200
20170625_FIRE_mg-s-iqeye,-1320,0.2012,1589.0,561.3,1600.0,592.0,1600,1200
20170625_FIRE_mg-s-iqeye,-1320,0.0913,884.9,423.0,945.3,578.9,1600,1200
20170625_FIRE_mg-s-iqeye,-1320,0.0829,880.2,423.7,982.3,576.4,1600,1200
20170625_FIRE_mg-s-iqeye,-1260,0.3755,883.2,424.1,930.6,581.5,1600,1200
20170625_FIRE_mg-s-iqeye,-1260,0.1541,883.8,424.3,970.4,576.7,1600,1200
20170625_FIRE_mg-s-iqeye,-1260,0.1218,878.3,423.4,1022.4,575.5,1600,1200
20170625_FIRE_mg-s-iqeye,-1260,0.0835,886.5,546.4,913.9,583.8,1600,1200
20170625_FIRE_mg-s-iqeye,-1260,0.3870,883.2,424.5,930.3,580.7,1600,1200
20170625_FIRE_mg-s-iqeye,-1260,0.1522,1586.1,561.3,1599.9,589.5,1600,1200
20170625_FIRE_mg-s-iqeye,-1260,0.1407,1589.7,562.2,1600.0,590.4,1600,1200
20170625_FIRE_mg-s-iqeye,-1260,0.1218,884.5,424.3,961.8,576.3,1600,1200
20170625_FIRE_mg-s-iqeye,-1260,0.0801,886.4,546.5,913.8,583.5,1600,1200
20170625_FIRE_mg-s-iqeye,-1260,0.0545,878.9,423.6,990.4,575.8,1600,1200
20170625_FIRE_mg-s-iqeye,-1260,0.2701,883.3,424.9,930.0,580.3,1600,1200
20170625_FIRE_mg-s-iqeye,-1260,0.1211,883.2,423.9,987.5,576.6,1600,1200
20170625_FIRE_mg-s-iqeye,-1260,0.0860,886.3,423.5,946.6,579.7,1600,1200
20170625_FIRE_mg-s-iqeye,-1260,0.0709,886.7,546.4,913.8,582.7,1600,1200
20170625_FIRE_mg-s-iqeye,-1260,0.3171,883.1,424.3,930.6,579.9,1600,1200
20170625_FIRE_mg-s-iqeye,-1260,0.1405,887.2,423.5,944.5,579.0,1600,1200
20170625_FIRE_mg-s-iqeye,-1260,0.1372,1585.4,561.1,1599.8,589.2,1600,1200
20170625_FIRE_mg-s-iqeye,-1260,0.1094,883.0,425.6,966.1,579.8,1600,1200
20170625_FIRE_mg-s-iqeye,-1260,0.0779,886.6,546.5,913.8,582.7,1600,1200
20170625_FIRE_mg-s-iqeye,-1260,0.0526,1588.6,562.9,1600.0,596.3,1600,1200
20170625_FIRE_mg-s-iqeye,-1200,0.2716,880.1,424.8,937.0,574.3,1600,1200
20170625_FIRE_mg-s-iqeye,-1200,0.1787,880.8,423.6,968.8,571.6,1600,1200
20170625_FIRE_mg-s-iqeye,-1200,0.1303,875.4,422.8,1021.6,571.4,1600,1200
20170625_FIRE_mg-s-iqeye,-1200,0.0604,885.1,546.7,913.5,573.8,1600,1200
20170625_FIRE_mg-s-iqeye,-1200,0.0546,880.6,449.3,954.6,571.7,1600,1200
20170625_FIRE_mg-s-iqeye,-1200,0.2991,880.1,425.0,937.4,574.0,1600,1200
20170625_FIRE_mg-s-iqeye,-1200,0.1804,881.6,423.4,964.3,571.7,1600,1200
20170625_FIRE_mg-s-iqeye,-1200,0.1593,1584.8,557.1,1599.9,590.0,1600,1200
20170625_FIRE_mg-s-iqeye,-1200,0.1366,1589.3,558.3,1600.0,589.9,1600,1200
20170625_FIRE_mg-s-iqeye,-1200,0.0677,884.7,546.1,913.3,573.1,1600,1200
20170625_FIRE_mg-s-iqeye,-1200,0.0580,1589.2,538.1,1600.0,589.3,1600,1200
20170625_FIRE_mg-s-iqeye,-1200,0.0521,1584.8,532.0,1600.0,589.5,1600,1200
20170625_FIRE_mg-s-iqeye,-1200,0.1812,879.9,425.5,938.4,573.8,1600,1200
20170625_FIRE_mg-s-iqeye,-1200,0.1299,880.1,423.1,974.1,571.9,1600,1200
20170625_FIRE_mg-s-iqeye,-1200,0.0728,885.0,546.3,913.3,573.0,1600,1200
20170625_FIRE_mg-s-iqeye,-1200,0.0693,875.6,422.2,1022.6,571.9,1600,1200
20170625_FIRE_mg-s-iqeye,-1200,0.0598,883.5,514.2,915.3,573.6,1600,1200
20170625_FIRE_mg-s-iqeye,-1200,0.2232,880.3,423.9,958.4,572.3,1600,1200
20170625_FIRE_mg-s-iqeye,-1200,0.1612,1584.1,557.3,1599.9,589.5,1600,1200
20170625_FIRE_mg-s-iqeye,-1200,0.1240,1587.7,560.3,1600.0,591.1,1600,1200
20170625_FIRE_mg-s-iqeye,-1200,0.1077,1588.2,550.5,1600.0,589.5,1600,1200
20170625_FIRE_mg-s-iqeye,-1200,0.0828,884.9,546.2,913.3,573.1,1600,1200
20170625_FIRE_mg-s-iqeye,-1200,0.0690,883.4,515.5,915.3,573.6,1600,1200
20170625_FIRE_mg-s-iqeye,-1200,0.0601,1584.4,534.7,1600.0,589.2,1600,1200
20170625_FIRE_mg-s-iqeye,-1140,0.3435,880.8,424.8,929.5,574.1,1600,1200
20170625_FIRE_mg-s-iqeye,-1140,0.1336,880.9,423.5,990.7,571.9,1600,1200
20170625_FIRE_mg-s-iqeye,-1140,0.0558,873.7,416.7,1022.5,575.9,1600,1200
20170625_FIRE_mg-s-iqeye,-1140,0.0538,883.8,540.0,913.9,573.4,1600,1200
20170625_FIRE_mg-s-iqeye,-1140,0.3726,880.8,424.9,929.8,573.9,1600,1200
20170625_FIRE_mg-s-iqeye,-1140,0.1680,1585.7,561.8,1599.9,590.3,1600,1200
20170625_FIRE_mg-s-iqeye,-1140,0.1048,881.7,423.6,966.8,572.1,1600,1200
20170625_FIRE_mg-s-iqeye,-1140,0.0861,874.2,422.8,1011.3,572.9,1600,1200
20170625_FIRE_mg-s-iqeye,-1140,0.0563,1588.9,562.6,1600.0,598.5,1600,1200
20170625_FIRE_mg-s-iqeye,-1140,0.0554,883.8,540.5,913.8,573.2,1600,1200
20170625_FIRE_mg-s-iqeye,-1140,0.2478,880.8,423.8,936.1,572.6,1600,1200
20170625_FIRE_mg-s-iqeye,-1140,0.1216,880.1,422.8,1010.4,572.0,1600,1200
20170625_FIRE_mg-s-iqeye,-1140,0.0888,881.4,459.4,926.4,572.1,1600,1200
20170625_FIRE_mg-s-iqeye,-1140,0.0569,884.0,540.6,913.9,572.9,1600,1200
20170625_FIRE_mg-s-iqeye,-1140,0.2925,880.5,423.7,937.6,572.5,1600,1200
20170625_FIRE_mg-s-iqeye,-1140,0.1646,1585.0,561.5,1599.9,589.9,1600,1200
20170625_FIRE_mg-s-iqeye,-1140,0.1101,880.9,423.1,971.0,572.2,1600,1200
20170625_FIRE_mg-s-iqeye,-1140,0.0858,881.0,453.8,926.8,572.2,1600,1200
20170625_FIRE_mg-s-iqeye,-1140,0.0689,874.5,422.3,1016.1,572.9,1600,1200
20170625_FIRE_mg-s-iqeye,-1140,0.0584,1588.1,562.4,1600.0,598.0,1600,1200
20170625_FIRE_mg-s-iqeye,-1140,0.0538,883.8,540.7,913.9,573.1,1600,1200
20170625_FIRE_mg-s-iqeye,-1080,0.2767,881.8,425.7,931.1,577.1,1600,1200
20170625_FIRE_mg-s-iqeye,-1080,0.1307,876.3,421.7,1023.5,573.5,1600,1200
20170625_FIRE_mg-s-iqeye,-1080,0.1245,882.0,423.3,982.9,574.2,1600,1200
20170625_FIRE_mg-s-iqeye,-1080,0.0943,886.3,421.4,946.4,578.4,1600,1200
20170625_FIRE_mg-s-iqeye,-1080,0.0700,885.7,546.0,913.5,579.6,1600,1200
20170625_FIRE_mg-s-iqeye,-1080,0.2920,882.0,426.1,930.6,576.8,1600,1200
20170625_FIRE_mg-s-iqeye,-1080,0.2540,1583.8,561.0,1599.9,591.1,1600,1200
20170625_FIRE_mg-s-iqeye,-1080,0.1108,883.2,423.3,968.9,574.1,1600,1200
20170625_FIRE_mg-s-iqeye,-1080,0.1103,887.9,421.5,944.2,578.5,1600,1200
20170625_FIRE_mg-s-iqeye,-1080,0.0909,1586.7,562.9,1600.0,600.0,1600,1200
20170625_FIRE_mg-s-iqeye,-1080,0.0631,1583.1,529.6,1600.0,590.9,1600,1200
20170625_FIRE_mg-s-iqeye,-1080,0.0611,885.6,546.0,913.4,579.4,1600,1200
20170625_FIRE_mg-s-iqeye,-1080,0.2020,881.9,427.3,930.7,577.0,1600,1200
20170625_FIRE_mg-s-iqeye,-1080,0.1378,881.9,424.0,951.8,575.6,1600,1200
20170625_FIRE_mg-s-iqeye,-1080,0.1056,881.6,422.9,993.1,574.6,1600,1200
20170625_FIRE_mg-s-iqeye,-1080,0.0617,885.4,543.6,913.8,576.4,1600,1200
20170625_FIRE_mg-s-iqeye,-1080,0.2432,881.7,425.9,931.6,576.8,1600,1200
20170625_FIRE_mg-s-iqeye,-1080,0.2333,1583.5,560.4,1599.9,590.7,1600,1200
20170625_FIRE_mg-s-iqeye,-1080,0.1797,882.1,424.0,951.2,575.2,1600,1200
20170625_FIRE_mg-s-iqeye,-1080,0.0811,1586.3,562.6,1600.0,599.7,1600,1200
20170625_FIRE_mg-s-iqeye,-1080,0.0644,1582.8,532.4,1600.0,590.9,1600,1200
20170625_FIRE_mg-s-iqeye,-1080,0.0632,885.3,543.7,913.8,576.3,1600,1200
20170625_FIRE_mg-s-iqeye,-1080,0.0517,878.0,422.1,988.1,574.4,1600,1200
20170625_FIRE_mg-s-iqeye,-1020,0.3365,882.0,424.1,937.3,574.0,1600,1200
20170625_FIRE_mg-s-iqeye,-1020,0.2206,875.6,422.8,1022.0,573.1,1600,1200
20170625_FIRE_mg-s-iqeye,-1020,0.1403,880.1,423.9,982.8,575.4,1600,1200
20170625_FIRE_mg-s-iqeye,-1020,0.0737,885.0,545.4,913.6,575.9,1600,1200
20170625_FIRE_mg-s-iqeye,-1020,0.3229,882.3,424.2,936.0,573.9,1600,1200
20170625_FIRE_mg-s-iqeye,-1020,0.2119,1584.9,559.6,1599.9,588.9,1600,1200
20170625_FIRE_mg-s-iqeye,-1020,0.1309,1587.3,552.7,1600.0,589.0,1600,1200
20170625_FIRE_mg-s-iqeye,-1020,0.1074,875.9,423.0,1012.2,573.7,1600,1200
20170625_FIRE_mg-s-iqeye,-1020,0.1069,883.5,423.5,971.2,573.3,1600,1200
20170625_FIRE_mg-s-iqeye,-1020,0.0761,884.6,544.7,913.6,575.5,1600,1200
20170625_FIRE_mg-s-iqeye,-1020,0.0534,1588.3,562.1,1600.0,597.9,1600,1200
20170625_FIRE_mg-s-iqeye,-1020,0.0526,1584.3,535.6,1600.0,589.0,1600,1200
20170625_FIRE_mg-s-iqeye,-1020,0.2300,881.7,423.6,940.2,574.6,1600,1200
20170625_FIRE_mg-s-iqeye,-1020,0.1618,881.3,423.2,1010.3,573.5,1600,1200
20170625_FIRE_mg-s-iqeye,-1020,0.0989,884.9,544.9,913.6,575.3,1600,1200
20170625_FIRE_mg-s-iqeye,-1020,0.0880,888.6,420.9,955.3,579.4,1600,1200
20170625_FIRE_mg-s-iqeye,-1020,0.0879,882.0,454.3,927.2,575.0,1600,1200
20170625_FIRE_mg-s-iqeye,-1020,0.0584,883.5,508.3,915.4,576.2,1600,1200
20170625_FIRE_mg-s-iqeye,-1020,0.2804,881.6,423.7,939.9,574.3,1600,1200
20170625_FIRE_mg-s-iqeye,-1020,0.2164,1584.5,559.5,1599.9,588.5,1600,1200
20170625_FIRE_mg-s-iqeye,-1020,0.1148,882.7,423.4,973.6,573.6,1600,1200
20170625_FIRE_mg-s-iqeye,-1020,0.1021,881.8,451.1,927.4,575.1,1600,1200
20170625_FIRE_mg-s-iqeye,-1020,0.0997,884.7,544.8,913.5,575.6,1600,1200
20170625_FIRE_mg-s-iqeye,-1020,0.0845,876.7,422.8,1009.5,574.0,1600,1200
20170625_FIRE_mg-s-iqeye,-1020,0.0612,883.3,508.1,915.5,576.3,1600,1200
20170625_FIRE_mg-s-iqeye,-1020,0.0524,1584.1,538.9,1600.0,588.7,1600,1200
20170625_FIRE_mg-s-iqeye,-960,0.2875,881.2,425.5,928.8,572.0,1600,1200
20170625_FIRE_mg-s-iqeye,-960,0.1172,881.0,423.4,1001.1,570.9,1600,1200
20170625_FIRE_mg-s-iqeye,-960,0.0921,884.1,420.1,947.0,574.6,1600,1200
20170625_FIRE_mg-s-iqeye,-960,0.0594,884.8,544.5,913.9,572.0,1600,1200
20170625_FIRE_mg-s-iqeye,-960,0.3254,881.5,425.7,928.9,572.1,1600,1200
20170625_FIRE_mg-s-iqeye,-960,0.2108,1584.5,560.5,1599.8,591.8,1600,1200
20170625_FIRE_mg-s-iqeye,-960,0.1116,886.4,421.6,941.6,574.8,1600,1200
20170625_FIRE_mg-s-iqeye,-960,0.1082,1584.2,547.7,1599.9,592.1,1600,1200
20170625_FIRE_mg-s-iqeye,-960,0.0914,880.7,426.4,966.1,571.2,1600,1200
20170625_FIRE_mg-s-iqeye,-960,0.0839,1587.9,562.8,1600.0,600.4,1600,1200
20170625_FIRE_mg-s-iqeye,-960,0.0631,1506.1,540.0,1529.1,572.5,1600,1200
20170625_FIRE_mg-s-iqeye,-960,0.0528,875.6,422.3,1000.0,571.6,1600,1200
20170625_FIRE_mg-s-iqeye,-960,0.0521,884.8,544.4,913.8,572.0,1600,1200
20170625_FIRE_mg-s-iqeye,-960,0.1739,880.9,426.1,928.5,572.0,1600,1200
20170625_FIRE_mg-s-iqeye,-960,0.0785,885.0,544.6,913.8,571.9,1600,1200
20170625_FIRE_mg-s-iqeye,-960,0.0708,883.4,418.2,953.2,574.7,1600,1200
20170625_FIRE_mg-s-iqeye,-960,0.0683,880.4,422.8,1009.2,571.1,1600,1200
20170625_FIRE_mg-s-iqeye,-960,0.2334,881.1,423.7,937.4,571.5,1600,1200
20170625_FIRE_mg-s-iqeye,-960,0.2139,1584.0,560.2,1599.8,591.2,1600,1200
20170625_FIRE_mg-s-iqeye,-960,0.0878,882.0,423.2,968.3,571.2,1600,1200
20170625_FIRE_mg-s-iqeye,-960,0.0858,1587.3,562.6,1600.0,599.9,1600,1200
20170625_FIRE_mg-s-iqeye,-960,0.0790,881.7,454.9,926.2,571.3,1600,1200
20170625_FIRE_mg-s-iqeye,-960,0.0708,884.8,544.6,913.8,572.0,1600,1200
20170625_FIRE_mg-s-iqeye,-900,0.3179,881.9,425.2,929.6,573.8,1600,1200
20170625_FIRE_mg-s-iqeye,-900,0.1970,877.4,423.2,1022.8,572.5,1600,1200
20170625_FIRE_mg-s-iqeye,-900,0.1288,881.6,425.1,973.9,572.5,1600,1200
20170625_FIRE_mg-s-iqeye,-900,0.0963,887.0,422.9,948.9,577.2,1600,1200
20170625_FIRE_mg-s-iqeye,-900,0.0549,885.2,544.7,913.8,573.3,1600,1200
20170625_FIRE_mg-s-iqeye,-900,0.3550,881.9,425.9,929.8,573.6,1600,1200
20170625_FIRE_mg-s-iqeye,-900,0.2075,1585.5,561.9,1599.9,588.9,1600,1200
20170625_FIRE_mg-s-iqeye,-900,0.1326,883.6,424.1,968.8,572.4,1600,1200
20170625_FIRE_mg-s-iqeye,-900,0.1110,888.1,423.3,944.7,577.0,1600,1200
20170625_FIRE_mg-s-iqeye,-900,0.1088,877.9,423.5,998.6,572.9,1600,1200
20170625_FIRE_mg-s-iqeye,-900,0.0547,885.1,544.7,913.8,573.1,1600,1200
20170625_FIRE_mg-s-iqeye,-900,0.0517,1589.2,562.9,1600.0,596.2,1600,1200
20170625_FIRE_mg-s-iqeye,-900,0.2249,881.8,425.4,928.9,573.8,1600,1200
20170625_FIRE_mg-s-iqeye,-900,0.1470,882.1,424.5,951.5,573.3,1600,1200
20170625_FIRE_mg-s-iqeye,-900,0.1385,882.0,423.5,1006.4,572.6,1600,1200
20170625_FIRE_mg-s-iqeye,-900,0.0771,885.3,545.0,913.7,573.2,1600,1200
20170625_FIRE_mg-s-iqeye,-900,0.2781,881.4,425.4,930.2,573.6,1600,1200
20170625_FIRE_mg-s-iqeye,-900,0.1843,1584.7,561.5,1599.9,588.7,1600,1200
20170625_FIRE_mg-s-iqeye,-900,0.1293,883.0,423.8,968.6,572.6,1600,1200
20170625_FIRE_mg-s-iqeye,-900,0.1253,887.4,422.7,947.9,576.2,1600,1200
20170625_FIRE_mg-s-iqeye,-900,0.0737,885.2,544.9,913.8,573.2,1600,1200
20170625_FIRE_mg-s-iqeye,-840,0.3342,881.4,425.4,929.7,575.6,1600,1200
20170625_FIRE_mg-s-iqeye,-840,0.2134,875.3,423.3,1021.3,573.2,1600,1200
20170625_FIRE_mg-s-iqeye,-840,0.1470,880.3,425.3,981.0,574.0,1600,1200
20170625_FIRE_mg-s-iqeye,-840,0.1219,887.3,422.6,944.3,578.6,1600,1200
20170625_FIRE_mg-s-iqeye,-840,0.3536,881.4,425.4,929.9,575.2,1600,1200
20170625_FIRE_mg-s-iqeye,-840,0.1766,1585.3,561.3,1599.9,590.8,1600,1200
20170625_FIRE_mg-s-iqeye,-840,0.1551,1589.8,561.6,1600.0,590.8,1600,1200
20170625_FIRE_mg-s-iqeye,-840,0.1481,888.0,422.3,942.4,578.3,1600,1200
20170625_FIRE_mg-s-iqeye,-840,0.1275,875.4,423.2,996.3,573.5,1600,1200
20170625_FIRE_mg-s-iqeye,-840,0.0918,887.0,420.5,972.8,578.4,1600,1200
20170625_FIRE_mg-s-iqeye,-840,0.2242,882.3,424.7,936.8,573.8,1600,1200
20170625_FIRE_mg-s-iqeye,-840,0.1801,880.6,424.1,1009.7,573.0,1600,1200
20170625_FIRE_mg-s-iqeye,-840,0.1651,881.7,424.8,961.6,573.8,1600,1200
20170625_FIRE_mg-s-iqeye,-840,0.0869,881.9,454.5,927.4,573.4,1600,1200
20170625_FIRE_mg-s-iqeye,-840,0.2683,882.0,424.5,938.0,573.5,1600,1200
20170625_FIRE_mg-s-iqeye,-840,0.1740,1584.7,561.0,1599.9,590.5,1600,1200
20170625_FIRE_mg-s-iqeye,-840,0.1491,1588.6,561.9,1600.0,591.9,1600,1200
20170625_FIRE_mg-s-iqeye,-840,0.1285,881.8,423.9,975.9,573.1,1600,1200
20170625_FIRE_mg-s-iqeye,-840,0.0848,881.5,450.6,927.8,573.4,1600,1200
20170625_FIRE_mg-s-iqeye,-780,0.2880,881.5,423.9,937.8,571.9,1600,1200
20170625_FIRE_mg-s-iqeye,-780,0.2030,882.0,423.5,998.7,571.4,1600,1200
20170625_FIRE_mg-s-iqeye,-780,0.1215,885.4,421.8,962.4,575.8,1600,1200
20170625_FIRE_mg-s-iqeye,-780,0.0777,885.0,544.2,914.2,571.9,1600,1200
20170625_FIRE_mg-s-iqeye,-780,0.0769,882.7,453.5,925.9,571.3,1600,1200
20170625_FIRE_mg-s-iqeye,-780,0.2990,881.7,423.9,936.6,571.7,1600,1200
20170625_FIRE_mg-s-iqeye,-780,0.2329,1584.2,560.2,1599.9,589.4,1600,1200
20170625_FIRE_mg-s-iqeye,-780,0.1375,882.9,423.5,973.8,571.4,1600,1200
20170625_FIRE_mg-s-iqeye,-780,0.1282,1587.4,555.5,1600.0,589.5,1600,1200
20170625_FIRE_mg-s-iqeye,-780,0.0974,882.6,453.9,926.2,571.3,1600,1200
20170625_FIRE_mg-s-iqeye,-780,0.0748,885.0,544.2,914.2,571.8,1600,1200
20170625_FIRE_mg-s-iqeye,-780,0.0578,1588.2,562.2,1600.0,599.0,1600,1200
20170625_FIRE_mg-s-iqeye,-780,0.2403,881.1,423.4,942.0,572.2,1600,1200
20170625_FIRE_mg-s-iqeye,-780,0.1908,881.1,423.0,1009.8,571.5,1600,1200
20170625_FIRE_mg-s-iqeye,-780,0.1654,881.2,423.7,969.2,572.1,1600,1200
20170625_FIRE_mg-s-iqeye,-780,0.0866,885.1,544.5,914.2,571.7,1600,1200
20170625_FIRE_mg-s-iqeye,-780,0.0591,882.5,458.5,925.5,571.3,1600,1200
20170625_FIRE_mg-s-iqeye,-780,0.0528,884.2,511.7,916.2,572.4,1600,1200
20170625_FIRE_mg-s-iqeye,-780,0.2712,881.0,423.4,942.9,572.0,1600,1200
20170625_FIRE_mg-s-iqeye,-780,0.2168,1583.8,560.0,1599.8,589.0,1600,1200
20170625_FIRE_mg-s-iqeye,-780,0.1374,882.4,423.2,973.6,571.6,1600,1200
20170625_FIRE_mg-s-iqeye,-780,0.0844,885.0,544.5,914.2,571.8,1600,1200
20170625_FIRE_mg-s-iqeye,-780,0.0591,882.3,456.3,925.7,571.3,1600,1200
20170625_FIRE_mg-s-iqeye,-780,0.0539,884.1,511.6,916.2,572.4,1600,1200
20170625_FIRE_mg-s-iqeye,-720,0.3753,881.7,427.9,929.7,576.2,1600,1200
20170625_FIRE_mg-s-iqeye,-720,0.1217,875.5,423.7,1022.9,574.0,1600,1200
20170625_FIRE_mg-s-iqeye,-720,0.1202,881.6,425.2,978.6,573.7,1600,1200
20170625_FIRE_mg-s-iqeye,-720,0.3767,881.7,428.0,929.6,576.1,1600,1200
20170625_FIRE_mg-s-iqeye,-720,0.1855,1584.3,560.9,1599.9,590.5,1600,1200
20170625_FIRE_mg-s-iqeye,-720,0.1439,1588.3,562.1,1600.0,591.8,1600,1200
20170625_FIRE_mg-s-iqeye,-720,0.0959,882.5,425.2,962.5,573.7,1600,1200
20170625_FIRE_mg-s-iqeye,-720,0.2752,881.6,429.0,929.1,576.3,1600,1200
20170625_FIRE_mg-s-iqeye,-720,0.0963,880.6,425.0,1003.6,574.2,1600,1200
20170625_FIRE_mg-s-iqeye,-720,0.0780,884.6,425.2,946.0,578.2,1600,1200
20170625_FIRE_mg-s-iqeye,-720,0.2914,881.3,427.5,929.8,576.2,1600,1200
20170625_FIRE_mg-s-iqeye,-720,0.1648,1583.8,560.6,1599.9,590.2,1600,1200
20170625_FIRE_mg-s-iqeye,-720,0.1218,885.9,425.0,944.2,576.8,1600,1200
20170625_FIRE_mg-s-iqeye,-720,0.0970,881.9,424.8,964.7,574.3,1600,1200
20170625_FIRE_mg-s-iqeye,-720,0.0796,1586.6,554.5,1600.0,590.5,1600,1200
20170625_FIRE_mg-s-iqeye,-720,0.0593,1587.7,562.5,1600.0,598.2,1600,1200
20170625_FIRE_mg-s-iqeye,-660,0.3377,882.5,425.6,929.9,573.7,1600,1200
20170625_FIRE_mg-s-iqeye,-660,0.1480,882.7,424.1,977.4,572.3,1600,1200
20170625_FIRE_mg-s-iqeye,-660,0.1272,885.6,423.6,946.6,576.8,1600,1200
20170625_FIRE_mg-s-iqeye,-660,0.1189,877.4,423.1,1021.8,572.9,1600,1200
20170625_FIRE_mg-s-iqeye,-660,0.0544,885.5,542.2,913.2,573.1,1600,1200
20170625_FIRE_mg-s-iqeye,-660,0.3420,882.7,425.9,929.9,573.8,1600,1200
20170625_FIRE_mg-s-iqeye,-660,0.2094,1584.1,557.7,1599.9,590.2,1600,1200
20170625_FIRE_mg-s-iqeye,-660,0.1391,887.3,423.7,944.3,577.1,1600,1200
20170625_FIRE_mg-s-iqeye,-660,0.1268,1586.6,549.6,1600.0,590.6,1600,1200
20170625_FIRE_mg-s-iqeye,-660,0.1134,883.9,424.1,963.8,572.4,1600,1200
20170625_FIRE_mg-s-iqeye,-660,0.0786,1587.4,561.7,1600.0,599.1,1600,1200
20170625_FIRE_mg-s-iqeye,-660,0.0619,1583.7,524.7,1600.0,590.1,1600,1200
20170625_FIRE_mg-s-iqeye,-660,0.0518,885.5,542.5,913.1,573.0,1600,1200
20170625_FIRE_mg-s-iqeye,-660,0.2249,882.6,426.8,929.4,574.0,1600,1200
20170625_FIRE_mg-s-iqeye,-660,0.1439,882.4,424.5,950.2,573.2,1600,1200
20170625_FIRE_mg-s-iqeye,-660,0.1102,882.3,423.5,990.5,572.7,1600,1200
20170625_FIRE_mg-s-iqeye,-660,0.0969,883.5,462.7,926.6,572.6,1600,1200
20170625_FIRE_mg-s-iqeye,-660,0.0643,885.6,542.5,913.1,573.2,1600,1200
20170625_FIRE_mg-s-iqeye,-660,0.2571,882.4,425.5,930.2,573.9,1600,1200
20170625_FIRE_mg-s-iqeye,-660,0.2068,1583.7,557.4,1599.9,589.9,1600,1200
20170625_FIRE_mg-s-iqeye,-660,0.1807,882.5,424.4,950.0,572.9,1600,1200
20170625_FIRE_mg-s-iqeye,-660,0.1327,1586.1,549.7,1600.0,590.4,1600,1200
20170625_FIRE_mg-s-iqeye,-660,0.0945,883.3,460.0,926.9,572.5,1600,1200
20170625_FIRE_mg-s-iqeye,-660,0.0782,1586.8,561.5,1600.0,598.7,1600,1200
20170625_FIRE_mg-s-iqeye,-660,0.0742,1583.4,527.0,1600.0,590.0,1600,1200
20170625_FIRE_mg-s-iqeye,-660,0.0606,885.5,542.6,913.1,573.2,1600,1200
20170625_FIRE_mg-s-iqeye,-600,0.3377,881.4,424.6,929.7,573.3,1600,1200
20170625_FIRE_mg-s-iqeye,-600,0.1277,887.2,423.0,941.9,575.2,1600,1200
20170625_FIRE_mg-s-iqeye,-600,0.1051,882.3,423.6,974.6,571.9,1600,1200
20170625_FIRE_mg-s-iqeye,-600,0.0969,874.3,422.3,1022.8,572.0,1600,1200
20170625_FIRE_mg-s-iqeye,-600,0.0517,884.6,542.8,913.5,573.0,1600,1200
20170625_FIRE_mg-s-iqeye,-600,0.3431,881.5,424.6,929.8,573.4,1600,1200
20170625_FIRE_mg-s-iqeye,-600,0.3169,1583.1,562.0,1599.9,589.4,1600,1200
20170625_FIRE_mg-s-iqeye,-600,0.1576,889.3,422.7,941.2,575.1,1600,1200
20170625_FIRE_mg-s-iqeye,-600,0.0966,1586.3,562.6,1600.0,596.5,1600,1200
20170625_FIRE_mg-s-iqeye,-600,0.0853,883.9,423.3,959.1,572.0,1600,1200
20170625_FIRE_mg-s-iqeye,-600,0.0522,884.6,543.0,913.4,573.0,1600,1200
20170625_FIRE_mg-s-iqeye,-600,0.2121,881.2,424.9,929.1,573.3,1600,1200
20170625_FIRE_mg-s-iqeye,-600,0.0870,886.7,421.9,944.5,575.4,1600,1200
20170625_FIRE_mg-s-iqeye,-600,0.0782,881.2,422.9,998.3,572.1,1600,1200
20170625_FIRE_mg-s-iqeye,-600,0.0616,883.2,514.4,915.2,573.3,1600,1200
20170625_FIRE_mg-s-iqeye,-600,0.0614,884.7,543.4,913.4,572.9,1600,1200
20170625_FIRE_mg-s-iqeye,-600,0.3085,1582.8,561.4,1599.8,589.2,1600,1200
20170625_FIRE_mg-s-iqeye,-600,0.2275,880.9,424.3,929.8,573.3,1600,1200
20170625_FIRE_mg-s-iqeye,-600,0.1227,887.8,422.0,943.6,574.4,1600,1200
20170625_FIRE_mg-s-iqeye,-600,0.0914,1585.6,562.3,1600.0,596.1,1600,1200
20170625_FIRE_mg-s-iqeye,-600,0.0807,882.3,423.0,965.2,572.2,1600,1200
20170625_FIRE_mg-s-iqeye,-600,0.0636,884.6,543.4,913.4,573.0,1600,1200
20170625_FIRE_mg-s-iqeye,-600,0.0632,883.0,515.4,915.1,573.3,1600,1200
20170625_FIRE_mg-s-iqeye,-540,0.2630,881.4,423.3,929.6,576.0,1600,1200
20170625_FIRE_mg-s-iqeye,-540,0.1985,874.6,421.7,1022.9,573.2,1600,1200
20170625_FIRE_mg-s-iqeye,-540,0.1046,884.9,420.7,953.7,579.0,1600,1200
20170625_FIRE_mg-s-iqeye,-540,0.2989,1584.7,562.3,1599.9,589.4,1600,1200
20170625_FIRE_mg-s-iqeye,-540,0.2755,881.5,424.1,929.5,576.1,1600,1200
20170625_FIRE_mg-s-iqeye,-540,0.1065,886.5,421.0,946.0,579.6,1600,1200
20170625_FIRE_mg-s-iqeye,-540,0.1032,881.8,423.0,975.7,573.5,1600,1200
20170625_FIRE_mg-s-iqeye,-540,0.0997,874.5,422.1,1016.6,574.1,1600,1200
20170625_FIRE_mg-s-iqeye,-540,0.0902,1586.9,562.4,1600.0,597.3,1600,1200
20170625_FIRE_mg-s-iqeye,-540,0.1909,881.3,422.7,939.0,574.7,1600,1200
20170625_FIRE_mg-s-iqeye,-540,0.1242,880.2,422.0,1012.8,573.8,1600,1200
20170625_FIRE_mg-s-iqeye,-540,0.0912,881.9,461.7,926.5,573.9,1600,1200
20170625_FIRE_mg-s-iqeye,-540,0.0901,884.3,419.6,962.2,579.2,1600,1200
20170625_FIRE_mg-s-iqeye,-540,0.0526,884.2,540.7,914.0,574.8,1600,1200
20170625_FIRE_mg-s-iqeye,-540,0.2818,1584.3,562.0,1599.8,589.2,1600,1200
20170625_FIRE_mg-s-iqeye,-540,0.2225,881.4,423.1,938.7,574.4,1600,1200
20170625_FIRE_mg-s-iqeye,-540,0.1040,881.7,458.9,926.7,573.9,1600,1200
20170625_FIRE_mg-s-iqeye,-540,0.0982,881.5,422.8,975.3,573.9,1600,1200
20170625_FIRE_mg-s-iqeye,-540,0.0805,1586.3,562.3,1600.0,596.9,1600,1200
20170625_FIRE_mg-s-iqeye,-540,0.0689,875.3,421.8,1014.6,574.3,1600,1200
20170625_FIRE_mg-s-iqeye,-540,0.0550,884.0,540.8,914.0,575.0,1600,1200
20170625_FIRE_mg-s-iqeye,-540,0.0505,882.8,510.4,916.3,575.0,1600,1200
20170625_FIRE_mg-s-iqeye,-480,0.2551,881.7,425.4,929.5,573.4,1600,1200
20170625_FIRE_mg-s-iqeye,-480,0.1714,877.3,422.7,1022.5,571.7,1600,1200
20170625_FIRE_mg-s-iqeye,-480,0.1143,881.2,425.1,977.9,572.2,1600,1200
20170625_FIRE_mg-s-iqeye,-480,0.1012,884.3,423.2,946.6,574.7,1600,1200
20170625_FIRE_mg-s-iqeye,-480,0.2892,881.8,425.4,929.5,573.5,1600,1200
20170625_FIRE_mg-s-iqeye,-480,0.2152,1585.9,560.8,1599.9,590.6,1600,1200
20170625_FIRE_mg-s-iqeye,-480,0.1856,1589.2,562.2,1600.0,592.1,1600,1200
20170625_FIRE_mg-s-iqeye,-480,0.1296,886.2,423.2,943.6,574.8,1600,1200
20170625_FIRE_mg-s-iqeye,-480,0.1160,883.2,423.7,967.4,572.0,1600,1200
20170625_FIRE_mg-s-iqeye,-480,0.1750,881.7,426.3,929.3,573.3,1600,1200
20170625_FIRE_mg-s-iqeye,-480,0.1343,881.6,424.2,954.3,572.9,1600,1200
20170625_FIRE_mg-s-iqeye,-480,0.1243,881.4,423.1,995.9,572.1,1600,1200
20170625_FIRE_mg-s-iqeye,-480,0.0564,882.8,461.7,926.3,572.3,1600,1200
20170625_FIRE_mg-s-iqeye,-480,0.0553,885.4,542.3,913.7,573.3,1600,1200
20170625_FIRE_mg-s-iqeye,-480,0.0539,884.4,508.9,915.8,574.0,1600,1200
20170625_FIRE_mg-s-iqeye,-480,0.2122,881.4,424.2,941.1,572.7,1600,1200
20170625_FIRE_mg-s-iqeye,-480,0.1934,1585.3,560.6,1599.8,590.3,1600,1200
20170625_FIRE_mg-s-iqeye,-480,0.1194,882.8,423.3,967.2,572.3,1600,1200
20170625_FIRE_mg-s-iqeye,-480,0.0865,1588.3,562.6,1600.0,597.7,1600,1200
20170625_FIRE_mg-s-iqeye,-480,0.0585,884.2,510.1,915.7,574.0,1600,1200
20170625_FIRE_mg-s-iqeye,-480,0.0575,885.3,542.3,913.7,573.4,1600,1200
20170625_FIRE_mg-s-iqeye,-480,0.0529,882.6,458.7,926.7,572.4,1600,1200
20170625_FIRE_mg-s-iqeye,-420,0.3629,882.8,423.5,929.9,585.5,1600,1200
20170625_FIRE_mg-s-iqeye,-420,0.1247,883.5,423.4,975.8,579.5,1600,1200
20170625_FIRE_mg-s-iqeye,-420,0.1118,876.2,422.1,1023.0,577.9,1600,1200
20170625_FIRE_mg-s-iqeye,-420,0.1110,888.0,421.8,943.9,583.8,1600,1200
20170625_FIRE_mg-s-iqeye,-420,0.0664,886.0,546.4,913.9,588.1,1600,1200
20170625_FIRE_mg-s-iqeye,-420,0.0557,884.3,463.8,926.1,585.3,1600,1200
20170625_FIRE_mg-s-iqeye,-420,0.3622,882.7,424.1,929.9,584.6,1600,1200
20170625_FIRE_mg-s-iqeye,-420,0.2003,1584.6,562.2,1599.8,588.3,1600,1200
20170625_FIRE_mg-s-iqeye,-420,0.1235,888.5,422.1,943.0,583.7,1600,1200
20170625_FIRE_mg-s-iqeye,-420,0.0938,884.3,423.5,961.5,579.1,1600,1200
20170625_FIRE_mg-s-iqeye,-420,0.0887,1588.0,557.2,1600.0,588.2,1600,1200
20170625_FIRE_mg-s-iqeye,-420,0.0663,884.1,463.6,926.1,584.7,1600,1200
20170625_FIRE_mg-s-iqeye,-420,0.0625,885.8,546.4,913.9,587.8,1600,1200
20170625_FIRE_mg-s-iqeye,-420,0.0527,876.8,422.5,1002.7,578.8,1600,1200
20170625_FIRE_mg-s-iqeye,-420,0.2333,882.8,424.1,937.8,579.3,1600,1200
20170625_FIRE_mg-s-iqeye,-420,0.1486,883.5,454.7,927.5,583.7,1600,1200
20170625_FIRE_mg-s-iqeye,-420,0.0897,882.3,422.9,1004.0,579.6,1600,1200
20170625_FIRE_mg-s-iqeye,-420,0.0569,886.2,546.5,913.9,586.9,1600,1200
20170625_FIRE_mg-s-iqeye,-420,0.0508,885.6,532.7,914.6,579.9,1600,1200
20170625_FIRE_mg-s-iqeye,-420,0.2780,882.3,424.1,939.8,579.0,1600,1200
20170625_FIRE_mg-s-iqeye,-420,0.1915,1584.1,561.8,1599.8,588.0,1600,1200
20170625_FIRE_mg-s-iqeye,-420,0.1396,883.2,450.5,927.5,584.0,1600,1200
20170625_FIRE_mg-s-iqeye,-420,0.0898,883.5,423.2,964.0,579.5,1600,1200
20170625_FIRE_mg-s-iqeye,-420,0.0864,1587.2,556.9,1600.0,588.0,1600,1200
20170625_FIRE_mg-s-iqeye,-420,0.0594,886.0,546.5,913.9,587.4,1600,1200
20170625_FIRE_mg-s-iqeye,-420,0.0519,885.4,532.2,914.6,580.1,1600,1200
20170625_FIRE_mg-s-iqeye,-360,0.3071,882.6,426.2,931.4,572.4,1600,1200
20170625_FIRE_mg-s-iqeye,-360,0.1439,882.8,425.2,978.7,571.3,1600,1200
20170625_FIRE_mg-s-iqeye,-360,0.1070,877.3,423.9,1022.8,571.4,1600,1200
20170625_FIRE_mg-s-iqeye,-360,0.3376,882.5,426.7,931.7,572.5,1600,1200
20170625_FIRE_mg-s-iqeye,-360,0.2278,1583.7,560.1,1599.9,590.1,1600,1200
20170625_FIRE_mg-s-iqeye,-360,0.1371,883.6,425.3,963.5,571.4,1600,1200
20170625_FIRE_mg-s-iqeye,-360,0.0613,1585.6,562.0,1600.0,599.4,1600,1200
20170625_FIRE_mg-s-iqeye,-360,0.0553,1583.2,529.8,1600.0,590.4,1600,1200
20170625_FIRE_mg-s-iqeye,-360,0.1975,882.6,427.3,931.3,572.4,1600,1200
20170625_FIRE_mg-s-iqeye,-360,0.0940,882.3,425.1,986.0,571.4,1600,1200
20170625_FIRE_mg-s-iqeye,-360,0.0812,884.6,425.7,949.1,573.7,1600,1200
20170625_FIRE_mg-s-iqeye,-360,0.0588,885.1,514.9,915.8,572.5,1600,1200
20170625_FIRE_mg-s-iqeye,-360,0.0556,885.9,540.9,914.0,571.8,1600,1200
20170625_FIRE_mg-s-iqeye,-360,0.2394,882.3,426.2,933.8,572.5,1600,1200
20170625_FIRE_mg-s-iqeye,-360,0.2073,1583.5,559.8,1599.9,589.7,1600,1200
20170625_FIRE_mg-s-iqeye,-360,0.1294,883.5,424.8,964.8,571.6,1600,1200
20170625_FIRE_mg-s-iqeye,-360,0.0624,884.9,515.4,915.9,572.6,1600,1200
20170625_FIRE_mg-s-iqeye,-360,0.0538,885.8,540.9,914.0,572.1,1600,1200
20170625_FIRE_mg-s-iqeye,-360,0.0526,1585.3,561.9,1600.0,599.2,1600,1200
20170625_FIRE_mg-s-iqeye,-360,0.0523,1583.1,533.1,1600.0,590.2,1600,1200
20170625_FIRE_mg-s-iqeye,-300,0.3430,882.1,425.6,931.6,573.5,1600,1200
20170625_FIRE_mg-s-iqeye,-300,0.1391,883.3,424.4,966.6,572.0,1600,1200
20170625_FIRE_mg-s-iqeye,-300,0.1081,877.2,425.5,1015.8,572.3,1600,1200
20170625_FIRE_mg-s-iqeye,-300,0.0754,885.7,543.8,914.1,572.9,1600,1200
20170625_FIRE_mg-s-iqeye,-300,0.3590,882.0,425.7,931.5,573.3,1600,1200
20170625_FIRE_mg-s-iqeye,-300,0.2138,1584.6,560.3,1599.9,590.3,1600,1200
20170625_FIRE_mg-s-iqeye,-300,0.1429,881.8,427.2,965.2,572.1,1600,1200
20170625_FIRE_mg-s-iqeye,-300,0.1159,1587.6,554.9,1600.0,590.6,1600,1200
20170625_FIRE_mg-s-iqeye,-300,0.0762,1588.2,562.5,1600.0,600.0,1600,1200
20170625_FIRE_mg-s-iqeye,-300,0.0740,885.6,543.8,914.0,572.8,1600,1200
20170625_FIRE_mg-s-iqeye,-300,0.2290,882.1,426.1,931.1,573.5,1600,1200
20170625_FIRE_mg-s-iqeye,-300,0.0980,882.5,424.1,975.9,572.3,1600,1200
20170625_FIRE_mg-s-iqeye,-300,0.0912,886.1,424.4,945.7,575.5,1600,1200
20170625_FIRE_mg-s-iqeye,-300,0.0872,885.8,543.8,914.0,572.8,1600,1200
20170625_FIRE_mg-s-iqeye,-300,0.0580,885.0,515.5,915.9,573.4,1600,1200
20170625_FIRE_mg-s-iqeye,-300,0.0533,876.9,423.9,1020.3,572.7,1600,1200
20170625_FIRE_mg-s-iqeye,-300,0.2724,881.9,425.3,932.5,573.4,1600,1200
20170625_FIRE_mg-s-iqeye,-300,0.2157,1584.2,560.1,1599.9,589.8,1600,1200
20170625_FIRE_mg-s-iqeye,-300,0.1313,883.7,424.0,963.4,572.3,1600,1200
20170625_FIRE_mg-s-iqeye,-300,0.0899,885.7,543.9,914.0,572.8,1600,1200
20170625_FIRE_mg-s-iqeye,-300,0.0699,1587.5,562.2,1600.0,599.6,1600,1200
20170625_FIRE_mg-s-iqeye,-300,0.0613,884.8,516.4,915.9,573.4,1600,1200
20170625_FIRE_mg-s-iqeye,-240,0.3602,882.0,425.2,930.5,575.7,1600,1200
20170625_FIRE_mg-s-iqeye,-240,0.1090,882.4,423.7,981.2,573.5,1600,1200
20170625_FIRE_mg-s-iqeye,-240,0.1032,875.4,421.9,1022.6,573.7,1600,1200
20170625_FIRE_mg-s-iqeye,-240,0.0559,885.3,541.1,914.9,575.1,1600,1200
20170625_FIRE_mg-s-iqeye,-240,0.3753,881.9,425.9,930.5,575.2,1600,1200
20170625_FIRE_mg-s-iqeye,-240,0.1905,1585.1,559.1,1599.9,590.8,1600,1200
20170625_FIRE_mg-s-iqeye,-240,0.1765,1589.5,560.7,1600.0,592.2,1600,1200
20170625_FIRE_mg-s-iqeye,-240,0.0943,883.1,423.9,960.6,573.2,1600,1200
20170625_FIRE_mg-s-iqeye,-240,0.0668,1506.8,540.9,1528.3,572.3,1600,1200
20170625_FIRE_mg-s-iqeye,-240,0.0565,885.2,541.4,914.8,574.8,1600,1200
20170625_FIRE_mg-s-iqeye,-240,0.0529,876.0,423.0,996.9,573.6,1600,1200
20170625_FIRE_mg-s-iqeye,-240,0.2679,881.9,426.4,930.2,575.5,1600,1200
20170625_FIRE_mg-s-iqeye,-240,0.0892,885.7,423.2,945.1,578.5,1600,1200
20170625_FIRE_mg-s-iqeye,-240,0.0848,881.5,423.4,1003.5,573.8,1600,1200
20170625_FIRE_mg-s-iqeye,-240,0.0612,885.4,541.1,914.9,574.9,1600,1200
20170625_FIRE_mg-s-iqeye,-240,0.3102,881.6,425.8,930.9,575.2,1600,1200
20170625_FIRE_mg-s-iqeye,-240,0.1798,1584.3,559.1,1599.9,590.3,1600,1200
20170625_FIRE_mg-s-iqeye,-240,0.1706,1588.1,560.4,1600.0,591.8,1600,1200
20170625_FIRE_mg-s-iqeye,-240,0.1443,887.0,423.6,944.0,577.0,1600,1200
20170625_FIRE_mg-s-iqeye,-240,0.0825,881.0,426.0,963.6,574.3,1600,1200
20170625_FIRE_mg-s-iqeye,-240,0.0627,885.3,541.4,914.8,574.9,1600,1200
20170625_FIRE_mg-s-iqeye,-180,0.2805,880.7,424.2,930.5,573.9,1600,1200
20170625_FIRE_mg-s-iqeye,-180,0.1720,880.9,423.3,980.7,572.1,1600,1200
20170625_FIRE_mg-s-iqeye,-180,0.1515,875.0,422.5,1021.9,572.2,1600,1200
20170625_FIRE_mg-s-iqeye,-180,0.1482,885.0,422.7,948.6,574.9,1600,1200
20170625_FIRE_mg-s-iqeye,-180,0.1000,884.3,541.5,914.3,573.8,1600,1200
20170625_FIRE_mg-s-iqeye,-180,0.3004,880.7,424.7,930.3,573.7,1600,1200
20170625_FIRE_mg-s-iqeye,-180,0.2823,1583.5,562.6,1599.9,589.7,1600,1200
20170625_FIRE_mg-s-iqeye,-180,0.1678,886.6,423.0,946.2,574.6,1600,1200
20170625_FIRE_mg-s-iqeye,-180,0.1326,882.0,423.5,966.6,572.1,1600,1200
20170625_FIRE_mg-s-iqeye,-180,0.1016,884.2,541.6,914.2,573.6,1600,1200
20170625_FIRE_mg-s-iqeye,-180,0.0972,1585.9,563.4,1600.0,596.7,1600,1200
20170625_FIRE_mg-s-iqeye,-180,0.1856,880.6,424.7,930.5,573.5,1600,1200
20170625_FIRE_mg-s-iqeye,-180,0.1547,880.4,424.0,958.6,572.8,1600,1200
20170625_FIRE_mg-s-iqeye,-180,0.1152,884.5,541.9,914.2,573.3,1600,1200
20170625_FIRE_mg-s-iqeye,-180,0.0951,883.8,420.3,998.7,575.3,1600,1200
20170625_FIRE_mg-s-iqeye,-180,0.0579,881.6,460.9,926.7,572.3,1600,1200
20170625_FIRE_mg-s-iqeye,-180,0.0570,883.8,523.2,915.8,573.8,1600,1200
20170625_FIRE_mg-s-iqeye,-180,0.2381,1583.2,562.2,1599.9,589.6,1600,1200
20170625_FIRE_mg-s-iqeye,-180,0.2265,880.5,424.7,931.5,573.5,1600,1200
20170625_FIRE_mg-s-iqeye,-180,0.1920,880.8,424.1,956.2,572.5,1600,1200
20170625_FIRE_mg-s-iqeye,-180,0.1188,884.4,542.0,914.2,573.4,1600,1200
20170625_FIRE_mg-s-iqeye,-180,0.0838,1585.4,563.2,1600.0,596.5,1600,1200
20170625_FIRE_mg-s-iqeye,-180,0.0644,881.4,457.7,926.9,572.4,1600,1200
20170625_FIRE_mg-s-iqeye,-180,0.0600,883.7,523.9,915.8,573.8,1600,1200
20170625_FIRE_mg-s-iqeye,-120,0.3128,882.2,424.7,938.0,575.7,1600,1200
20170625_FIRE_mg-s-iqeye,-120,0.1841,875.6,421.9,1022.9,575.1,1600,1200
20170625_FIRE_mg-s-iqeye,-120,0.1291,882.7,448.0,927.9,577.5,1600,1200
20170625_FIRE_mg-s-iqeye,-120,0.1281,880.9,423.1,975.7,578.5,1600,1200
20170625_FIRE_mg-s-iqeye,-120,0.3338,881.9,424.1,930.7,578.3,1600,1200
20170625_FIRE_mg-s-iqeye,-120,0.2125,1582.3,559.2,1599.9,589.5,1600,1200
20170625_FIRE_mg-s-iqeye,-120,0.1383,886.6,422.5,945.1,580.2,1600,1200
20170625_FIRE_mg-s-iqeye,-120,0.1199,882.3,423.5,965.2,575.1,1600,1200
20170625_FIRE_mg-s-iqeye,-120,0.0944,875.6,422.6,1001.2,575.8,1600,1200
20170625_FIRE_mg-s-iqeye,-120,0.0608,1586.1,561.7,1600.0,598.3,1600,1200
20170625_FIRE_mg-s-iqeye,-120,0.0579,1582.3,529.2,1600.0,589.8,1600,1200
20170625_FIRE_mg-s-iqeye,-120,0.2514,881.8,424.3,940.1,576.0,1600,1200
20170625_FIRE_mg-s-iqeye,-120,0.1438,880.8,422.9,1004.2,575.4,1600,1200
20170625_FIRE_mg-s-iqeye,-120,0.1093,882.6,456.9,927.3,576.4,1600,1200
20170625_FIRE_mg-s-iqeye,-120,0.2928,881.6,424.2,941.7,575.8,1600,1200
20170625_FIRE_mg-s-iqeye,-120,0.2088,1582.2,558.9,1599.9,589.2,1600,1200
20170625_FIRE_mg-s-iqeye,-120,0.1053,882.4,453.1,927.5,576.4,1600,1200
20170625_FIRE_mg-s-iqeye,-120,0.0964,886.5,420.2,962.6,579.2,1600,1200
20170625_FIRE_mg-s-iqeye,-120,0.0744,876.5,422.4,998.8,575.9,1600,1200
20170625_FIRE_mg-s-iqeye,-120,0.0615,1582.2,533.7,1600.0,589.6,1600,1200
20170625_FIRE_mg-s-iqeye,-120,0.0572,1585.6,561.6,1600.0,598.0,1600,1200
20170625_FIRE_mg-s-iqeye,-60,0.3213,882.4,425.2,930.9,574.5,1600,1200
20170625_FIRE_mg-s-iqeye,-60,0.1575,877.4,423.5,1021.3,572.5,1600,1200
20170625_FIRE_mg-s-iqeye,-60,0.1528,883.1,424.2,980.5,572.4,1600,1200
20170625_FIRE_mg-s-iqeye,-60,0.3608,882.5,425.7,931.0,574.7,1600,1200
20170625_FIRE_mg-s-iqeye,-60,0.2347,1584.0,560.6,1599.9,589.8,1600,1200
20170625_FIRE_mg-s-iqeye,-60,0.1128,884.5,424.2,959.3,572.6,1600,1200
20170625_FIRE_mg-s-iqeye,-60,0.0657,878.3,423.6,990.1,572.9,1600,1200
20170625_FIRE_mg-s-iqeye,-60,0.0629,1582.8,529.6,1600.0,590.0,1600,1200
20170625_FIRE_mg-s-iqeye,-60,0.0626,1587.1,562.3,1600.0,599.8,1600,1200
20170625_FIRE_mg-s-iqeye,-60,0.2228,882.3,425.0,938.0,573.2,1600,1200
20170625_FIRE_mg-s-iqeye,-60,0.1220,882.2,423.8,998.4,572.6,1600,1200
20170625_FIRE_mg-s-iqeye,-60,0.0579,883.2,457.2,927.1,573.0,1600,1200
20170625_FIRE_mg-s-iqeye,-60,0.2539,882.1,425.0,939.0,573.2,1600,1200
20170625_FIRE_mg-s-iqeye,-60,0.2153,1583.7,560.0,1599.9,589.4,1600,1200
20170625_FIRE_mg-s-iqeye,-60,0.1051,883.6,423.9,963.3,572.8,1600,1200
20170625_FIRE_mg-s-iqeye,-60,0.0627,882.9,453.9,927.4,573.1,1600,1200
20170625_FIRE_mg-s-iqeye,-60,0.0597,1582.6,532.7,1600.0,589.9,1600,1200
20170625_FIRE_mg-s-iqeye,-60,0.0531,1586.5,562.2,1600.0,599.7,1600,1200
20170625_FIRE_mg-s-iqeye,0,0.3042,881.3,425.1,939.2,572.4,1600,1200
20170625_FIRE_mg-s-iqeye,0,0.1598,881.2,424.0,976.6,571.7,1600,1200
20170625_FIRE_mg-s-iqeye,0,0.1348,875.8,422.7,1021.4,571.9,1600,1200
20170625_FIRE_mg-s-iqeye,0,0.1167,881.5,452.6,927.8,572.7,1600,1200
20170625_FIRE_mg-s-iqeye,0,0.3435,881.2,425.4,929.7,573.5,1600,1200
20170625_FIRE_mg-s-iqeye,0,0.2083,1584.0,561.0,1599.8,590.4,1600,1200
20170625_FIRE_mg-s-iqeye,0,0.1621,886.6,423.1,947.2,574.9,1600,1200
20170625_FIRE_mg-s-iqeye,0,0.1407,880.1,426.4,967.7,572.2,1600,1200
20170625_FIRE_mg-s-iqeye,0,0.0974,1585.8,552.5,1600.0,591.2,1600,1200
20170625_FIRE_mg-s-iqeye,0,0.0693,1586.9,563.0,1600.0,599.9,1600,1200
20170625_FIRE_mg-s-iqeye,0,0.0684,1506.7,541.7,1529.1,571.8,1600,1200
20170625_FIRE_mg-s-iqeye,0,0.2058,881.0,424.6,943.4,573.0,1600,1200
20170625_FIRE_mg-s-iqeye,0,0.1076,880.4,423.7,985.2,572.1,1600,1200
20170625_FIRE_mg-s-iqeye,0,0.0932,881.4,460.3,927.8,572.6,1600,1200
20170625_FIRE_mg-s-iqeye,0,0.2651,881.1,424.5,944.0,572.7,1600,1200
20170625_FIRE_mg-s-iqeye,0,0.2151,1583.4,560.5,1599.8,590.0,1600,1200
20170625_FIRE_mg-s-iqeye,0,0.1081,1585.1,552.7,1600.0,590.8,1600,1200
20170625_FIRE_mg-s-iqeye,0,0.1003,886.6,420.1,964.0,574.5,1600,1200
20170625_FIRE_mg-s-iqeye,0,0.0999,881.2,457.6,927.9,572.5,1600,1200
20170625_FIRE_mg-s-iqeye,0,0.0897,1506.6,541.8,1529.3,572.1,1600,1200
20170625_FIRE_mg-s-iqeye,0,0.0719,1586.1,562.8,1600.0,599.5,1600,1200
20170625_FIRE_mg-s-iqeye,60,0.3082,883.8,424.4,938.7,571.5,1600,1200
20170625_FIRE_mg-s-iqeye,60,0.2308,878.3,422.9,1023.4,571.1,1600,1200
20170625_FIRE_mg-s-iqeye,60,0.1395,882.5,423.9,976.8,571.0,1600,1200
20170625_FIRE_mg-s-iqeye,60,0.0766,884.0,449.7,927.5,571.2,1600,1200
20170625_FIRE_mg-s-iqeye,60,0.0562,886.2,543.1,913.7,571.3,1600,1200
20170625_FIRE_mg-s-iqeye,60,0.3210,884.2,424.3,936.9,571.3,1600,1200
20170625_FIRE_mg-s-iqeye,60,0.2607,1584.2,561.3,1599.9,589.2,1600,1200
20170625_FIRE_mg-s-iqeye,60,0.1398,885.2,423.6,968.9,571.1,1600,1200
20170625_FIRE_mg-s-iqeye,60,0.1125,879.1,423.0,1001.3,571.5,1600,1200
20170625_FIRE_mg-s-iqeye,60,0.1090,883.9,450.9,927.5,571.1,1600,1200
20170625_FIRE_mg-s-iqeye,60,0.0704,1587.5,562.1,1600.0,597.5,1600,1200
20170625_FIRE_mg-s-iqeye,60,0.0564,886.1,543.1,913.6,571.3,1600,1200
20170625_FIRE_mg-s-iqeye,60,0.2537,883.8,424.0,941.0,571.8,1600,1200
20170625_FIRE_mg-s-iqeye,60,0.1722,883.4,423.2,1006.3,571.3,1600,1200
20170625_FIRE_mg-s-iqeye,60,0.0724,886.4,543.1,913.7,571.1,1600,1200
20170625_FIRE_mg-s-iqeye,60,0.0653,884.1,457.8,927.2,571.1,1600,1200
20170625_FIRE_mg-s-iqeye,60,0.2849,883.6,424.0,941.6,571.6,1600,1200
20170625_FIRE_mg-s-iqeye,60,0.2440,1583.9,561.1,1599.8,588.9,1600,1200
20170625_FIRE_mg-s-iqeye,60,0.1430,884.7,423.4,969.0,571.3,1600,1200
20170625_FIRE_mg-s-iqeye,60,0.0869,879.4,422.8,999.7,571.6,1600,1200
20170625_FIRE_mg-s-iqeye,60,0.0709,886.2,543.1,913.6,571.2,1600,1200
20170625_FIRE_mg-s-iqeye,60,0.0619,1586.8,562.0,1600.0,597.2,1600,1200
20170625_FIRE_mg-s-iqeye,60,0.0606,883.8,455.1,927.4,571.0,1600,1200
20170625_FIRE_mg-s-iqeye,120,0.3389,881.6,425.3,930.2,580.4,1600,1200
20170625_FIRE_mg-s-iqeye,120,0.1817,875.6,423.0,1023.0,574.6,1600,1200
20170625_FIRE_mg-s-iqeye,120,0.1273,880.6,424.9,980.2,581.5,1600,1200
20170625_FIRE_mg-s-iqeye,120,0.0829,886.9,423.0,948.0,580.2,1600,1200
20170625_FIRE_mg-s-iqeye,120,0.3614,881.7,425.8,930.1,578.6,1600,1200
20170625_FIRE_mg-s-iqeye,120,0.2778,1583.8,561.2,1599.9,590.6,1600,1200
20170625_FIRE_mg-s-iqeye,120,0.1143,882.9,424.2,969.2,574.0,1600,1200
20170625_FIRE_mg-s-iqeye,120,0.1021,1585.8,562.6,1600.0,598.6,1600,1200
20170625_FIRE_mg-s-iqeye,120,0.0980,887.9,423.2,945.6,580.0,1600,1200
20170625_FIRE_mg-s-iqeye,120,0.0876,876.1,423.3,1002.6,574.8,1600,1200
20170625_FIRE_mg-s-iqeye,120,0.0541,1583.4,528.2,1600.0,590.6,1600,1200
20170625_FIRE_mg-s-iqeye,120,0.2264,881.2,426.3,930.0,577.9,1600,1200
20170625_FIRE_mg-s-iqeye,120,0.1482,881.2,425.0,958.7,574.8,1600,1200
20170625_FIRE_mg-s-iqeye,120,0.1345,880.4,424.0,1012.0,574.1,1600,1200
20170625_FIRE_mg-s-iqeye,120,0.2639,881.1,425.8,930.4,577.3,1600,1200
20170625_FIRE_mg-s-iqeye,120,0.2600,1583.6,560.8,1599.8,590.1,1600,1200
20170625_FIRE_mg-s-iqeye,120,0.1786,881.7,424.8,951.5,574.4,1600,1200
20170625_FIRE_mg-s-iqeye,120,0.0886,1585.4,562.5,1600.0,598.3,1600,1200
20170625_FIRE_mg-s-iqeye,120,0.0633,887.5,420.6,971.5,579.2,1600,1200
20170625_FIRE_mg-s-iqeye,120,0.0617,876.5,423.1,1003.5,574.7,1600,1200
20170625_FIRE_mg-s-iqeye,120,0.0539,1583.4,533.8,1600.0,590.4,1600,1200
20170625_FIRE_mg-s-iqeye,180,0.3210,880.6,424.9,933.1,577.3,1600,1200
20170625_FIRE_mg-s-iqeye,180,0.1638,882.5,424.1,973.1,573.8,1600,1200
20170625_FIRE_mg-s-iqeye,180,0.1235,888.9,423.9,949.1,579.6,1600,1200
20170625_FIRE_mg-s-iqeye,180,0.1200,874.5,422.9,1021.6,573.6,1600,1200
20170625_FIRE_mg-s-iqeye,180,0.3364,880.8,425.0,932.4,576.8,1600,1200
20170625_FIRE_mg-s-iqeye,180,0.2523,1583.2,560.9,1599.9,590.0,1600,1200
20170625_FIRE_mg-s-iqeye,180,0.1545,890.4,423.8,947.7,579.5,1600,1200
20170625_FIRE_mg-s-iqeye,180,0.1531,884.0,424.0,966.1,573.8,1600,1200
20170625_FIRE_mg-s-iqeye,180,0.1069,1586.2,562.6,1600.0,598.7,1600,1200
20170625_FIRE_mg-s-iqeye,180,0.0572,1582.5,525.5,1600.0,590.1,1600,1200
20170625_FIRE_mg-s-iqeye,180,0.2186,880.7,425.2,933.2,576.5,1600,1200
20170625_FIRE_mg-s-iqeye,180,0.1608,881.8,425.1,958.1,574.9,1600,1200
20170625_FIRE_mg-s-iqeye,180,0.0513,874.5,423.4,1021.1,575.5,1600,1200
20170625_FIRE_mg-s-iqeye,180,0.0512,884.7,543.0,914.1,575.8,1600,1200
20170625_FIRE_mg-s-iqeye,180,0.2824,881.0,425.0,948.2,574.5,1600,1200
20170625_FIRE_mg-s-iqeye,180,0.2512,1582.9,560.6,1599.9,589.7,1600,1200
20170625_FIRE_mg-s-iqeye,180,0.1015,1585.6,562.4,1600.0,598.1,1600,1200
20170625_FIRE_mg-s-iqeye,180,0.0964,890.8,422.2,960.9,577.6,1600,1200
20170625_FIRE_mg-s-iqeye,180,0.0893,881.3,442.8,928.3,574.8,1600,1200
20170625_FIRE_mg-s-iqeye,180,0.0608,877.2,423.2,981.7,574.1,1600,1200
20170625_FIRE_mg-s-iqeye,180,0.0583,1582.2,529.3,1600.0,590.1,1600,1200
20170625_FIRE_mg-s-iqeye,180,0.0576,884.5,543.1,914.1,575.8,1600,1200
20170625_FIRE_mg-s-iqeye,240,0.3387,882.6,426.6,929.3,574.8,1600,1200
20170625_FIRE_mg-s-iqeye,240,0.1056,882.8,423.6,985.5,572.6,1600,1200
20170625_FIRE_mg-s-iqeye,240,0.0864,877.7,421.3,1022.7,573.0,1600,1200
20170625_FIRE_mg-s-iqeye,240,0.3542,882.6,427.2,929.4,574.5,1600,1200
20170625_FIRE_mg-s-iqeye,240,0.2786,1584.0,562.2,1599.9,592.1,1600,1200
20170625_FIRE_mg-s-iqeye,240,0.1151,1586.5,562.9,1600.0,600.4,1600,1200
20170625_FIRE_mg-s-iqeye,240,0.0999,882.3,427.2,966.0,573.1,1600,1200
20170625_FIRE_mg-s-iqeye,240,0.0534,878.3,422.6,996.8,573.1,1600,1200
20170625_FIRE_mg-s-iqeye,240,0.2420,882.5,428.8,928.9,574.2,1600,1200
20170625_FIRE_mg-s-iqeye,240,0.0875,881.9,423.0,998.2,572.7,1600,1200
20170625_FIRE_mg-s-iqeye,240,0.0812,885.0,422.7,946.5,575.9,1600,1200
20170625_FIRE_mg-s-iqeye,240,0.0527,884.6,513.0,915.9,574.3,1600,1200
20170625_FIRE_mg-s-iqeye,240,0.2579,882.3,426.3,929.7,574.2,1600,1200
20170625_FIRE_mg-s-iqeye,240,0.2379,1583.8,562.0,1599.9,591.6,1600,1200
20170625_FIRE_mg-s-iqeye,240,0.1208,886.0,422.7,944.8,574.5,1600,1200
20170625_FIRE_mg-s-iqeye,240,0.0985,882.9,423.3,968.0,572.6,1600,1200
20170625_FIRE_mg-s-iqeye,240,0.0937,1586.1,562.7,1600.0,600.1,1600,1200
20170625_FIRE_mg-s-iqeye,240,0.0525,884.5,513.6,915.9,574.3,1600,1200
20170625_FIRE_mg-s-iqeye,300,0.3406,881.3,425.5,931.3,581.6,1600,1200
20170625_FIRE_mg-s-iqeye,300,0.1238,880.1,424.4,968.5,581.5,1600,1200
20170625_FIRE_mg-s-iqeye,300,0.0953,874.4,422.1,1014.8,580.2,1600,1200
20170625_FIRE_mg-s-iqeye,300,0.0763,884.8,546.3,913.6,584.9,1600,1200
20170625_FIRE_mg-s-iqeye,300,0.0590,884.4,529.8,915.0,580.5,1600,1200
20170625_FIRE_mg-s-iqeye,300,0.3227,881.2,426.5,931.0,580.8,1600,1200
20170625_FIRE_mg-s-iqeye,300,0.1370,1584.6,560.4,1599.9,589.5,1600,1200
20170625_FIRE_mg-s-iqeye,300,0.1173,1588.5,562.0,1600.0,590.7,1600,1200
20170625_FIRE_mg-s-iqeye,300,0.1164,879.9,426.1,967.4,580.5,1600,1200
20170625_FIRE_mg-s-iqeye,300,0.0763,884.6,546.4,913.7,584.6,1600,1200
20170625_FIRE_mg-s-iqeye,300,0.0595,884.2,531.2,915.0,580.1,1600,1200
20170625_FIRE_mg-s-iqeye,300,0.2522,881.5,426.3,930.8,580.2,1600,1200
20170625_FIRE_mg-s-iqeye,300,0.0956,880.1,423.8,970.1,579.8,1600,1200
20170625_FIRE_mg-s-iqeye,300,0.0954,888.2,421.6,943.2,580.2,1600,1200
20170625_FIRE_mg-s-iqeye,300,0.0702,884.5,531.2,914.9,579.9,1600,1200
20170625_FIRE_mg-s-iqeye,300,0.0654,885.1,546.3,913.5,584.2,1600,1200
20170625_FIRE_mg-s-iqeye,300,0.0635,883.7,508.0,916.1,580.0,1600,1200
20170625_FIRE_mg-s-iqeye,300,0.0539,874.9,420.2,1019.2,579.0,1600,1200
20170625_FIRE_mg-s-iqeye,300,0.2725,881.2,425.6,931.7,580.0,1600,1200
20170625_FIRE_mg-s-iqeye,300,0.1419,888.8,422.1,942.8,579.1,1600,1200
20170625_FIRE_mg-s-iqeye,300,0.1332,1583.9,560.0,1599.9,589.1,1600,1200
20170625_FIRE_mg-s-iqeye,300,0.1086,880.1,425.5,967.9,579.6,1600,1200
20170625_FIRE_mg-s-iqeye,300,0.0734,884.4,532.2,914.9,579.8,1600,1200
20170625_FIRE_mg-s-iqeye,300,0.0729,884.9,546.4,913.6,584.2,1600,1200
20170625_FIRE_mg-s-iqeye,300,0.0669,1586.8,553.9,1600.0,589.4,1600,1200
20170625_FIRE_mg-s-iqeye,300,0.0666,883.5,509.3,916.2,579.8,1600,1200
20170625_FIRE_mg-s-iqeye,360,0.2547,880.3,425.5,931.5,578.0,1600,1200
20170625_FIRE_mg-s-iqeye,360,0.1170,879.5,421.3,988.8,574.8,1600,1200
20170625_FIRE_mg-s-iqeye,360,0.0707,871.6,409.3,1022.6,579.0,1600,1200
20170625_FIRE_mg-s-iqeye,360,0.0642,883.8,419.0,947.8,580.8,1600,1200
20170625_FIRE_mg-s-iqeye,360,0.0554,884.6,546.7,913.7,580.9,1600,1200
20170625_FIRE_mg-s-iqeye,360,0.2756,880.5,426.9,931.3,577.5,1600,1200
20170625_FIRE_mg-s-iqeye,360,0.1517,1585.4,557.7,1599.9,589.1,1600,1200
20170625_FIRE_mg-s-iqeye,360,0.1094,878.9,426.3,968.0,577.0,1600,1200
20170625_FIRE_mg-s-iqeye,360,0.0908,1587.8,547.6,1600.0,589.2,1600,1200
20170625_FIRE_mg-s-iqeye,360,0.0726,885.3,420.8,945.0,580.5,1600,1200
20170625_FIRE_mg-s-iqeye,360,0.0571,884.5,546.8,913.7,580.5,1600,1200
20170625_FIRE_mg-s-iqeye,360,0.0503,1585.7,536.0,1600.0,588.5,1600,1200
20170625_FIRE_mg-s-iqeye,360,0.1720,880.4,427.9,931.2,577.1,1600,1200
20170625_FIRE_mg-s-iqeye,360,0.1071,880.2,423.5,954.8,575.7,1600,1200
20170625_FIRE_mg-s-iqeye,360,0.0836,878.8,421.1,1001.4,574.9,1600,1200
20170625_FIRE_mg-s-iqeye,360,0.0616,884.3,543.6,914.1,576.2,1600,1200
20170625_FIRE_mg-s-iqeye,360,0.0501,882.9,507.3,916.6,576.5,1600,1200
20170625_FIRE_mg-s-iqeye,360,0.2106,880.2,426.2,933.9,576.7,1600,1200
20170625_FIRE_mg-s-iqeye,360,0.1555,880.6,423.8,954.8,575.2,1600,1200
20170625_FIRE_mg-s-iqeye,360,0.1410,1584.8,556.8,1599.9,588.7,1600,1200
20170625_FIRE_mg-s-iqeye,360,0.0873,1587.3,547.4,1600.0,588.8,1600,1200
20170625_FIRE_mg-s-iqeye,360,0.0617,884.1,543.6,914.2,576.2,1600,1200
20170625_FIRE_mg-s-iqeye,360,0.0587,1585.2,538.0,1600.0,588.4,1600,1200
20170625_FIRE_mg-s-iqeye,360,0.0523,882.7,508.0,916.6,576.3,1600,1200
20170625_FIRE_mg-s-iqeye,420,0.3551,881.8,424.2,939.0,572.7,1600,1200
20170625_FIRE_mg-s-iqeye,420,0.1548,882.6,423.0,966.7,572.6,1600,1200
20170625_FIRE_mg-s-iqeye,420,0.1083,876.1,422.0,1022.1,572.6,1600,1200
20170625_FIRE_mg-s-iqeye,420,0.0641,883.9,541.5,914.6,573.5,1600,1200
20170625_FIRE_mg-s-iqeye,420,0.3496,882.0,424.0,938.0,572.5,1600,1200
20170625_FIRE_mg-s-iqeye,420,0.2588,1584.6,561.5,1599.8,590.3,1600,1200
20170625_FIRE_mg-s-iqeye,420,0.1349,883.0,423.0,964.3,572.6,1600,1200
20170625_FIRE_mg-s-iqeye,420,0.0929,1586.7,562.8,1600.0,599.7,1600,1200
20170625_FIRE_mg-s-iqeye,420,0.0738,1505.1,539.9,1529.6,573.3,1600,1200
20170625_FIRE_mg-s-iqeye,420,0.0668,883.8,541.7,914.6,573.5,1600,1200
20170625_FIRE_mg-s-iqeye,420,0.0536,1583.4,528.2,1600.0,590.6,1600,1200
20170625_FIRE_mg-s-iqeye,420,0.2637,881.6,423.5,941.4,572.9,1600,1200
20170625_FIRE_mg-s-iqeye,420,0.1238,881.7,422.4,976.0,572.7,1600,1200
20170625_FIRE_mg-s-iqeye,420,0.0731,884.1,542.0,914.5,573.0,1600,1200
20170625_FIRE_mg-s-iqeye,420,0.0603,881.4,450.5,927.4,572.6,1600,1200
20170625_FIRE_mg-s-iqeye,420,0.0567,876.2,420.8,1022.9,573.0,1600,1200
20170625_FIRE_mg-s-iqeye,420,0.0520,882.9,514.3,916.6,573.1,1600,1200
20170625_FIRE_mg-s-iqeye,420,0.2922,881.4,423.6,942.7,572.7,1600,1200
20170625_FIRE_mg-s-iqeye,420,0.2542,1584.3,561.1,1599.8,589.9,1600,1200
20170625_FIRE_mg-s-iqeye,420,0.1061,887.8,419.5,958.5,576.0,1600,1200
20170625_FIRE_mg-s-iqeye,420,0.0959,1505.1,540.0,1529.7,573.4,1600,1200
20170625_FIRE_mg-s-iqeye,420,0.0914,1586.2,562.7,1600.0,599.2,1600,1200
20170625_FIRE_mg-s-iqeye,420,0.0766,884.0,542.1,914.5,573.1,1600,1200
20170625_FIRE_mg-s-iqeye,420,0.0590,1583.1,530.5,1600.0,590.5,1600,1200
20170625_FIRE_mg-s-iqeye,420,0.0581,881.2,448.4,927.5,572.6,1600,1200
20170625_FIRE_mg-s-iqeye,420,0.0568,882.7,515.3,916.6,573.1,1600,1200
20170625_FIRE_mg-s-iqeye,480,0.3220,880.9,426.1,932.3,577.0,1600,1200
20170625_FIRE_mg-s-iqeye,480,0.1818,874.0,423.1,1022.8,573.7,1600,1200
20170625_FIRE_mg-s-iqeye,480,0.1522,880.4,423.9,980.7,573.7,1600,1200
20170625_FIRE_mg-s-iqeye,480,0.0933,884.0,423.3,948.6,578.8,1600,1200
20170625_FIRE_mg-s-iqeye,480,0.3481,881.2,426.4,931.9,576.6,1600,1200
20170625_FIRE_mg-s-iqeye,480,0.3426,1583.5,562.6,1599.8,589.1,1600,1200
20170625_FIRE_mg-s-iqeye,480,0.1309,880.1,426.4,965.5,575.6,1600,1200
20170625_FIRE_mg-s-iqeye,480,0.1144,885.7,423.5,946.4,578.6,1600,1200
20170625_FIRE_mg-s-iqeye,480,0.0965,1585.3,563.1,1600.0,596.8,1600,1200
20170625_FIRE_mg-s-iqeye,480,0.2157,880.8,426.6,932.5,576.9,1600,1200
20170625_FIRE_mg-s-iqeye,480,0.1407,880.2,424.7,961.9,575.0,1600,1200
20170625_FIRE_mg-s-iqeye,480,0.0995,873.8,422.8,1022.5,574.2,1600,1200
20170625_FIRE_mg-s-iqeye,480,0.3134,1583.4,562.3,1599.8,588.9,1600,1200
20170625_FIRE_mg-s-iqeye,480,0.2613,880.7,426.3,933.5,576.6,1600,1200
20170625_FIRE_mg-s-iqeye,480,0.1759,880.9,424.7,955.2,574.6,1600,1200
20170625_FIRE_mg-s-iqeye,480,0.0795,1585.2,563.0,1600.0,596.4,1600,1200
20170625_FIRE_mg-s-iqeye,480,0.0697,875.3,423.1,988.9,574.1,1600,1200
20170625_FIRE_mg-s-iqeye,540,0.2637,881.2,427.6,931.3,581.0,1600,1200
20170625_FIRE_mg-s-iqeye,540,0.0889,879.9,426.5,975.6,581.0,1600,1200
20170625_FIRE_mg-s-iqeye,540,0.0787,875.9,421.2,1022.2,574.1,1600,1200
20170625_FIRE_mg-s-iqeye,540,0.0581,885.4,423.1,945.5,579.2,1600,1200
20170625_FIRE_mg-s-iqeye,540,0.0511,884.4,546.5,914.3,588.9,1600,1200
20170625_FIRE_mg-s-iqeye,540,0.3099,881.4,427.8,930.8,580.1,1600,1200
20170625_FIRE_mg-s-iqeye,540,0.2530,1585.5,562.4,1599.8,589.7,1600,1200
20170625_FIRE_mg-s-iqeye,540,0.0944,1585.2,548.6,1599.9,589.8,1600,1200
20170625_FIRE_mg-s-iqeye,540,0.0900,880.5,428.1,967.3,579.7,1600,1200
20170625_FIRE_mg-s-iqeye,540,0.0886,1588.0,563.8,1600.0,598.6,1600,1200
20170625_FIRE_mg-s-iqeye,540,0.0776,887.5,423.9,942.8,579.5,1600,1200
20170625_FIRE_mg-s-iqeye,540,0.0506,884.3,546.5,914.1,588.3,1600,1200
20170625_FIRE_mg-s-iqeye,540,0.1419,881.0,431.7,931.6,579.3,1600,1200
20170625_FIRE_mg-s-iqeye,540,0.0757,881.0,426.0,952.8,575.4,1600,1200
20170625_FIRE_mg-s-iqeye,540,0.0574,879.0,426.4,987.6,579.0,1600,1200
20170625_FIRE_mg-s-iqeye,540,0.2340,880.9,427.0,932.1,578.4,1600,1200
20170625_FIRE_mg-s-iqeye,540,0.2158,1585.1,561.9,1599.8,589.4,1600,1200
20170625_FIRE_mg-s-iqeye,540,0.0922,887.2,423.4,945.9,578.1,1600,1200
20170625_FIRE_mg-s-iqeye,540,0.0915,881.6,423.9,967.1,574.3,1600,1200
20170625_FIRE_mg-s-iqeye,540,0.0902,1584.9,549.9,1599.9,589.5,1600,1200
20170625_FIRE_mg-s-iqeye,540,0.0720,1587.6,563.7,1600.0,598.3,1600,1200
20170625_FIRE_mg-s-iqeye,600,0.3737,882.0,428.6,929.5,574.4,1600,1200
20170625_FIRE_mg-s-iqeye,600,0.0970,887.1,423.5,941.9,578.7,1600,1200
20170625_FIRE_mg-s-iqeye,600,0.0795,882.3,424.4,970.5,572.7,1600,1200
20170625_FIRE_mg-s-iqeye,600,0.0728,884.9,544.4,913.8,573.7,1600,1200
20170625_FIRE_mg-s-iqeye,600,0.0547,883.9,512.6,916.0,573.7,1600,1200
20170625_FIRE_mg-s-iqeye,600,0.0529,874.4,422.7,1022.3,573.4,1600,1200
20170625_FIRE_mg-s-iqeye,600,0.3886,882.1,429.8,929.4,574.4,1600,1200
20170625_FIRE_mg-s-iqeye,600,0.2659,1584.3,561.5,1599.9,589.1,1600,1200
20170625_FIRE_mg-s-iqeye,600,0.1077,888.0,423.6,940.6,578.5,1600,1200
20170625_FIRE_mg-s-iqeye,600,0.0782,884.9,544.5,913.8,573.7,1600,1200
20170625_FIRE_mg-s-iqeye,600,0.0748,1586.7,562.4,1600.0,595.1,1600,1200
20170625_FIRE_mg-s-iqeye,600,0.0685,881.7,429.1,962.4,573.0,1600,1200
20170625_FIRE_mg-s-iqeye,600,0.0604,883.3,465.0,924.4,573.6,1600,1200
20170625_FIRE_mg-s-iqeye,600,0.0541,883.9,513.1,915.9,573.7,1600,1200
20170625_FIRE_mg-s-iqeye,600,0.2328,881.9,434.2,928.8,573.8,1600,1200
20170625_FIRE_mg-s-iqeye,600,0.0836,885.0,544.7,913.8,573.3,1600,1200
20170625_FIRE_mg-s-iqeye,600,0.0714,883.8,516.2,915.9,573.7,1600,1200
20170625_FIRE_mg-s-iqeye,600,0.0552,886.5,422.5,944.8,577.8,1600,1200
20170625_FIRE_mg-s-iqeye,600,0.0513,883.4,471.4,922.4,573.0,1600,1200
20170625_FIRE_mg-s-iqeye,600,0.2902,881.8,429.1,929.1,574.0,1600,1200
20170625_FIRE_mg-s-iqeye,600,0.2483,1583.9,561.2,1599.8,588.9,1600,1200
20170625_FIRE_mg-s-iqeye,600,0.1042,887.6,423.1,942.9,576.8,1600,1200
20170625_FIRE_mg-s-iqeye,600,0.0846,884.9,544.5,913.8,573.5,1600,1200
20170625_FIRE_mg-s-iqeye,600,0.0755,883.7,515.8,915.9,573.9,1600,1200
20170625_FIRE_mg-s-iqeye,600,0.0659,1586.2,562.2,1600.0,594.9,1600,1200
20170625_FIRE_mg-s-iqeye,600,0.0610,882.7,424.0,963.8,572.8,1600,1200
20170625_FIRE_mg-s-iqeye,600,0.0533,883.2,470.9,922.5,573.2,1600,1200
20170625_FIRE_mg-s-iqeye,600,0.0516,884.4,534.3,914.9,573.5,1600,1200
20170625_FIRE_mg-s-iqeye,660,0.2760,881.5,424.5,930.1,577.1,1600,1200
20170625_FIRE_mg-s-iqeye,660,0.1347,875.7,422.0,1022.3,573.5,1600,1200
20170625_FIRE_mg-s-iqeye,660,0.1016,880.1,423.9,984.3,576.6,1600,1200
20170625_FIRE_mg-s-iqeye,660,0.0971,885.2,542.3,914.2,574.5,1600,1200
20170625_FIRE_mg-s-iqeye,660,0.0896,885.9,423.1,944.0,578.0,1600,1200
20170625_FIRE_mg-s-iqeye,660,0.0643,884.4,520.6,916.0,573.7,1600,1200
20170625_FIRE_mg-s-iqeye,660,0.3073,881.6,425.3,930.1,576.7,1600,1200
20170625_FIRE_mg-s-iqeye,660,0.2487,1584.2,560.8,1599.9,590.0,1600,1200
20170625_FIRE_mg-s-iqeye,660,0.1070,887.6,423.5,941.3,577.9,1600,1200
20170625_FIRE_mg-s-iqeye,660,0.0983,885.1,542.4,914.1,574.3,1600,1200
20170625_FIRE_mg-s-iqeye,660,0.0896,1586.2,562.2,1600.0,597.4,1600,1200
20170625_FIRE_mg-s-iqeye,660,0.0880,882.4,424.0,969.3,573.6,1600,1200
20170625_FIRE_mg-s-iqeye,660,0.0628,884.3,520.7,916.0,573.6,1600,1200
20170625_FIRE_mg-s-iqeye,660,0.0531,1583.6,531.4,1600.0,590.2,1600,1200
20170625_FIRE_mg-s-iqeye,660,0.1640,881.5,425.7,930.0,576.2,1600,1200
20170625_FIRE_mg-s-iqeye,660,0.1168,885.4,542.5,914.2,574.0,1600,1200
20170625_FIRE_mg-s-iqeye,660,0.1108,881.3,424.7,952.2,574.5,1600,1200
20170625_FIRE_mg-s-iqeye,660,0.1011,880.4,423.4,1009.8,573.9,1600,1200
20170625_FIRE_mg-s-iqeye,660,0.0892,884.6,526.1,915.5,573.8,1600,1200
20170625_FIRE_mg-s-iqeye,660,0.2456,1583.9,560.5,1599.9,589.6,1600,1200
20170625_FIRE_mg-s-iqeye,660,0.2158,881.2,424.7,931.0,576.1,1600,1200
20170625_FIRE_mg-s-iqeye,660,0.1196,885.2,542.5,914.1,574.1,1600,1200
20170625_FIRE_mg-s-iqeye,660,0.1099,887.0,422.9,944.6,577.0,1600,1200
20170625_FIRE_mg-s-iqeye,660,0.0911,884.4,526.2,915.5,573.7,1600,1200
20170625_FIRE_mg-s-iqeye,660,0.0891,881.9,423.6,969.7,574.0,1600,1200
20170625_FIRE_mg-s-iqeye,660,0.0843,1585.8,562.1,1600.0,596.9,1600,1200
20170625_FIRE_mg-s-iqeye,660,0.0517,1583.4,535.2,1600.0,590.1,1600,1200
20170625_FIRE_mg-s-iqeye,720,0.3330,880.9,425.0,931.1,580.6,1600,1200
20170625_FIRE_mg-s-iqeye,720,0.1344,881.1,424.2,976.0,576.4,1600,1200
20170625_FIRE_mg-s-iqeye,720,0.1241,874.5,423.3,1021.8,576.2,1600,1200
20170625_FIRE_mg-s-iqeye,720,0.3584,881.0,425.2,931.0,579.9,1600,1200
20170625_FIRE_mg-s-iqeye,720,0.2136,1584.7,560.6,1599.9,589.6,1600,1200
20170625_FIRE_mg-s-iqeye,720,0.1106,880.5,425.9,965.7,580.1,1600,1200
20170625_FIRE_mg-s-iqeye,720,0.0781,1588.0,562.5,1600.0,596.7,1600,1200
20170625_FIRE_mg-s-iqeye,720,0.0755,875.0,423.3,1002.3,576.4,1600,1200
20170625_FIRE_mg-s-iqeye,720,0.0501,884.6,546.2,913.0,584.7,1600,1200
20170625_FIRE_mg-s-iqeye,720,0.2310,880.6,425.4,931.2,578.8,1600,1200
20170625_FIRE_mg-s-iqeye,720,0.1122,880.0,423.8,990.4,576.0,1600,1200
20170625_FIRE_mg-s-iqeye,720,0.0886,883.7,422.9,948.4,579.8,1600,1200
20170625_FIRE_mg-s-iqeye,720,0.2922,880.5,424.5,939.8,576.2,1600,1200
20170625_FIRE_mg-s-iqeye,720,0.2057,1584.2,560.3,1599.8,589.4,1600,1200
20170625_FIRE_mg-s-iqeye,720,0.1199,881.2,423.6,965.8,575.7,1600,1200
20170625_FIRE_mg-s-iqeye,720,0.0833,881.2,444.8,927.6,577.3,1600,1200
20170625_FIRE_mg-s-iqeye,720,0.0735,1587.3,562.3,1600.0,596.1,1600,1200
20170625_FIRE_mg-s-iqeye,720,0.0695,875.3,422.9,1003.4,575.8,1600,1200
20170625_FIRE_mg-s-iqeye,780,0.3210,881.1,425.5,930.1,572.7,1600,1200
20170625_FIRE_mg-s-iqeye,780,0.1465,880.6,424.3,991.1,571.2,1600,1200
20170625_FIRE_mg-s-iqeye,780,0.0790,884.4,542.3,914.1,572.5,1600,1200
20170625_FIRE_mg-s-iqeye,780,0.4234,1419.7,606.5,1442.1,631.8,1600,1200
20170625_FIRE_mg-s-iqeye,780,0.2645,881.5,425.6,929.9,572.8,1600,1200
20170625_FIRE_mg-s-iqeye,780,0.1251,1586.8,561.8,1599.9,590.6,1600,1200
20170625_FIRE_mg-s-iqeye,780,0.1211,1590.9,562.9,1600.0,591.7,1600,1200
20170625_FIRE_mg-s-iqeye,780,0.1014,886.3,424.2,943.0,575.0,1600,1200
20170625_FIRE_mg-s-iqeye,780,0.0998,1416.0,597.9,1448.0,632.4,1600,1200
20170625_FIRE_mg-s-iqeye,780,0.0925,882.3,424.2,973.0,571.4,1600,1200
20170625_FIRE_mg-s-iqeye,780,0.0814,1413.2,594.2,1455.3,633.0,1600,1200
20170625_FIRE_mg-s-iqeye,780,0.0680,876.3,423.2,1011.8,571.8,1600,1200
20170625_FIRE_mg-s-iqeye,780,0.2302,881.1,427.2,929.5,572.6,1600,1200
20170625_FIRE_mg-s-iqeye,780,0.1429,880.8,425.1,949.5,571.8,1600,1200
20170625_FIRE_mg-s-iqeye,780,0.1185,880.2,423.9,998.2,571.3,1600,1200
20170625_FIRE_mg-s-iqeye,780,0.1016,884.5,542.5,914.0,572.3,1600,1200
20170625_FIRE_mg-s-iqeye,780,0.0597,883.5,521.3,915.7,572.5,1600,1200
20170625_FIRE_mg-s-iqeye,780,0.3936,1419.4,606.3,1442.2,631.9,1600,1200
20170625_FIRE_mg-s-iqeye,780,0.2126,881.0,425.7,930.3,572.5,1600,1200
20170625_FIRE_mg-s-iqeye,780,0.1170,1586.3,561.5,1599.9,590.5,1600,1200
20170625_FIRE_mg-s-iqeye,780,0.1130,1590.0,562.6,1600.0,591.6,1600,1200
20170625_FIRE_mg-s-iqeye,780,0.1111,885.6,423.9,946.4,574.4,1600,1200
20170625_FIRE_mg-s-iqeye,780,0.1086,1415.6,597.9,1449.0,632.5,1600,1200
20170625_FIRE_mg-s-iqeye,780,0.0979,881.5,424.0,974.3,571.4,1600,1200
20170625_FIRE_mg-s-iqeye,780,0.0904,1413.0,594.5,1456.2,633.1,1600,1200
20170625_FIRE_mg-s-iqeye,780,0.0570,876.3,422.9,1011.0,571.7,1600,1200
20170625_FIRE_mg-s-iqeye,780,0.0563,884.4,542.6,914.0,572.1,1600,1200
20170625_FIRE_mg-s-iqeye,840,0.3563,880.2,426.7,931.2,575.0,1600,1200
20170625_FIRE_mg-s-iqeye,840,0.1183,873.4,423.6,1021.8,572.6,1600,1200
20170625_FIRE_mg-s-iqeye,840,0.1159,880.3,424.8,969.6,572.3,1600,1200
20170625_FIRE_mg-s-iqeye,840,0.6014,1424.4,602.2,1446.2,632.7,1600,1200
20170625_FIRE_mg-s-iqeye,840,0.2815,880.6,426.9,931.1,575.2,1600,1200
20170625_FIRE_mg-s-iqeye,840,0.0995,1585.1,560.6,1599.9,590.3,1600,1200
20170625_FIRE_mg-s-iqeye,840,0.0802,1589.0,562.4,1600.0,591.6,1600,1200
20170625_FIRE_mg-s-iqeye,840,0.0723,882.5,424.9,960.5,572.5,1600,1200
20170625_FIRE_mg-s-iqeye,840,0.0603,1410.1,595.0,1448.3,632.6,1600,1200
20170625_FIRE_mg-s-iqeye,840,0.2666,880.1,428.2,930.9,574.0,1600,1200
20170625_FIRE_mg-s-iqeye,840,0.0966,879.7,424.5,979.8,572.3,1600,1200
20170625_FIRE_mg-s-iqeye,840,0.0900,883.7,424.3,945.0,577.0,1600,1200
20170625_FIRE_mg-s-iqeye,840,0.0635,873.7,423.2,1022.1,572.8,1600,1200
20170625_FIRE_mg-s-iqeye,840,0.5906,1423.9,602.1,1446.3,632.7,1600,1200
20170625_FIRE_mg-s-iqeye,840,0.2152,879.9,426.4,931.9,574.0,1600,1200
20170625_FIRE_mg-s-iqeye,840,0.1052,1584.9,560.5,1599.9,590.0,1600,1200
20170625_FIRE_mg-s-iqeye,840,0.0902,1588.4,562.2,1600.0,591.1,1600,1200
20170625_FIRE_mg-s-iqeye,840,0.0861,1409.7,594.9,1449.0,632.6,1600,1200
20170625_FIRE_mg-s-iqeye,840,0.0771,881.3,424.4,963.0,572.3,1600,1200
20170625_FIRE_mg-s-iqeye,900,0.3936,882.1,426.9,929.3,576.5,1600,1200
20170625_FIRE_mg-s-iqeye,900,0.0980,882.4,424.8,976.2,573.9,1600,1200
20170625_FIRE_mg-s-iqeye,900,0.0865,875.7,423.7,1022.9,573.9,1600,1200
20170625_FIRE_mg-s-iqeye,900,0.0594,885.3,541.5,913.6,575.7,1600,1200
20170625_FIRE_mg-s-iqeye,900,0.3945,882.0,427.3,929.4,576.4,1600,1200
20170625_FIRE_mg-s-iqeye,900,0.1840,1584.8,560.5,1599.9,591.1,1600,1200
20170625_FIRE_mg-s-iqeye,900,0.1441,1588.6,562.1,1600.0,593.0,1600,1200
20170625_FIRE_mg-s-iqeye,900,0.0903,1584.7,548.2,1600.0,591.6,1600,1200
20170625_FIRE_mg-s-iqeye,900,0.0870,1587.7,553.4,1600.0,591.7,1600,1200
20170625_FIRE_mg-s-iqeye,900,0.0742,881.8,428.1,962.9,575.1,1600,1200
20170625_FIRE_mg-s-iqeye,900,0.0613,885.2,541.6,913.6,575.6,1600,1200
20170625_FIRE_mg-s-iqeye,900,0.2758,881.9,428.4,928.6,576.0,1600,1200
20170625_FIRE_mg-s-iqeye,900,0.0847,885.3,424.5,944.0,578.3,1600,1200
20170625_FIRE_mg-s-iqeye,900,0.0776,881.0,424.7,1001.9,574.0,1600,1200
20170625_FIRE_mg-s-iqeye,900,0.0689,885.4,541.8,913.6,575.1,1600,1200
20170625_FIRE_mg-s-iqeye,900,0.3023,881.6,426.8,929.2,575.8,1600,1200
20170625_FIRE_mg-s-iqeye,900,0.1625,1584.4,560.1,1599.9,590.8,1600,1200
20170625_FIRE_mg-s-iqeye,900,0.1322,1587.9,561.8,1600.0,592.6,1600,1200
20170625_FIRE_mg-s-iqeye,900,0.1303,886.4,424.5,942.5,576.8,1600,1200
20170625_FIRE_mg-s-iqeye,900,0.0779,882.3,424.6,965.0,573.9,1600,1200
20170625_FIRE_mg-s-iqeye,900,0.0666,885.3,542.2,913.6,575.2,1600,1200
20170625_FIRE_mg-s-iqeye,960,0.3408,881.8,425.3,930.4,575.9,1600,1200
20170625_FIRE_mg-s-iqeye,960,0.1478,882.5,423.8,976.9,572.7,1600,1200
20170625_FIRE_mg-s-iqeye,960,0.1379,877.1,422.4,1020.6,572.9,1600,1200
20170625_FIRE_mg-s-iqeye,960,0.0648,884.7,537.5,914.7,575.3,1600,1200
20170625_FIRE_mg-s-iqeye,960,0.3520,881.9,425.5,930.2,575.5,1600,1200
20170625_FIRE_mg-s-iqeye,960,0.1870,1584.6,560.7,1599.9,591.0,1600,1200
20170625_FIRE_mg-s-iqeye,960,0.1071,883.4,423.7,963.3,572.8,1600,1200
20170625_FIRE_mg-s-iqeye,960,0.0716,877.7,422.5,1000.1,573.4,1600,1200
20170625_FIRE_mg-s-iqeye,960,0.0704,1588.0,561.9,1600.0,598.7,1600,1200
20170625_FIRE_mg-s-iqeye,960,0.0675,884.6,537.9,914.6,574.8,1600,1200
20170625_FIRE_mg-s-iqeye,960,0.2476,881.8,427.2,930.0,574.7,1600,1200
20170625_FIRE_mg-s-iqeye,960,0.1124,881.8,423.6,988.1,572.7,1600,1200
20170625_FIRE_mg-s-iqeye,960,0.0904,885.8,423.6,946.6,576.9,1600,1200
20170625_FIRE_mg-s-iqeye,960,0.0710,884.8,538.0,914.6,574.1,1600,1200
20170625_FIRE_mg-s-iqeye,960,0.2735,881.5,425.7,930.7,574.5,1600,1200
20170625_FIRE_mg-s-iqeye,960,0.1494,1584.4,560.5,1599.9,590.7,1600,1200
20170625_FIRE_mg-s-iqeye,960,0.1472,886.7,423.5,944.0,575.5,1600,1200
20170625_FIRE_mg-s-iqeye,960,0.1055,882.8,423.6,965.6,572.8,1600,1200
20170625_FIRE_mg-s-iqeye,960,0.0736,884.7,538.3,914.7,574.2,1600,1200
20170625_FIRE_mg-s-iqeye,960,0.0571,878.2,422.4,1000.3,573.3,1600,1200
20170625_FIRE_mg-s-iqeye,960,0.0544,1587.7,561.8,1600.0,598.6,1600,1200
20170625_FIRE_mg-s-iqeye,1020,0.3593,881.7,426.1,930.3,574.1,1600,1200
20170625_FIRE_mg-s-iqeye,1020,0.1212,876.0,421.9,1023.0,572.5,1600,1200
20170625_FIRE_mg-s-iqeye,1020,0.1167,881.4,424.0,980.6,572.1,1600,1200
20170625_FIRE_mg-s-iqeye,1020,0.0836,885.6,544.9,913.8,572.2,1600,1200
20170625_FIRE_mg-s-iqeye,1020,0.3757,881.8,426.0,930.4,574.2,1600,1200
20170625_FIRE_mg-s-iqeye,1020,0.2012,1584.0,560.0,1599.9,588.8,1600,1200
20170625_FIRE_mg-s-iqeye,1020,0.0922,882.7,424.0,960.5,572.3,1600,1200
20170625_FIRE_mg-s-iqeye,1020,0.0815,885.3,543.9,913.8,572.6,1600,1200
20170625_FIRE_mg-s-iqeye,1020,0.2438,881.7,426.5,929.5,573.8,1600,1200
20170625_FIRE_mg-s-iqeye,1020,0.1063,885.4,544.0,913.7,572.4,1600,1200
20170625_FIRE_mg-s-iqeye,1020,0.0831,884.4,421.5,944.9,576.9,1600,1200
20170625_FIRE_mg-s-iqeye,1020,0.0815,881.1,423.2,997.3,572.2,1600,1200
20170625_FIRE_mg-s-iqeye,1020,0.0578,884.7,514.3,915.3,572.8,1600,1200
20170625_FIRE_mg-s-iqeye,1020,0.2941,881.5,425.0,930.3,573.7,1600,1200
20170625_FIRE_mg-s-iqeye,1020,0.1906,1583.6,559.7,1599.9,588.4,1600,1200
20170625_FIRE_mg-s-iqeye,1020,0.1008,885.3,544.0,913.7,572.6,1600,1200
20170625_FIRE_mg-s-iqeye,1020,0.0887,882.3,423.5,961.5,572.4,1600,1200
20170625_FIRE_mg-s-iqeye,1020,0.0595,884.5,514.3,915.4,572.8,1600,1200
20170625_FIRE_mg-s-iqeye,1080,0.3045,880.0,426.3,931.2,573.6,1600,1200
20170625_FIRE_mg-s-iqeye,1080,0.1216,880.3,424.3,976.3,572.1,1600,1200
20170625_FIRE_mg-s-iqeye,1080,0.1083,873.2,421.8,1023.0,572.4,1600,1200
20170625_FIRE_mg-s-iqeye,1080,0.0933,885.8,423.0,945.0,577.2,1600,1200
20170625_FIRE_mg-s-iqeye,1080,0.6358,1405.0,608.5,1433.8,630.4,1600,1200
20170625_FIRE_mg-s-iqeye,1080,0.2509,880.7,426.0,930.4,573.6,1600,1200
20170625_FIRE_mg-s-iqeye,1080,0.1135,1585.3,559.6,1599.9,590.2,1600,1200
20170625_FIRE_mg-s-iqeye,1080,0.0901,888.9,423.7,943.0,577.5,1600,1200
20170625_FIRE_mg-s-iqeye,1080,0.0869,1588.4,561.6,1600.0,591.9,1600,1200
20170625_FIRE_mg-s-iqeye,1080,0.0817,883.1,424.1,963.4,572.3,1600,1200
20170625_FIRE_mg-s-iqeye,1080,0.2178,879.9,427.2,931.6,573.3,1600,1200
20170625_FIRE_mg-s-iqeye,1080,0.0945,877.9,425.6,976.0,572.5,1600,1200
20170625_FIRE_mg-s-iqeye,1080,0.0691,885.7,422.3,949.3,577.0,1600,1200
20170625_FIRE_mg-s-iqeye,1080,0.0582,872.7,422.4,1022.4,573.0,1600,1200
20170625_FIRE_mg-s-iqeye,1080,0.6045,1404.6,608.6,1433.7,630.4,1600,1200
20170625_FIRE_mg-s-iqeye,1080,0.2353,880.1,426.0,931.7,573.2,1600,1200
20170625_FIRE_mg-s-iqeye,1080,0.1325,1584.9,559.4,1599.9,589.7,1600,1200
20170625_FIRE_mg-s-iqeye,1080,0.1102,888.4,423.5,945.8,576.4,1600,1200
20170625_FIRE_mg-s-iqeye,1080,0.0928,882.1,424.1,964.4,572.3,1600,1200
20170625_FIRE_mg-s-iqeye,1140,0.2973,880.4,428.6,929.5,576.8,1600,1200
20170625_FIRE_mg-s-iqeye,1140,0.1265,873.5,423.5,1022.7,573.7,1600,1200
20170625_FIRE_mg-s-iqeye,1140,0.1229,878.9,426.8,974.2,575.9,1600,1200
20170625_FIRE_mg-s-iqeye,1140,0.3218,880.6,429.2,929.6,576.7,1600,1200
20170625_FIRE_mg-s-iqeye,1140,0.3011,1585.1,562.9,1599.8,589.0,1600,1200
20170625_FIRE_mg-s-iqeye,1140,0.1019,879.4,428.4,967.1,575.8,1600,1200
20170625_FIRE_mg-s-iqeye,1140,0.0861,1587.4,563.5,1600.0,596.8,1600,1200
20170625_FIRE_mg-s-iqeye,1140,0.0854,1506.5,539.6,1529.3,571.7,1600,1200
20170625_FIRE_mg-s-iqeye,1140,0.0557,885.5,424.8,942.7,578.8,1600,1200
20170625_FIRE_mg-s-iqeye,1140,0.0538,874.0,424.0,1000.2,574.1,1600,1200
20170625_FIRE_mg-s-iqeye,1140,0.2072,880.4,429.8,929.5,576.3,1600,1200
20170625_FIRE_mg-s-iqeye,1140,0.1000,880.3,426.0,955.0,574.2,1600,1200
20170625_FIRE_mg-s-iqeye,1140,0.0792,879.4,424.6,1002.3,573.4,1600,1200
20170625_FIRE_mg-s-iqeye,1140,0.0612,884.4,543.9,913.4,575.7,1600,1200
20170625_FIRE_mg-s-iqeye,1140,0.3027,1584.6,562.5,1599.8,588.7,1600,1200
20170625_FIRE_mg-s-iqeye,1140,0.2773,880.4,428.4,930.2,576.3,1600,1200
20170625_FIRE_mg-s-iqeye,1140,0.1006,879.4,427.7,968.0,575.3,1600,1200
20170625_FIRE_mg-s-iqeye,1140,0.0833,1586.8,563.3,1600.0,596.3,1600,1200
20170625_FIRE_mg-s-iqeye,1140,0.0747,1506.4,539.7,1529.4,571.8,1600,1200
20170625_FIRE_mg-s-iqeye,1140,0.0676,885.8,424.3,945.8,577.5,1600,1200
20170625_FIRE_mg-s-iqeye,1140,0.0584,884.3,543.7,913.4,576.0,1600,1200
20170625_FIRE_mg-s-iqeye,1140,0.0503,875.2,423.8,998.2,574.0,1600,1200
20170625_FIRE_mg-s-iqeye,1200,0.3598,881.9,425.3,931.6,577.9,1600,1200
20170625_FIRE_mg-s-iqeye,1200,0.1241,882.3,422.8,976.1,573.7,1600,1200
20170625_FIRE_mg-s-iqeye,1200,0.1210,875.3,420.0,1022.7,574.0,1600,1200
20170625_FIRE_mg-s-iqeye,1200,0.1051,886.2,418.9,944.4,579.8,1600,1200
20170625_FIRE_mg-s-iqeye,1200,0.6476,1408.5,614.2,1438.5,631.8,1600,1200
20170625_FIRE_mg-s-iqeye,1200,0.3187,882.4,425.3,931.2,577.9,1600,1200
20170625_FIRE_mg-s-iqeye,1200,0.2067,1585.0,561.5,1599.9,591.3,1600,1200
20170625_FIRE_mg-s-iqeye,1200,0.1034,888.4,421.8,942.0,580.5,1600,1200
20170625_FIRE_mg-s-iqeye,1200,0.0866,882.1,425.1,963.7,577.3,1600,1200
20170625_FIRE_mg-s-iqeye,1200,0.0669,1587.1,562.4,1600.0,599.4,1600,1200
20170625_FIRE_mg-s-iqeye,1200,0.3039,881.9,425.4,931.4,576.7,1600,1200
20170625_FIRE_mg-s-iqeye,1200,0.1066,882.2,422.8,980.6,573.9,1600,1200
20170625_FIRE_mg-s-iqeye,1200,0.1040,887.3,419.1,946.8,579.6,1600,1200
20170625_FIRE_mg-s-iqeye,1200,0.0693,875.8,420.0,1022.5,574.4,1600,1200
20170625_FIRE_mg-s-iqeye,1200,0.5914,1408.2,614.1,1438.6,631.8,1600,1200
20170625_FIRE_mg-s-iqeye,1200,0.3204,882.0,425.1,932.0,576.5,1600,1200
20170625_FIRE_mg-s-iqeye,1200,0.2019,1584.7,561.3,1599.9,591.0,1600,1200
20170625_FIRE_mg-s-iqeye,1200,0.1474,889.2,421.8,943.8,579.2,1600,1200
20170625_FIRE_mg-s-iqeye,1200,0.0997,884.3,423.5,960.8,573.9,1600,1200
20170625_FIRE_mg-s-iqeye,1200,0.0740,1586.5,562.3,1600.0,599.0,1600,1200
20170625_FIRE_mg-s-iqeye,1260,0.3204,880.9,424.4,930.8,575.7,1600,1200
20170625_FIRE_mg-s-iqeye,1260,0.1755,876.3,422.2,1021.7,573.0,1600,1200
20170625_FIRE_mg-s-iqeye,1260,0.1357,880.3,424.4,983.7,575.2,1600,1200
20170625_FIRE_mg-s-iqeye,1260,0.8314,1382.5,592.3,1438.2,630.6,1600,1200
20170625_FIRE_mg-s-iqeye,1260,0.2362,882.2,425.0,934.4,572.7,1600,1200
20170625_FIRE_mg-s-iqeye,1260,0.1135,1584.7,560.4,1599.9,590.1,1600,1200
20170625_FIRE_mg-s-iqeye,1260,0.0670,884.4,423.5,961.6,573.5,1600,1200
20170625_FIRE_mg-s-iqeye,1260,0.0531,1584.9,546.3,1600.0,590.5,1600,1200
20170625_FIRE_mg-s-iqeye,1260,0.2514,881.0,425.2,930.6,575.2,1600,1200
20170625_FIRE_mg-s-iqeye,1260,0.1429,881.2,423.4,1003.0,573.0,1600,1200
20170625_FIRE_mg-s-iqeye,1260,0.1059,886.3,422.6,943.3,576.8,1600,1200
20170625_FIRE_mg-s-iqeye,1260,0.0547,884.4,542.5,914.4,574.4,1600,1200
20170625_FIRE_mg-s-iqeye,1260,0.8480,1381.6,592.2,1437.5,630.5,1600,1200
20170625_FIRE_mg-s-iqeye,1260,0.1850,881.6,424.6,937.1,573.0,1600,1200
20170625_FIRE_mg-s-iqeye,1260,0.1061,1584.4,560.5,1599.9,589.6,1600,1200
20170625_FIRE_mg-s-iqeye,1260,0.0674,883.6,423.4,964.2,573.3,1600,1200
20170625_FIRE_mg-s-iqeye,1260,0.0502,1584.7,549.1,1600.0,590.0,1600,1200
20170625_FIRE_mg-s-iqeye,1320,0.2529,880.4,425.6,945.0,573.7,1600,1200
20170625_FIRE_mg-s-iqeye,1320,0.1781,874.8,423.4,1022.7,572.8,1600,1200
20170625_FIRE_mg-s-iqeye,1320,0.1753,879.7,424.3,974.8,573.0,1600,1200
20170625_FIRE_mg-s-iqeye,1320,0.0804,880.7,447.7,932.3,575.4,1600,1200
20170625_FIRE_mg-s-iqeye,1320,0.6458,1400.6,591.9,1435.4,629.9,1600,1200
20170625_FIRE_mg-s-iqeye,1320,0.2070,1333.9,588.2,1437.5,631.4,1600,1200
20170625_FIRE_mg-s-iqeye,1320,0.2062,881.5,425.6,939.3,573.5,1600,1200
20170625_FIRE_mg-s-iqeye,1320,0.1138,1584.0,557.9,1599.9,590.3,1600,1200
20170625_FIRE_mg-s-iqeye,1320,0.0900,882.5,424.2,966.8,573.2,1600,1200
20170625_FIRE_mg-s-iqeye,1320,0.0562,1588.0,551.2,1600.0,591.0,1600,1200
20170625_FIRE_mg-s-iqeye,1320,0.2009,880.4,424.7,949.0,573.9,1600,1200
20170625_FIRE_mg-s-iqeye,1320,0.1454,879.5,423.7,977.8,573.4,1600,1200
20170625_FIRE_mg-s-iqeye,1320,0.1021,875.1,422.9,1022.4,573.4,1600,1200
20170625_FIRE_mg-s-iqeye,1320,0.0712,880.8,455.6,930.3,574.4,1600,1200
20170625_FIRE_mg-s-iqeye,1320,0.6523,1400.4,591.8,1435.6,630.0,1600,1200
20170625_FIRE_mg-s-iqeye,1320,0.2412,1333.5,588.4,1437.7,631.2,1600,1200
20170625_FIRE_mg-s-iqeye,1320,0.1678,880.6,424.9,944.9,573.5,1600,1200
20170625_FIRE_mg-s-iqeye,1320,0.1189,1583.8,558.2,1599.9,589.9,1600,1200
20170625_FIRE_mg-s-iqeye,1320,0.0633,887.7,421.2,967.2,578.0,1600,1200
20170625_FIRE_mg-s-iqeye,1320,0.0591,1587.3,551.6,1600.0,590.5,1600,1200
20170625_FIRE_mg-s-iqeye,1320,0.0503,1584.6,561.8,1599.9,597.8,1600,1200
20170625_FIRE_mg-s-iqeye,1380,0.3306,881.5,427.1,930.2,578.1,1600,1200
20170625_FIRE_mg-s-iqeye,1380,0.0944,880.8,423.9,967.6,577.6,1600,1200
20170625_FIRE_mg-s-iqeye,1380,0.0723,877.2,420.3,1017.0,579.0,1600,1200
20170625_FIRE_mg-s-iqeye,1380,0.6784,1400.9,589.1,1432.6,629.2,1600,1200
20170625_FIRE_mg-s-iqeye,1380,0.2978,881.8,425.3,930.3,577.5,1600,1200
20170625_FIRE_mg-s-iqeye,1380,0.1430,1585.3,558.4,1599.9,590.1,1600,1200
20170625_FIRE_mg-s-iqeye,1380,0.1354,1588.6,561.2,1600.0,591.3,1600,1200
20170625_FIRE_mg-s-iqeye,1380,0.0643,881.5,424.4,963.7,577.3,1600,1200
20170625_FIRE_mg-s-iqeye,1380,0.2770,881.7,433.8,930.0,576.6,1600,1200
20170625_FIRE_mg-s-iqeye,1380,0.0849,881.0,426.0,968.2,575.7,1600,1200
20170625_FIRE_mg-s-iqeye,1380,0.0610,884.0,513.0,916.4,575.4,1600,1200
20170625_FIRE_mg-s-iqeye,1380,0.0602,884.5,420.2,944.5,579.9,1600,1200
20170625_FIRE_mg-s-iqeye,1380,0.7257,1400.5,589.0,1432.8,629.3,1600,1200
20170625_FIRE_mg-s-iqeye,1380,0.2296,881.6,424.8,930.7,576.3,1600,1200
20170625_FIRE_mg-s-iqeye,1380,0.1535,1585.0,558.3,1599.9,589.8,1600,1200
20170625_FIRE_mg-s-iqeye,1380,0.0675,882.7,422.0,964.7,574.2,1600,1200
20170625_FIRE_mg-s-iqeye,1380,0.0535,1587.8,562.0,1600.0,598.0,1600,1200
20170625_FIRE_mg-s-iqeye,1440,0.2863,880.6,425.0,930.9,577.2,1600,1200
20170625_FIRE_mg-s-iqeye,1440,0.1159,879.8,423.5,990.4,574.0,1600,1200
20170625_FIRE_mg-s-iqeye,1440,0.0896,883.9,422.3,949.0,581.2,1600,1200
20170625_FIRE_mg-s-iqeye,1440,0.0667,884.3,544.6,913.9,574.0,1600,1200
20170625_FIRE_mg-s-iqeye,1440,0.6965,1406.2,604.9,1432.0,629.9,1600,1200
20170625_FIRE_mg-s-iqeye,1440,0.2071,881.2,424.8,930.7,576.9,1600,1200
20170625_FIRE_mg-s-iqeye,1440,0.1013,1584.8,560.1,1599.9,590.2,1600,1200
20170625_FIRE_mg-s-iqeye,1440,0.0935,1588.5,562.2,1600.0,591.2,1600,1200
20170625_FIRE_mg-s-iqeye,1440,0.0750,888.4,422.7,943.6,581.6,1600,1200
20170625_FIRE_mg-s-iqeye,1440,0.0555,883.1,423.4,962.7,574.0,1600,1200
20170625_FIRE_mg-s-iqeye,1440,0.2136,880.6,427.2,930.5,576.1,1600,1200
20170625_FIRE_mg-s-iqeye,1440,0.0850,879.4,423.0,1000.3,573.9,1600,1200
20170625_FIRE_mg-s-iqeye,1440,0.0779,884.2,544.0,913.9,574.1,1600,1200
20170625_FIRE_mg-s-iqeye,1440,0.0772,883.8,421.6,950.8,580.4,1600,1200
20170625_FIRE_mg-s-iqeye,1440,0.0558,883.1,493.6,919.1,577.6,1600,1200
20170625_FIRE_mg-s-iqeye,1440,0.7120,1406.1,605.0,1432.1,629.9,1600,1200
20170625_FIRE_mg-s-iqeye,1440,0.1953,880.7,424.1,931.3,576.1,1600,1200
20170625_FIRE_mg-s-iqeye,1440,0.1074,1584.5,560.0,1599.9,589.8,1600,1200
20170625_FIRE_mg-s-iqeye,1440,0.0990,887.6,422.1,945.4,580.2,1600,1200
20170625_FIRE_mg-s-iqeye,1440,0.0666,882.3,423.1,963.0,574.0,1600,1200
20170625_FIRE_mg-s-iqeye,1500,0.2911,880.8,428.6,929.4,577.6,1600,1200
20170625_FIRE_mg-s-iqeye,1500,0.0922,879.4,426.8,969.4,577.1,1600,1200
20170625_FIRE_mg-s-iqeye,1500,0.0846,874.6,423.8,1015.5,577.3,1600,1200
20170625_FIRE_mg-s-iqeye,1500,0.0610,883.7,421.7,947.2,578.8,1600,1200
20170625_FIRE_mg-s-iqeye,1500,0.5751,1399.0,588.0,1424.5,625.8,1600,1200
20170625_FIRE_mg-s-iqeye,1500,0.2592,881.5,429.8,929.3,577.1,1600,1200
20170625_FIRE_mg-s-iqeye,1500,0.1382,1584.8,558.1,1599.9,589.7,1600,1200
20170625_FIRE_mg-s-iqeye,1500,0.1355,1588.9,561.8,1600.0,590.7,1600,1200
20170625_FIRE_mg-s-iqeye,1500,0.0880,1588.6,550.5,1600.0,589.8,1600,1200
20170625_FIRE_mg-s-iqeye,1500,0.0595,880.7,429.1,964.5,576.9,1600,1200
20170625_FIRE_mg-s-iqeye,1500,0.0547,887.9,424.0,939.8,579.4,1600,1200
20170625_FIRE_mg-s-iqeye,1500,0.1994,880.6,433.7,929.3,576.4,1600,1200
20170625_FIRE_mg-s-iqeye,1500,0.0986,880.7,425.3,948.3,575.1,1600,1200
20170625_FIRE_mg-s-iqeye,1500,0.0530,879.4,423.7,987.8,574.0,1600,1200
20170625_FIRE_mg-s-iqeye,1500,0.5847,1398.8,588.0,1424.7,625.9,1600,1200
20170625_FIRE_mg-s-iqeye,1500,0.1974,880.8,429.7,929.6,576.2,1600,1200
20170625_FIRE_mg-s-iqeye,1500,0.1410,1584.4,558.0,1599.9,589.4,1600,1200
20170625_FIRE_mg-s-iqeye,1500,0.1377,1587.8,561.3,1600.0,590.2,1600,1200
20170625_FIRE_mg-s-iqeye,1500,0.0850,1587.6,550.8,1600.0,589.4,1600,1200
20170625_FIRE_mg-s-iqeye,1500,0.0532,886.9,423.7,943.8,577.9,1600,1200
20170625_FIRE_mg-s-iqeye,1560,0.3490,882.3,426.1,930.8,575.8,1600,1200
20170625_FIRE_mg-s-iqeye,1560,0.1477,878.3,421.7,1022.0,573.3,1600,1200
20170625_FIRE_mg-s-iqeye,1560,0.1442,882.2,423.6,976.7,573.3,1600,1200
20170625_FIRE_mg-s-iqeye,1560,0.1058,884.3,421.8,948.4,578.0,1600,1200
20170625_FIRE_mg-s-iqeye,1560,0.7569,1388.4,593.6,1434.1,629.7,1600,1200
20170625_FIRE_mg-s-iqeye,1560,0.2687,882.8,426.1,930.2,575.5,1600,1200
20170625_FIRE_mg-s-iqeye,1560,0.0863,1586.2,561.1,1599.9,591.1,1600,1200
20170625_FIRE_mg-s-iqeye,1560,0.0816,887.5,423.3,943.2,578.2,1600,1200
20170625_FIRE_mg-s-iqeye,1560,0.0794,1590.5,562.9,1600.0,592.7,1600,1200
20170625_FIRE_mg-s-iqeye,1560,0.0774,884.4,424.2,964.2,573.1,1600,1200
20170625_FIRE_mg-s-iqeye,1560,0.2488,882.2,428.7,931.1,575.7,1600,1200
20170625_FIRE_mg-s-iqeye,1560,0.1578,881.7,425.2,956.4,574.6,1600,1200
20170625_FIRE_mg-s-iqeye,1560,0.0779,878.2,421.6,1022.1,573.8,1600,1200
20170625_FIRE_mg-s-iqeye,1560,0.0525,885.9,543.9,914.0,574.9,1600,1200
20170625_FIRE_mg-s-iqeye,1560,0.7732,1389.0,594.0,1433.5,629.6,1600,1200
20170625_FIRE_mg-s-iqeye,1560,0.2215,882.3,426.0,931.6,575.1,1600,1200
20170625_FIRE_mg-s-iqeye,1560,0.0957,886.7,422.9,947.3,577.2,1600,1200
20170625_FIRE_mg-s-iqeye,1560,0.0895,1586.0,560.9,1599.9,590.8,1600,1200
20170625_FIRE_mg-s-iqeye,1560,0.0833,1589.9,562.7,1600.0,592.3,1600,1200
20170625_FIRE_mg-s-iqeye,1620,0.2564,881.5,424.8,930.3,585.1,1600,1200
20170625_FIRE_mg-s-iqeye,1620,0.1117,882.0,423.4,977.3,575.5,1600,1200
20170625_FIRE_mg-s-iqeye,1620,0.1007,884.6,540.8,913.9,583.0,1600,1200
20170625_FIRE_mg-s-iqeye,1620,0.0980,875.6,421.1,1021.7,575.1,1600,1200
20170625_FIRE_mg-s-iqeye,1620,0.0669,887.8,422.4,945.4,580.0,1600,1200
20170625_FIRE_mg-s-iqeye,1620,0.7612,1383.1,595.7,1438.4,630.8,1600,1200
20170625_FIRE_mg-s-iqeye,1620,0.1426,1585.7,561.8,1600.0,592.4,1600,1200
20170625_FIRE_mg-s-iqeye,1620,0.1405,882.1,423.9,930.1,581.3,1600,1200
20170625_FIRE_mg-s-iqeye,1620,0.1203,1589.8,562.7,1600.0,594.3,1600,1200
20170625_FIRE_mg-s-iqeye,1620,0.0656,1396.0,598.1,1437.4,630.6,1600,1200
20170625_FIRE_mg-s-iqeye,1620,0.0631,891.5,422.3,942.6,579.3,1600,1200
20170625_FIRE_mg-s-iqeye,1620,0.1806,881.9,425.8,929.7,581.9,1600,1200
20170625_FIRE_mg-s-iqeye,1620,0.1151,884.9,541.2,913.8,580.0,1600,1200
20170625_FIRE_mg-s-iqeye,1620,0.1116,882.1,424.4,949.5,575.8,1600,1200
20170625_FIRE_mg-s-iqeye,1620,0.0770,881.7,423.0,985.8,575.3,1600,1200
20170625_FIRE_mg-s-iqeye,1620,0.0655,884.2,515.5,915.4,575.5,1600,1200
20170625_FIRE_mg-s-iqeye,1620,0.7653,1383.0,596.0,1438.5,630.8,1600,1200
20170625_FIRE_mg-s-iqeye,1620,0.1615,1585.3,561.6,1599.9,592.0,1600,1200
20170625_FIRE_mg-s-iqeye,1620,0.1086,881.9,423.6,931.2,579.5,1600,1200
20170625_FIRE_mg-s-iqeye,1620,0.0748,1588.6,563.1,1600.0,599.8,1600,1200
20170625_FIRE_mg-s-iqeye,1620,0.0734,1396.0,598.2,1437.5,630.6,1600,1200
20170625_FIRE_mg-s-iqeye,1620,0.0663,890.5,422.0,945.5,579.2,1600,1200
20170625_FIRE_mg-s-iqeye,1680,0.3169,880.2,425.2,931.7,580.4,1600,1200
20170625_FIRE_mg-s-iqeye,1680,0.1208,880.0,423.8,975.7,574.6,1600,1200
20170625_FIRE_mg-s-iqeye,1680,0.1081,872.5,422.2,1022.1,574.9,1600,1200
20170625_FIRE_mg-s-iqeye,1680,0.0694,883.6,541.2,914.8,577.2,1600,1200
20170625_FIRE_mg-s-iqeye,1680,0.2798,1415.1,613.4,1438.7,631.6,1600,1200
20170625_FIRE_mg-s-iqeye,1680,0.2456,880.8,425.1,931.1,579.7,1600,1200
20170625_FIRE_mg-s-iqeye,1680,0.2319,1388.3,590.3,1439.9,631.4,1600,1200
20170625_FIRE_mg-s-iqeye,1680,0.1509,1405.9,600.6,1439.7,631.7,1600,1200
20170625_FIRE_mg-s-iqeye,1680,0.1329,1585.5,558.7,1599.9,590.8,1600,1200
20170625_FIRE_mg-s-iqeye,1680,0.1156,1590.0,559.5,1600.0,590.7,1600,1200
20170625_FIRE_mg-s-iqeye,1680,0.0671,1409.5,608.0,1439.1,631.5,1600,1200
20170625_FIRE_mg-s-iqeye,1680,0.0656,882.6,423.8,961.8,574.8,1600,1200
20170625_FIRE_mg-s-iqeye,1680,0.2339,880.2,425.6,931.5,578.1,1600,1200
20170625_FIRE_mg-s-iqeye,1680,0.0893,883.7,541.8,914.7,575.7,1600,1200
20170625_FIRE_mg-s-iqeye,1680,0.0825,879.9,423.5,980.8,574.5,1600,1200
20170625_FIRE_mg-s-iqeye,1680,0.2526,1415.0,613.4,1438.8,631.7,1600,1200
20170625_FIRE_mg-s-iqeye,1680,0.2442,1387.3,590.2,1440.1,631.5,1600,1200
20170625_FIRE_mg-s-iqeye,1680,0.2311,880.4,424.8,932.2,577.9,1600,1200
20170625_FIRE_mg-s-iqeye,1680,0.1547,1584.9,559.0,1599.9,590.2,1600,1200
20170625_FIRE_mg-s-iqeye,1680,0.1509,1399.3,597.3,1439.9,631.8,1600,1200
20170625_FIRE_mg-s-iqeye,1680,0.1210,1588.7,561.4,1600.0,591.6,1600,1200
20170625_FIRE_mg-s-iqeye,1680,0.1032,887.9,423.1,942.9,579.1,1600,1200
20170625_FIRE_mg-s-iqeye,1680,0.0750,882.1,423.5,961.4,574.7,1600,1200
20170625_FIRE_mg-s-iqeye,1680,0.0654,1407.2,607.7,1439.3,631.6,1600,1200
20170625_FIRE_mg-s-iqeye,1740,0.2562,881.2,426.9,931.1,579.1,1600,1200
20170625_FIRE_mg-s-iqeye,1740,0.1246,874.4,422.9,1022.9,575.0,1600,1200
20170625_FIRE_mg-s-iqeye,1740,0.1032,879.6,425.9,975.3,578.1,1600,1200
20170625_FIRE_mg-s-iqeye,1740,0.0585,884.4,423.9,947.8,580.8,1600,1200
20170625_FIRE_mg-s-iqeye,1740,0.0546,885.1,544.3,914.0,578.3,1600,1200
20170625_FIRE_mg-s-iqeye,1740,0.8310,1410.9,591.4,1444.6,632.3,1600,1200
20170625_FIRE_mg-s-iqeye,1740,0.1050,881.8,426.6,930.6,577.1,1600,1200
20170625_FIRE_mg-s-iqeye,1740,0.0954,1585.0,560.1,1599.9,589.9,1600,1200
20170625_FIRE_mg-s-iqeye,1740,0.1780,881.4,427.8,930.7,578.3,1600,1200
20170625_FIRE_mg-s-iqeye,1740,0.1060,881.2,425.7,952.0,575.9,1600,1200
20170625_FIRE_mg-s-iqeye,1740,0.0827,880.1,424.0,1001.1,575.1,1600,1200
20170625_FIRE_mg-s-iqeye,1740,0.0617,884.9,543.4,913.9,576.7,1600,1200
20170625_FIRE_mg-s-iqeye,1740,0.8358,1410.8,591.2,1444.6,632.4,1600,1200
20170625_FIRE_mg-s-iqeye,1740,0.1072,1584.9,559.7,1599.9,589.7,1600,1200
20170625_FIRE_mg-s-iqeye,1740,0.0703,881.0,426.0,932.4,576.3,1600,1200
20170625_FIRE_mg-s-iqeye,1800,0.2354,881.1,425.1,932.8,573.2,1600,1200
20170625_FIRE_mg-s-iqeye,1800,0.1668,880.0,423.5,1009.5,572.0,1600,1200
20170625_FIRE_mg-s-iqeye,1800,0.1451,880.7,425.2,960.1,572.5,1600,1200
20170625_FIRE_mg-s-iqeye,1800,0.0838,885.7,543.5,914.7,572.4,1600,1200
20170625_FIRE_mg-s-iqeye,1800,0.8294,1374.4,593.3,1434.7,629.9,1600,1200
20170625_FIRE_mg-s-iqeye,1800,0.0910,882.3,425.7,935.0,572.2,1600,1200
20170625_FIRE_mg-s-iqeye,1800,0.0641,1586.1,560.0,1600.0,591.5,1600,1200
20170625_FIRE_mg-s-iqeye,1800,0.0597,1590.5,562.4,1600.0,593.1,1600,1200
20170625_FIRE_mg-s-iqeye,1800,0.1675,881.4,426.2,932.2,573.2,1600,1200
20170625_FIRE_mg-s-iqeye,1800,0.1195,880.0,423.2,1012.1,572.3,1600,1200
20170625_FIRE_mg-s-iqeye,1800,0.1112,880.8,424.9,967.7,572.8,1600,1200
20170625_FIRE_mg-s-iqeye,1800,0.1001,885.9,543.6,914.5,572.2,1600,1200
20170625_FIRE_mg-s-iqeye,1800,0.8445,1374.4,593.3,1434.7,629.9,1600,1200
20170625_FIRE_mg-s-iqeye,1800,0.0620,1586.1,559.9,1600.0,591.1,1600,1200
20170625_FIRE_mg-s-iqeye,1800,0.0549,1590.2,562.2,1600.0,592.6,1600,1200
20170625_FIRE_mg-s-iqeye,1860,0.2751,879.5,426.8,932.7,576.9,1600,1200
20170625_FIRE_mg-s-iqeye,1860,0.1655,873.0,423.5,1022.8,573.2,1600,1200
20170625_FIRE_mg-s-iqeye,1860,0.1224,878.0,426.6,974.1,576.3,1600,1200
20170625_FIRE_mg-s-iqeye,1860,0.0845,884.4,423.8,950.2,578.7,1600,1200
20170625_FIRE_mg-s-iqeye,1860,0.0788,883.4,543.3,913.9,574.9,1600,1200
20170625_FIRE_mg-s-iqeye,1860,0.2710,880.1,426.4,931.7,576.8,1600,1200
20170625_FIRE_mg-s-iqeye,1860,0.1919,1585.4,561.9,1599.9,589.1,1600,1200
20170625_FIRE_mg-s-iqeye,1860,0.1016,881.8,424.0,965.4,573.3,1600,1200
20170625_FIRE_mg-s-iqeye,1860,0.0943,888.3,423.7,945.4,579.0,1600,1200
20170625_FIRE_mg-s-iqeye,1860,0.0852,873.6,423.2,1012.2,574.2,1600,1200
20170625_FIRE_mg-s-iqeye,1860,0.0571,883.4,543.4,913.7,574.5,1600,1200
20170625_FIRE_mg-s-iqeye,1860,0.0517,1588.5,563.2,1600.0,597.3,1600,1200
20170625_FIRE_mg-s-iqeye,1860,0.1516,879.5,427.8,931.8,576.0,1600,1200
20170625_FIRE_mg-s-iqeye,1860,0.1228,879.6,425.1,958.8,573.7,1600,1200
20170625_FIRE_mg-s-iqeye,1860,0.1041,883.5,543.6,913.8,574.4,1600,1200
20170625_FIRE_mg-s-iqeye,1860,0.1030,878.6,423.7,1003.4,573.0,1600,1200
20170625_FIRE_mg-s-iqeye,1860,0.0507,882.2,515.2,915.6,574.3,1600,1200
20170625_FIRE_mg-s-iqeye,1860,0.1903,1584.7,561.6,1599.9,588.9,1600,1200
20170625_FIRE_mg-s-iqeye,1860,0.1889,879.5,425.9,933.0,575.7,1600,1200
20170625_FIRE_mg-s-iqeye,1860,0.1048,886.6,423.3,949.4,576.8,1600,1200
20170625_FIRE_mg-s-iqeye,1860,0.0906,883.4,543.6,913.7,574.3,1600,1200
20170625_FIRE_mg-s-iqeye,1860,0.0724,878.4,426.3,967.6,575.0,1600,1200
20170625_FIRE_mg-s-iqeye,1860,0.0559,874.7,422.9,1010.7,573.8,1600,1200
20170625_FIRE_mg-s-iqeye,1860,0.0520,1587.5,563.0,1600.0,596.9,1600,1200
20170625_FIRE_mg-s-iqeye,1920,0.2997,880.6,425.0,930.1,575.5,1600,1200
20170625_FIRE_mg-s-iqeye,1920,0.1661,879.9,424.0,1004.9,573.4,1600,1200
20170625_FIRE_mg-s-iqeye,1920,0.0758,885.7,423.3,948.2,579.7,1600,1200
20170625_FIRE_mg-s-iqeye,1920,0.0594,884.2,546.3,913.9,573.6,1600,1200
20170625_FIRE_mg-s-iqeye,1920,0.8385,1404.1,597.2,1443.8,631.7,1600,1200
20170625_FIRE_mg-s-iqeye,1920,0.1420,883.0,425.4,933.9,573.3,1600,1200
20170625_FIRE_mg-s-iqeye,1920,0.1375,1586.0,562.0,1599.8,590.6,1600,1200
20170625_FIRE_mg-s-iqeye,1920,0.0622,883.6,423.8,986.9,573.5,1600,1200
20170625_FIRE_mg-s-iqeye,1920,0.0608,1585.9,551.0,1600.0,591.4,1600,1200
20170625_FIRE_mg-s-iqeye,1920,0.2148,880.6,425.8,929.6,574.7,1600,1200
20170625_FIRE_mg-s-iqeye,1920,0.1424,880.9,424.5,950.4,574.0,1600,1200
20170625_FIRE_mg-s-iqeye,1920,0.1292,879.7,423.6,1010.8,573.4,1600,1200
20170625_FIRE_mg-s-iqeye,1920,0.0720,884.1,545.2,913.9,573.7,1600,1200
20170625_FIRE_mg-s-iqeye,1920,0.0505,882.7,509.4,916.1,574.0,1600,1200
20170625_FIRE_mg-s-iqeye,1920,0.8517,1404.0,597.1,1443.8,631.8,1600,1200
20170625_FIRE_mg-s-iqeye,1920,0.1292,1585.8,561.8,1599.8,590.4,1600,1200
20170625_FIRE_mg-s-iqeye,1920,0.0837,882.7,424.6,944.6,573.5,1600,1200
20170625_FIRE_mg-s-iqeye,1920,0.0550,882.3,423.6,991.5,573.3,1600,1200
20170625_FIRE_mg-s-iqeye,1920,0.0517,1588.4,563.1,1600.0,598.5,1600,1200
20170625_FIRE_mg-s-iqeye,1980,0.2685,880.7,425.9,929.6,579.1,1600,1200
20170625_FIRE_mg-s-iqeye,1980,0.1926,872.7,422.7,1022.9,573.7,1600,1200
20170625_FIRE_mg-s-iqeye,1980,0.1498,880.5,425.2,960.2,574.5,1600,1200
20170625_FIRE_mg-s-iqeye,1980,0.0743,883.9,544.3,914.8,576.9,1600,1200
20170625_FIRE_mg-s-iqeye,1980,0.0520,881.8,464.9,925.4,579.7,1600,1200
20170625_FIRE_mg-s-iqeye,1980,0.7905,1358.8,588.5,1443.8,630.5,1600,1200
20170625_FIRE_mg-s-iqeye,1980,0.2528,881.5,426.2,929.4,578.5,1600,1200
20170625_FIRE_mg-s-iqeye,1980,0.0875,1585.2,560.3,1599.9,591.3,1600,1200
20170625_FIRE_mg-s-iqeye,1980,0.0807,881.7,424.0,984.4,573.9,1600,1200
20170625_FIRE_mg-s-iqeye,1980,0.0721,873.2,422.6,1020.7,574.8,1600,1200
20170625_FIRE_mg-s-iqeye,1980,0.1594,880.4,427.4,929.5,577.4,1600,1200
20170625_FIRE_mg-s-iqeye,1980,0.1346,877.9,423.4,1015.6,573.6,1600,1200
20170625_FIRE_mg-s-iqeye,1980,0.0871,884.0,544.6,914.8,575.9,1600,1200
20170625_FIRE_mg-s-iqeye,1980,0.0580,882.7,508.9,916.8,575.7,1600,1200
20170625_FIRE_mg-s-iqeye,1980,0.8138,1358.1,588.5,1443.9,630.6,1600,1200
20170625_FIRE_mg-s-iqeye,1980,0.1622,880.7,426.0,930.0,576.6,1600,1200
20170625_FIRE_mg-s-iqeye,1980,0.1119,881.2,425.0,954.4,574.1,1600,1200
20170625_FIRE_mg-s-iqeye,1980,0.1044,1584.8,560.3,1599.9,590.6,1600,1200
20170625_FIRE_mg-s-iqeye,1980,0.0726,880.4,423.9,984.8,573.6,1600,1200
20170625_FIRE_mg-s-iqeye,1980,0.0526,883.9,544.7,914.7,575.4,1600,1200
20170625_FIRE_mg-s-iqeye,2040,0.2694,880.6,426.5,930.3,577.2,1600,1200
20170625_FIRE_mg-s-iqeye,2040,0.1365,874.7,423.4,1022.5,574.0,1600,1200
20170625_FIRE_mg-s-iqeye,2040,0.1163,879.1,425.1,976.8,576.8,1600,1200
20170625_FIRE_mg-s-iqeye,2040,0.0981,884.8,543.0,914.2,575.3,1600,1200
20170625_FIRE_mg-s-iqeye,2040,0.0597,885.4,424.2,946.0,579.5,1600,1200
20170625_FIRE_mg-s-iqeye,2040,0.8275,1396.7,592.7,1445.4,632.3,1600,1200
20170625_FIRE_mg-s-iqeye,2040,0.1088,882.4,426.6,933.1,573.3,1600,1200
20170625_FIRE_mg-s-iqeye,2040,0.0722,1592.4,562.3,1600.0,594.2,1600,1200
20170625_FIRE_mg-s-iqeye,2040,0.0575,1587.1,556.8,1600.0,592.8,1600,1200
20170625_FIRE_mg-s-iqeye,2040,0.1667,880.6,428.1,930.0,576.2,1600,1200
20170625_FIRE_mg-s-iqeye,2040,0.1221,884.9,543.1,914.1,574.7,1600,1200
20170625_FIRE_mg-s-iqeye,2040,0.0996,880.7,425.7,955.4,574.4,1600,1200
20170625_FIRE_mg-s-iqeye,2040,0.0833,879.5,424.3,1003.2,573.7,1600,1200
20170625_FIRE_mg-s-iqeye,2040,0.0682,883.6,512.2,916.0,574.9,1600,1200
20170625_FIRE_mg-s-iqeye,2040,0.8373,1396.2,592.6,1445.4,632.3,1600,1200
20170625_FIRE_mg-s-iqeye,2040,0.0840,1591.5,561.9,1600.0,593.8,1600,1200
20170625_FIRE_mg-s-iqeye,2040,0.0724,1586.6,557.4,1600.0,592.4,1600,1200
20170625_FIRE_mg-s-iqeye,2040,0.0653,880.5,425.5,930.8,575.1,1600,1200
20170625_FIRE_mg-s-iqeye,2100,0.3503,881.4,432.0,930.8,572.7,1600,1200
20170625_FIRE_mg-s-iqeye,2100,0.1371,876.4,424.0,1023.4,571.9,1600,1200
20170625_FIRE_mg-s-iqeye,2100,0.1089,880.6,428.8,972.2,571.7,1600,1200
20170625_FIRE_mg-s-iqeye,2100,0.7131,1376.1,590.0,1426.5,627.8,1600,1200
20170625_FIRE_mg-s-iqeye,2100,0.2711,881.9,430.8,931.0,572.9,1600,1200
20170625_FIRE_mg-s-iqeye,2100,0.1012,1585.2,561.6,1599.8,590.7,1600,1200
20170625_FIRE_mg-s-iqeye,2100,0.3032,881.3,438.8,931.1,572.8,1600,1200
20170625_FIRE_mg-s-iqeye,2100,0.0995,880.4,429.9,973.4,572.0,1600,1200
20170625_FIRE_mg-s-iqeye,2100,0.0694,876.2,423.0,1023.1,572.5,1600,1200
20170625_FIRE_mg-s-iqeye,2100,0.7538,1376.6,589.8,1427.0,628.0,1600,1200
20170625_FIRE_mg-s-iqeye,2100,0.2260,881.3,429.9,931.6,572.6,1600,1200
20170625_FIRE_mg-s-iqeye,2100,0.1043,1585.0,561.4,1599.8,590.2,1600,1200
20170625_FIRE_mg-s-iqeye,2160,0.2945,879.4,430.1,930.7,572.8,1600,1200
20170625_FIRE_mg-s-iqeye,2160,0.1132,871.8,423.6,1023.5,572.0,1600,1200
20170625_FIRE_mg-s-iqeye,2160,0.0979,877.3,427.4,979.5,572.0,1600,1200
20170625_FIRE_mg-s-iqeye,2160,0.0646,883.6,540.4,914.5,572.5,1600,1200
20170625_FIRE_mg-s-iqeye,2160,0.0594,881.2,423.8,950.3,577.6,1600,1200
20170625_FIRE_mg-s-iqeye,2160,0.5664,1365.8,597.3,1442.2,631.1,1600,1200
20170625_FIRE_mg-s-iqeye,2160,0.1490,880.3,427.3,930.7,572.6,1600,1200
20170625_FIRE_mg-s-iqeye,2160,0.0803,1587.5,561.9,1600.0,590.7,1600,1200
20170625_FIRE_mg-s-iqeye,2160,0.0511,880.9,424.3,982.5,571.7,1600,1200
20170625_FIRE_mg-s-iqeye,2160,0.1663,879.4,435.5,930.5,572.6,1600,1200
20170625_FIRE_mg-s-iqeye,2160,0.0858,878.8,426.0,954.4,572.1,1600,1200
20170625_FIRE_mg-s-iqeye,2160,0.0717,883.7,540.1,914.4,572.2,1600,1200
20170625_FIRE_mg-s-iqeye,2160,0.0638,876.9,424.3,1014.6,571.7,1600,1200
20170625_FIRE_mg-s-iqeye,2160,0.0522,882.5,524.2,916.3,572.2,1600,1200
20170625_FIRE_mg-s-iqeye,2160,0.6779,1362.4,596.7,1442.3,631.0,1600,1200
20170625_FIRE_mg-s-iqeye,2160,0.1189,1585.1,561.3,1599.9,589.2,1600,1200
20170625_FIRE_mg-s-iqeye,2160,0.0967,879.7,427.6,931.0,572.3,1600,1200
20170625_FIRE_mg-s-iqeye,2220,0.1912,879.8,424.8,939.1,580.9,1600,1200
20170625_FIRE_mg-s-iqeye,2220,0.1558,878.8,422.8,1007.5,574.4,1600,1200
20170625_FIRE_mg-s-iqeye,2220,0.0752,883.8,421.3,956.9,579.4,1600,1200
20170625_FIRE_mg-s-iqeye,2220,0.7720,1342.0,585.8,1441.4,634.1,1600,1200
20170625_FIRE_mg-s-iqeye,2220,0.0845,883.9,424.4,947.7,574.6,1600,1200
20170625_FIRE_mg-s-iqeye,2220,0.0516,883.9,422.8,975.8,574.5,1600,1200
20170625_FIRE_mg-s-iqeye,2220,0.0509,1587.7,562.3,1600.0,591.7,1600,1200
20170625_FIRE_mg-s-iqeye,2220,0.1323,879.7,424.2,966.8,575.1,1600,1200
20170625_FIRE_mg-s-iqeye,2220,0.1143,878.7,422.6,1009.7,574.3,1600,1200
20170625_FIRE_mg-s-iqeye,2220,0.8106,1343.7,586.4,1440.8,633.5,1600,1200
20170625_FIRE_mg-s-iqeye,2220,0.0977,1584.7,561.5,1599.9,589.6,1600,1200
20170625_FIRE_mg-s-iqeye,2220,0.0799,882.4,423.9,956.4,574.2,1600,1200
20170625_FIRE_mg-s-iqeye,2280,0.1614,880.9,424.7,933.5,574.3,1600,1200
20170625_FIRE_mg-s-iqeye,2280,0.1057,880.3,425.6,957.6,572.3,1600,1200
20170625_FIRE_mg-s-iqeye,2280,0.0910,879.6,423.7,994.4,571.8,1600,1200
20170625_FIRE_mg-s-iqeye,2280,0.0712,0.0,519.0,54.2,583.4,1600,1200
20170625_FIRE_mg-s-iqeye,2280,0.0648,881.8,456.1,928.8,572.8,1600,1200
20170625_FIRE_mg-s-iqeye,2280,0.0534,873.2,406.5,1023.5,576.1,1600,1200
20170625_FIRE_mg-s-iqeye,2280,0.5769,1376.8,583.9,1437.7,630.0,1600,1200
20170625_FIRE_mg-s-iqeye,2280,0.3869,1248.6,568.5,1440.7,635.0,1600,1200
20170625_FIRE_mg-s-iqeye,2280,0.0528,883.6,424.6,946.0,571.7,1600,1200
20170625_FIRE_mg-s-iqeye,2280,0.1025,0.0,518.7,54.2,581.3,1600,1200
20170625_FIRE_mg-s-iqeye,2280,0.0975,881.1,426.9,932.5,573.5,1600,1200
20170625_FIRE_mg-s-iqeye,2280,0.0710,880.3,424.9,962.1,572.5,1600,1200
20170625_FIRE_mg-s-iqeye,2280,0.0572,881.9,464.1,927.8,572.2,1600,1200
20170625_FIRE_mg-s-iqeye,2280,0.6675,1376.4,583.9,1436.8,630.1,1600,1200
20170625_FIRE_mg-s-iqeye,2280,0.3535,1249.0,568.5,1440.9,634.1,1600,1200
20170625_FIRE_mg-s-iqeye,2280,0.0593,1585.7,561.3,1599.9,589.9,1600,1200
20170625_FIRE_mg-s-iqeye,2280,0.0593,1589.3,562.4,1600.0,590.8,1600,1200
20170625_FIRE_mg-s-iqeye,2340,0.2679,880.6,427.3,930.6,574.7,1600,1200
20170625_FIRE_mg-s-iqeye,2340,0.2066,875.1,423.1,1023.6,572.8,1600,1200
20170625_FIRE_mg-s-iqeye,2340,0.1233,884.8,544.6,913.7,573.3,1600,1200
20170625_FIRE_mg-s-iqeye,2340,0.0687,883.4,422.9,954.0,578.4,1600,1200
20170625_FIRE_mg-s-iqeye,2340,0.4302,1297.2,574.5,1425.5,628.1,1600,1200
20170625_FIRE_mg-s-iqeye,2340,0.1783,883.0,426.1,933.6,572.6,1600,1200
20170625_FIRE_mg-s-iqeye,2340,0.1044,1169.2,539.7,1443.3,642.0,1600,1200
20170625_FIRE_mg-s-iqeye,2340,0.0964,883.4,423.8,1002.4,572.6,1600,1200
20170625_FIRE_mg-s-iqeye,2340,0.0605,1129.1,509.6,1446.9,641.1,1600,1200
20170625_FIRE_mg-s-iqeye,2340,0.1611,884.9,544.7,913.5,572.9,1600,1200
20170625_FIRE_mg-s-iqeye,2340,0.1581,880.7,428.5,930.1,574.3,1600,1200
20170625_FIRE_mg-s-iqeye,2340,0.1235,879.4,423.6,1015.6,572.6,1600,1200
20170625_FIRE_mg-s-iqeye,2340,0.1096,880.5,425.3,960.0,573.3,1600,1200
20170625_FIRE_mg-s-iqeye,2340,0.0591,883.9,519.9,915.2,573.7,1600,1200
20170625_FIRE_mg-s-iqeye,2340,0.3659,1294.2,572.9,1423.2,628.8,1600,1200
20170625_FIRE_mg-s-iqeye,2340,0.1529,1166.4,534.8,1446.3,643.2,1600,1200
20170625_FIRE_mg-s-iqeye,2340,0.1420,881.3,425.4,930.3,574.3,1600,1200
20170625_FIRE_mg-s-iqeye,2340,0.0793,882.5,423.8,990.6,572.8,1600,1200
20170625_FIRE_mg-s-iqeye,2340,0.0769,1108.7,513.9,1427.9,633.8,1600,1200
20170625_FIRE_mg-s-iqeye,2340,0.0698,885.0,544.8,913.4,572.6,1600,1200
20170625_FIRE_mg-s-iqeye,2340,0.0616,889.0,422.3,945.7,578.2,1600,1200
20170625_FIRE_mg-s-iqeye,2340,0.0518,876.3,422.3,1030.5,573.7,1600,1200
20170625_FIRE_mg-s-iqeye,2340,0.0516,1590.7,561.5,1600.0,591.4,1600,1200
20170625_FIRE_mg-s-iqeye,2400,0.2523,877.5,422.9,1022.8,571.8,1600,1200
20170625_FIRE_mg-s-iqeye,2400,0.2216,881.6,425.6,930.6,572.9,1600,1200
20170625_FIRE_mg-s-iqeye,2400,0.1676,881.4,425.5,969.5,572.2,1600,1200
20170625_FIRE_mg-s-iqeye,2400,0.6242,1189.5,562.6,1435.2,642.9,1600,1200
20170625_FIRE_mg-s-iqeye,2400,0.1766,882.8,425.6,929.7,573.3,1600,1200
20170625_FIRE_mg-s-iqeye,2400,0.0913,884.6,424.4,983.8,571.8,1600,1200
20170625_FIRE_mg-s-iqeye,2400,0.0554,889.5,424.3,948.5,576.2,1600,1200
20170625_FIRE_mg-s-iqeye,2400,0.1857,880.5,423.7,1015.1,571.7,1600,1200
20170625_FIRE_mg-s-iqeye,2400,0.1506,881.2,425.0,944.6,572.6,1600,1200
20170625_FIRE_mg-s-iqeye,2400,0.5766,1181.7,562.7,1434.9,642.7,1600,1200
20170625_FIRE_mg-s-iqeye,2400,0.1455,882.2,425.4,939.8,572.3,1600,1200
20170625_FIRE_mg-s-iqeye,2400,0.1006,883.2,424.0,980.9,571.8,1600,1200
20170625_FIRE_mg-s-iqeye,2400,0.0585,1591.2,561.2,1600.0,591.6,1600,1200
20170625_FIRE_mg-s-iqeye,2400,0.0527,1585.7,558.3,1600.0,590.5,1600,1200
20170627_FIRE_lp-n-iqeye,-120,0.0814,33.9,486.4,167.3,525.0,1600,1200
20170627_FIRE_lp-n-iqeye,-60,0.0667,42.5,486.8,179.0,523.9,1600,1200
20170627_FIRE_lp-n-iqeye,0,0.1914,38.2,484.5,171.2,522.2,1600,1200
20170627_FIRE_om-e-mobo-c,-2340,0.0795,1407.6,1412.8,1449.6,1447.7,2048,1536
20170627_FIRE_om-e-mobo-c,-2340,0.0857,1407.6,1412.7,1449.6,1447.8,2048,1536
20170627_FIRE_om-e-mobo-c,-2280,0.2204,1406.0,1416.7,1447.4,1451.7,2048,1536
20170627_FIRE_om-e-mobo-c,-2280,0.2256,1405.9,1416.6,1447.4,1451.8,2048,1536
20170627_FIRE_om-e-mobo-c,-2220,0.3306,1402.9,1420.7,1442.5,1456.1,2048,1536
20170627_FIRE_om-e-mobo-c,-2220,0.3268,1402.8,1420.6,1442.5,1456.1,2048,1536
20170627_FIRE_om-e-mobo-c,-2160,0.4074,1399.7,1423.8,1440.6,1460.9,2048,1536
20170627_FIRE_om-e-mobo-c,-2160,0.4105,1399.6,1423.8,1440.6,1460.9,2048,1536
20170627_FIRE_om-e-mobo-c,-2100,0.1971,1397.2,1430.1,1438.5,1464.2,2048,1536
20170627_FIRE_om-e-mobo-c,-2100,0.1894,1397.1,1430.0,1438.6,1464.2,2048,1536
20170627_FIRE_om-e-mobo-c,-2040,0.1704,1394.6,1434.0,1433.9,1469.0,2048,1536
20170627_FIRE_om-e-mobo-c,-2040,0.1626,1394.5,1433.9,1434.0,1469.2,2048,1536
20170627_FIRE_om-e-mobo-c,-1980,0.1510,1391.4,1440.1,1430.3,1473.3,2048,1536
20170627_FIRE_om-e-mobo-c,-1980,0.1424,1391.4,1440.1,1430.4,1473.3,2048,1536
20170627_FIRE_om-e-mobo-c,-1920,0.2847,1389.2,1444.9,1427.6,1477.4,2048,1536
20170627_FIRE_om-e-mobo-c,-1920,0.2731,1389.1,1444.7,1427.7,1477.5,2048,1536
20170627_FIRE_om-e-mobo-c,-1860,0.1632,1386.4,1448.5,1425.3,1482.2,2048,1536
20170627_FIRE_om-e-mobo-c,-1860,0.1610,1386.4,1448.5,1425.3,1482.2,2048,1536
20170627_FIRE_om-e-mobo-c,-1800,0.1985,1384.7,1455.0,1422.0,1485.7,2048,1536
20170627_FIRE_om-e-mobo-c,-1800,0.1957,1384.7,1454.9,1422.1,1485.8,2048,1536
20170627_FIRE_om-e-mobo-c,-1740,0.2986,1381.6,1459.5,1417.7,1489.6,2048,1536
20170627_FIRE_om-e-mobo-c,-1740,0.2901,1381.5,1459.3,1417.8,1489.7,2048,1536
20170627_FIRE_om-e-mobo-c,-1680,0.2111,1378.4,1464.2,1413.9,1493.6,2048,1536
20170627_FIRE_om-e-mobo-c,-1680,0.2037,1378.3,1464.1,1414.0,1493.6,2048,1536
20170627_FIRE_om-e-mobo-c,-1560,0.1603,1371.2,1473.0,1408.0,1502.8,2048,1536
20170627_FIRE_om-e-mobo-c,-1560,0.1697,1371.1,1472.9,1408.1,1502.9,2048,1536
20170627_FIRE_om-e-mobo-c,-1500,0.0500,1370.1,1478.3,1402.3,1506.2,2048,1536
20170627_FIRE_om-e-mobo-c,-1380,0.0623,1365.7,1486.6,1397.5,1515.5,2048,1536
20170627_FIRE_om-e-mobo-c,-1380,0.0640,1365.6,1486.6,1397.6,1515.6,2048,1536
20170627_FIRE_om-e-mobo-c,60,0.0656,1917.8,754.0,1926.7,776.7,2048,1536
20170627_FIRE_om-e-mobo-c,60,0.0761,1917.7,753.9,1926.7,776.8,2048,1536
20170627_FIRE_om-e-mobo-c,60,0.0573,1914.6,753.4,1926.3,776.6,2048,1536
20170627_FIRE_om-e-mobo-c,120,0.0520,1905.8,751.3,1928.8,776.3,2048,1536
20170627_FIRE_om-e-mobo-c,120,0.0676,1905.7,751.2,1928.9,776.4,2048,1536
20170627_FIRE_om-e-mobo-c,480,0.0944,1438.6,759.9,1456.6,774.2,2048,1536
20170627_FIRE_om-e-mobo-c,480,0.1732,1914.5,757.3,1926.4,776.7,2048,1536
20170627_FIRE_om-e-mobo-c,480,0.0994,1438.6,759.9,1456.6,774.2,2048,1536
20170627_FIRE_om-e-mobo-c,480,0.0925,1438.6,759.7,1456.7,774.2,2048,1536
20170627_FIRE_om-e-mobo-c,480,0.1897,1914.5,757.3,1926.5,776.8,2048,1536
20170627_FIRE_om-e-mobo-c,480,0.0914,1438.6,759.7,1456.7,774.2,2048,1536
20170627_FIRE_om-e-mobo-c,540,0.3308,1914.0,754.1,1925.2,775.9,2048,1536
20170627_FIRE_om-e-mobo-c,540,0.3544,1914.0,754.0,1925.2,775.9,2048,1536
20170627_FIRE_om-e-mobo-c,600,0.3354,1904.6,747.9,1919.8,776.2,2048,1536
20170627_FIRE_om-e-mobo-c,600,0.0764,1892.5,747.0,1919.7,776.4,2048,1536
20170627_FIRE_om-e-mobo-c,600,0.6260,1905.5,747.3,1924.2,775.7,2048,1536
20170627_FIRE_om-e-mobo-c,600,0.3243,1904.6,747.7,1919.8,776.3,2048,1536
20170627_FIRE_om-e-mobo-c,600,0.0828,1892.2,746.8,1919.7,776.4,2048,1536
20170627_FIRE_om-e-mobo-c,600,0.6393,1905.5,747.2,1924.2,775.7,2048,1536
20170627_FIRE_om-e-mobo-c,660,0.1097,1900.6,746.6,1920.0,776.3,2048,1536
20170627_FIRE_om-e-mobo-c,660,0.3876,1900.1,747.0,1923.0,775.0,2048,1536
20170627_FIRE_om-e-mobo-c,660,0.1195,1900.5,746.4,1920.0,776.2,2048,1536
20170627_FIRE_om-e-mobo-c,660,0.4127,1900.0,746.8,1923.1,775.0,2048,1536
20170627_FIRE_om-e-mobo-c,660,0.0645,1893.5,744.1,1923.6,775.1,2048,1536
20170627_FIRE_om-e-mobo-c,720,0.3484,1895.0,746.9,1923.4,776.1,2048,1536
20170627_FIRE_om-e-mobo-c,720,0.0856,1875.0,745.3,1923.9,776.1,2048,1536
20170627_FIRE_om-e-mobo-c,720,0.3618,1894.9,746.8,1923.4,776.1,2048,1536
20170627_FIRE_om-e-mobo-c,720,0.0939,1875.2,745.2,1923.9,776.1,2048,1536
20170627_FIRE_om-e-mobo-c,780,0.0881,1892.2,750.2,1920.0,776.5,2048,1536
20170627_FIRE_om-e-mobo-c,780,0.1815,1893.2,748.3,1923.5,775.9,2048,1536
20170627_FIRE_om-e-mobo-c,780,0.0953,1891.8,749.5,1920.0,776.5,2048,1536
20170627_FIRE_om-e-mobo-c,780,0.2008,1893.1,747.9,1923.5,775.9,2048,1536
20170627_FIRE_om-e-mobo-c,840,0.1283,1885.7,747.0,1919.8,776.3,2048,1536
20170627_FIRE_om-e-mobo-c,840,0.0669,1885.8,746.9,1922.3,775.1,2048,1536
20170627_FIRE_om-e-mobo-c,840,0.1421,1885.4,746.7,1919.8,776.2,2048,1536
20170627_FIRE_om-e-mobo-c,840,0.0755,1885.6,746.7,1922.3,775.1,2048,1536
20170627_FIRE_om-e-mobo-c,900,0.1539,1880.9,745.3,1919.9,776.2,2048,1536
20170627_FIRE_om-e-mobo-c,900,0.2901,1882.0,748.1,1921.6,775.6,2048,1536
20170627_FIRE_om-e-mobo-c,900,0.1638,1880.7,744.9,1919.9,776.1,2048,1536
20170627_FIRE_om-e-mobo-c,900,0.3051,1881.8,747.7,1921.6,775.6,2048,1536
20170627_FIRE_om-e-mobo-c,960,0.2492,1880.9,747.7,1920.0,776.0,2048,1536
20170627_FIRE_om-e-mobo-c,960,0.0542,1892.4,749.5,1920.0,776.0,2048,1536
20170627_FIRE_om-e-mobo-c,960,0.1739,1879.7,749.0,1923.1,775.8,2048,1536
20170627_FIRE_om-e-mobo-c,960,0.0641,1891.7,750.2,1923.3,776.1,2048,1536
20170627_FIRE_om-e-mobo-c,960,0.2590,1880.3,747.5,1920.0,775.9,2048,1536
20170627_FIRE_om-e-mobo-c,960,0.0513,1892.0,749.3,1920.0,776.1,2048,1536
20170627_FIRE_om-e-mobo-c,960,0.1869,1879.4,748.8,1923.0,775.8,2048,1536
20170627_FIRE_om-e-mobo-c,960,0.0605,1891.4,750.0,1923.3,776.1,2048,1536
20170627_FIRE_om-e-mobo-c,1020,0.1568,1890.3,751.4,1920.0,776.1,2048,1536
20170627_FIRE_om-e-mobo-c,1020,0.1498,1890.1,751.1,1920.0,776.1,2048,1536
20170627_FIRE_om-e-mobo-c,1080,0.2038,1887.5,751.2,1919.9,775.6,2048,1536
20170627_FIRE_om-e-mobo-c,1080,0.2364,1887.4,751.3,1918.7,774.7,2048,1536
20170627_FIRE_om-e-mobo-c,1080,0.1989,1887.2,751.0,1919.9,775.6,2048,1536
20170627_FIRE_om-e-mobo-c,1080,0.2123,1887.1,751.2,1918.8,774.7,2048,1536
20170627_FIRE_om-e-mobo-c,1140,0.0977,1883.8,754.4,1920.0,775.7,2048,1536
20170627_FIRE_om-e-mobo-c,1140,0.0612,1883.9,754.1,1920.9,774.8,2048,1536
20170627_FIRE_om-e-mobo-c,1140,0.0909,1883.7,754.2,1920.0,775.7,2048,1536
20170627_FIRE_om-e-mobo-c,1140,0.0646,1883.8,753.9,1921.4,774.9,2048,1536
20170627_FIRE_om-e-mobo-c,1200,0.1308,1880.8,753.9,1919.9,775.5,2048,1536
20170627_FIRE_om-e-mobo-c,1200,0.1839,1880.9,753.9,1918.9,774.8,2048,1536
20170627_FIRE_om-e-mobo-c,1200,0.1359,1880.7,753.7,1919.9,775.5,2048,1536
20170627_FIRE_om-e-mobo-c,1200,0.1777,1880.8,753.7,1919.0,774.8,2048,1536
20170627_FIRE_om-e-mobo-c,1260,0.0725,1891.2,756.6,1919.9,775.1,2048,1536
20170627_FIRE_om-e-mobo-c,1260,0.0825,1890.3,756.5,1918.7,773.9,2048,1536
20170627_FIRE_om-e-mobo-c,1260,0.0715,1890.5,756.4,1919.9,775.2,2048,1536
20170627_FIRE_om-e-mobo-c,1260,0.0730,1889.2,756.2,1918.9,774.0,2048,1536
20170627_FIRE_om-e-mobo-c,1380,0.0636,778.6,21.2,840.7,115.8,2048,1536
20170708_Whittier_syp-n-mobo-c,-1320,0.5650,2726.9,687.2,2791.6,762.3,3072,2048
20170708_Whittier_syp-n-mobo-c,-1320,0.1000,2724.0,687.4,2814.2,767.4,3072,2048
20170708_Whittier_syp-n-mobo-c,-1320,0.6341,2727.0,687.6,2791.3,762.4,3072,2048
20170708_Whittier_syp-n-mobo-c,240,0.2973,1547.8,985.7,1681.9,1024.0,3072,2048
20170708_Whittier_syp-n-mobo-c,240,0.1509,1549.3,995.4,1631.9,1024.0,3072,2048
20170708_Whittier_syp-n-mobo-c,240,0.0516,1550.8,994.3,1670.0,1024.0,3072,2048
20170708_Whittier_syp-n-mobo-c,240,0.2911,1505.1,989.0,1679.2,1062.4,3072,2048
20170708_Whittier_syp-n-mobo-c,240,0.1335,1502.8,998.0,1620.8,1059.5,3072,2048
20170708_Whittier_syp-n-mobo-c,240,0.0517,1502.8,984.7,1767.8,1068.3,3072,2048
20170708_Whittier_syp-n-mobo-c,240,0.2728,1503.5,1024.4,1590.9,1059.8,3072,2048
20170708_Whittier_syp-n-mobo-c,300,0.1995,1575.3,967.0,1771.5,1024.0,3072,2048
20170708_Whittier_syp-n-mobo-c,300,0.0857,1578.6,983.7,1665.0,1024.0,3072,2048
20170708_Whittier_syp-n-mobo-c,300,0.0577,1574.6,979.0,1705.3,1024.0,3072,2048
20170708_Whittier_syp-n-mobo-c,300,0.2674,1512.7,981.0,1699.7,1065.2,3072,2048
20170708_Whittier_syp-n-mobo-c,300,0.2472,1512.2,1000.6,1644.3,1064.0,3072,2048
20170708_Whittier_syp-n-mobo-c,300,0.1391,1510.7,1024.0,1630.1,1064.5,3072,2048
20170708_Whittier_syp-n-mobo-c,300,0.0564,1512.8,1024.0,1673.9,1066.2,3072,2048
20170708_Whittier_syp-n-mobo-c,360,0.4513,1540.9,964.4,1690.5,1024.0,3072,2048
20170708_Whittier_syp-n-mobo-c,360,0.4294,1541.6,963.3,1767.1,1024.0,3072,2048
20170708_Whittier_syp-n-mobo-c,360,0.7685,1510.5,966.4,1677.9,1063.2,3072,2048
20170708_Whittier_syp-n-mobo-c,360,0.5184,1508.0,1024.0,1608.2,1063.4,3072,2048
20170708_Whittier_syp-n-mobo-c,420,0.5364,1527.9,908.2,1797.2,1024.0,3072,2048
20170708_Whittier_syp-n-mobo-c,420,0.1061,1792.1,902.1,1813.9,998.3,3072,2048
20170708_Whittier_syp-n-mobo-c,420,0.5442,1508.4,896.0,1811.7,1068.6,3072,2048
20170708_Whittier_syp-n-mobo-c,420,0.5015,1504.1,980.2,1693.4,1061.6,3072,2048
20170708_Whittier_syp-n-mobo-c,420,0.0500,1792.3,909.4,1816.9,993.7,3072,2048
20170708_Whittier_syp-n-mobo-c,420,0.4785,1504.1,1024.0,1607.1,1061.4,3072,2048
20170708_Whittier_syp-n-mobo-c,420,0.4439,1503.1,1024.0,1710.2,1064.3,3072,2048
20170708_Whittier_syp-n-mobo-c,480,0.6956,1530.9,870.9,1729.7,1024.0,3072,2048
20170708_Whittier_syp-n-mobo-c,480,0.7351,1505.2,896.0,1730.0,1063.1,3072,2048
20170708_Whittier_syp-n-mobo-c,480,0.4690,1501.8,1024.0,1650.3,1063.1,3072,2048
20170708_Whittier_syp-n-mobo-c,480,0.0644,1504.6,1024.2,1569.3,1061.2,3072,2048
20170708_Whittier_syp-n-mobo-c,540,0.3533,1572.4,786.4,1854.0,989.4,3072,2048
20170708_Whittier_syp-n-mobo-c,540,0.2176,1545.9,866.8,1806.5,1024.0,3072,2048
20170708_Whittier_syp-n-mobo-c,540,0.2642,1792.1,806.6,1855.2,1019.2,3072,2048
20170708_Whittier_syp-n-mobo-c,540,0.6033,1510.9,896.0,1797.8,1074.1,3072,2048
20170708_Whittier_syp-n-mobo-c,540,0.2237,1501.3,896.0,1722.2,1071.1,3072,2048
20170708_Whittier_syp-n-mobo-c,540,0.6208,1503.2,1024.0,1648.5,1072.7,3072,2048
20170708_Whittier_syp-n-mobo-c,600,0.2902,1572.4,809.5,1812.2,1024.0,3072,2048
20170708_Whittier_syp-n-mobo-c,600,0.3558,1792.0,756.3,1944.9,951.5,3072,2048
20170708_Whittier_syp-n-mobo-c,600,0.0692,1792.1,844.7,1853.3,950.4,3072,2048
20170708_Whittier_syp-n-mobo-c,600,0.0507,1792.1,815.7,1887.7,944.7,3072,2048
20170708_Whittier_syp-n-mobo-c,600,0.7416,1509.4,896.0,1729.9,1080.1,3072,2048
20170708_Whittier_syp-n-mobo-c,600,0.5309,1506.8,1024.3,1585.4,1063.2,3072,2048
20170708_Whittier_syp-n-mobo-c,600,0.0908,1505.1,1024.0,1673.6,1076.3,3072,2048
20170708_Whittier_syp-n-mobo-c,660,0.4231,1566.3,840.9,1781.1,1024.0,3072,2048
20170708_Whittier_syp-n-mobo-c,660,0.1542,1594.0,704.2,1920.0,1024.0,3072,2048
20170708_Whittier_syp-n-mobo-c,660,0.0696,1536.0,741.5,1917.3,1024.0,3072,2048
20170708_Whittier_syp-n-mobo-c,660,0.0595,1792.0,727.5,1896.9,985.8,3072,2048
20170708_Whittier_syp-n-mobo-c,660,0.5114,1522.6,896.0,1786.4,1071.3,3072,2048
20170708_Whittier_syp-n-mobo-c,660,0.6908,1506.7,1024.0,1625.3,1066.8,3072,2048
20170708_Whittier_syp-n-mobo-c,720,0.0642,1608.1,716.5,1920.0,1024.0,3072,2048
20170708_Whittier_syp-n-mobo-c,720,0.1968,1792.0,721.2,1974.1,1024.0,3072,2048
20170708_Whittier_syp-n-mobo-c,720,0.4013,1511.9,906.8,1815.2,1079.9,3072,2048
20170708_Whittier_syp-n-mobo-c,720,0.4012,1792.0,896.0,1848.2,1044.8,3072,2048
20170708_Whittier_syp-n-mobo-c,720,0.0559,1792.2,984.2,1810.7,1047.9,3072,2048
20170708_Whittier_syp-n-mobo-c,720,0.5440,1505.6,1024.0,1664.3,1080.7,3072,2048
20170708_Whittier_syp-n-mobo-c,780,0.4802,1596.8,882.7,1866.6,1024.0,3072,2048
20170708_Whittier_syp-n-mobo-c,780,0.0597,1567.9,896.0,1862.8,1082.3,3072,2048
20170708_Whittier_syp-n-mobo-c,780,0.5330,1507.2,1024.0,1719.4,1080.4,3072,2048
20170708_Whittier_syp-n-mobo-c,840,0.5482,1575.9,927.1,1833.4,1024.0,3072,2048
20170708_Whittier_syp-n-mobo-c,840,0.0965,1792.0,924.2,1919.2,1091.6,3072,2048
20170708_Whittier_syp-n-mobo-c,840,0.0550,1792.0,896.0,1915.7,1118.9,3072,2048
20170708_Whittier_syp-n-mobo-c,840,0.1254,1506.7,1024.0,1756.6,1085.8,3072,2048
20170708_Whittier_syp-n-mobo-c,900,0.1390,1560.8,914.3,1805.0,1024.0,3072,2048
20170708_Whittier_syp-n-mobo-c,900,0.3301,1792.0,896.0,1965.1,1125.9,3072,2048
20170708_Whittier_syp-n-mobo-c,900,0.1354,1504.6,1024.0,1733.5,1085.0,3072,2048
20170708_Whittier_syp-n-mobo-c,960,0.0641,1792.0,843.7,1903.7,1024.0,3072,2048
20170708_Whittier_syp-n-mobo-c,960,0.0874,1520.6,931.6,1833.1,1077.2,3072,2048
20170708_Whittier_syp-n-mobo-c,960,0.0569,1792.0,896.0,2059.2,1122.0,3072,2048
20170708_Whittier_syp-n-mobo-c,960,0.1632,1507.7,1024.0,1648.9,1075.0,3072,2048
20170708_Whittier_syp-n-mobo-c,1020,0.5315,1797.4,809.0,1994.8,990.0,3072,2048
20170708_Whittier_syp-n-mobo-c,1020,0.1252,1793.5,907.7,1932.6,1137.5,3072,2048
20170708_Whittier_syp-n-mobo-c,1020,0.0689,1792.3,904.1,1880.6,1124.6,3072,2048
20170708_Whittier_syp-n-mobo-c,1020,0.0552,1792.0,898.7,1981.0,1145.0,3072,2048
20170708_Whittier_syp-n-mobo-c,1080,0.2032,1812.9,751.7,2052.9,1024.0,3072,2048
20170708_Whittier_syp-n-mobo-c,1080,0.3087,1508.2,943.1,1779.1,1079.3,3072,2048
20170708_Whittier_syp-n-mobo-c,1080,0.2002,1508.9,950.6,1712.9,1073.1,3072,2048
20170708_Whittier_syp-n-mobo-c,1080,0.0842,1512.4,922.0,1905.1,1084.2,3072,2048
20170708_Whittier_syp-n-mobo-c,1080,0.0712,1792.0,915.6,1918.9,1114.1,3072,2048
20170708_Whittier_syp-n-mobo-c,1080,0.4621,1506.3,1024.0,1602.3,1068.6,3072,2048
20170708_Whittier_syp-n-mobo-c,1080,0.0543,1505.8,1024.0,1635.7,1073.9,3072,2048
20170708_Whittier_syp-n-mobo-c,1140,0.5405,1557.2,883.5,1784.1,1024.0,3072,2048
20170708_Whittier_syp-n-mobo-c,1140,0.5553,1512.4,896.0,1727.2,1076.5,3072,2048
20170708_Whittier_syp-n-mobo-c,1140,0.0898,1525.4,896.0,1839.3,1073.3,3072,2048
20170708_Whittier_syp-n-mobo-c,1140,0.0828,1792.0,896.0,1980.2,1130.2,3072,2048
20170708_Whittier_syp-n-mobo-c,1140,0.6463,1503.1,1024.0,1618.8,1066.1,3072,2048
20170708_Whittier_syp-n-mobo-c,1140,0.2097,1503.0,1024.0,1702.3,1067.9,3072,2048
20170708_Whittier_syp-n-mobo-c,1200,0.4813,1632.2,818.6,1903.9,1024.0,3072,2048
20170708_Whittier_syp-n-mobo-c,1200,0.1678,1793.0,806.1,1926.8,958.6,3072,2048
20170708_Whittier_syp-n-mobo-c,1200,0.4963,1522.2,906.0,1775.6,1080.1,3072,2048
20170708_Whittier_syp-n-mobo-c,1200,0.5833,1504.2,1024.0,1654.7,1077.8,3072,2048
20170708_Whittier_syp-n-mobo-c,1260,0.1262,1622.2,725.5,1920.0,1024.0,3072,2048
20170708_Whittier_syp-n-mobo-c,1260,0.0519,1632.4,770.7,1920.0,1024.0,3072,2048
20170708_Whittier_syp-n-mobo-c,1260,0.0820,1792.0,724.1,1926.3,999.6,3072,2048
20170708_Whittier_syp-n-mobo-c,1260,0.4358,2880.8,726.7,2924.8,791.0,3072,2048
20170708_Whittier_syp-n-mobo-c,1260,0.0538,1505.3,1024.0,1670.3,1077.1,3072,2048
20170708_Whittier_syp-n-mobo-c,1320,0.1954,1792.0,899.9,1868.4,1023.0,3072,2048
20170708_Whittier_syp-n-mobo-c,1320,0.4578,1792.0,900.8,1868.7,1061.1,3072,2048
20170708_Whittier_syp-n-mobo-c,1320,0.2273,1792.5,900.3,1894.7,1093.0,3072,2048
20170708_Whittier_syp-n-mobo-c,1320,0.1495,1792.2,896.0,1872.5,1116.7,3072,2048
20170708_Whittier_syp-n-mobo-c,1320,0.1420,1508.9,1024.0,1664.0,1079.0,3072,2048
20170708_Whittier_syp-n-mobo-c,1380,0.2850,1597.6,900.0,1877.9,1024.0,3072,2048
20170708_Whittier_syp-n-mobo-c,1440,0.0865,1575.3,889.7,1865.2,1024.0,3072,2048
20170708_Whittier_syp-n-mobo-c,1500,0.2504,1792.0,845.3,1966.7,1024.0,3072,2048
20170708_Whittier_syp-n-mobo-c,1500,0.2081,1792.0,896.0,1900.0,1126.5,3072,2048
20170708_Whittier_syp-n-mobo-c,1500,0.1007,1792.0,896.0,1972.2,1127.7,3072,2048
20170708_Whittier_syp-n-mobo-c,1560,0.0738,1599.4,911.2,1791.7,1024.0,3072,2048
20170708_Whittier_syp-n-mobo-c,1560,0.1224,1792.0,793.7,2033.4,989.6,3072,2048
20170708_Whittier_syp-n-mobo-c,1560,0.2510,1792.0,896.0,1923.6,1145.6,3072,2048
20170708_Whittier_syp-n-mobo-c,1560,0.0724,1792.0,896.0,1970.9,1153.6,3072,2048
20170708_Whittier_syp-n-mobo-c,1560,0.0649,1792.0,1027.6,1861.3,1120.3,3072,2048
20170708_Whittier_syp-n-mobo-c,1620,0.3871,1666.7,822.6,1914.3,1019.4,3072,2048
20170708_Whittier_syp-n-mobo-c,1620,0.1624,1792.0,896.0,1979.6,1127.3,3072,2048
20170708_Whittier_syp-n-mobo-c,1680,0.0702,2059.6,801.7,2117.2,845.7,3072,2048
20170708_Whittier_syp-n-mobo-c,1680,0.1220,1491.3,928.3,1920.0,1158.3,3072,2048
20170708_Whittier_syp-n-mobo-c,1680,0.3457,1792.0,896.0,1978.5,1145.6,3072,2048
20170708_Whittier_syp-n-mobo-c,1680,0.0810,1792.0,896.0,1935.9,1126.6,3072,2048
20170708_Whittier_syp-n-mobo-c,1680,0.1974,1792.0,1024.1,1973.1,1112.4,3072,2048
20170708_Whittier_syp-n-mobo-c,1740,0.0819,1594.6,833.6,1920.0,1024.0,3072,2048
20170708_Whittier_syp-n-mobo-c,1740,0.1863,1792.0,845.5,2011.1,1017.8,3072,2048
20170708_Whittier_syp-n-mobo-c,1740,0.0983,1792.0,848.0,1948.8,1015.3,3072,2048
20170708_Whittier_syp-n-mobo-c,1740,0.0935,1519.2,896.0,1920.0,1105.0,3072,2048
20170708_Whittier_syp-n-mobo-c,1740,0.0763,1532.8,914.9,1867.4,1109.3,3072,2048
20170708_Whittier_syp-n-mobo-c,1740,0.2836,1792.0,896.0,2035.3,1119.1,3072,2048
20170708_Whittier_syp-n-mobo-c,1800,0.1083,1584.2,786.5,1920.0,1024.0,3072,2048
20170708_Whittier_syp-n-mobo-c,1860,0.0724,1596.6,751.7,1881.8,1024.0,3072,2048
20170708_Whittier_syp-n-mobo-c,1980,0.1233,1792.0,896.0,1872.5,1123.7,3072,2048
20170708_Whittier_syp-n-mobo-c,1980,0.0756,1792.0,896.0,1865.4,1101.3,3072,2048
20170708_Whittier_syp-n-mobo-c,1980,0.0555,1792.0,896.0,1897.3,1121.9,3072,2048
20170708_Whittier_syp-n-mobo-c,1980,0.0511,1792.1,1037.7,1816.2,1122.2,3072,2048
20170708_Whittier_syp-n-mobo-c,2100,0.1439,1792.0,1024.0,1892.1,1074.9,3072,2048
20170708_Whittier_syp-n-mobo-c,2280,0.0517,1626.7,685.0,1920.0,1024.0,3072,2048
20170708_Whittier_syp-n-mobo-c,2280,0.2329,2048.0,928.6,2066.0,981.8,3072,2048
20170708_Whittier_syp-n-mobo-c,2280,0.0568,2048.3,935.8,2065.6,1010.0,3072,2048
20170708_Whittier_syp-n-mobo-c,2280,0.0770,1792.0,1024.0,1869.4,1110.8,3072,2048
20170708_Whittier_syp-n-mobo-c,2400,0.1328,1792.0,1024.0,1897.6,1126.7,3072,2048
20170708_Whittier_syp-n-mobo-m,-2399,0.1285,246.4,1090.3,302.0,1134.7,3072,2048
20170708_Whittier_syp-n-mobo-m,-2399,0.1911,2267.0,1286.8,2340.0,1337.1,3072,2048
20170708_Whittier_syp-n-mobo-m,-2399,0.1024,2267.1,1286.9,2340.0,1337.0,3072,2048
20170708_Whittier_syp-n-mobo-m,-2399,0.2207,246.2,1089.7,304.3,1134.8,3072,2048
20170708_Whittier_syp-n-mobo-m,-2399,0.2340,2267.0,1286.8,2339.8,1337.1,3072,2048
20170708_Whittier_syp-n-mobo-m,-2399,0.1060,2267.1,1286.9,2340.0,1337.0,3072,2048
20170708_Whittier_syp-n-mobo-m,-2339,0.3689,246.8,1089.9,304.4,1134.6,3072,2048
20170708_Whittier_syp-n-mobo-m,-2339,0.1118,2267.7,1287.6,2338.9,1337.2,3072,2048
20170708_Whittier_syp-n-mobo-m,-2339,0.0507,1843.4,1094.5,1894.1,1122.3,3072,2048
20170708_Whittier_syp-n-mobo-m,-2339,0.0695,2267.7,1287.5,2338.9,1337.2,3072,2048
20170708_Whittier_syp-n-mobo-m,-2339,0.5271,246.6,1089.9,304.5,1134.7,3072,2048
20170708_Whittier_syp-n-mobo-m,-2339,0.0619,1839.1,1894.9,1919.8,2048.0,3072,2048
20170708_Whittier_syp-n-mobo-m,-2339,0.1460,2267.6,1287.6,2338.8,1337.3,3072,2048
20170708_Whittier_syp-n-mobo-m,-2339,0.0707,2267.7,1287.6,2338.9,1337.2,3072,2048
20170708_Whittier_syp-n-mobo-m,-2279,0.3455,245.8,1090.1,304.9,1135.2,3072,2048
20170708_Whittier_syp-n-mobo-m,-2279,0.3269,2267.1,1286.0,2338.7,1337.8,3072,2048
20170708_Whittier_syp-n-mobo-m,-2279,0.1216,1843.2,1094.9,1893.8,1122.4,3072,2048
20170708_Whittier_syp-n-mobo-m,-2279,0.2759,2267.1,1286.1,2338.6,1337.8,3072,2048
20170708_Whittier_syp-n-mobo-m,-2279,0.4527,245.8,1090.1,305.2,1135.3,3072,2048
20170708_Whittier_syp-n-mobo-m,-2279,0.4054,2267.0,1286.0,2338.5,1337.8,3072,2048
20170708_Whittier_syp-n-mobo-m,-2279,0.0963,1843.1,1094.7,1894.1,1122.6,3072,2048
20170708_Whittier_syp-n-mobo-m,-2279,0.3014,2267.1,1286.0,2338.6,1337.8,3072,2048
20170708_Whittier_syp-n-mobo-m,-2219,0.2410,246.4,1090.3,304.1,1135.0,3072,2048
20170708_Whittier_syp-n-mobo-m,-2219,0.1246,1843.7,1094.1,1895.8,1122.9,3072,2048
20170708_Whittier_syp-n-mobo-m,-2219,0.0879,2267.2,1287.1,2339.3,1337.2,3072,2048
20170708_Whittier_syp-n-mobo-m,-2219,0.0636,1843.6,1093.9,1895.6,1122.9,3072,2048
20170708_Whittier_syp-n-mobo-m,-2219,0.0512,2267.2,1287.0,2339.3,1337.1,3072,2048
20170708_Whittier_syp-n-mobo-m,-2219,0.4195,246.3,1090.2,304.2,1135.0,3072,2048
20170708_Whittier_syp-n-mobo-m,-2219,0.0596,1843.6,1093.8,1895.8,1122.9,3072,2048
20170708_Whittier_syp-n-mobo-m,-2219,0.1227,2267.1,1287.1,2339.1,1337.2,3072,2048
20170708_Whittier_syp-n-mobo-m,-2219,0.0549,1843.5,1093.7,1895.7,1123.0,3072,2048
20170708_Whittier_syp-n-mobo-m,-2219,0.0550,2267.2,1287.1,2339.2,1337.1,3072,2048
20170708_Whittier_syp-n-mobo-m,-2159,0.5024,245.7,1089.9,305.1,1135.2,3072,2048
20170708_Whittier_syp-n-mobo-m,-2159,0.2162,2267.1,1286.4,2339.5,1337.8,3072,2048
20170708_Whittier_syp-n-mobo-m,-2159,0.0721,1843.6,1095.1,1893.8,1122.2,3072,2048
20170708_Whittier_syp-n-mobo-m,-2159,0.1671,2267.2,1286.4,2339.5,1337.8,3072,2048
20170708_Whittier_syp-n-mobo-m,-2159,0.5582,245.8,1089.8,305.3,1135.2,3072,2048
20170708_Whittier_syp-n-mobo-m,-2159,0.2837,2267.1,1286.4,2339.3,1337.8,3072,2048
20170708_Whittier_syp-n-mobo-m,-2159,0.1899,2267.1,1286.4,2339.4,1337.8,3072,2048
20170708_Whittier_syp-n-mobo-m,-2099,0.2449,1477.8,97.2,1512.8,128.5,3072,2048
20170708_Whittier_syp-n-mobo-m,-2099,0.4785,246.3,1090.2,305.6,1135.2,3072,2048
20170708_Whittier_syp-n-mobo-m,-2099,0.1089,1843.1,1095.2,1894.1,1122.4,3072,2048
20170708_Whittier_syp-n-mobo-m,-2099,0.0523,2267.0,1286.9,2339.3,1337.5,3072,2048
20170708_Whittier_syp-n-mobo-m,-2099,0.5892,246.3,1090.1,305.8,1135.2,3072,2048
20170708_Whittier_syp-n-mobo-m,-2099,0.0942,2267.0,1286.9,2339.1,1337.5,3072,2048
20170708_Whittier_syp-n-mobo-m,-2099,0.0814,1843.5,1094.2,1895.5,1122.6,3072,2048
20170708_Whittier_syp-n-mobo-m,-2039,0.1430,246.4,1091.1,304.2,1135.3,3072,2048
20170708_Whittier_syp-n-mobo-m,-2039,0.0996,1843.8,1094.0,1895.6,1122.6,3072,2048
20170708_Whittier_syp-n-mobo-m,-2039,0.1121,1843.6,1093.8,1895.4,1122.6,3072,2048
20170708_Whittier_syp-n-mobo-m,-2039,0.2662,246.0,1090.6,304.4,1135.2,3072,2048
20170708_Whittier_syp-n-mobo-m,-2039,0.0885,1843.5,1093.7,1895.6,1122.7,3072,2048
20170708_Whittier_syp-n-mobo-m,-2039,0.0580,2267.1,1287.1,2339.3,1337.5,3072,2048
20170708_Whittier_syp-n-mobo-m,-1979,0.4583,245.9,1090.1,305.2,1134.9,3072,2048
20170708_Whittier_syp-n-mobo-m,-1979,0.1962,2267.0,1287.0,2340.1,1337.8,3072,2048
20170708_Whittier_syp-n-mobo-m,-1979,0.1088,1843.0,1095.0,1894.1,1122.4,3072,2048
20170708_Whittier_syp-n-mobo-m,-1979,0.1708,2267.0,1287.0,2340.2,1337.8,3072,2048
20170708_Whittier_syp-n-mobo-m,-1979,0.5509,245.9,1090.0,305.4,1135.0,3072,2048
20170708_Whittier_syp-n-mobo-m,-1979,0.2750,2266.9,1287.0,2340.0,1337.8,3072,2048
20170708_Whittier_syp-n-mobo-m,-1979,0.0803,1843.4,1094.1,1895.5,1122.5,3072,2048
20170708_Whittier_syp-n-mobo-m,-1979,0.1959,2267.0,1287.0,2340.1,1337.8,3072,2048
20170708_Whittier_syp-n-mobo-m,-1919,0.1719,246.8,1090.8,303.7,1135.4,3072,2048
20170708_Whittier_syp-n-mobo-m,-1919,0.1327,1843.8,1094.3,1896.0,1123.0,3072,2048
20170708_Whittier_syp-n-mobo-m,-1919,0.1274,1843.6,1094.2,1895.9,1123.0,3072,2048
20170708_Whittier_syp-n-mobo-m,-1919,0.0931,2267.1,1287.1,2339.2,1336.9,3072,2048
20170708_Whittier_syp-n-mobo-m,-1919,0.0563,2267.2,1287.1,2339.2,1336.8,3072,2048
20170708_Whittier_syp-n-mobo-m,-1919,0.2976,246.6,1090.3,304.1,1135.2,3072,2048
20170708_Whittier_syp-n-mobo-m,-1919,0.1188,2267.1,1287.1,2339.1,1336.9,3072,2048
20170708_Whittier_syp-n-mobo-m,-1919,0.0963,1843.5,1094.1,1896.1,1123.0,3072,2048
20170708_Whittier_syp-n-mobo-m,-1919,0.0580,2267.2,1287.1,2339.2,1336.8,3072,2048
20170708_Whittier_syp-n-mobo-m,-1859,0.4557,245.5,1090.0,304.1,1135.4,3072,2048
20170708_Whittier_syp-n-mobo-m,-1859,0.1515,2266.7,1286.9,2339.9,1337.6,3072,2048
20170708_Whittier_syp-n-mobo-m,-1859,0.1035,1843.9,1094.0,1895.2,1122.6,3072,2048
20170708_Whittier_syp-n-mobo-m,-1859,0.1320,2266.8,1286.8,2339.9,1337.6,3072,2048
20170708_Whittier_syp-n-mobo-m,-1859,0.5336,245.5,1090.0,304.2,1135.4,3072,2048
20170708_Whittier_syp-n-mobo-m,-1859,0.2102,2266.7,1286.9,2339.7,1337.6,3072,2048
20170708_Whittier_syp-n-mobo-m,-1859,0.0854,1843.8,1093.9,1895.3,1122.7,3072,2048
20170708_Whittier_syp-n-mobo-m,-1859,0.1464,2266.7,1286.8,2339.8,1337.6,3072,2048
20170708_Whittier_syp-n-mobo-m,-1799,0.1559,246.4,1090.5,302.8,1135.1,3072,2048
20170708_Whittier_syp-n-mobo-m,-1799,0.1651,1843.7,1094.2,1895.8,1123.0,3072,2048
20170708_Whittier_syp-n-mobo-m,-1799,0.1352,1843.5,1094.1,1895.5,1122.9,3072,2048
20170708_Whittier_syp-n-mobo-m,-1799,0.1229,2267.2,1287.8,2339.8,1337.4,3072,2048
20170708_Whittier_syp-n-mobo-m,-1799,0.0886,2267.2,1287.7,2339.8,1337.3,3072,2048
20170708_Whittier_syp-n-mobo-m,-1799,0.3357,246.3,1090.4,303.2,1135.2,3072,2048
20170708_Whittier_syp-n-mobo-m,-1799,0.0901,1843.6,1094.0,1895.8,1123.0,3072,2048
20170708_Whittier_syp-n-mobo-m,-1799,0.1635,2267.2,1287.9,2339.8,1337.4,3072,2048
20170708_Whittier_syp-n-mobo-m,-1799,0.1156,1843.4,1093.9,1895.6,1123.0,3072,2048
20170708_Whittier_syp-n-mobo-m,-1799,0.0965,2267.2,1287.8,2339.8,1337.3,3072,2048
20170708_Whittier_syp-n-mobo-m,-1739,0.3843,245.5,1090.2,305.4,1135.4,3072,2048
20170708_Whittier_syp-n-mobo-m,-1739,0.1165,2266.9,1287.1,2339.8,1337.4,3072,2048
20170708_Whittier_syp-n-mobo-m,-1739,0.0836,1843.4,1095.2,1894.1,1122.4,3072,2048
20170708_Whittier_syp-n-mobo-m,-1739,0.0981,2266.9,1287.1,2339.8,1337.4,3072,2048
20170708_Whittier_syp-n-mobo-m,-1739,0.4856,245.5,1090.1,305.7,1135.4,3072,2048
20170708_Whittier_syp-n-mobo-m,-1739,0.1707,2266.8,1287.1,2339.7,1337.5,3072,2048
20170708_Whittier_syp-n-mobo-m,-1739,0.0528,1843.7,1094.2,1895.3,1122.6,3072,2048
20170708_Whittier_syp-n-mobo-m,-1739,0.1134,2266.9,1287.1,2339.8,1337.4,3072,2048
20170708_Whittier_syp-n-mobo-m,-1679,0.1995,246.5,1091.1,304.8,1135.7,3072,2048
20170708_Whittier_syp-n-mobo-m,-1679,0.1698,1844.0,1094.1,1896.0,1123.0,3072,2048
20170708_Whittier_syp-n-mobo-m,-1679,0.0803,1843.8,1093.9,1895.8,1122.9,3072,2048
20170708_Whittier_syp-n-mobo-m,-1679,0.0610,2267.0,1287.3,2339.5,1337.2,3072,2048
20170708_Whittier_syp-n-mobo-m,-1679,0.3603,246.4,1090.5,305.4,1135.6,3072,2048
20170708_Whittier_syp-n-mobo-m,-1679,0.0787,1843.9,1093.9,1896.0,1123.0,3072,2048
20170708_Whittier_syp-n-mobo-m,-1679,0.0871,2266.9,1287.3,2339.3,1337.2,3072,2048
20170708_Whittier_syp-n-mobo-m,-1679,0.0627,1843.7,1093.8,1895.9,1123.0,3072,2048
20170708_Whittier_syp-n-mobo-m,-1619,0.4145,245.3,1090.0,304.7,1135.2,3072,2048
20170708_Whittier_syp-n-mobo-m,-1619,0.1410,2266.9,1286.7,2339.8,1337.5,3072,2048
20170708_Whittier_syp-n-mobo-m,-1619,0.0518,1843.9,1094.3,1895.9,1122.8,3072,2048
20170708_Whittier_syp-n-mobo-m,-1619,0.0941,2267.0,1286.7,2339.8,1337.5,3072,2048
20170708_Whittier_syp-n-mobo-m,-1619,0.5330,245.3,1089.9,305.0,1135.2,3072,2048
20170708_Whittier_syp-n-mobo-m,-1619,0.1937,2266.9,1286.7,2339.7,1337.6,3072,2048
20170708_Whittier_syp-n-mobo-m,-1619,0.1130,2267.0,1286.7,2339.7,1337.5,3072,2048
20170708_Whittier_syp-n-mobo-m,-1559,0.4057,246.5,1090.3,304.1,1135.0,3072,2048
20170708_Whittier_syp-n-mobo-m,-1559,0.1230,2267.1,1286.9,2339.6,1337.4,3072,2048
20170708_Whittier_syp-n-mobo-m,-1559,0.0840,2267.1,1286.9,2339.6,1337.4,3072,2048
20170708_Whittier_syp-n-mobo-m,-1559,0.5059,246.4,1090.2,304.4,1135.1,3072,2048
20170708_Whittier_syp-n-mobo-m,-1559,0.1778,2267.0,1286.9,2339.5,1337.4,3072,2048
20170708_Whittier_syp-n-mobo-m,-1559,0.1093,2267.1,1286.9,2339.6,1337.4,3072,2048
20170708_Whittier_syp-n-mobo-m,-1499,0.3325,246.0,1090.3,305.0,1135.4,3072,2048
20170708_Whittier_syp-n-mobo-m,-1499,0.1072,2267.1,1287.0,2339.3,1337.5,3072,2048
20170708_Whittier_syp-n-mobo-m,-1499,0.0823,1843.6,1095.1,1894.0,1122.7,3072,2048
20170708_Whittier_syp-n-mobo-m,-1499,0.0736,2267.2,1287.0,2339.3,1337.5,3072,2048
20170708_Whittier_syp-n-mobo-m,-1499,0.4455,245.9,1090.3,305.2,1135.5,3072,2048
20170708_Whittier_syp-n-mobo-m,-1499,0.1462,2267.1,1286.9,2339.1,1337.6,3072,2048
20170708_Whittier_syp-n-mobo-m,-1499,0.0918,1843.9,1094.1,1895.3,1122.8,3072,2048
20170708_Whittier_syp-n-mobo-m,-1499,0.0820,2267.1,1286.9,2339.2,1337.5,3072,2048
20170708_Whittier_syp-n-mobo-m,-1439,0.2866,246.0,1090.1,306.2,1135.2,3072,2048
20170708_Whittier_syp-n-mobo-m,-1439,0.0714,2267.0,1286.7,2339.8,1337.3,3072,2048
20170708_Whittier_syp-n-mobo-m,-1439,0.0606,1843.1,1095.2,1894.2,1122.7,3072,2048
20170708_Whittier_syp-n-mobo-m,-1439,0.3328,245.7,1090.8,304.6,1135.4,3072,2048
20170708_Whittier_syp-n-mobo-m,-1439,0.1169,2266.9,1286.7,2339.7,1337.4,3072,2048
20170708_Whittier_syp-n-mobo-m,-1439,0.0666,2267.0,1286.7,2339.7,1337.3,3072,2048
20170708_Whittier_syp-n-mobo-m,-1379,0.3486,246.5,1090.4,302.8,1135.3,3072,2048
20170708_Whittier_syp-n-mobo-m,-1379,0.1530,1844.0,1094.1,1896.0,1123.0,3072,2048
20170708_Whittier_syp-n-mobo-m,-1379,0.0708,1843.8,1094.0,1895.8,1123.0,3072,2048
20170708_Whittier_syp-n-mobo-m,-1379,0.0676,2267.0,1287.3,2339.4,1336.6,3072,2048
20170708_Whittier_syp-n-mobo-m,-1379,0.4994,246.4,1090.4,303.0,1135.3,3072,2048
20170708_Whittier_syp-n-mobo-m,-1379,0.0677,1843.9,1093.8,1896.0,1123.1,3072,2048
20170708_Whittier_syp-n-mobo-m,-1379,0.0861,2267.0,1287.3,2339.3,1336.6,3072,2048
20170708_Whittier_syp-n-mobo-m,-1379,0.0671,1843.7,1093.8,1895.9,1123.1,3072,2048
20170708_Whittier_syp-n-mobo-m,-1319,0.2783,246.3,1090.0,306.2,1134.8,3072,2048
20170708_Whittier_syp-n-mobo-m,-1319,0.3936,246.2,1090.1,305.7,1135.0,3072,2048
20170708_Whittier_syp-n-mobo-m,-1319,0.0897,2267.1,1287.0,2339.6,1337.0,3072,2048
20170708_Whittier_syp-n-mobo-m,-1259,0.3263,245.8,1089.9,306.7,1135.1,3072,2048
20170708_Whittier_syp-n-mobo-m,-1259,0.1147,2267.2,1287.6,2339.8,1337.2,3072,2048
20170708_Whittier_syp-n-mobo-m,-1259,0.0675,1843.6,1095.2,1894.3,1122.7,3072,2048
20170708_Whittier_syp-n-mobo-m,-1259,0.0606,2266.5,1286.9,2338.6,1337.7,3072,2048
20170708_Whittier_syp-n-mobo-m,-1259,0.3767,245.8,1089.8,307.1,1135.2,3072,2048
20170708_Whittier_syp-n-mobo-m,-1259,0.1794,2267.2,1287.6,2339.7,1337.2,3072,2048
20170708_Whittier_syp-n-mobo-m,-1259,0.0686,1844.0,1094.2,1895.6,1122.9,3072,2048
20170708_Whittier_syp-n-mobo-m,-1259,0.0835,2267.2,1287.6,2339.8,1337.2,3072,2048
20170708_Whittier_syp-n-mobo-m,-1199,0.2246,245.7,1090.2,306.5,1135.3,3072,2048
20170708_Whittier_syp-n-mobo-m,-1199,0.0759,2267.1,1287.0,2339.7,1337.2,3072,2048
20170708_Whittier_syp-n-mobo-m,-1199,0.3786,245.4,1090.3,306.1,1135.5,3072,2048
20170708_Whittier_syp-n-mobo-m,-1199,0.1239,2267.1,1286.9,2339.5,1337.3,3072,2048
20170708_Whittier_syp-n-mobo-m,-1199,0.0570,2267.1,1286.9,2339.6,1337.2,3072,2048
20170708_Whittier_syp-n-mobo-m,-1139,0.4583,245.5,1090.1,306.7,1135.4,3072,2048
20170708_Whittier_syp-n-mobo-m,-1139,0.0731,1843.3,1095.1,1894.3,1122.7,3072,2048
20170708_Whittier_syp-n-mobo-m,-1139,0.0640,2267.2,1287.4,2339.9,1337.8,3072,2048
20170708_Whittier_syp-n-mobo-m,-1139,0.5911,245.5,1090.1,307.0,1135.5,3072,2048
20170708_Whittier_syp-n-mobo-m,-1139,0.1166,2267.1,1287.4,2339.8,1337.8,3072,2048
20170708_Whittier_syp-n-mobo-m,-1139,0.0537,1843.7,1094.1,1895.7,1122.9,3072,2048
20170708_Whittier_syp-n-mobo-m,-1139,0.0542,2267.2,1287.4,2339.8,1337.8,3072,2048
20170708_Whittier_syp-n-mobo-m,-1079,0.1393,246.3,1090.8,304.3,1135.5,3072,2048
20170708_Whittier_syp-n-mobo-m,-1079,0.1795,1843.8,1093.9,1896.4,1123.2,3072,2048
20170708_Whittier_syp-n-mobo-m,-1079,0.1867,1843.8,1093.7,1896.2,1123.1,3072,2048
20170708_Whittier_syp-n-mobo-m,-1079,0.0579,2267.2,1287.8,2339.2,1337.3,3072,2048
20170708_Whittier_syp-n-mobo-m,-1079,0.2097,246.2,1090.7,304.6,1135.5,3072,2048
20170708_Whittier_syp-n-mobo-m,-1079,0.0999,1843.7,1093.7,1896.4,1123.2,3072,2048
20170708_Whittier_syp-n-mobo-m,-1079,0.1841,1843.7,1093.6,1896.3,1123.2,3072,2048
20170708_Whittier_syp-n-mobo-m,-1079,0.0812,2267.2,1287.8,2339.1,1337.4,3072,2048
20170708_Whittier_syp-n-mobo-m,-1019,0.1677,246.6,1090.7,304.2,1135.5,3072,2048
20170708_Whittier_syp-n-mobo-m,-1019,0.1462,1843.7,1094.4,1896.1,1123.1,3072,2048
20170708_Whittier_syp-n-mobo-m,-1019,0.1218,2267.2,1287.7,2339.5,1337.3,3072,2048
20170708_Whittier_syp-n-mobo-m,-1019,0.1088,1843.6,1094.2,1895.9,1123.1,3072,2048
20170708_Whittier_syp-n-mobo-m,-1019,0.0610,2267.2,1287.6,2339.5,1337.2,3072,2048
20170708_Whittier_syp-n-mobo-m,-1019,0.2996,246.5,1090.1,304.6,1135.3,3072,2048
20170708_Whittier_syp-n-mobo-m,-1019,0.0630,1843.6,1094.2,1896.1,1123.1,3072,2048
20170708_Whittier_syp-n-mobo-m,-1019,0.1399,2267.2,1287.7,2339.4,1337.3,3072,2048
20170708_Whittier_syp-n-mobo-m,-1019,0.1142,1843.5,1094.1,1896.1,1123.1,3072,2048
20170708_Whittier_syp-n-mobo-m,-1019,0.0706,2267.2,1287.6,2339.4,1337.3,3072,2048
20170708_Whittier_syp-n-mobo-m,-959,0.4733,246.0,1090.3,305.5,1135.5,3072,2048
20170708_Whittier_syp-n-mobo-m,-959,0.0650,2267.2,1287.1,2339.8,1337.0,3072,2048
20170708_Whittier_syp-n-mobo-m,-959,0.0558,1843.9,1094.2,1895.2,1122.7,3072,2048
20170708_Whittier_syp-n-mobo-m,-959,0.5733,246.0,1090.2,305.8,1135.5,3072,2048
20170708_Whittier_syp-n-mobo-m,-959,0.1067,2267.2,1287.1,2339.7,1337.1,3072,2048
20170708_Whittier_syp-n-mobo-m,-959,0.0529,2267.3,1287.1,2339.8,1337.0,3072,2048
20170708_Whittier_syp-n-mobo-m,-899,0.3258,246.1,1090.4,304.9,1135.1,3072,2048
20170708_Whittier_syp-n-mobo-m,-899,0.0698,1843.5,1095.3,1893.8,1122.7,3072,2048
20170708_Whittier_syp-n-mobo-m,-899,0.5042,246.1,1090.3,305.2,1135.1,3072,2048
20170708_Whittier_syp-n-mobo-m,-899,0.0901,2267.3,1287.2,2339.3,1337.4,3072,2048
20170708_Whittier_syp-n-mobo-m,-899,0.0514,1843.9,1094.2,1895.1,1122.9,3072,2048
20170708_Whittier_syp-n-mobo-m,-839,0.1783,247.2,1091.0,301.1,1135.2,3072,2048
20170708_Whittier_syp-n-mobo-m,-839,0.1406,1843.7,1094.2,1896.1,1123.1,3072,2048
20170708_Whittier_syp-n-mobo-m,-839,0.1139,1843.5,1094.0,1896.0,1123.1,3072,2048
20170708_Whittier_syp-n-mobo-m,-839,0.3086,246.9,1090.3,304.0,1135.4,3072,2048
20170708_Whittier_syp-n-mobo-m,-839,0.0745,1843.5,1094.0,1896.1,1123.2,3072,2048
20170708_Whittier_syp-n-mobo-m,-839,0.0564,1839.0,1902.0,1919.8,2048.0,3072,2048
20170708_Whittier_syp-n-mobo-m,-839,0.0825,1843.4,1093.9,1896.0,1123.2,3072,2048
20170708_Whittier_syp-n-mobo-m,-779,0.1134,246.4,1090.7,303.8,1135.4,3072,2048
20170708_Whittier_syp-n-mobo-m,-779,0.0954,1843.6,1094.5,1895.8,1123.2,3072,2048
20170708_Whittier_syp-n-mobo-m,-779,0.0740,1843.5,1094.4,1895.5,1123.2,3072,2048
20170708_Whittier_syp-n-mobo-m,-779,0.2595,246.1,1090.1,304.4,1135.2,3072,2048
20170708_Whittier_syp-n-mobo-m,-779,0.0616,1843.5,1094.2,1895.8,1123.3,3072,2048
20170708_Whittier_syp-n-mobo-m,-779,0.0734,1843.4,1094.2,1895.6,1123.2,3072,2048
20170708_Whittier_syp-n-mobo-m,-719,0.1693,246.1,1091.0,302.5,1134.8,3072,2048
20170708_Whittier_syp-n-mobo-m,-719,0.2797,245.9,1090.9,302.6,1134.8,3072,2048
20170708_Whittier_syp-n-mobo-m,-719,0.0579,2267.0,1287.3,2340.3,1337.6,3072,2048
20170708_Whittier_syp-n-mobo-m,-659,0.2076,246.2,1090.2,304.4,1135.3,3072,2048
20170708_Whittier_syp-n-mobo-m,-659,0.0827,1844.3,1094.3,1896.3,1123.3,3072,2048
20170708_Whittier_syp-n-mobo-m,-659,0.1141,2266.0,1286.7,2338.6,1337.6,3072,2048
20170708_Whittier_syp-n-mobo-m,-659,0.0857,1844.2,1094.1,1896.1,1123.3,3072,2048
20170708_Whittier_syp-n-mobo-m,-659,0.0721,2266.1,1286.7,2338.6,1337.6,3072,2048
20170708_Whittier_syp-n-mobo-m,-659,0.3637,246.1,1090.2,304.6,1135.4,3072,2048
20170708_Whittier_syp-n-mobo-m,-659,0.1341,2267.2,1287.4,2339.6,1337.3,3072,2048
20170708_Whittier_syp-n-mobo-m,-659,0.0796,1844.1,1093.9,1896.2,1123.4,3072,2048
20170708_Whittier_syp-n-mobo-m,-659,0.0745,2266.1,1286.7,2338.5,1337.6,3072,2048
20170708_Whittier_syp-n-mobo-m,-599,0.1694,247.0,1091.0,304.4,1135.8,3072,2048
20170708_Whittier_syp-n-mobo-m,-599,0.1002,1843.7,1094.5,1896.3,1123.4,3072,2048
20170708_Whittier_syp-n-mobo-m,-599,0.0742,1843.6,1094.3,1896.2,1123.4,3072,2048
20170708_Whittier_syp-n-mobo-m,-599,0.2891,246.8,1090.4,305.5,1135.6,3072,2048
20170708_Whittier_syp-n-mobo-m,-599,0.0732,1843.5,1094.2,1896.3,1123.4,3072,2048
20170708_Whittier_syp-n-mobo-m,-539,0.1716,246.3,1090.6,304.6,1135.4,3072,2048
20170708_Whittier_syp-n-mobo-m,-539,0.0903,2266.9,1286.6,2340.3,1337.1,3072,2048
20170708_Whittier_syp-n-mobo-m,-539,0.0880,1843.8,1095.4,1893.9,1122.8,3072,2048
20170708_Whittier_syp-n-mobo-m,-539,0.2767,246.2,1090.6,304.7,1135.4,3072,2048
20170708_Whittier_syp-n-mobo-m,-539,0.1450,2266.9,1286.6,2340.2,1337.2,3072,2048
20170708_Whittier_syp-n-mobo-m,-539,0.0649,2267.0,1286.6,2340.3,1337.2,3072,2048
20170708_Whittier_syp-n-mobo-m,-479,0.0884,246.4,1090.8,302.6,1135.2,3072,2048
20170708_Whittier_syp-n-mobo-m,-479,0.1370,1843.9,1093.9,1896.2,1123.1,3072,2048
20170708_Whittier_syp-n-mobo-m,-479,0.1663,1843.7,1093.8,1896.0,1123.1,3072,2048
20170708_Whittier_syp-n-mobo-m,-479,0.0654,2266.2,1286.5,2336.3,1338.0,3072,2048
20170708_Whittier_syp-n-mobo-m,-479,0.1596,246.3,1090.7,303.0,1135.2,3072,2048
20170708_Whittier_syp-n-mobo-m,-479,0.0853,1843.8,1093.8,1896.2,1123.2,3072,2048
20170708_Whittier_syp-n-mobo-m,-479,0.1734,1843.6,1093.6,1896.1,1123.2,3072,2048
20170708_Whittier_syp-n-mobo-m,-479,0.0805,2267.2,1287.4,2338.6,1337.6,3072,2048
20170708_Whittier_syp-n-mobo-m,-419,0.3091,246.3,1090.2,306.3,1135.4,3072,2048
20170708_Whittier_syp-n-mobo-m,-419,0.0774,1843.8,1094.5,1895.5,1123.0,3072,2048
20170708_Whittier_syp-n-mobo-m,-419,0.4445,246.2,1090.1,306.6,1135.4,3072,2048
20170708_Whittier_syp-n-mobo-m,-419,0.0880,2267.0,1287.4,2340.1,1337.5,3072,2048
20170708_Whittier_syp-n-mobo-m,-419,0.0635,1843.6,1094.4,1895.6,1123.1,3072,2048
20170708_Whittier_syp-n-mobo-m,-359,0.0945,246.8,1090.9,301.2,1135.1,3072,2048
20170708_Whittier_syp-n-mobo-m,-359,0.2179,1843.5,1094.3,1895.9,1123.3,3072,2048
20170708_Whittier_syp-n-mobo-m,-359,0.2033,1843.4,1094.1,1895.6,1123.3,3072,2048
20170708_Whittier_syp-n-mobo-m,-359,0.2418,246.6,1090.8,301.6,1135.1,3072,2048
20170708_Whittier_syp-n-mobo-m,-359,0.1055,1843.4,1094.1,1895.9,1123.3,3072,2048
20170708_Whittier_syp-n-mobo-m,-359,0.0528,1838.2,1903.8,1919.7,2048.0,3072,2048
20170708_Whittier_syp-n-mobo-m,-359,0.2072,1843.3,1094.0,1895.8,1123.4,3072,2048
20170708_Whittier_syp-n-mobo-m,-299,0.2269,246.3,1090.9,303.1,1135.2,3072,2048
20170708_Whittier_syp-n-mobo-m,-299,0.0505,1843.6,1094.8,1895.5,1122.9,3072,2048
20170708_Whittier_syp-n-mobo-m,-299,0.3697,246.2,1090.8,302.9,1135.2,3072,2048
20170708_Whittier_syp-n-mobo-m,-299,0.0548,1843.5,1094.6,1895.6,1123.0,3072,2048
20170708_Whittier_syp-n-mobo-m,-239,0.3291,246.7,1090.2,302.8,1135.2,3072,2048
20170708_Whittier_syp-n-mobo-m,-239,0.1659,1843.5,1094.2,1896.1,1123.2,3072,2048
20170708_Whittier_syp-n-mobo-m,-239,0.1736,1843.4,1094.0,1895.9,1123.2,3072,2048
20170708_Whittier_syp-n-mobo-m,-239,0.4760,246.6,1090.2,303.0,1135.3,3072,2048
20170708_Whittier_syp-n-mobo-m,-239,0.0816,1843.4,1093.9,1896.1,1123.2,3072,2048
20170708_Whittier_syp-n-mobo-m,-239,0.0714,1838.5,1905.2,1919.8,2048.0,3072,2048
20170708_Whittier_syp-n-mobo-m,-239,0.1657,1843.3,1093.9,1896.0,1123.2,3072,2048
20170708_Whittier_syp-n-mobo-m,-179,0.2893,246.7,1090.4,304.0,1135.5,3072,2048
20170708_Whittier_syp-n-mobo-m,-179,0.1737,1843.4,1094.1,1896.1,1123.0,3072,2048
20170708_Whittier_syp-n-mobo-m,-179,0.1539,1843.2,1094.0,1895.7,1123.0,3072,2048
20170708_Whittier_syp-n-mobo-m,-179,0.4564,246.6,1090.4,304.3,1135.6,3072,2048
20170708_Whittier_syp-n-mobo-m,-179,0.1118,1843.3,1093.8,1896.1,1123.1,3072,2048
20170708_Whittier_syp-n-mobo-m,-179,0.1544,1843.1,1093.8,1895.8,1123.1,3072,2048
20170708_Whittier_syp-n-mobo-m,-119,0.5970,246.1,1090.2,305.1,1135.4,3072,2048
20170708_Whittier_syp-n-mobo-m,-119,0.1161,2266.8,1286.6,2339.7,1337.9,3072,2048
20170708_Whittier_syp-n-mobo-m,-119,0.0699,1843.8,1094.7,1895.0,1122.5,3072,2048
20170708_Whittier_syp-n-mobo-m,-119,0.0672,2266.9,1286.6,2339.7,1337.9,3072,2048
20170708_Whittier_syp-n-mobo-m,-119,0.6499,246.1,1090.1,305.4,1135.4,3072,2048
20170708_Whittier_syp-n-mobo-m,-119,0.1662,2266.8,1286.6,2339.5,1338.0,3072,2048
20170708_Whittier_syp-n-mobo-m,-119,0.0687,1843.7,1094.5,1895.1,1122.6,3072,2048
20170708_Whittier_syp-n-mobo-m,-119,0.0939,2266.9,1286.6,2339.6,1338.0,3072,2048
20170708_Whittier_syp-n-mobo-m,-59,0.5314,245.6,1090.3,305.0,1135.3,3072,2048
20170708_Whittier_syp-n-mobo-m,-59,0.1436,1843.3,1094.3,1894.8,1122.7,3072,2048
20170708_Whittier_syp-n-mobo-m,-59,0.6068,245.6,1090.2,305.3,1135.4,3072,2048
20170708_Whittier_syp-n-mobo-m,-59,0.1311,1843.2,1094.1,1895.0,1122.8,3072,2048
20170708_Whittier_syp-n-mobo-m,1,0.5394,246.4,1089.9,305.2,1135.3,3072,2048
20170708_Whittier_syp-n-mobo-m,1,0.1204,1843.4,1094.4,1895.2,1122.6,3072,2048
20170708_Whittier_syp-n-mobo-m,1,0.6268,246.3,1089.8,305.5,1135.4,3072,2048
20170708_Whittier_syp-n-mobo-m,1,0.0514,1838.0,1906.2,1919.8,2048.0,3072,2048
20170708_Whittier_syp-n-mobo-m,1,0.0922,1843.3,1094.2,1895.3,1122.7,3072,2048
20170708_Whittier_syp-n-mobo-m,1,0.0682,2266.7,1286.9,2338.7,1337.6,3072,2048
20170708_Whittier_syp-n-mobo-m,61,0.6018,246.2,1090.3,305.0,1135.4,3072,2048
20170708_Whittier_syp-n-mobo-m,61,0.0766,1843.2,1095.3,1893.9,1122.6,3072,2048
20170708_Whittier_syp-n-mobo-m,61,0.6564,246.2,1090.2,305.2,1135.5,3072,2048
20170708_Whittier_syp-n-mobo-m,61,0.0508,1843.4,1094.3,1895.1,1122.8,3072,2048
20170708_Whittier_syp-n-mobo-m,121,0.5338,246.5,1089.8,304.3,1135.1,3072,2048
20170708_Whittier_syp-n-mobo-m,121,0.0643,1843.0,1095.1,1893.9,1122.4,3072,2048
20170708_Whittier_syp-n-mobo-m,121,0.6227,246.4,1089.7,304.6,1135.2,3072,2048
20170708_Whittier_syp-n-mobo-m,121,0.0862,2266.9,1286.7,2339.3,1337.5,3072,2048
20170708_Whittier_syp-n-mobo-m,181,0.2894,246.8,1089.9,303.8,1134.9,3072,2048
20170708_Whittier_syp-n-mobo-m,181,0.1338,1843.4,1094.1,1896.1,1122.8,3072,2048
20170708_Whittier_syp-n-mobo-m,181,0.0739,1843.3,1094.0,1895.8,1122.8,3072,2048
20170708_Whittier_syp-n-mobo-m,181,0.4332,246.7,1089.9,304.0,1135.0,3072,2048
20170708_Whittier_syp-n-mobo-m,181,0.0887,1838.2,1906.1,1919.8,2048.0,3072,2048
20170708_Whittier_syp-n-mobo-m,181,0.0540,1843.3,1093.9,1896.1,1122.9,3072,2048
20170708_Whittier_syp-n-mobo-m,241,0.4354,246.7,1089.7,304.9,1135.1,3072,2048
20170708_Whittier_syp-n-mobo-m,241,0.0578,1843.4,1094.5,1895.1,1122.7,3072,2048
20170708_Whittier_syp-n-mobo-m,241,0.1469,1842.9,1095.0,1893.7,1122.6,3072,2048
20170708_Whittier_syp-n-mobo-m,241,0.5821,246.6,1089.6,305.2,1135.1,3072,2048
20170708_Whittier_syp-n-mobo-m,241,0.0712,1837.2,1908.2,1919.8,2048.0,3072,2048
20170708_Whittier_syp-n-mobo-m,241,0.0997,1843.1,1094.1,1895.0,1122.8,3072,2048
20170708_Whittier_syp-n-mobo-m,241,0.0682,2267.0,1287.0,2339.5,1337.3,3072,2048
20170708_Whittier_syp-n-mobo-m,301,0.5853,246.3,1089.9,304.8,1135.4,3072,2048
20170708_Whittier_syp-n-mobo-m,301,0.4380,1843.3,1094.9,1892.7,1122.7,3072,2048
20170708_Whittier_syp-n-mobo-m,301,0.6422,1843.2,1094.7,1892.5,1122.8,3072,2048
20170708_Whittier_syp-n-mobo-m,301,0.0864,2266.9,1286.2,2338.8,1337.7,3072,2048
20170708_Whittier_syp-n-mobo-m,301,0.0548,2267.0,1286.2,2338.8,1337.7,3072,2048
20170708_Whittier_syp-n-mobo-m,301,0.6633,246.2,1089.9,305.2,1135.5,3072,2048
20170708_Whittier_syp-n-mobo-m,301,0.3046,1843.2,1094.8,1892.8,1122.8,3072,2048
20170708_Whittier_syp-n-mobo-m,301,0.5801,1843.6,1094.3,1893.3,1122.7,3072,2048
20170708_Whittier_syp-n-mobo-m,301,0.1384,2266.9,1286.3,2338.6,1337.8,3072,2048
20170708_Whittier_syp-n-mobo-m,301,0.0795,2266.9,1286.2,2338.7,1337.8,3072,2048
20170708_Whittier_syp-n-mobo-m,361,0.5124,246.8,1089.9,304.5,1135.1,3072,2048
20170708_Whittier_syp-n-mobo-m,361,0.3288,1526.6,983.7,1684.1,1070.0,3072,2048
20170708_Whittier_syp-n-mobo-m,361,0.1414,1843.4,1094.7,1893.4,1122.6,3072,2048
20170708_Whittier_syp-n-mobo-m,361,0.1142,2266.8,1286.6,2339.2,1337.4,3072,2048
20170708_Whittier_syp-n-mobo-m,361,0.0769,2266.8,1286.5,2339.2,1337.4,3072,2048
20170708_Whittier_syp-n-mobo-m,361,0.6130,246.7,1089.8,304.8,1135.2,3072,2048
20170708_Whittier_syp-n-mobo-m,361,0.1858,1843.4,1094.6,1893.5,1122.8,3072,2048
20170708_Whittier_syp-n-mobo-m,361,0.1712,2266.8,1286.6,2338.9,1337.5,3072,2048
20170708_Whittier_syp-n-mobo-m,361,0.1143,2266.8,1286.5,2339.1,1337.5,3072,2048
20170708_Whittier_syp-n-mobo-m,421,0.3922,246.9,1090.2,302.3,1135.1,3072,2048
20170708_Whittier_syp-n-mobo-m,421,0.1309,1514.9,984.0,1697.7,1064.0,3072,2048
20170708_Whittier_syp-n-mobo-m,421,0.0734,2267.1,1286.8,2339.4,1337.6,3072,2048
20170708_Whittier_syp-n-mobo-m,421,0.5110,246.7,1090.2,302.5,1135.2,3072,2048
20170708_Whittier_syp-n-mobo-m,421,0.0768,1838.2,1905.2,1919.8,2048.0,3072,2048
20170708_Whittier_syp-n-mobo-m,421,0.0916,2267.1,1286.8,2339.3,1337.6,3072,2048
20170708_Whittier_syp-n-mobo-m,421,0.0914,1843.6,1093.7,1895.4,1122.6,3072,2048
20170708_Whittier_syp-n-mobo-m,481,0.3745,1569.4,862.3,1744.3,1024.0,3072,2048
20170708_Whittier_syp-n-mobo-m,481,0.4569,246.7,1089.6,305.3,1135.0,3072,2048
20170708_Whittier_syp-n-mobo-m,481,0.3267,1525.6,896.0,1762.0,1067.1,3072,2048
20170708_Whittier_syp-n-mobo-m,481,0.2057,2266.9,1285.7,2338.3,1337.6,3072,2048
20170708_Whittier_syp-n-mobo-m,481,0.0709,1843.2,1094.7,1893.5,1122.1,3072,2048
20170708_Whittier_syp-n-mobo-m,481,0.1470,2267.0,1285.7,2338.3,1337.5,3072,2048
20170708_Whittier_syp-n-mobo-m,481,0.5729,246.6,1089.5,305.6,1135.0,3072,2048
20170708_Whittier_syp-n-mobo-m,481,0.0869,1843.6,1093.7,1894.8,1122.4,3072,2048
20170708_Whittier_syp-n-mobo-m,481,0.3173,1843.1,1094.5,1893.6,1122.4,3072,2048
20170708_Whittier_syp-n-mobo-m,481,0.2382,2266.9,1285.7,2338.1,1337.6,3072,2048
20170708_Whittier_syp-n-mobo-m,481,0.1897,2266.9,1285.7,2338.2,1337.6,3072,2048
20170708_Whittier_syp-n-mobo-m,541,0.0829,1547.9,812.6,1919.6,999.5,3072,2048
20170708_Whittier_syp-n-mobo-m,541,0.0726,1547.8,888.4,1748.9,1024.0,3072,2048
20170708_Whittier_syp-n-mobo-m,541,0.0636,1547.0,858.6,1786.9,1024.0,3072,2048
20170708_Whittier_syp-n-mobo-m,541,0.4008,246.8,1089.8,304.3,1135.1,3072,2048
20170708_Whittier_syp-n-mobo-m,541,0.5600,1511.9,896.0,1721.2,1073.7,3072,2048
20170708_Whittier_syp-n-mobo-m,541,0.1118,1522.6,896.0,1796.8,1074.5,3072,2048
20170708_Whittier_syp-n-mobo-m,541,0.3184,2267.0,1286.1,2339.7,1337.5,3072,2048
20170708_Whittier_syp-n-mobo-m,541,0.0715,1843.2,1095.4,1893.6,1122.0,3072,2048
20170708_Whittier_syp-n-mobo-m,541,0.2137,2267.1,1286.1,2339.7,1337.4,3072,2048
20170708_Whittier_syp-n-mobo-m,541,0.5470,246.7,1089.7,304.7,1135.2,3072,2048
20170708_Whittier_syp-n-mobo-m,541,0.2062,1511.7,1024.0,1635.7,1067.5,3072,2048
20170708_Whittier_syp-n-mobo-m,541,0.0599,1837.7,1904.8,1919.8,2048.0,3072,2048
20170708_Whittier_syp-n-mobo-m,541,0.3401,2267.0,1286.2,2339.6,1337.5,3072,2048
20170708_Whittier_syp-n-mobo-m,541,0.1680,1843.1,1095.2,1893.8,1122.3,3072,2048
20170708_Whittier_syp-n-mobo-m,541,0.2490,2267.0,1286.1,2339.6,1337.5,3072,2048
20170708_Whittier_syp-n-mobo-m,601,0.4666,246.5,1089.8,304.4,1135.0,3072,2048
20170708_Whittier_syp-n-mobo-m,601,0.2168,1538.2,901.7,1739.1,1091.4,3072,2048
20170708_Whittier_syp-n-mobo-m,601,0.1232,1513.2,920.8,1710.5,1071.6,3072,2048
20170708_Whittier_syp-n-mobo-m,601,0.0840,1843.7,1094.0,1895.2,1121.7,3072,2048
20170708_Whittier_syp-n-mobo-m,601,0.2925,2267.1,1285.5,2338.2,1337.6,3072,2048
20170708_Whittier_syp-n-mobo-m,601,0.1836,1843.1,1094.6,1893.8,1121.7,3072,2048
20170708_Whittier_syp-n-mobo-m,601,0.2262,2267.1,1285.6,2338.3,1337.6,3072,2048
20170708_Whittier_syp-n-mobo-m,601,0.5779,246.4,1089.8,304.7,1135.1,3072,2048
20170708_Whittier_syp-n-mobo-m,601,0.4299,1512.7,1024.7,1597.2,1065.4,3072,2048
20170708_Whittier_syp-n-mobo-m,601,0.0628,1843.6,1093.8,1895.4,1121.9,3072,2048
20170708_Whittier_syp-n-mobo-m,601,0.3013,2267.0,1285.6,2338.1,1337.7,3072,2048
20170708_Whittier_syp-n-mobo-m,601,0.2276,1843.6,1093.7,1895.2,1121.9,3072,2048
20170708_Whittier_syp-n-mobo-m,601,0.2328,2267.1,1285.6,2338.2,1337.7,3072,2048
20170708_Whittier_syp-n-mobo-m,661,0.5237,246.9,1089.6,304.7,1134.7,3072,2048
20170708_Whittier_syp-n-mobo-m,661,0.0732,1541.4,896.0,1808.9,1080.0,3072,2048
20170708_Whittier_syp-n-mobo-m,661,0.0500,1843.5,1094.0,1895.1,1121.7,3072,2048
20170708_Whittier_syp-n-mobo-m,661,0.3192,1843.6,1093.8,1895.0,1121.9,3072,2048
20170708_Whittier_syp-n-mobo-m,661,0.2848,2266.6,1285.6,2339.6,1337.8,3072,2048
20170708_Whittier_syp-n-mobo-m,661,0.2097,2266.7,1285.6,2339.7,1337.9,3072,2048
20170708_Whittier_syp-n-mobo-m,661,0.6449,246.8,1089.5,305.1,1134.8,3072,2048
20170708_Whittier_syp-n-mobo-m,661,0.0930,1843.5,1093.7,1895.5,1121.9,3072,2048
20170708_Whittier_syp-n-mobo-m,661,0.4548,1843.5,1093.6,1895.3,1122.1,3072,2048
20170708_Whittier_syp-n-mobo-m,661,0.3005,2266.6,1285.6,2339.5,1337.9,3072,2048
20170708_Whittier_syp-n-mobo-m,661,0.2380,2266.7,1285.6,2339.6,1337.9,3072,2048
20170708_Whittier_syp-n-mobo-m,721,0.4882,246.4,1089.2,305.4,1134.7,3072,2048
20170708_Whittier_syp-n-mobo-m,721,0.1604,2266.8,1285.7,2338.4,1337.3,3072,2048
20170708_Whittier_syp-n-mobo-m,721,0.0542,1843.2,1094.7,1893.9,1121.9,3072,2048
20170708_Whittier_syp-n-mobo-m,721,0.1283,2266.8,1285.7,2338.3,1337.3,3072,2048
20170708_Whittier_syp-n-mobo-m,721,0.5948,246.4,1089.2,305.6,1134.8,3072,2048
20170708_Whittier_syp-n-mobo-m,721,0.0571,1838.1,1904.8,1919.8,2048.0,3072,2048
20170708_Whittier_syp-n-mobo-m,721,0.2641,1843.7,1093.7,1895.3,1122.2,3072,2048
20170708_Whittier_syp-n-mobo-m,721,0.1554,2266.8,1285.7,2338.2,1337.3,3072,2048
20170708_Whittier_syp-n-mobo-m,721,0.1406,2266.8,1285.7,2338.3,1337.3,3072,2048
20170708_Whittier_syp-n-mobo-m,781,0.4733,246.6,1089.5,303.2,1135.0,3072,2048
20170708_Whittier_syp-n-mobo-m,781,0.1568,2267.1,1286.4,2338.0,1337.2,3072,2048
20170708_Whittier_syp-n-mobo-m,781,0.0893,2267.1,1286.4,2338.0,1337.1,3072,2048
20170708_Whittier_syp-n-mobo-m,781,0.5670,246.6,1089.5,303.3,1135.1,3072,2048
20170708_Whittier_syp-n-mobo-m,781,0.1720,1843.2,1093.9,1894.3,1122.5,3072,2048
20170708_Whittier_syp-n-mobo-m,781,0.1385,2267.1,1286.4,2337.9,1337.2,3072,2048
20170708_Whittier_syp-n-mobo-m,781,0.0947,2267.1,1286.4,2338.0,1337.1,3072,2048
20170708_Whittier_syp-n-mobo-m,841,0.4093,246.5,1089.9,303.1,1135.1,3072,2048
20170708_Whittier_syp-n-mobo-m,841,0.1412,2267.1,1286.5,2338.8,1337.1,3072,2048
20170708_Whittier_syp-n-mobo-m,841,0.0951,2267.2,1286.4,2338.8,1337.1,3072,2048
20170708_Whittier_syp-n-mobo-m,841,0.5558,246.4,1089.9,303.4,1135.2,3072,2048
20170708_Whittier_syp-n-mobo-m,841,0.2964,1843.7,1093.5,1895.2,1122.4,3072,2048
20170708_Whittier_syp-n-mobo-m,841,0.1385,2267.1,1286.5,2338.7,1337.1,3072,2048
20170708_Whittier_syp-n-mobo-m,841,0.1050,2267.1,1286.5,2338.8,1337.1,3072,2048
20170708_Whittier_syp-n-mobo-m,901,0.5483,246.3,1089.6,303.8,1134.8,3072,2048
20170708_Whittier_syp-n-mobo-m,901,0.3786,2266.7,1285.7,2339.5,1337.8,3072,2048
20170708_Whittier_syp-n-mobo-m,901,0.0525,1843.3,1094.5,1893.7,1121.9,3072,2048
20170708_Whittier_syp-n-mobo-m,901,0.2623,2266.8,1285.7,2339.6,1337.7,3072,2048
20170708_Whittier_syp-n-mobo-m,901,0.6496,246.2,1089.6,304.1,1134.9,3072,2048
20170708_Whittier_syp-n-mobo-m,901,0.4870,1843.2,1094.2,1894.1,1122.3,3072,2048
20170708_Whittier_syp-n-mobo-m,901,0.3725,2266.8,1285.7,2339.4,1337.8,3072,2048
20170708_Whittier_syp-n-mobo-m,901,0.2981,2266.8,1285.7,2339.5,1337.8,3072,2048
20170708_Whittier_syp-n-mobo-m,961,0.5755,246.4,1089.5,303.5,1134.9,3072,2048
20170708_Whittier_syp-n-mobo-m,961,0.3908,2266.8,1285.4,2338.3,1337.6,3072,2048
20170708_Whittier_syp-n-mobo-m,961,0.2783,2266.9,1285.4,2338.4,1337.6,3072,2048
20170708_Whittier_syp-n-mobo-m,961,0.6624,246.3,1089.3,304.0,1135.0,3072,2048
20170708_Whittier_syp-n-mobo-m,961,0.3601,2266.8,1285.5,2338.2,1337.6,3072,2048
20170708_Whittier_syp-n-mobo-m,961,0.1890,1843.1,1094.3,1894.2,1121.7,3072,2048
20170708_Whittier_syp-n-mobo-m,961,0.2896,2266.9,1285.4,2338.3,1337.6,3072,2048
20170708_Whittier_syp-n-mobo-m,1021,0.1643,1814.2,810.2,1999.9,961.6,3072,2048
20170708_Whittier_syp-n-mobo-m,1021,0.5567,246.7,1089.6,304.0,1134.8,3072,2048
20170708_Whittier_syp-n-mobo-m,1021,0.4036,2266.8,1285.6,2338.7,1337.7,3072,2048
20170708_Whittier_syp-n-mobo-m,1021,0.0519,1843.3,1094.3,1893.6,1121.4,3072,2048
20170708_Whittier_syp-n-mobo-m,1021,0.2879,2266.9,1285.6,2338.8,1337.7,3072,2048
20170708_Whittier_syp-n-mobo-m,1021,0.6702,246.6,1089.5,304.3,1134.9,3072,2048
20170708_Whittier_syp-n-mobo-m,1021,0.1002,1843.2,1094.1,1894.0,1121.5,3072,2048
20170708_Whittier_syp-n-mobo-m,1021,0.5855,1843.8,1093.7,1893.7,1122.0,3072,2048
20170708_Whittier_syp-n-mobo-m,1021,0.3664,2266.9,1285.6,2338.6,1337.7,3072,2048
20170708_Whittier_syp-n-mobo-m,1021,0.2963,2267.0,1285.6,2338.7,1337.7,3072,2048
20170708_Whittier_syp-n-mobo-m,1081,0.6584,246.3,1089.2,303.6,1134.6,3072,2048
20170708_Whittier_syp-n-mobo-m,1081,0.4425,2266.9,1285.5,2338.6,1337.8,3072,2048
20170708_Whittier_syp-n-mobo-m,1081,0.3553,2267.0,1285.6,2338.6,1337.7,3072,2048
20170708_Whittier_syp-n-mobo-m,1081,0.7367,246.2,1089.0,304.3,1134.3,3072,2048
20170708_Whittier_syp-n-mobo-m,1081,0.1923,1514.1,1024.9,1605.4,1070.3,3072,2048
20170708_Whittier_syp-n-mobo-m,1081,0.4343,2266.9,1285.6,2338.5,1337.8,3072,2048
20170708_Whittier_syp-n-mobo-m,1081,0.3080,1843.4,1093.9,1894.1,1121.6,3072,2048
20170708_Whittier_syp-n-mobo-m,1081,0.3585,2267.0,1285.6,2338.5,1337.7,3072,2048
20170708_Whittier_syp-n-mobo-m,1141,0.6691,246.7,1089.1,303.8,1134.9,3072,2048
20170708_Whittier_syp-n-mobo-m,1141,0.2399,1521.3,987.6,1683.6,1069.2,3072,2048
20170708_Whittier_syp-n-mobo-m,1141,0.2305,2267.1,1285.3,2338.6,1337.5,3072,2048
20170708_Whittier_syp-n-mobo-m,1141,0.0954,1843.5,1094.3,1893.9,1121.3,3072,2048
20170708_Whittier_syp-n-mobo-m,1141,0.1403,2267.2,1285.3,2338.7,1337.4,3072,2048
20170708_Whittier_syp-n-mobo-m,1141,0.7174,246.7,1089.1,304.1,1135.0,3072,2048
20170708_Whittier_syp-n-mobo-m,1141,0.6901,1514.4,1024.2,1629.4,1069.3,3072,2048
20170708_Whittier_syp-n-mobo-m,1141,0.3357,1843.4,1094.1,1894.0,1121.5,3072,2048
20170708_Whittier_syp-n-mobo-m,1141,0.2421,2267.2,1285.3,2338.5,1337.5,3072,2048
20170708_Whittier_syp-n-mobo-m,1141,0.1709,2267.2,1285.3,2338.6,1337.5,3072,2048
20170708_Whittier_syp-n-mobo-m,1201,0.6013,247.1,1088.8,304.5,1134.8,3072,2048
20170708_Whittier_syp-n-mobo-m,1201,0.4322,2267.3,1284.6,2331.6,1337.3,3072,2048
20170708_Whittier_syp-n-mobo-m,1201,0.0583,1843.7,1094.1,1893.7,1120.9,3072,2048
20170708_Whittier_syp-n-mobo-m,1201,0.2760,2267.3,1284.6,2331.6,1337.2,3072,2048
20170708_Whittier_syp-n-mobo-m,1201,0.6917,247.0,1088.8,304.8,1134.9,3072,2048
20170708_Whittier_syp-n-mobo-m,1201,0.4408,2267.3,1284.7,2331.4,1337.3,3072,2048
20170708_Whittier_syp-n-mobo-m,1201,0.1983,1843.6,1093.9,1893.9,1121.1,3072,2048
20170708_Whittier_syp-n-mobo-m,1201,0.3142,2267.3,1284.7,2331.4,1337.2,3072,2048
20170708_Whittier_syp-n-mobo-m,1261,0.6703,246.6,1089.0,305.3,1134.4,3072,2048
20170708_Whittier_syp-n-mobo-m,1261,0.4455,2267.2,1284.9,2334.2,1337.1,3072,2048
20170708_Whittier_syp-n-mobo-m,1261,0.3351,2267.0,1285.3,2338.5,1337.3,3072,2048
20170708_Whittier_syp-n-mobo-m,1261,0.7271,246.6,1089.0,305.6,1134.5,3072,2048
20170708_Whittier_syp-n-mobo-m,1261,0.0649,1836.7,1904.4,1919.8,2048.0,3072,2048
20170708_Whittier_syp-n-mobo-m,1261,0.4509,2267.2,1284.9,2334.0,1337.1,3072,2048
20170708_Whittier_syp-n-mobo-m,1261,0.2386,1843.4,1095.0,1893.8,1121.6,3072,2048
20170708_Whittier_syp-n-mobo-m,1261,0.3460,2267.0,1285.3,2338.4,1337.3,3072,2048
20170708_Whittier_syp-n-mobo-m,1321,0.5206,246.6,1089.3,303.6,1134.6,3072,2048
20170708_Whittier_syp-n-mobo-m,1321,0.3818,2266.9,1285.1,2338.4,1337.3,3072,2048
20170708_Whittier_syp-n-mobo-m,1321,0.3151,2267.0,1285.1,2338.5,1337.2,3072,2048
20170708_Whittier_syp-n-mobo-m,1321,0.6267,246.5,1089.3,303.8,1134.7,3072,2048
20170708_Whittier_syp-n-mobo-m,1321,0.0629,1702.1,1024.0,1800.2,1068.6,3072,2048
20170708_Whittier_syp-n-mobo-m,1321,0.3659,2266.9,1285.1,2338.3,1337.3,3072,2048
20170708_Whittier_syp-n-mobo-m,1321,0.2761,1843.4,1093.7,1894.1,1121.7,3072,2048
20170708_Whittier_syp-n-mobo-m,1321,0.3079,2266.9,1285.1,2338.4,1337.2,3072,2048
20170708_Whittier_syp-n-mobo-m,1381,0.6374,246.7,1088.8,305.9,1134.7,3072,2048
20170708_Whittier_syp-n-mobo-m,1381,0.3864,2266.9,1284.8,2338.3,1337.4,3072,2048
20170708_Whittier_syp-n-mobo-m,1381,0.2958,2267.0,1284.8,2338.3,1337.3,3072,2048
20170708_Whittier_syp-n-mobo-m,1381,0.6993,246.6,1088.7,306.1,1134.8,3072,2048
20170708_Whittier_syp-n-mobo-m,1381,0.0642,1837.7,1903.6,1919.8,2048.0,3072,2048
20170708_Whittier_syp-n-mobo-m,1381,0.3737,2266.9,1284.8,2338.2,1337.4,3072,2048
20170708_Whittier_syp-n-mobo-m,1381,0.2108,1844.2,1093.6,1895.5,1121.2,3072,2048
20170708_Whittier_syp-n-mobo-m,1381,0.3037,2267.0,1284.8,2338.2,1337.3,3072,2048
20170708_Whittier_syp-n-mobo-m,1441,0.4976,246.9,1089.4,303.5,1134.6,3072,2048
20170708_Whittier_syp-n-mobo-m,1441,0.1582,2267.1,1285.3,2337.9,1337.4,3072,2048
20170708_Whittier_syp-n-mobo-m,1441,0.0977,2267.2,1285.2,2337.8,1337.4,3072,2048
20170708_Whittier_syp-n-mobo-m,1441,0.6105,246.8,1089.4,303.8,1134.7,3072,2048
20170708_Whittier_syp-n-mobo-m,1441,0.0765,1837.8,1903.3,1919.8,2048.0,3072,2048
20170708_Whittier_syp-n-mobo-m,1441,0.1926,1843.3,1094.2,1894.4,1121.5,3072,2048
20170708_Whittier_syp-n-mobo-m,1441,0.1542,2267.1,1285.3,2337.7,1337.4,3072,2048
20170708_Whittier_syp-n-mobo-m,1441,0.1086,2267.2,1285.2,2337.8,1337.4,3072,2048
20170708_Whittier_syp-n-mobo-m,1501,0.7014,246.6,1088.9,303.5,1134.8,3072,2048
20170708_Whittier_syp-n-mobo-m,1501,0.3863,2266.9,1284.7,2339.0,1337.1,3072,2048
20170708_Whittier_syp-n-mobo-m,1501,0.3061,2266.9,1284.6,2339.0,1337.1,3072,2048
20170708_Whittier_syp-n-mobo-m,1501,0.7571,246.5,1088.8,304.2,1134.4,3072,2048
20170708_Whittier_syp-n-mobo-m,1501,0.0528,1837.0,1903.9,1919.7,2048.0,3072,2048
20170708_Whittier_syp-n-mobo-m,1501,0.4391,1844.0,1094.0,1894.3,1121.9,3072,2048
20170708_Whittier_syp-n-mobo-m,1501,0.3443,2266.9,1284.7,2338.9,1337.1,3072,2048
20170708_Whittier_syp-n-mobo-m,1501,0.3193,2266.9,1284.6,2338.9,1337.1,3072,2048
20170708_Whittier_syp-n-mobo-m,1561,0.5232,246.8,1088.8,304.5,1135.0,3072,2048
20170708_Whittier_syp-n-mobo-m,1561,0.3641,2266.8,1284.5,2338.1,1337.4,3072,2048
20170708_Whittier_syp-n-mobo-m,1561,0.0832,2396.0,950.7,2446.3,1013.7,3072,2048
20170708_Whittier_syp-n-mobo-m,1561,0.3106,2266.9,1284.5,2338.1,1337.4,3072,2048
20170708_Whittier_syp-n-mobo-m,1561,0.0717,2396.2,950.2,2446.2,1013.6,3072,2048
20170708_Whittier_syp-n-mobo-m,1561,0.6603,246.7,1088.8,304.8,1135.1,3072,2048
20170708_Whittier_syp-n-mobo-m,1561,0.3427,2266.8,1284.5,2338.0,1337.4,3072,2048
20170708_Whittier_syp-n-mobo-m,1561,0.2336,1843.9,1093.9,1893.9,1121.4,3072,2048
20170708_Whittier_syp-n-mobo-m,1561,0.3048,2266.8,1284.5,2338.1,1337.4,3072,2048
20170708_Whittier_syp-n-mobo-m,1621,0.2187,1679.1,825.8,1919.4,1013.1,3072,2048
20170708_Whittier_syp-n-mobo-m,1621,0.5815,246.5,1089.1,304.0,1135.2,3072,2048
20170708_Whittier_syp-n-mobo-m,1621,0.4957,2266.9,1284.9,2338.7,1337.3,3072,2048
20170708_Whittier_syp-n-mobo-m,1621,0.4307,2267.0,1284.9,2338.7,1337.3,3072,2048
20170708_Whittier_syp-n-mobo-m,1621,0.6740,246.4,1089.0,304.3,1135.3,3072,2048
20170708_Whittier_syp-n-mobo-m,1621,0.4916,2266.9,1284.9,2338.6,1337.4,3072,2048
20170708_Whittier_syp-n-mobo-m,1621,0.3056,1843.6,1094.2,1893.8,1121.3,3072,2048
20170708_Whittier_syp-n-mobo-m,1621,0.4396,2267.0,1284.9,2338.6,1337.3,3072,2048
20170708_Whittier_syp-n-mobo-m,1681,0.0564,1552.8,942.0,1920.0,1137.2,3072,2048
20170708_Whittier_syp-n-mobo-m,1681,0.4621,2267.1,1284.8,2334.7,1337.2,3072,2048
20170708_Whittier_syp-n-mobo-m,1681,0.1108,1842.9,1095.8,1891.0,1121.4,3072,2048
20170708_Whittier_syp-n-mobo-m,1681,0.0540,1920.5,1040.6,1983.3,1100.7,3072,2048
20170708_Whittier_syp-n-mobo-m,1681,0.3939,2266.9,1285.0,2337.8,1337.3,3072,2048
20170708_Whittier_syp-n-mobo-m,1681,0.0503,1842.9,1095.6,1891.6,1121.6,3072,2048
20170708_Whittier_syp-n-mobo-m,1681,0.5108,1842.7,1095.5,1891.3,1121.8,3072,2048
20170708_Whittier_syp-n-mobo-m,1681,0.4160,2266.8,1285.0,2337.7,1337.4,3072,2048
20170708_Whittier_syp-n-mobo-m,1681,0.1561,1919.8,1044.9,1984.3,1100.9,3072,2048
20170708_Whittier_syp-n-mobo-m,1681,0.3850,2266.9,1285.0,2337.7,1337.3,3072,2048
20170708_Whittier_syp-n-mobo-m,1741,0.6517,246.7,1088.7,304.4,1134.7,3072,2048
20170708_Whittier_syp-n-mobo-m,1741,0.5391,2267.0,1284.7,2334.7,1337.3,3072,2048
20170708_Whittier_syp-n-mobo-m,1741,0.4174,2266.8,1284.9,2337.9,1337.4,3072,2048
20170708_Whittier_syp-n-mobo-m,1741,0.7165,246.6,1088.8,304.6,1134.8,3072,2048
20170708_Whittier_syp-n-mobo-m,1741,0.0527,1843.1,1096.4,1891.9,1121.4,3072,2048
20170708_Whittier_syp-n-mobo-m,1741,0.4743,2267.1,1284.7,2334.5,1337.3,3072,2048
20170708_Whittier_syp-n-mobo-m,1741,0.3417,1842.9,1096.3,1890.9,1121.5,3072,2048
20170708_Whittier_syp-n-mobo-m,1741,0.1317,1934.7,1025.4,2041.9,1102.0,3072,2048
20170708_Whittier_syp-n-mobo-m,1741,0.4178,2266.8,1284.9,2337.8,1337.4,3072,2048
20170708_Whittier_syp-n-mobo-m,1801,0.6300,246.6,1088.8,305.6,1134.3,3072,2048
20170708_Whittier_syp-n-mobo-m,1801,0.3517,2266.7,1284.9,2338.3,1337.5,3072,2048
20170708_Whittier_syp-n-mobo-m,1801,0.2271,2266.8,1284.9,2338.4,1337.5,3072,2048
20170708_Whittier_syp-n-mobo-m,1801,0.7384,246.4,1088.7,305.6,1134.1,3072,2048
20170708_Whittier_syp-n-mobo-m,1801,0.3477,2266.7,1284.9,2338.1,1337.5,3072,2048
20170708_Whittier_syp-n-mobo-m,1801,0.1639,1844.2,1098.7,1879.7,1121.4,3072,2048
20170708_Whittier_syp-n-mobo-m,1801,0.0750,1844.2,1097.2,1892.3,1121.2,3072,2048
20170708_Whittier_syp-n-mobo-m,1801,0.2730,2266.7,1284.9,2338.2,1337.5,3072,2048
20170708_Whittier_syp-n-mobo-m,1861,0.5849,246.6,1088.8,305.8,1134.8,3072,2048
20170708_Whittier_syp-n-mobo-m,1861,0.3957,2266.7,1284.7,2338.0,1337.5,3072,2048
20170708_Whittier_syp-n-mobo-m,1861,0.0987,1792.0,970.8,1868.0,1124.4,3072,2048
20170708_Whittier_syp-n-mobo-m,1861,0.3104,2266.8,1284.7,2338.0,1337.5,3072,2048
20170708_Whittier_syp-n-mobo-m,1861,0.6843,246.5,1088.8,306.1,1134.9,3072,2048
20170708_Whittier_syp-n-mobo-m,1861,0.3910,2266.7,1284.7,2337.9,1337.5,3072,2048
20170708_Whittier_syp-n-mobo-m,1861,0.0655,1843.7,1098.4,1880.8,1121.4,3072,2048
20170708_Whittier_syp-n-mobo-m,1861,0.3299,2266.8,1284.7,2337.9,1337.5,3072,2048
20170708_Whittier_syp-n-mobo-m,1921,0.6530,246.8,1089.3,304.1,1134.9,3072,2048
20170708_Whittier_syp-n-mobo-m,1921,0.3122,2267.1,1284.7,2333.8,1337.2,3072,2048
20170708_Whittier_syp-n-mobo-m,1921,0.2043,2266.9,1284.8,2337.8,1337.4,3072,2048
20170708_Whittier_syp-n-mobo-m,1921,0.7460,246.6,1089.1,304.8,1134.6,3072,2048
20170708_Whittier_syp-n-mobo-m,1921,0.3081,2267.2,1284.7,2333.5,1337.2,3072,2048
20170708_Whittier_syp-n-mobo-m,1921,0.2233,2266.9,1284.8,2337.7,1337.4,3072,2048
20170708_Whittier_syp-n-mobo-m,1981,0.6654,246.7,1089.2,304.2,1135.2,3072,2048
20170708_Whittier_syp-n-mobo-m,1981,0.4585,2267.0,1284.5,2333.0,1337.2,3072,2048
20170708_Whittier_syp-n-mobo-m,1981,0.2765,2266.8,1284.5,2337.9,1337.3,3072,2048
20170708_Whittier_syp-n-mobo-m,1981,0.7439,246.6,1088.9,304.8,1134.9,3072,2048
20170708_Whittier_syp-n-mobo-m,1981,0.4451,2267.0,1284.5,2332.7,1337.2,3072,2048
20170708_Whittier_syp-n-mobo-m,1981,0.2811,2266.8,1284.5,2337.8,1337.4,3072,2048
20170708_Whittier_syp-n-mobo-m,2041,0.5147,246.9,1089.3,304.0,1134.9,3072,2048
20170708_Whittier_syp-n-mobo-m,2041,0.4669,2267.1,1284.5,2333.6,1337.0,3072,2048
20170708_Whittier_syp-n-mobo-m,2041,0.3100,2267.1,1284.9,2337.4,1337.2,3072,2048
20170708_Whittier_syp-n-mobo-m,2041,0.6475,246.8,1089.2,304.3,1135.0,3072,2048
20170708_Whittier_syp-n-mobo-m,2041,0.4623,2267.1,1284.6,2333.3,1337.0,3072,2048
20170708_Whittier_syp-n-mobo-m,2041,0.3386,2267.0,1284.9,2337.3,1337.2,3072,2048
20170708_Whittier_syp-n-mobo-m,2101,0.5119,246.6,1088.7,303.0,1134.7,3072,2048
20170708_Whittier_syp-n-mobo-m,2101,0.4403,2266.6,1285.1,2337.9,1337.4,3072,2048
20170708_Whittier_syp-n-mobo-m,2101,0.2707,2266.8,1285.0,2338.0,1337.3,3072,2048
20170708_Whittier_syp-n-mobo-m,2101,0.6370,246.4,1088.7,303.4,1134.8,3072,2048
20170708_Whittier_syp-n-mobo-m,2101,0.4209,2266.7,1285.1,2337.7,1337.4,3072,2048
20170708_Whittier_syp-n-mobo-m,2101,0.3037,2266.8,1285.1,2337.9,1337.3,3072,2048
20170708_Whittier_syp-n-mobo-m,2161,0.5764,246.7,1089.3,303.1,1135.1,3072,2048
20170708_Whittier_syp-n-mobo-m,2161,0.4968,2267.3,1284.8,2334.7,1337.4,3072,2048
20170708_Whittier_syp-n-mobo-m,2161,0.3431,2267.2,1285.1,2338.1,1337.4,3072,2048
20170708_Whittier_syp-n-mobo-m,2161,0.6656,246.6,1089.3,303.4,1135.1,3072,2048
20170708_Whittier_syp-n-mobo-m,2161,0.4834,2267.3,1284.8,2334.4,1337.4,3072,2048
20170708_Whittier_syp-n-mobo-m,2161,0.3618,2267.2,1285.2,2338.0,1337.5,3072,2048
20170708_Whittier_syp-n-mobo-m,2221,0.4976,247.2,1089.2,302.5,1134.7,3072,2048
20170708_Whittier_syp-n-mobo-m,2221,0.4751,2267.0,1285.3,2338.5,1337.3,3072,2048
20170708_Whittier_syp-n-mobo-m,2221,0.3181,2267.1,1285.3,2338.5,1337.2,3072,2048
20170708_Whittier_syp-n-mobo-m,2221,0.6128,247.1,1089.2,302.7,1134.8,3072,2048
20170708_Whittier_syp-n-mobo-m,2221,0.4696,2267.0,1285.3,2338.3,1337.4,3072,2048
20170708_Whittier_syp-n-mobo-m,2221,0.3247,2267.1,1285.3,2338.4,1337.3,3072,2048
20170708_Whittier_syp-n-mobo-m,2281,0.6393,247.0,1089.0,303.8,1134.7,3072,2048
20170708_Whittier_syp-n-mobo-m,2281,0.4689,2267.0,1285.2,2337.8,1337.4,3072,2048
20170708_Whittier_syp-n-mobo-m,2281,0.3130,2267.1,1285.2,2337.7,1337.3,3072,2048
20170708_Whittier_syp-n-mobo-m,2281,0.7139,247.0,1088.8,304.3,1134.4,3072,2048
20170708_Whittier_syp-n-mobo-m,2281,0.4524,2267.0,1285.2,2337.6,1337.4,3072,2048
20170708_Whittier_syp-n-mobo-m,2281,0.3209,2267.1,1285.2,2337.6,1337.3,3072,2048
20170708_Whittier_syp-n-mobo-m,2341,0.3488,246.8,1089.2,303.0,1134.7,3072,2048
20170708_Whittier_syp-n-mobo-m,2341,0.3270,2266.8,1285.3,2338.4,1337.0,3072,2048
20170708_Whittier_syp-n-mobo-m,2341,0.2000,2267.0,1285.3,2338.3,1337.0,3072,2048
20170708_Whittier_syp-n-mobo-m,2341,0.5276,246.6,1089.2,303.2,1134.8,3072,2048
20170708_Whittier_syp-n-mobo-m,2341,0.3501,2266.9,1285.3,2338.3,1337.1,3072,2048
20170708_Whittier_syp-n-mobo-m,2341,0.2344,2267.0,1285.4,2338.3,1337.0,3072,2048
20170711_FIRE_bl-e-mobo-c,540,0.4581,1844.0,737.1,1869.7,756.6,2048,1536
20170711_FIRE_bl-e-mobo-c,540,0.4252,1844.4,737.3,1869.4,756.5,2048,1536
20170711_FIRE_bl-e-mobo-c,540,0.2438,1844.2,737.1,1869.6,756.6,2048,1536
20170711_FIRE_bl-e-mobo-c,540,0.2436,1844.6,737.2,1869.3,756.5,2048,1536
20170711_FIRE_bl-e-mobo-c,780,0.2381,1833.7,692.0,1877.2,756.9,2048,1536
20170711_FIRE_bl-e-mobo-c,780,0.4938,1834.0,691.2,1876.8,757.0,2048,1536
20170711_FIRE_bl-e-mobo-c,780,0.0752,1833.9,691.8,1877.0,756.7,2048,1536
20170711_FIRE_bl-e-mobo-c,780,0.2791,1834.0,691.3,1877.0,756.7,2048,1536
20170711_FIRE_bl-e-mobo-c,840,0.2473,1837.4,681.1,1877.4,759.4,2048,1536
20170711_FIRE_bl-e-mobo-c,840,0.0800,1838.3,682.6,1878.3,756.5,2048,1536
20170711_FIRE_bl-e-mobo-c,900,0.1519,1835.3,679.8,1876.5,757.5,2048,1536
20170711_FIRE_bl-e-mobo-c,1140,0.0562,1814.6,691.6,1879.3,756.1,2048,1536
20170711_FIRE_bl-e-mobo-c,1140,0.0538,1844.2,702.6,1878.0,755.7,2048,1536
20170711_FIRE_bl-e-mobo-c,1260,0.1098,1842.4,721.8,1878.2,755.8,2048,1536
20170711_FIRE_bl-e-mobo-c,1260,0.1778,1842.8,721.9,1878.6,755.8,2048,1536
20170711_FIRE_bl-e-mobo-c,1260,0.0854,1842.9,721.9,1878.5,755.7,2048,1536
20170711_FIRE_bl-e-mobo-c,1440,0.1713,1840.5,705.8,1877.9,756.2,2048,1536
20170711_FIRE_bl-e-mobo-c,1440,0.0622,1807.9,698.2,1878.9,757.0,2048,1536
20170711_FIRE_bl-e-mobo-c,1440,0.0595,1841.1,705.8,1877.8,756.1,2048,1536
20170711_FIRE_bl-e-mobo-c,1860,0.1078,1840.6,722.8,1878.1,756.9,2048,1536
20170711_FIRE_bl-e-mobo-c,2100,0.0812,1840.3,704.4,1879.2,755.7,2048,1536
20170711_FIRE_bl-e-mobo-c,2100,0.2377,1840.3,704.5,1879.2,755.7,2048,1536
20170711_FIRE_bl-e-mobo-c,2100,0.1123,1840.4,704.5,1879.0,755.6,2048,1536
20170711_FIRE_bl-e-mobo-c,2160,0.0834,1833.7,703.8,1879.8,755.7,2048,1536
20170711_FIRE_bl-s-mobo-c,480,0.0886,107.5,650.2,136.7,672.7,2048,1536
20170711_FIRE_bl-s-mobo-c,480,0.1311,107.9,650.5,136.4,672.4,2048,1536
20170711_FIRE_bl-s-mobo-c,720,0.6889,103.5,606.9,142.3,670.5,2048,1536
20170711_FIRE_bl-s-mobo-c,720,0.7215,103.6,606.7,141.7,670.4,2048,1536
20170711_FIRE_bl-s-mobo-c,780,0.0798,104.1,594.4,143.0,670.8,2048,1536
20170711_FIRE_bl-s-mobo-c,780,0.0542,105.2,595.2,142.2,670.1,2048,1536
20170711_FIRE_bl-s-mobo-c,840,0.2259,109.4,593.0,141.3,670.5,2048,1536
20170711_FIRE_bl-s-mobo-c,840,0.1084,105.8,612.0,140.1,670.8,2048,1536
20170711_FIRE_bl-s-mobo-c,840,0.0662,116.7,614.3,140.4,670.8,2048,1536
20170711_FIRE_bl-s-mobo-c,840,0.2161,111.2,596.7,140.6,670.4,2048,1536
20170711_FIRE_bl-s-mobo-c,840,0.1222,105.4,611.4,139.8,670.5,2048,1536
20170711_FIRE_bl-s-mobo-c,840,0.0578,116.9,613.4,140.1,670.6,2048,1536
20170711_FIRE_bl-s-mobo-c,960,0.1501,85.8,607.3,143.7,671.0,2048,1536
20170711_FIRE_bl-s-mobo-c,960,0.0870,111.6,611.3,143.5,670.5,2048,1536
20170711_FIRE_bl-s-mobo-c,960,0.1602,85.6,606.0,144.1,671.4,2048,1536
20170711_FIRE_bl-s-mobo-c,960,0.0786,113.7,611.4,143.1,670.1,2048,1536
20170711_FIRE_bl-s-mobo-c,1200,0.3246,105.4,633.9,143.8,670.6,2048,1536
20170711_FIRE_bl-s-mobo-c,1200,0.1985,76.5,587.1,148.0,671.1,2048,1536
20170711_FIRE_bl-s-mobo-c,1200,0.0681,105.7,617.6,144.9,670.2,2048,1536
20170711_FIRE_bl-s-mobo-c,1200,0.3875,105.8,634.0,143.7,670.3,2048,1536
20170711_FIRE_bl-s-mobo-c,1200,0.1286,78.1,586.0,147.0,670.6,2048,1536
20170711_FIRE_bl-s-mobo-c,1200,0.0742,99.9,625.7,144.2,670.2,2048,1536
20170711_FIRE_bl-s-mobo-c,1260,0.2437,102.2,624.2,144.4,670.5,2048,1536
20170711_FIRE_bl-s-mobo-c,1260,0.0741,97.2,600.7,145.9,670.4,2048,1536
20170711_FIRE_bl-s-mobo-c,1260,0.1609,102.4,624.8,144.1,670.3,2048,1536
20170711_FIRE_bl-s-mobo-c,1320,0.2324,101.4,624.0,143.8,671.0,2048,1536
20170711_FIRE_bl-s-mobo-c,1320,0.1550,101.9,624.4,143.5,670.7,2048,1536
20170711_FIRE_bl-s-mobo-c,1380,0.2862,106.1,620.7,143.4,670.6,2048,1536
20170711_FIRE_bl-s-mobo-c,1380,0.2634,106.8,620.9,143.1,670.3,2048,1536
20170711_FIRE_bl-s-mobo-c,1500,0.1896,102.5,629.7,144.0,670.4,2048,1536
20170711_FIRE_bl-s-mobo-c,1500,0.0899,103.0,630.2,143.8,670.0,2048,1536
20170711_FIRE_bl-s-mobo-c,1560,0.2441,108.9,631.0,143.7,670.2,2048,1536
20170711_FIRE_bl-s-mobo-c,1560,0.1044,109.5,631.1,143.6,669.9,2048,1536
20170711_FIRE_bl-s-mobo-c,1740,0.1653,98.3,642.5,145.0,673.0,2048,1536
20170711_FIRE_bl-s-mobo-c,1800,0.1753,104.7,637.7,143.9,671.3,2048,1536
20170711_FIRE_bl-s-mobo-c,1800,0.0669,105.6,637.8,143.7,671.0,2048,1536
20170711_FIRE_bl-s-mobo-c,1860,0.0712,97.8,632.5,145.2,672.7,2048,1536
20170711_FIRE_bl-s-mobo-c,1920,0.1833,97.6,640.6,144.8,672.7,2048,1536
20170711_FIRE_bl-s-mobo-c,1920,0.0705,98.9,641.1,144.5,672.3,2048,1536
20170711_FIRE_bl-s-mobo-c,1980,0.2031,112.7,629.5,143.6,670.5,2048,1536
20170711_FIRE_bl-s-mobo-c,1980,0.0742,99.5,629.0,143.7,671.3,2048,1536
20170711_FIRE_bl-s-mobo-c,1980,0.1351,114.0,629.9,143.7,670.0,2048,1536
20170711_FIRE_bl-s-mobo-c,2220,0.2647,105.4,631.3,143.3,669.3,2048,1536
20170711_FIRE_bl-s-mobo-c,2220,0.1273,90.1,605.5,144.7,669.8,2048,1536
20170711_FIRE_bl-s-mobo-c,2220,0.0518,92.5,629.7,144.5,669.8,2048,1536
20170711_FIRE_bl-s-mobo-c,2220,0.0935,105.8,631.7,143.2,669.6,2048,1536
20170711_FIRE_bl-s-mobo-c,2280,0.1728,90.3,589.6,144.0,670.6,2048,1536
20170711_FIRE_bl-s-mobo-c,2280,0.0832,96.2,614.4,142.3,670.1,2048,1536
20170711_FIRE_bl-s-mobo-c,2340,0.1788,95.9,614.8,143.9,670.2,2048,1536
20170711_FIRE_bm-s-mobo-c,-2400,0.0566,368.3,812.0,501.3,849.9,2048,1536
20170711_FIRE_bm-s-mobo-c,-2340,0.1478,593.8,937.5,699.5,1007.0,2048,1536
20170711_FIRE_bm-s-mobo-c,-2340,0.0996,593.8,937.6,699.4,1005.3,2048,1536
20170711_FIRE_bm-s-mobo-c,-2280,0.0700,598.7,937.0,697.6,1005.4,2048,1536
20170711_FIRE_bm-s-mobo-c,-2280,0.0693,203.8,1102.4,236.4,1156.1,2048,1536
20170711_FIRE_bm-s-mobo-c,-2220,0.0596,371.3,812.5,500.7,849.3,2048,1536
20170711_FIRE_bm-s-mobo-c,-2220,0.0788,370.8,812.4,501.0,849.4,2048,1536
20170711_FIRE_bm-s-mobo-c,-2160,0.1929,599.5,934.8,700.4,1003.1,2048,1536
20170711_FIRE_bm-s-mobo-c,-2160,0.2533,599.1,934.8,700.1,1003.6,2048,1536
20170711_FIRE_bm-s-mobo-c,-2100,0.0502,371.7,811.8,500.3,849.4,2048,1536
20170711_FIRE_bm-s-mobo-c,-2100,0.0669,371.5,811.7,500.4,849.4,2048,1536
20170711_FIRE_bm-s-mobo-c,-2040,0.1727,590.8,937.5,698.0,1007.8,2048,1536
20170711_FIRE_bm-s-mobo-c,-2040,0.1741,591.9,937.7,698.0,1007.0,2048,1536
20170711_FIRE_bm-s-mobo-c,-1980,0.0988,596.8,938.2,698.3,1005.9,2048,1536
20170711_FIRE_bm-s-mobo-c,-1980,0.1401,203.8,1102.0,236.2,1155.9,2048,1536
20170711_FIRE_bm-s-mobo-c,-1980,0.0824,597.2,938.3,698.4,1004.7,2048,1536
20170711_FIRE_bm-s-mobo-c,-1920,0.0773,371.8,812.2,502.7,849.2,2048,1536
20170711_FIRE_bm-s-mobo-c,-1920,0.1601,204.1,1102.9,237.2,1156.3,2048,1536
20170711_FIRE_bm-s-mobo-c,-1920,0.1025,371.4,811.9,502.9,849.2,2048,1536
20170711_FIRE_bm-s-mobo-c,-1860,0.0986,203.7,1101.5,238.7,1156.0,2048,1536
20170711_FIRE_bm-s-mobo-c,-1800,0.1225,590.7,939.0,695.6,1004.8,2048,1536
20170711_FIRE_bm-s-mobo-c,-1800,0.1166,591.5,939.4,695.5,1004.4,2048,1536
20170711_FIRE_bm-s-mobo-c,-1680,0.1266,594.0,937.0,698.5,1007.5,2048,1536
20170711_FIRE_bm-s-mobo-c,-1680,0.0938,593.7,937.0,698.6,1005.1,2048,1536
20170711_FIRE_bm-s-mobo-c,-1620,0.0714,596.3,936.6,697.4,1010.4,2048,1536
20170711_FIRE_bm-s-mobo-c,-1500,0.3043,590.1,937.1,697.7,1006.4,2048,1536
20170711_FIRE_bm-s-mobo-c,-1500,0.1678,590.5,937.1,697.9,1004.6,2048,1536
20170711_FIRE_bm-s-mobo-c,-1440,0.1293,590.7,937.9,697.2,1005.3,2048,1536
20170711_FIRE_bm-s-mobo-c,-1440,0.1418,203.9,1102.3,237.9,1156.2,2048,1536
20170711_FIRE_bm-s-mobo-c,-1320,0.0684,594.4,939.1,694.8,1008.4,2048,1536
20170711_FIRE_bm-s-mobo-c,-1320,0.0520,593.6,939.1,695.1,1006.5,2048,1536
20170711_FIRE_bm-s-mobo-c,-1260,0.0573,203.5,1102.4,237.6,1155.5,2048,1536
20170711_FIRE_bm-s-mobo-c,-1200,0.0800,590.5,938.2,699.1,1007.2,2048,1536
20170711_FIRE_bm-s-mobo-c,-1140,0.1306,591.2,937.1,698.7,1008.0,2048,1536
20170711_FIRE_bm-s-mobo-c,-960,0.0892,204.4,1102.8,235.8,1155.4,2048,1536
20170711_FIRE_bm-s-mobo-c,-900,0.2298,594.2,937.7,698.1,1006.3,2048,1536
20170711_FIRE_bm-s-mobo-c,-900,0.1532,592.9,937.8,698.4,1005.4,2048,1536
20170711_FIRE_bm-s-mobo-c,-900,0.1426,204.1,1101.3,237.0,1155.9,2048,1536
20170711_FIRE_bm-s-mobo-c,-840,0.0991,370.4,811.5,504.6,849.0,2048,1536
20170711_FIRE_bm-s-mobo-c,-840,0.1157,370.4,811.4,504.8,849.0,2048,1536
20170711_FIRE_bm-s-mobo-c,-780,0.0576,204.5,1104.1,234.8,1156.7,2048,1536
20170711_FIRE_bm-s-mobo-c,-720,0.0768,204.3,1102.6,236.6,1156.8,2048,1536
20170711_FIRE_bm-s-mobo-c,-660,0.1128,371.2,812.5,503.2,849.7,2048,1536
20170711_FIRE_bm-s-mobo-c,-660,0.1602,203.9,1101.3,237.4,1156.5,2048,1536
20170711_FIRE_bm-s-mobo-c,-660,0.1304,371.1,812.3,503.5,849.7,2048,1536
20170711_FIRE_bm-s-mobo-c,-600,0.0595,204.0,1100.9,238.0,1155.2,2048,1536
20170711_FIRE_bm-s-mobo-c,-540,0.1544,204.9,1101.8,236.8,1156.6,2048,1536
20170711_FIRE_bm-s-mobo-c,-480,0.0526,367.8,812.2,503.9,849.6,2048,1536
20170711_FIRE_bm-s-mobo-c,-480,0.0652,204.6,1103.6,234.9,1156.4,2048,1536
20170711_FIRE_bm-s-mobo-c,-480,0.0576,367.7,812.0,504.0,849.7,2048,1536
20170711_FIRE_bm-s-mobo-c,-420,0.0929,368.4,811.7,502.5,849.4,2048,1536
20170711_FIRE_bm-s-mobo-c,-420,0.1043,368.2,811.5,502.5,849.5,2048,1536
20170711_FIRE_bm-s-mobo-c,-360,0.1007,368.9,811.8,502.2,849.6,2048,1536
20170711_FIRE_bm-s-mobo-c,-360,0.1180,368.8,811.6,502.5,849.7,2048,1536
20170711_FIRE_bm-s-mobo-c,-300,0.0619,369.4,810.8,502.3,849.5,2048,1536
20170711_FIRE_bm-s-mobo-c,-300,0.1231,204.5,1103.1,236.7,1156.1,2048,1536
20170711_FIRE_bm-s-mobo-c,-300,0.0774,369.3,810.6,502.6,849.6,2048,1536
20170711_FIRE_bm-s-mobo-c,-240,0.0751,369.4,810.7,501.1,849.6,2048,1536
20170711_FIRE_bm-s-mobo-c,-240,0.0725,592.0,939.9,697.4,1006.7,2048,1536
20170711_FIRE_bm-s-mobo-c,-240,0.1234,204.5,1102.9,237.3,1156.4,2048,1536
20170711_FIRE_bm-s-mobo-c,-240,0.0855,369.1,810.6,501.3,849.7,2048,1536
20170711_FIRE_bm-s-mobo-c,-180,0.1196,369.6,809.6,502.5,849.0,2048,1536
20170711_FIRE_bm-s-mobo-c,-180,0.1720,204.4,1103.6,235.9,1156.0,2048,1536
20170711_FIRE_bm-s-mobo-c,-180,0.1317,369.4,809.5,502.7,849.1,2048,1536
20170711_FIRE_bm-s-mobo-c,-120,0.1038,369.6,809.2,501.8,849.1,2048,1536
20170711_FIRE_bm-s-mobo-c,-120,0.1193,369.4,809.1,502.0,849.3,2048,1536
20170711_FIRE_bm-s-mobo-c,-60,0.0930,370.8,808.9,504.5,848.7,2048,1536
20170711_FIRE_bm-s-mobo-c,-60,0.0546,591.6,941.9,693.8,1010.0,2048,1536
20170711_FIRE_bm-s-mobo-c,-60,0.0918,370.7,808.7,504.7,848.8,2048,1536
20170711_FIRE_bm-s-mobo-c,0,0.0598,370.6,808.9,504.2,848.8,2048,1536
20170711_FIRE_bm-s-mobo-c,0,0.0722,370.4,808.7,504.5,848.9,2048,1536
20170711_FIRE_bm-s-mobo-c,0,0.0505,204.0,1104.1,234.6,1156.7,2048,1536
20170711_FIRE_bm-s-mobo-c,60,0.0696,593.0,939.1,686.2,1008.1,2048,1536
20170711_FIRE_bm-s-mobo-c,60,0.0595,204.8,1102.9,237.3,1155.7,2048,1536
20170711_FIRE_bm-s-mobo-c,60,0.0534,370.8,808.0,503.8,849.0,2048,1536
20170711_FIRE_bm-s-mobo-c,120,0.0507,370.7,808.5,502.8,849.4,2048,1536
20170711_FIRE_bm-s-mobo-c,120,0.1029,204.4,1102.1,237.7,1155.5,2048,1536
20170711_FIRE_bm-s-mobo-c,120,0.0603,370.3,808.4,503.0,849.5,2048,1536
20170711_FIRE_bm-s-mobo-c,180,0.0748,361.6,808.0,501.6,849.0,2048,1536
20170711_FIRE_bm-s-mobo-c,180,0.1012,360.9,807.8,501.6,849.1,2048,1536
20170711_FIRE_bm-s-mobo-c,240,0.0581,203.7,1104.6,235.3,1155.9,2048,1536
20170711_FIRE_bm-s-mobo-c,240,0.0524,370.1,808.5,503.4,849.4,2048,1536
20170711_FIRE_bm-s-mobo-c,300,0.1578,361.9,807.7,501.9,849.5,2048,1536
20170711_FIRE_bm-s-mobo-c,300,0.2037,361.5,807.5,501.9,849.6,2048,1536
20170711_FIRE_bm-s-mobo-c,300,0.0510,204.0,1104.3,235.6,1157.2,2048,1536
20170711_FIRE_bm-s-mobo-c,360,0.1515,360.8,809.3,501.0,849.7,2048,1536
20170711_FIRE_bm-s-mobo-c,360,0.1695,360.5,809.0,501.0,849.7,2048,1536
20170711_FIRE_bm-s-mobo-c,420,0.1283,360.7,809.4,500.8,850.4,2048,1536
20170711_FIRE_bm-s-mobo-c,420,0.0697,589.6,940.7,693.9,1008.3,2048,1536
20170711_FIRE_bm-s-mobo-c,420,0.1443,360.4,809.1,500.8,850.5,2048,1536
20170711_FIRE_bm-s-mobo-c,480,0.1365,360.5,811.2,502.5,850.5,2048,1536
20170711_FIRE_bm-s-mobo-c,480,0.1519,360.4,810.9,502.6,850.5,2048,1536
20170711_FIRE_bm-s-mobo-c,540,0.0961,364.2,811.8,503.6,849.7,2048,1536
20170711_FIRE_bm-s-mobo-c,540,0.1179,364.2,811.5,503.9,849.6,2048,1536
20170711_FIRE_bm-s-mobo-c,600,0.1303,374.9,808.0,503.9,849.0,2048,1536
20170711_FIRE_bm-s-mobo-c,600,0.1190,375.3,807.8,503.9,849.0,2048,1536
20170711_FIRE_bm-s-mobo-c,660,0.2611,371.8,809.0,501.5,849.4,2048,1536
20170711_FIRE_bm-s-mobo-c,660,0.0909,413.6,405.4,476.3,490.7,2048,1536
20170711_FIRE_bm-s-mobo-c,660,0.2835,371.9,808.6,501.5,849.3,2048,1536
20170711_FIRE_bm-s-mobo-c,720,0.2652,376.4,807.2,502.2,849.7,2048,1536
20170711_FIRE_bm-s-mobo-c,720,0.1820,1424.9,718.5,1470.7,766.3,2048,1536
20170711_FIRE_bm-s-mobo-c,720,0.1909,1424.6,718.4,1470.9,766.2,2048,1536
20170711_FIRE_bm-s-mobo-c,720,0.2446,376.7,806.9,502.2,849.7,2048,1536
20170711_FIRE_bm-s-mobo-c,720,0.2150,1424.9,718.4,1470.3,766.2,2048,1536
20170711_FIRE_bm-s-mobo-c,720,0.2113,1424.6,718.3,1470.7,766.2,2048,1536
20170711_FIRE_bm-s-mobo-c,780,0.2593,379.9,808.4,503.9,849.1,2048,1536
20170711_FIRE_bm-s-mobo-c,780,0.1940,1432.1,732.7,1468.2,765.9,2048,1536
20170711_FIRE_bm-s-mobo-c,780,0.0778,1423.7,722.6,1469.7,766.1,2048,1536
20170711_FIRE_bm-s-mobo-c,780,0.0642,1407.3,714.9,1475.6,766.6,2048,1536
20170711_FIRE_bm-s-mobo-c,780,0.1782,1431.4,732.4,1468.4,766.0,2048,1536
20170711_FIRE_bm-s-mobo-c,780,0.0784,1422.5,721.0,1470.0,766.2,2048,1536
20170711_FIRE_bm-s-mobo-c,780,0.0759,1406.5,714.7,1475.8,766.6,2048,1536
20170711_FIRE_bm-s-mobo-c,780,0.2452,380.1,808.0,504.0,849.1,2048,1536
20170711_FIRE_bm-s-mobo-c,780,0.2212,1432.1,732.8,1468.1,765.9,2048,1536
20170711_FIRE_bm-s-mobo-c,780,0.0850,1423.3,721.9,1469.6,766.1,2048,1536
20170711_FIRE_bm-s-mobo-c,780,0.0752,1407.0,714.9,1474.2,766.5,2048,1536
20170711_FIRE_bm-s-mobo-c,780,0.0534,1427.4,726.2,1478.2,766.9,2048,1536
20170711_FIRE_bm-s-mobo-c,780,0.1828,1431.4,732.4,1468.2,765.9,2048,1536
20170711_FIRE_bm-s-mobo-c,780,0.0811,1422.0,720.2,1469.9,766.2,2048,1536
20170711_FIRE_bm-s-mobo-c,780,0.0805,1406.4,714.7,1474.7,766.5,2048,1536
20170711_FIRE_bm-s-mobo-c,840,0.1841,378.7,810.1,505.9,849.4,2048,1536
20170711_FIRE_bm-s-mobo-c,840,0.0775,1429.9,732.1,1470.1,765.7,2048,1536
20170711_FIRE_bm-s-mobo-c,840,0.0801,1429.3,731.8,1470.4,765.8,2048,1536
20170711_FIRE_bm-s-mobo-c,840,0.1738,379.0,809.8,506.0,849.4,2048,1536
20170711_FIRE_bm-s-mobo-c,840,0.1063,1429.8,732.0,1469.9,765.7,2048,1536
20170711_FIRE_bm-s-mobo-c,840,0.0876,1429.2,731.7,1470.1,765.8,2048,1536
20170711_FIRE_bm-s-mobo-c,900,0.1781,376.8,808.9,504.8,848.3,2048,1536
20170711_FIRE_bm-s-mobo-c,900,0.1586,376.8,808.5,505.0,848.4,2048,1536
20170711_FIRE_bm-s-mobo-c,960,0.2576,379.2,808.0,505.0,849.1,2048,1536
20170711_FIRE_bm-s-mobo-c,960,0.2601,379.3,807.4,505.3,849.1,2048,1536
20170711_FIRE_bm-s-mobo-c,1020,0.2286,380.2,807.5,506.0,848.9,2048,1536
20170711_FIRE_bm-s-mobo-c,1020,0.2170,380.5,806.9,506.2,848.8,2048,1536
20170711_FIRE_bm-s-mobo-c,1080,0.1388,381.9,805.7,505.7,848.5,2048,1536
20170711_FIRE_bm-s-mobo-c,1080,0.1220,382.4,804.9,505.9,848.4,2048,1536
20170711_FIRE_bm-s-mobo-c,1140,0.1754,382.3,802.6,504.6,848.8,2048,1536
20170711_FIRE_bm-s-mobo-c,1140,0.1669,382.7,802.3,504.7,848.7,2048,1536
20170711_FIRE_bm-s-mobo-c,1200,0.1612,383.9,805.6,504.7,848.7,2048,1536
20170711_FIRE_bm-s-mobo-c,1200,0.1427,384.6,805.0,504.8,848.6,2048,1536
20170711_FIRE_bm-s-mobo-c,1260,0.0895,383.9,803.8,505.5,849.0,2048,1536
20170711_FIRE_bm-s-mobo-c,1260,0.0877,204.7,1102.2,237.9,1156.5,2048,1536
20170711_FIRE_bm-s-mobo-c,1260,0.0661,384.9,803.4,505.5,848.8,2048,1536
20170711_FIRE_bm-s-mobo-c,1320,0.1176,382.6,806.5,506.3,848.8,2048,1536
20170711_FIRE_bm-s-mobo-c,1320,0.1026,383.8,806.0,506.3,848.7,2048,1536
20170711_FIRE_bm-s-mobo-c,1380,0.1113,379.0,807.6,506.0,849.3,2048,1536
20170711_FIRE_bm-s-mobo-c,1380,0.1008,379.7,807.6,506.2,849.3,2048,1536
20170711_FIRE_sdsc-e-mobo-c,600,0.0674,896.2,742.2,920.4,756.9,2048,1536
20170711_FIRE_sdsc-e-mobo-c,600,0.0620,896.2,742.1,920.3,756.9,2048,1536
20170711_FIRE_sdsc-e-mobo-c,1680,0.0503,1869.0,787.2,1919.2,833.2,2048,1536
20170711_FIRE_sm-n-mobo-c,-240,0.0540,1477.9,1342.1,1490.2,1353.5,2048,1536
20170711_FIRE_sm-n-mobo-c,300,0.4595,1321.9,801.3,1377.9,835.3,2048,1536
20170711_FIRE_sm-n-mobo-c,300,0.5327,1321.8,801.4,1377.5,835.2,2048,1536
20170711_FIRE_sm-n-mobo-c,300,0.4983,1321.7,801.6,1376.5,835.1,2048,1536
20170711_FIRE_sm-n-mobo-c,300,0.5474,1321.6,801.7,1376.1,835.1,2048,1536
20170711_FIRE_sm-n-mobo-c,360,0.5616,1321.4,784.9,1367.2,834.1,2048,1536
20170711_FIRE_sm-n-mobo-c,360,0.0926,1320.4,782.6,1387.6,834.3,2048,1536
20170711_FIRE_sm-n-mobo-c,360,0.0661,1318.8,778.9,1413.9,834.6,2048,1536
20170711_FIRE_sm-n-mobo-c,360,0.6172,1322.2,785.0,1367.5,834.1,2048,1536
20170711_FIRE_sm-n-mobo-c,360,0.0681,1321.0,782.6,1386.7,834.2,2048,1536
20170711_FIRE_sm-n-mobo-c,360,0.0625,1319.4,778.7,1414.9,834.5,2048,1536
20170711_FIRE_sm-n-mobo-c,360,0.7000,1322.8,785.2,1366.9,833.9,2048,1536
20170711_FIRE_sm-n-mobo-c,360,0.0534,1320.6,779.9,1407.3,834.3,2048,1536
20170711_FIRE_sm-n-mobo-c,360,0.7240,1322.9,785.3,1366.7,833.9,2048,1536
20170711_FIRE_sm-n-mobo-c,360,0.0512,1320.9,780.1,1405.7,834.3,2048,1536
20170711_FIRE_sm-n-mobo-c,420,0.6906,1316.0,761.3,1388.0,833.7,2048,1536
20170711_FIRE_sm-n-mobo-c,420,0.7090,1316.2,761.3,1387.9,833.7,2048,1536
20170711_FIRE_sm-n-mobo-c,420,0.7670,1316.7,761.3,1387.7,833.8,2048,1536
20170711_FIRE_sm-n-mobo-c,420,0.7739,1316.8,761.3,1387.6,833.8,2048,1536
20170711_FIRE_sm-n-mobo-c,480,0.2041,1327.9,743.4,1414.5,832.0,2048,1536
20170711_FIRE_sm-n-mobo-c,480,0.2144,1328.2,743.4,1414.2,832.1,2048,1536
20170711_FIRE_sm-n-mobo-c,480,0.2308,1329.6,743.2,1413.5,832.4,2048,1536
20170711_FIRE_sm-n-mobo-c,480,0.2255,1329.7,743.3,1413.7,832.6,2048,1536
20170711_FIRE_sm-n-mobo-c,540,0.6248,1322.1,736.8,1418.3,832.7,2048,1536
20170711_FIRE_sm-n-mobo-c,540,0.6435,1322.1,736.7,1418.0,832.9,2048,1536
20170711_FIRE_sm-n-mobo-c,540,0.6753,1322.6,736.5,1416.9,833.1,2048,1536
20170711_FIRE_sm-n-mobo-c,540,0.6786,1322.5,736.5,1416.7,833.3,2048,1536
20170711_FIRE_sm-n-mobo-c,600,0.3776,1319.3,740.8,1433.7,834.4,2048,1536
20170711_FIRE_sm-n-mobo-c,600,0.3638,1319.3,740.6,1433.2,834.4,2048,1536
20170711_FIRE_sm-n-mobo-c,600,0.3377,1319.8,740.0,1432.5,834.6,2048,1536
20170711_FIRE_sm-n-mobo-c,600,0.3171,1319.7,740.0,1432.2,834.7,2048,1536
20170711_FIRE_sm-n-mobo-c,660,0.1006,1318.5,743.9,1450.0,835.6,2048,1536
20170711_FIRE_sm-n-mobo-c,660,0.0934,1318.6,743.7,1450.1,835.6,2048,1536
20170711_FIRE_sm-n-mobo-c,660,0.1267,1318.9,743.6,1450.4,835.7,2048,1536
20170711_FIRE_sm-n-mobo-c,660,0.1436,1318.8,742.5,1449.5,835.9,2048,1536
20170711_FIRE_sm-n-mobo-c,720,0.5213,1321.5,730.3,1468.7,833.5,2048,1536
20170711_FIRE_sm-n-mobo-c,720,0.5174,1321.3,730.2,1468.6,833.5,2048,1536
20170711_FIRE_sm-n-mobo-c,720,0.5640,1321.0,730.0,1468.8,833.4,2048,1536
20170711_FIRE_sm-n-mobo-c,720,0.5464,1320.7,729.9,1468.7,833.4,2048,1536
20170711_FIRE_sm-n-mobo-c,780,0.5707,1325.4,719.1,1488.8,832.2,2048,1536
20170711_FIRE_sm-n-mobo-c,780,0.5773,1325.2,718.8,1488.8,832.2,2048,1536
20170711_FIRE_sm-n-mobo-c,780,0.6457,1324.8,717.6,1489.2,832.3,2048,1536
20170711_FIRE_sm-n-mobo-c,780,0.6267,1324.5,717.1,1489.2,832.4,2048,1536
20170711_FIRE_sm-n-mobo-c,840,0.0502,1322.3,715.0,1505.0,833.1,2048,1536
20170711_FIRE_sm-n-mobo-c,840,0.0588,1321.9,714.9,1505.0,833.0,2048,1536
20170711_FIRE_sm-n-mobo-c,840,0.1202,1321.2,715.1,1506.5,832.9,2048,1536
20170711_FIRE_sm-n-mobo-c,840,0.1751,1321.0,714.8,1506.4,832.9,2048,1536
20170711_FIRE_sm-n-mobo-c,900,0.0759,1319.6,709.3,1517.4,834.2,2048,1536
20170711_FIRE_sm-n-mobo-c,1140,0.1362,1332.0,722.8,1465.9,834.5,2048,1536
20170711_FIRE_sm-n-mobo-c,1140,0.0946,1330.9,762.3,1415.8,833.8,2048,1536
20170711_FIRE_sm-n-mobo-c,1140,0.0779,1331.5,731.9,1422.7,833.9,2048,1536
20170711_FIRE_sm-n-mobo-c,1140,0.1361,1332.0,722.9,1465.2,834.5,2048,1536
20170711_FIRE_sm-n-mobo-c,1140,0.1078,1330.9,762.5,1415.3,833.8,2048,1536
20170711_FIRE_sm-n-mobo-c,1140,0.0883,1331.5,733.4,1420.8,833.9,2048,1536
20170711_FIRE_sm-n-mobo-c,1140,0.3143,1331.6,763.4,1409.8,833.4,2048,1536
20170711_FIRE_sm-n-mobo-c,1140,0.1538,1332.5,726.2,1452.8,834.2,2048,1536
20170711_FIRE_sm-n-mobo-c,1140,0.3751,1331.6,763.9,1409.5,833.3,2048,1536
20170711_FIRE_sm-n-mobo-c,1140,0.1522,1332.6,728.9,1442.2,834.0,2048,1536
20170711_FIRE_sm-n-mobo-c,1200,0.1269,1326.2,724.1,1467.1,834.1,2048,1536
20170711_FIRE_sm-n-mobo-c,1200,0.1371,1326.3,724.2,1465.7,834.1,2048,1536
20170711_FIRE_sm-n-mobo-c,1200,0.2272,1325.5,731.9,1424.9,833.3,2048,1536
20170711_FIRE_sm-n-mobo-c,1200,0.2229,1326.9,799.1,1389.3,832.8,2048,1536
20170711_FIRE_sm-n-mobo-c,1200,0.1738,1325.4,723.7,1464.8,834.4,2048,1536
20170711_FIRE_sm-n-mobo-c,1200,0.2792,1326.9,799.1,1389.2,832.7,2048,1536
20170711_FIRE_sm-n-mobo-c,1200,0.2570,1325.5,735.1,1421.8,833.1,2048,1536
20170711_FIRE_sm-n-mobo-c,1200,0.1713,1325.4,723.8,1464.0,834.3,2048,1536
20170711_FIRE_sm-n-mobo-c,1200,0.0556,1325.8,763.6,1409.3,832.9,2048,1536
20170711_FIRE_sm-n-mobo-c,1260,0.1507,1335.6,729.3,1470.7,835.0,2048,1536
20170711_FIRE_sm-n-mobo-c,1260,0.0516,1336.8,800.5,1387.3,833.5,2048,1536
20170711_FIRE_sm-n-mobo-c,1260,0.1492,1335.7,729.2,1469.9,834.9,2048,1536
20170711_FIRE_sm-n-mobo-c,1260,0.0626,1336.9,800.5,1387.1,833.4,2048,1536
20170711_FIRE_sm-n-mobo-c,1260,0.1868,1337.1,800.4,1386.4,833.4,2048,1536
20170711_FIRE_sm-n-mobo-c,1260,0.1364,1335.9,733.6,1459.8,834.7,2048,1536
20170711_FIRE_sm-n-mobo-c,1260,0.2437,1337.1,800.5,1386.1,833.3,2048,1536
20170711_FIRE_sm-n-mobo-c,1260,0.1330,1335.9,735.7,1454.2,834.6,2048,1536
20170711_FIRE_sm-n-mobo-c,1260,0.0552,1336.6,754.3,1431.6,834.3,2048,1536
20170711_FIRE_sm-n-mobo-c,1320,0.3041,1341.8,745.5,1453.3,833.5,2048,1536
20170711_FIRE_sm-n-mobo-c,1320,0.2948,1341.8,745.9,1452.6,833.4,2048,1536
20170711_FIRE_sm-n-mobo-c,1320,0.2992,1341.7,747.8,1448.6,834.1,2048,1536
20170711_FIRE_sm-n-mobo-c,1320,0.2599,1341.3,763.9,1406.6,832.8,2048,1536
20170711_FIRE_sm-n-mobo-c,1320,0.3556,1341.2,765.6,1405.9,832.7,2048,1536
20170711_FIRE_sm-n-mobo-c,1320,0.2695,1341.7,748.3,1446.4,834.0,2048,1536
20170711_FIRE_sm-n-mobo-c,1440,0.1279,1334.1,745.9,1472.2,836.1,2048,1536
20170711_FIRE_sm-n-mobo-c,1440,0.0979,1334.4,807.7,1390.7,833.7,2048,1536
20170711_FIRE_sm-n-mobo-c,1440,0.1235,1334.4,807.7,1390.6,833.6,2048,1536
20170711_FIRE_sm-n-mobo-c,1440,0.1228,1334.2,746.0,1471.8,836.0,2048,1536
20170711_FIRE_sm-n-mobo-c,1440,0.4180,1334.2,809.1,1390.3,834.0,2048,1536
20170711_FIRE_sm-n-mobo-c,1440,0.1239,1334.6,742.6,1471.1,835.8,2048,1536
20170711_FIRE_sm-n-mobo-c,1440,0.4908,1334.1,809.0,1390.1,833.9,2048,1536
20170711_FIRE_sm-n-mobo-c,1440,0.1170,1334.6,742.5,1470.9,835.8,2048,1536
20170711_FIRE_sm-n-mobo-c,1500,0.3585,1337.9,738.4,1480.0,835.0,2048,1536
20170711_FIRE_sm-n-mobo-c,1500,0.2348,1340.8,803.1,1398.1,833.1,2048,1536
20170711_FIRE_sm-n-mobo-c,1500,0.3500,1337.9,738.2,1479.7,834.8,2048,1536
20170711_FIRE_sm-n-mobo-c,1500,0.2839,1340.9,803.1,1398.0,833.0,2048,1536
20170711_FIRE_sm-n-mobo-c,1500,0.5701,1341.3,803.1,1397.4,832.8,2048,1536
20170711_FIRE_sm-n-mobo-c,1500,0.3374,1338.1,738.0,1478.5,834.5,2048,1536
20170711_FIRE_sm-n-mobo-c,1500,0.6158,1341.3,803.1,1397.3,832.7,2048,1536
20170711_FIRE_sm-n-mobo-c,1500,0.3028,1338.1,737.6,1478.3,834.4,2048,1536
20170711_FIRE_sm-n-mobo-c,1560,0.0642,1340.0,800.9,1394.9,833.2,2048,1536
20170711_FIRE_sm-n-mobo-c,1560,0.0759,1340.1,800.9,1394.8,833.1,2048,1536
20170711_FIRE_sm-n-mobo-c,1560,0.3192,1341.1,801.4,1393.7,832.9,2048,1536
20170711_FIRE_sm-n-mobo-c,1560,0.4097,1341.2,801.4,1393.5,832.8,2048,1536
20170711_FIRE_sm-n-mobo-c,1620,0.1847,1328.5,746.7,1493.0,836.0,2048,1536
20170711_FIRE_sm-n-mobo-c,1620,0.0826,1330.5,754.4,1429.9,834.6,2048,1536
20170711_FIRE_sm-n-mobo-c,1620,0.1762,1328.4,746.7,1492.9,835.9,2048,1536
20170711_FIRE_sm-n-mobo-c,1620,0.0956,1330.5,754.7,1429.5,834.5,2048,1536
20170711_FIRE_sm-n-mobo-c,1620,0.3647,1330.9,757.2,1426.7,834.4,2048,1536
20170711_FIRE_sm-n-mobo-c,1620,0.1420,1328.2,747.9,1491.1,835.7,2048,1536
20170711_FIRE_sm-n-mobo-c,1620,0.4313,1330.9,757.2,1426.6,834.3,2048,1536
20170711_FIRE_sm-n-mobo-c,1620,0.1528,1329.7,752.6,1465.7,834.9,2048,1536
20170711_FIRE_sm-n-mobo-c,1680,0.1682,1342.5,744.9,1508.2,835.0,2048,1536
20170711_FIRE_sm-n-mobo-c,1680,0.0867,1343.5,756.9,1435.2,833.8,2048,1536
20170711_FIRE_sm-n-mobo-c,1680,0.1646,1342.6,745.1,1507.7,835.0,2048,1536
20170711_FIRE_sm-n-mobo-c,1680,0.1136,1343.6,757.3,1434.1,833.8,2048,1536
20170711_FIRE_sm-n-mobo-c,1680,0.0699,1343.1,751.7,1467.4,834.6,2048,1536
20170711_FIRE_sm-n-mobo-c,1680,0.4327,1343.9,758.8,1429.6,833.6,2048,1536
20170711_FIRE_sm-n-mobo-c,1680,0.0949,1341.2,745.6,1501.3,835.5,2048,1536
20170711_FIRE_sm-n-mobo-c,1680,0.0694,1344.2,798.9,1398.8,833.0,2048,1536
20170711_FIRE_sm-n-mobo-c,1680,0.4793,1343.9,758.9,1429.0,833.5,2048,1536
20170711_FIRE_sm-n-mobo-c,1680,0.0957,1344.2,798.9,1398.7,833.0,2048,1536
20170711_FIRE_sm-n-mobo-c,1680,0.0815,1341.2,745.8,1500.8,835.5,2048,1536
20170711_FIRE_sm-n-mobo-c,1740,0.3809,1338.6,757.6,1432.9,833.9,2048,1536
20170711_FIRE_sm-n-mobo-c,1740,0.4162,1338.7,757.8,1432.8,833.8,2048,1536
20170711_FIRE_sm-n-mobo-c,1740,0.5224,1339.0,756.7,1432.7,833.7,2048,1536
20170711_FIRE_sm-n-mobo-c,1740,0.5560,1339.0,756.7,1432.6,833.6,2048,1536
20170711_FIRE_sm-n-mobo-c,1800,0.3630,1335.1,751.8,1445.4,834.1,2048,1536
20170711_FIRE_sm-n-mobo-c,1800,0.3951,1334.6,752.7,1445.0,833.6,2048,1536
20170711_FIRE_sm-n-mobo-c,1800,0.5439,1334.8,753.1,1443.6,833.3,2048,1536
20170711_FIRE_sm-n-mobo-c,1800,0.5549,1334.7,753.1,1443.3,833.2,2048,1536
20170711_FIRE_sm-n-mobo-c,1860,0.5263,1328.2,745.5,1457.2,834.5,2048,1536
20170711_FIRE_sm-n-mobo-c,1860,0.5410,1328.2,745.6,1457.1,834.4,2048,1536
20170711_FIRE_sm-n-mobo-c,1860,0.6749,1328.7,746.2,1456.4,834.1,2048,1536
20170711_FIRE_sm-n-mobo-c,1860,0.6807,1328.6,746.1,1456.2,834.0,2048,1536
20170711_FIRE_sm-n-mobo-c,1920,0.5616,1339.5,730.2,1470.4,834.3,2048,1536
20170711_FIRE_sm-n-mobo-c,1920,0.5813,1339.6,729.7,1470.4,834.2,2048,1536
20170711_FIRE_sm-n-mobo-c,1920,0.6007,1339.7,729.0,1470.0,834.0,2048,1536
20170711_FIRE_sm-n-mobo-c,1920,0.5997,1339.7,728.6,1469.9,834.0,2048,1536
20170711_FIRE_sm-n-mobo-c,1980,0.5022,1346.6,744.8,1477.9,833.6,2048,1536
20170711_FIRE_sm-n-mobo-c,1980,0.5080,1346.6,743.9,1477.7,833.6,2048,1536
20170711_FIRE_sm-n-mobo-c,1980,0.5044,1347.1,741.7,1477.0,833.6,2048,1536
20170711_FIRE_sm-n-mobo-c,1980,0.5012,1348.0,719.0,1476.2,833.4,2048,1536
20170711_FIRE_sm-n-mobo-c,1980,0.0633,1346.4,759.5,1466.3,833.2,2048,1536
20170711_FIRE_sm-n-mobo-c,2040,0.1067,1342.5,721.7,1480.8,833.2,2048,1536
20170711_FIRE_sm-n-mobo-c,2040,0.1201,1342.5,721.5,1480.5,833.2,2048,1536
20170711_FIRE_sm-n-mobo-c,2040,0.1699,1342.7,722.8,1476.4,833.2,2048,1536
20170711_FIRE_sm-n-mobo-c,2040,0.1176,1342.5,752.9,1454.1,832.9,2048,1536
20170711_FIRE_sm-n-mobo-c,2040,0.1866,1341.8,720.1,1481.9,834.0,2048,1536
20170711_FIRE_sm-n-mobo-c,2040,0.1352,1342.4,753.9,1452.8,832.8,2048,1536
20170711_FIRE_sm-n-mobo-c,2100,0.0962,1347.4,720.1,1499.4,832.8,2048,1536
20170711_FIRE_sm-n-mobo-c,2100,0.0917,1347.3,719.9,1499.1,832.7,2048,1536
20170711_FIRE_sm-n-mobo-c,2100,0.1123,1347.7,719.9,1498.0,832.6,2048,1536
20170711_FIRE_sm-n-mobo-c,2100,0.1214,1347.3,719.7,1497.9,832.6,2048,1536
20170711_FIRE_sm-n-mobo-c,2160,0.1981,1343.0,752.5,1450.0,832.6,2048,1536
20170711_FIRE_sm-n-mobo-c,2160,0.1238,1343.4,719.9,1500.7,834.5,2048,1536
20170711_FIRE_sm-n-mobo-c,2160,0.2008,1342.9,752.5,1450.2,832.5,2048,1536
20170711_FIRE_sm-n-mobo-c,2160,0.1686,1344.0,738.9,1471.8,833.5,2048,1536
20170711_FIRE_sm-n-mobo-c,2160,0.1336,1343.2,719.3,1499.7,834.4,2048,1536
20170711_FIRE_sm-n-mobo-c,2160,0.2631,1343.7,753.5,1446.6,832.0,2048,1536
20170711_FIRE_sm-n-mobo-c,2160,0.2210,1344.2,738.0,1472.1,833.4,2048,1536
20170711_FIRE_sm-n-mobo-c,2160,0.1746,1343.4,718.5,1494.2,834.3,2048,1536
20170711_FIRE_sm-n-mobo-c,2160,0.0573,1345.3,788.6,1417.1,832.0,2048,1536
20170711_FIRE_sm-n-mobo-c,2160,0.2589,1343.6,753.1,1446.8,832.0,2048,1536
20170711_FIRE_sm-n-mobo-c,2160,0.2204,1344.1,735.2,1474.4,833.4,2048,1536
20170711_FIRE_sm-n-mobo-c,2160,0.0827,1345.3,788.6,1416.8,832.0,2048,1536
20170711_FIRE_sm-n-mobo-c,2220,0.2080,1341.1,715.7,1505.7,835.1,2048,1536
20170711_FIRE_sm-n-mobo-c,2220,0.1730,1339.9,731.3,1447.6,833.3,2048,1536
20170711_FIRE_sm-n-mobo-c,2220,0.2230,1341.1,715.6,1504.9,834.9,2048,1536
20170711_FIRE_sm-n-mobo-c,2220,0.2037,1340.0,731.8,1446.8,833.1,2048,1536
20170711_FIRE_sm-n-mobo-c,2220,0.4169,1340.9,742.4,1443.8,832.9,2048,1536
20170711_FIRE_sm-n-mobo-c,2220,0.3252,1342.0,722.2,1464.5,833.8,2048,1536
20170711_FIRE_sm-n-mobo-c,2220,0.0691,1346.9,717.5,1507.5,833.9,2048,1536
20170711_FIRE_sm-n-mobo-c,2220,0.4391,1340.9,742.3,1443.5,832.8,2048,1536
20170711_FIRE_sm-n-mobo-c,2220,0.3374,1342.1,721.9,1463.2,833.8,2048,1536
20170711_FIRE_sm-n-mobo-c,2220,0.0564,1346.6,717.2,1506.9,833.9,2048,1536
20170711_FIRE_sm-n-mobo-c,2280,0.1564,1333.0,748.5,1458.5,833.7,2048,1536
20170711_FIRE_sm-n-mobo-c,2280,0.1761,1332.9,748.4,1457.9,833.6,2048,1536
20170711_FIRE_sm-n-mobo-c,2280,0.3400,1332.9,748.2,1455.1,833.5,2048,1536
20170711_FIRE_sm-n-mobo-c,2280,0.0826,1332.5,783.6,1435.3,833.7,2048,1536
20170711_FIRE_sm-n-mobo-c,2280,0.3569,1332.9,748.2,1454.2,833.4,2048,1536
20170711_FIRE_sm-n-mobo-c,2280,0.1043,1332.4,784.0,1434.9,833.6,2048,1536
20170711_FIRE_sm-n-mobo-c,2340,0.2803,1340.0,719.9,1486.4,834.3,2048,1536
20170711_FIRE_sm-n-mobo-c,2340,0.2978,1340.2,719.7,1485.4,834.3,2048,1536
20170711_FIRE_sm-n-mobo-c,2340,0.3188,1340.6,719.4,1479.7,834.1,2048,1536
20170711_FIRE_sm-n-mobo-c,2340,0.3366,1340.6,719.2,1478.2,834.1,2048,1536
20170711_FIRE_sm-n-mobo-c,2340,0.0567,1342.6,812.8,1390.6,833.2,2048,1536
20170711_FIRE_sm-n-mobo-c,2400,0.6359,1352.9,702.6,1488.2,833.7,2048,1536
20170711_FIRE_sm-n-mobo-c,2400,0.6420,1352.9,702.6,1488.0,833.6,2048,1536
20170711_FIRE_sm-n-mobo-c,2400,0.6972,1352.2,700.8,1488.8,833.7,2048,1536
20170711_FIRE_sm-n-mobo-c,2400,0.0690,1354.3,804.1,1409.8,832.1,2048,1536
20170711_FIRE_sm-n-mobo-c,2400,0.7027,1352.2,700.7,1488.6,833.7,2048,1536
20170711_FIRE_sm-n-mobo-c,2400,0.0932,1354.3,804.2,1409.6,832.1,2048,1536
20170713_FIRE_smer-tcs8-mobo-c,-660,0.0561,1767.7,971.9,1814.0,1024.0,3072,2048
20170713_FIRE_smer-tcs8-mobo-c,300,0.1901,2534.1,917.9,2555.3,939.5,3072,2048
20170713_FIRE_smer-tcs8-mobo-c,300,0.0724,2532.9,915.5,2560.1,940.1,3072,2048
20170713_FIRE_smer-tcs8-mobo-c,300,0.0685,2530.9,901.4,2594.4,941.4,3072,2048
20170713_FIRE_smer-tcs8-mobo-c,300,0.1378,2534.2,917.8,2555.4,939.5,3072,2048
20170713_FIRE_smer-tcs8-mobo-c,300,0.0584,2533.0,915.3,2560.2,940.1,3072,2048
20170713_FIRE_smer-tcs8-mobo-c,300,0.1085,2532.4,917.7,2554.6,939.4,3072,2048
20170713_FIRE_smer-tcs8-mobo-c,300,0.0932,2532.4,917.8,2554.5,939.4,3072,2048
20170713_FIRE_smer-tcs8-mobo-c,360,0.1339,2531.4,906.7,2560.4,939.6,3072,2048
20170713_FIRE_smer-tcs8-mobo-c,360,0.1189,2530.4,898.6,2586.3,940.9,3072,2048
20170713_FIRE_smer-tcs8-mobo-c,360,0.1080,2529.6,900.1,2570.5,940.4,3072,2048
20170713_FIRE_smer-tcs8-mobo-c,360,0.0980,2531.5,906.6,2560.4,939.6,3072,2048
20170713_FIRE_smer-tcs8-mobo-c,360,0.0910,2530.4,898.3,2586.4,940.9,3072,2048
20170713_FIRE_smer-tcs8-mobo-c,360,0.0825,2529.5,899.7,2571.0,940.5,3072,2048
20170713_FIRE_smer-tcs8-mobo-c,360,0.0621,2527.3,897.8,2571.5,940.3,3072,2048
20170713_FIRE_smer-tcs8-mobo-c,360,0.0582,2529.9,902.1,2563.9,939.7,3072,2048
20170713_FIRE_smer-tcs8-mobo-c,360,0.0512,2530.7,908.3,2559.5,939.6,3072,2048
20170713_FIRE_smer-tcs8-mobo-c,420,0.2410,2530.0,899.6,2569.7,940.0,3072,2048
20170713_FIRE_smer-tcs8-mobo-c,420,0.1569,2530.0,899.4,2569.7,940.1,3072,2048
20170713_FIRE_smer-tcs8-mobo-c,480,0.3729,2536.4,889.3,2579.5,940.5,3072,2048
20170713_FIRE_smer-tcs8-mobo-c,480,0.3114,2536.3,889.1,2579.7,940.6,3072,2048
20170713_FIRE_smer-tcs8-mobo-c,540,0.3381,2540.8,883.8,2589.0,939.6,3072,2048
20170713_FIRE_smer-tcs8-mobo-c,540,0.0791,2538.8,884.6,2606.9,941.4,3072,2048
20170713_FIRE_smer-tcs8-mobo-c,540,0.2584,2540.7,883.6,2589.1,939.7,3072,2048
20170713_FIRE_smer-tcs8-mobo-c,600,0.3779,2542.1,879.5,2601.0,940.5,3072,2048
20170713_FIRE_smer-tcs8-mobo-c,600,0.2999,2541.9,879.4,2601.2,940.7,3072,2048
20170713_FIRE_smer-tcs8-mobo-c,660,0.3595,2547.6,877.1,2616.4,942.3,3072,2048
20170713_FIRE_smer-tcs8-mobo-c,660,0.1623,2546.8,868.9,2634.6,942.8,3072,2048
20170713_FIRE_smer-tcs8-mobo-c,660,0.3024,2547.5,876.9,2616.9,942.4,3072,2048
20170713_FIRE_smer-tcs8-mobo-c,660,0.1254,2546.6,868.5,2635.7,942.8,3072,2048
20170713_FIRE_smer-tcs8-mobo-c,720,0.1284,2549.0,878.5,2626.9,942.3,3072,2048
20170713_FIRE_smer-tcs8-mobo-c,720,0.0733,2548.6,878.2,2627.5,942.5,3072,2048
20170713_FIRE_smer-tcs8-mobo-c,780,0.2306,2559.7,879.4,2611.4,941.7,3072,2048
20170713_FIRE_smer-tcs8-mobo-c,780,0.1625,2559.3,874.8,2632.9,942.5,3072,2048
20170713_FIRE_smer-tcs8-mobo-c,780,0.1878,2559.6,879.2,2611.6,941.8,3072,2048
20170713_FIRE_smer-tcs8-mobo-c,780,0.1217,2559.2,873.8,2633.5,942.5,3072,2048
20170713_FIRE_smer-tcs8-mobo-c,840,0.1497,2564.5,878.9,2626.7,943.0,3072,2048
20170713_FIRE_smer-tcs8-mobo-c,840,0.1284,2564.4,878.5,2627.4,943.0,3072,2048
20170713_FIRE_smer-tcs8-mobo-c,840,0.0534,2562.2,872.6,2643.8,943.7,3072,2048
20170713_FIRE_smer-tcs8-mobo-c,1320,0.0565,1765.0,971.4,1811.9,1023.9,3072,2048
20170713_FIRE_smer-tcs8-mobo-c,1740,0.0736,1764.9,971.3,1813.8,1024.0,3072,2048
20170713_FIRE_smer-tcs8-mobo-c,1800,0.2024,1766.4,971.1,1813.5,1023.9,3072,2048
20170713_FIRE_smer-tcs8-mobo-c,1860,0.1373,1766.5,971.7,1811.4,1023.6,3072,2048
20170713_FIRE_smer-tcs8-mobo-c,1920,0.0706,1766.9,969.8,1810.5,1023.4,3072,2048
20170713_FIRE_smer-tcs8-mobo-c,1980,0.0807,1766.2,970.0,1811.1,1023.5,3072,2048
20170713_FIRE_smer-tcs8-mobo-c,2040,0.0832,1764.7,970.9,1812.8,1024.0,3072,2048
20170713_FIRE_smer-tcs8-mobo-c,2100,0.1035,1766.6,969.9,1810.9,1023.9,3072,2048
20170713_FIRE_smer-tcs8-mobo-c,2160,0.1107,1766.8,969.9,1813.2,1023.9,3072,2048
