sequence,offset,conf,x1,y1,x2,y2,W,H,tile_x0,tile_y0
20160604_FIRE_rm-n-mobo-c,60,0.6350,1979.7,834.0,2047.3,883.8,2048,1536,1024,0
20160604_FIRE_rm-n-mobo-c,60,0.6132,1979.8,834.1,2047.3,883.8,2048,1536,1024,512
20160604_FIRE_rm-n-mobo-c,120,0.6471,1970.2,812.4,2047.7,883.3,2048,1536,1024,0
20160604_FIRE_rm-n-mobo-c,120,0.6464,1970.3,812.4,2047.7,883.2,2048,1536,1024,512
20160604_FIRE_rm-n-mobo-c,180,0.4326,1956.1,760.4,2048.0,885.3,2048,1536,1024,0
20160604_FIRE_rm-n-mobo-c,180,0.2951,1955.9,761.1,2048.0,886.0,2048,1536,1024,512
20160604_FIRE_rm-n-mobo-c,780,0.3262,1903.0,833.3,1919.1,864.8,2048,1536,896,0
20160604_FIRE_rm-n-mobo-c,780,0.3696,1903.0,833.3,1919.0,864.7,2048,1536,896,512
20160604_FIRE_rm-n-mobo-c,840,0.1198,1897.0,831.9,1919.4,867.0,2048,1536,896,512
20160604_FIRE_rm-n-mobo-c,900,0.1148,1906.0,834.3,1919.6,864.9,2048,1536,896,0
20160604_FIRE_rm-n-mobo-c,900,0.1351,1906.0,834.4,1919.6,864.9,2048,1536,896,512
20160604_FIRE_rm-n-mobo-c,1140,0.1348,1899.9,786.4,1920.0,865.3,2048,1536,896,0
20160604_FIRE_rm-n-mobo-c,1140,0.1652,1899.8,786.4,1920.0,865.4,2048,1536,896,512
20160604_FIRE_rm-n-mobo-c,1200,0.1113,1889.5,803.6,1919.6,862.9,2048,1536,896,512
20160604_FIRE_rm-n-mobo-c,1260,0.1839,1888.4,797.8,1919.7,863.0,2048,1536,896,0
20160604_FIRE_rm-n-mobo-c,1260,0.2095,1888.2,798.1,1919.7,863.1,2048,1536,896,512
20160604_FIRE_rm-n-mobo-c,1560,0.1483,1886.7,803.7,1919.6,863.8,2048,1536,896,0
20160604_FIRE_rm-n-mobo-c,1560,0.2027,1886.5,803.8,1919.6,863.8,2048,1536,896,512
20160604_FIRE_rm-n-mobo-c,1680,0.1135,1881.2,799.4,1920.0,869.5,2048,1536,896,512
20160604_FIRE_rm-n-mobo-c,1740,0.1098,1879.2,795.2,1920.0,868.4,2048,1536,896,512
20160604_FIRE_rm-n-mobo-c,1800,0.3011,1881.2,809.6,1919.6,867.1,2048,1536,896,0
20160604_FIRE_rm-n-mobo-c,1800,0.3339,1881.1,809.8,1919.6,867.0,2048,1536,896,512
20160604_FIRE_rm-n-mobo-c,1860,0.3634,1875.9,814.6,1919.8,865.5,2048,1536,896,0
20160604_FIRE_rm-n-mobo-c,1860,0.4287,1875.9,814.8,1919.8,865.5,2048,1536,896,512
20160604_FIRE_rm-n-mobo-c,1920,0.1482,1875.5,791.7,1919.5,865.6,2048,1536,896,0
20160604_FIRE_rm-n-mobo-c,1920,0.1831,1875.4,792.3,1919.6,865.7,2048,1536,896,512
20160604_FIRE_rm-n-mobo-c,1980,0.3343,1869.5,791.9,1920.0,865.2,2048,1536,896,0
20160604_FIRE_rm-n-mobo-c,1980,0.3631,1869.4,792.4,1920.0,865.2,2048,1536,896,512
20160604_FIRE_rm-n-mobo-c,2040,0.3143,1872.0,820.7,1919.9,867.8,2048,1536,896,0
20160604_FIRE_rm-n-mobo-c,2040,0.3867,1871.7,820.9,1919.9,867.7,2048,1536,896,512
20160604_FIRE_rm-n-mobo-c,2100,0.1601,1869.3,808.9,1919.6,866.0,2048,1536,896,0
20160604_FIRE_rm-n-mobo-c,2100,0.2606,1868.7,813.6,1920.0,865.2,2048,1536,896,512
20160604_FIRE_smer-tcs3-mobo-c,0,0.2650,2015.3,828.1,2073.4,856.5,3072,2048,1792,0
20160604_FIRE_smer-tcs3-mobo-c,0,0.1159,2048.0,825.6,2072.7,857.8,3072,2048,2048,0
20160604_FIRE_smer-tcs3-mobo-c,60,0.2406,1911.5,810.7,1920.0,854.2,3072,2048,896,0
20160604_FIRE_smer-tcs3-mobo-c,60,0.5387,1915.5,790.1,2136.9,861.8,3072,2048,1792,0
20160604_FIRE_smer-tcs3-mobo-c,60,0.6756,2048.3,803.9,2138.7,865.8,3072,2048,2048,0
20160604_FIRE_smer-tcs3-mobo-c,120,0.5943,1854.4,770.5,1919.8,860.4,3072,2048,896,0
20160604_FIRE_smer-tcs3-mobo-c,120,0.3977,1966.7,700.0,2167.1,869.9,3072,2048,1792,0
20160604_FIRE_smer-tcs3-mobo-c,120,0.3194,1855.9,701.3,2180.6,868.2,3072,2048,1792,0
20160604_FIRE_smer-tcs3-mobo-c,120,0.6411,2048.9,692.5,2166.7,870.7,3072,2048,2048,0
20160604_FIRE_smer-tcs3-mobo-c,180,0.5794,1830.5,781.7,1920.0,861.2,3072,2048,896,0
20160604_FIRE_smer-tcs3-mobo-c,360,0.1578,2048.4,786.0,2130.0,864.0,3072,2048,2048,0
20160604_FIRE_smer-tcs3-mobo-c,900,0.1358,2048.1,809.7,2116.4,864.9,3072,2048,2048,0
20160604_FIRE_smer-tcs3-mobo-c,900,0.1322,2048.0,809.3,2161.4,866.6,3072,2048,2048,0
20160604_FIRE_smer-tcs3-mobo-c,960,0.1195,2051.8,765.7,2125.8,864.2,3072,2048,2048,0
20160604_FIRE_smer-tcs3-mobo-c,1020,0.3689,2048.9,789.9,2129.6,865.1,3072,2048,2048,0
20160604_FIRE_smer-tcs3-mobo-c,1080,0.2448,2069.4,820.8,2161.5,865.6,3072,2048,2048,0
20160604_FIRE_smer-tcs3-mobo-c,1200,0.4782,2062.8,812.9,2157.3,866.9,3072,2048,2048,0
20160604_FIRE_smer-tcs3-mobo-c,1320,0.1184,1429.1,565.6,1854.8,946.5,3072,2048,896,0
20160604_FIRE_smer-tcs3-mobo-c,1320,0.1059,1465.8,526.7,1920.0,943.8,3072,2048,896,0
20160604_FIRE_smer-tcs3-mobo-c,1320,0.3421,2048.4,810.9,2156.2,868.9,3072,2048,2048,0
20160604_FIRE_smer-tcs3-mobo-c,1620,0.1793,2048.3,828.8,2080.5,860.5,3072,2048,2048,0
20160604_FIRE_smer-tcs3-mobo-c,1680,0.3564,2048.0,821.0,2090.5,862.4,3072,2048,2048,0
20160604_FIRE_smer-tcs3-mobo-c,1740,0.1231,2048.2,781.4,2092.0,861.8,3072,2048,2048,0
20160604_FIRE_smer-tcs3-mobo-c,1980,0.1104,2048.3,839.4,2078.1,860.6,3072,2048,2048,0
20160619_FIRE_lp-e-iqeye,240,0.2569,1549.5,535.4,1585.4,562.0,1600,1200,576,0
20160619_FIRE_lp-e-iqeye,240,0.2323,1549.7,535.5,1585.3,561.9,1600,1200,576,176
20160619_FIRE_lp-e-iqeye,360,0.1499,1529.5,530.3,1595.9,562.6,1600,1200,576,0
20160619_FIRE_lp-e-iqeye,360,0.1105,1529.6,530.2,1596.9,562.7,1600,1200,576,176
20160619_FIRE_lp-e-iqeye,480,0.4836,1514.5,525.0,1585.4,561.1,1600,1200,576,0
20160619_FIRE_lp-e-iqeye,480,0.4877,1514.6,525.3,1585.3,561.0,1600,1200,576,176
20160619_FIRE_lp-e-iqeye,600,0.5001,1504.7,521.3,1583.9,561.9,1600,1200,576,0
20160619_FIRE_lp-e-iqeye,600,0.1745,1519.4,526.9,1582.6,561.9,1600,1200,576,0
20160619_FIRE_lp-e-iqeye,600,0.4767,1505.3,518.8,1583.8,561.9,1600,1200,576,176
20160619_FIRE_lp-e-iqeye,600,0.1659,1518.6,526.8,1582.3,561.9,1600,1200,576,176
20160619_FIRE_lp-e-iqeye,720,0.4060,1505.5,507.6,1584.6,562.0,1600,1200,576,0
20160619_FIRE_lp-e-iqeye,720,0.2000,1513.8,527.2,1585.0,561.5,1600,1200,576,0
20160619_FIRE_lp-e-iqeye,720,0.1817,1532.5,528.9,1582.2,561.4,1600,1200,576,0
20160619_FIRE_lp-e-iqeye,720,0.3952,1505.9,507.7,1584.3,562.0,1600,1200,576,176
20160619_FIRE_lp-e-iqeye,720,0.1931,1513.0,526.9,1584.8,561.5,1600,1200,576,176
20160619_FIRE_lp-e-iqeye,720,0.1631,1531.4,528.8,1582.0,561.4,1600,1200,576,176
20160619_FIRE_lp-e-iqeye,840,0.2707,1511.0,517.7,1587.5,562.1,1600,1200,576,0
20160619_FIRE_lp-e-iqeye,840,0.1896,1528.7,526.5,1585.3,561.7,1600,1200,576,0
20160619_FIRE_lp-e-iqeye,840,0.1487,1498.5,504.9,1590.5,562.1,1600,1200,576,0
20160619_FIRE_lp-e-iqeye,840,0.2828,1508.3,516.2,1587.6,562.0,1600,1200,576,176
20160619_FIRE_lp-e-iqeye,840,0.1848,1517.3,524.9,1588.9,561.3,1600,1200,576,176
20160619_FIRE_lp-e-iqeye,840,0.1667,1499.4,505.1,1590.5,562.2,1600,1200,576,176
20160619_FIRE_lp-e-iqeye,1200,0.2798,1478.3,507.9,1577.9,562.4,1600,1200,576,0
20160619_FIRE_lp-e-iqeye,1200,0.2843,1479.7,508.2,1577.6,562.3,1600,1200,576,176
20160619_FIRE_lp-e-iqeye,1320,0.2127,1546.4,529.3,1569.7,561.4,1600,1200,576,0
20160619_FIRE_lp-e-iqeye,1320,0.1789,1521.6,504.2,1576.0,562.2,1600,1200,576,0
20160619_FIRE_lp-e-iqeye,1320,0.1147,1479.2,503.0,1577.6,562.4,1600,1200,576,0
20160619_FIRE_lp-e-iqeye,1320,0.2089,1521.7,504.3,1574.1,561.6,1600,1200,576,176
20160619_FIRE_lp-e-iqeye,1320,0.1685,1546.9,529.5,1569.1,561.2,1600,1200,576,176
20160619_FIRE_lp-e-iqeye,1320,0.1130,1492.3,503.2,1574.2,562.0,1600,1200,576,176
20160619_FIRE_lp-e-iqeye,1560,0.2927,1515.4,496.2,1575.7,562.2,1600,1200,576,0
20160619_FIRE_lp-e-iqeye,1560,0.1363,1537.9,533.6,1572.0,562.1,1600,1200,576,0
20160619_FIRE_lp-e-iqeye,1560,0.2841,1516.1,496.3,1574.4,561.9,1600,1200,576,176
20160619_FIRE_lp-e-iqeye,1680,0.3561,1536.7,534.5,1580.4,562.1,1600,1200,576,0
20160619_FIRE_lp-e-iqeye,1680,0.2897,1498.1,497.1,1583.8,562.5,1600,1200,576,0
20160619_FIRE_lp-e-iqeye,1680,0.3016,1537.4,534.9,1580.3,562.0,1600,1200,576,176
20160619_FIRE_lp-e-iqeye,1680,0.2887,1498.7,497.3,1583.5,562.3,1600,1200,576,176
20160619_FIRE_lp-e-iqeye,1800,0.3513,1523.4,529.5,1580.9,562.3,1600,1200,576,0
20160619_FIRE_lp-e-iqeye,1800,0.1978,1523.2,529.5,1580.4,562.2,1600,1200,576,176
20160619_FIRE_lp-e-iqeye,1920,0.5084,1523.3,529.1,1575.8,561.5,1600,1200,576,0
20160619_FIRE_lp-e-iqeye,1920,0.4444,1523.5,529.2,1575.6,561.5,1600,1200,576,176
20160619_FIRE_lp-e-iqeye,2400,0.2995,1519.9,528.5,1567.7,561.4,1600,1200,576,0
20160619_FIRE_lp-e-iqeye,2400,0.2499,1519.8,528.4,1567.2,561.3,1600,1200,576,176
20160619_FIRE_om-e-mobo-c,120,0.1884,1007.6,780.3,1024.0,807.3,2048,1536,0,0
20160619_FIRE_om-e-mobo-c,120,0.1623,1007.6,780.3,1024.0,807.2,2048,1536,0,512
20160619_FIRE_om-e-mobo-c,240,0.2409,1009.3,775.6,1024.0,802.5,2048,1536,0,0
20160619_FIRE_om-e-mobo-c,240,0.2211,1009.3,775.7,1024.0,802.5,2048,1536,0,512
20160619_FIRE_om-e-mobo-c,300,0.3726,1009.6,774.4,1024.0,801.8,2048,1536,0,0
20160619_FIRE_om-e-mobo-c,300,0.5340,1009.6,778.0,1036.5,800.7,2048,1536,896,0
20160619_FIRE_om-e-mobo-c,300,0.1764,1024.0,774.2,1036.4,803.4,2048,1536,1024,0
20160619_FIRE_om-e-mobo-c,300,0.3648,1009.5,774.3,1024.0,801.7,2048,1536,0,512
20160619_FIRE_om-e-mobo-c,300,0.5402,1009.6,777.9,1036.6,800.5,2048,1536,896,512
20160619_FIRE_om-e-mobo-c,300,0.1679,1024.0,774.1,1036.5,802.5,2048,1536,1024,512
20160619_FIRE_om-e-mobo-c,360,0.4625,1009.7,772.2,1024.0,802.6,2048,1536,0,0
20160619_FIRE_om-e-mobo-c,360,0.7971,1009.6,770.5,1039.4,801.8,2048,1536,896,0
20160619_FIRE_om-e-mobo-c,360,0.4214,1024.0,770.2,1039.3,799.9,2048,1536,1024,0
20160619_FIRE_om-e-mobo-c,360,0.4727,1009.7,772.2,1024.0,802.5,2048,1536,0,512
20160619_FIRE_om-e-mobo-c,360,0.8007,1009.6,770.5,1039.5,801.6,2048,1536,896,512
20160619_FIRE_om-e-mobo-c,360,0.4075,1024.0,770.2,1039.3,799.8,2048,1536,1024,512
20160619_FIRE_om-e-mobo-c,420,0.4209,1008.3,770.5,1024.0,801.8,2048,1536,0,0
20160619_FIRE_om-e-mobo-c,420,0.7769,1008.0,769.6,1044.3,800.1,2048,1536,896,0
20160619_FIRE_om-e-mobo-c,420,0.3849,1024.0,769.0,1044.6,791.7,2048,1536,1024,0
20160619_FIRE_om-e-mobo-c,420,0.1178,1024.0,769.7,1044.4,808.2,2048,1536,1024,0
20160619_FIRE_om-e-mobo-c,420,0.4306,1008.3,770.5,1024.0,801.7,2048,1536,0,512
20160619_FIRE_om-e-mobo-c,420,0.7790,1008.0,769.6,1044.4,800.1,2048,1536,896,512
20160619_FIRE_om-e-mobo-c,420,0.3782,1024.0,768.9,1044.7,791.4,2048,1536,1024,512
20160619_FIRE_om-e-mobo-c,420,0.1097,1024.0,769.6,1044.5,807.6,2048,1536,1024,512
20160619_FIRE_om-e-mobo-c,480,0.1668,1006.8,773.0,1024.0,802.6,2048,1536,0,0
20160619_FIRE_om-e-mobo-c,480,0.6800,1006.3,768.8,1050.4,794.1,2048,1536,896,0
20160619_FIRE_om-e-mobo-c,480,0.3248,1024.0,768.3,1049.7,785.6,2048,1536,1024,0
20160619_FIRE_om-e-mobo-c,480,0.1424,1006.8,773.0,1024.0,802.2,2048,1536,0,512
20160619_FIRE_om-e-mobo-c,480,0.6860,1006.2,768.7,1050.6,794.0,2048,1536,896,512
20160619_FIRE_om-e-mobo-c,480,0.3218,1024.0,768.2,1049.9,785.4,2048,1536,1024,512
20160619_FIRE_om-e-mobo-c,540,0.2114,1006.1,766.6,1024.0,799.8,2048,1536,0,0
20160619_FIRE_om-e-mobo-c,540,0.1877,1006.1,766.5,1024.0,799.6,2048,1536,0,512
20160619_FIRE_om-e-mobo-c,600,0.1480,1007.6,762.7,1024.0,801.6,2048,1536,0,0
20160619_FIRE_om-e-mobo-c,600,0.1295,1007.7,762.5,1024.0,801.6,2048,1536,0,512
20160619_FIRE_om-e-mobo-c,660,0.2140,1009.5,760.6,1024.0,802.1,2048,1536,0,0
20160619_FIRE_om-e-mobo-c,660,0.3014,1009.6,768.5,1032.2,801.0,2048,1536,896,0
20160619_FIRE_om-e-mobo-c,660,0.1964,1008.7,767.3,1066.9,799.8,2048,1536,896,0
20160619_FIRE_om-e-mobo-c,660,0.1379,1009.3,768.1,1043.6,801.0,2048,1536,896,0
20160619_FIRE_om-e-mobo-c,660,0.1676,1024.0,768.5,1067.9,791.5,2048,1536,1024,0
20160619_FIRE_om-e-mobo-c,660,0.1976,1009.5,760.5,1024.0,802.1,2048,1536,0,512
20160619_FIRE_om-e-mobo-c,660,0.3016,1009.5,768.4,1032.3,801.0,2048,1536,896,512
20160619_FIRE_om-e-mobo-c,660,0.1959,1008.5,767.2,1066.9,799.8,2048,1536,896,512
20160619_FIRE_om-e-mobo-c,660,0.1383,1009.2,768.1,1043.5,800.9,2048,1536,896,512
20160619_FIRE_om-e-mobo-c,660,0.1509,1024.0,768.3,1067.6,791.2,2048,1536,1024,512
20160619_FIRE_om-e-mobo-c,720,0.3093,1009.0,767.4,1024.0,801.3,2048,1536,0,0
20160619_FIRE_om-e-mobo-c,720,0.2461,1008.5,769.0,1039.7,799.2,2048,1536,896,0
20160619_FIRE_om-e-mobo-c,720,0.3077,1009.0,767.5,1024.0,801.2,2048,1536,0,512
20160619_FIRE_om-e-mobo-c,720,0.2398,1008.4,769.0,1039.8,799.1,2048,1536,896,512
20160619_FIRE_om-e-mobo-c,780,0.3303,1008.2,768.1,1024.0,801.6,2048,1536,0,0
20160619_FIRE_om-e-mobo-c,780,0.3278,1007.6,769.8,1039.0,799.1,2048,1536,896,0
20160619_FIRE_om-e-mobo-c,780,0.1059,1007.4,768.6,1054.6,799.1,2048,1536,896,0
20160619_FIRE_om-e-mobo-c,780,0.1566,1038.9,768.2,1081.4,786.4,2048,1536,1024,0
20160619_FIRE_om-e-mobo-c,780,0.3251,1008.2,768.1,1024.0,801.5,2048,1536,0,512
20160619_FIRE_om-e-mobo-c,780,0.3106,1007.4,769.8,1039.0,799.0,2048,1536,896,512
20160619_FIRE_om-e-mobo-c,780,0.1131,1045.3,768.2,1081.4,785.9,2048,1536,1024,512
20160619_FIRE_om-e-mobo-c,840,0.3244,1008.6,768.9,1024.0,798.8,2048,1536,0,0
20160619_FIRE_om-e-mobo-c,840,0.4107,1007.2,769.7,1039.2,796.9,2048,1536,896,0
20160619_FIRE_om-e-mobo-c,840,0.1195,1024.0,774.8,1031.9,800.4,2048,1536,1024,0
20160619_FIRE_om-e-mobo-c,840,0.1094,1024.0,769.9,1033.9,799.4,2048,1536,1024,0
20160619_FIRE_om-e-mobo-c,840,0.1074,1024.0,769.1,1037.7,799.5,2048,1536,1024,0
20160619_FIRE_om-e-mobo-c,840,0.3215,1008.6,768.9,1024.0,798.6,2048,1536,0,512
20160619_FIRE_om-e-mobo-c,840,0.3934,1007.0,769.7,1039.3,796.8,2048,1536,896,512
20160619_FIRE_om-e-mobo-c,840,0.1129,1024.0,774.6,1032.0,800.1,2048,1536,1024,512
20160619_FIRE_om-e-mobo-c,840,0.1036,1024.0,768.9,1037.9,799.2,2048,1536,1024,512
20160619_FIRE_om-e-mobo-c,900,0.2504,1009.4,770.0,1024.0,802.4,2048,1536,0,0
20160619_FIRE_om-e-mobo-c,900,0.1925,1007.5,769.4,1040.2,800.7,2048,1536,896,0
20160619_FIRE_om-e-mobo-c,900,0.1140,1024.1,766.5,1042.2,787.5,2048,1536,1024,0
20160619_FIRE_om-e-mobo-c,900,0.2371,1009.4,770.0,1024.0,802.4,2048,1536,0,512
20160619_FIRE_om-e-mobo-c,900,0.1904,1007.4,769.4,1040.2,800.7,2048,1536,896,512
20160619_FIRE_om-e-mobo-c,900,0.1043,1024.1,766.2,1042.3,787.4,2048,1536,1024,512
20160619_FIRE_om-e-mobo-c,960,0.4515,1010.1,770.1,1024.0,802.3,2048,1536,0,0
20160619_FIRE_om-e-mobo-c,960,0.4509,1009.5,771.9,1028.0,800.8,2048,1536,896,0
20160619_FIRE_om-e-mobo-c,960,0.1506,1007.9,770.0,1036.2,800.9,2048,1536,896,0
20160619_FIRE_om-e-mobo-c,960,0.4455,1010.1,770.1,1024.0,802.3,2048,1536,0,512
20160619_FIRE_om-e-mobo-c,960,0.4473,1009.4,771.8,1028.1,800.8,2048,1536,896,512
20160619_FIRE_om-e-mobo-c,960,0.1558,1008.3,770.3,1036.2,800.6,2048,1536,896,512
20160619_FIRE_om-e-mobo-c,1020,0.3876,1010.1,768.8,1024.0,801.2,2048,1536,0,0
20160619_FIRE_om-e-mobo-c,1020,0.1043,1010.2,749.8,1024.0,801.1,2048,1536,0,0
20160619_FIRE_om-e-mobo-c,1020,0.6162,1008.8,770.5,1036.6,799.7,2048,1536,896,0
20160619_FIRE_om-e-mobo-c,1020,0.2705,1024.0,770.3,1037.6,797.1,2048,1536,1024,0
20160619_FIRE_om-e-mobo-c,1020,0.3943,1010.1,768.8,1024.0,801.1,2048,1536,0,512
20160619_FIRE_om-e-mobo-c,1020,0.1011,1010.2,750.2,1024.0,801.0,2048,1536,0,512
20160619_FIRE_om-e-mobo-c,1020,0.6171,1008.7,770.5,1036.8,799.6,2048,1536,896,512
20160619_FIRE_om-e-mobo-c,1020,0.2618,1024.0,770.2,1037.8,797.0,2048,1536,1024,512
20160619_FIRE_om-e-mobo-c,1080,0.1767,1009.7,768.1,1024.0,798.7,2048,1536,0,0
20160619_FIRE_om-e-mobo-c,1080,0.3261,1007.6,768.4,1042.3,797.8,2048,1536,896,0
20160619_FIRE_om-e-mobo-c,1080,0.1657,1009.8,768.0,1024.0,798.5,2048,1536,0,512
20160619_FIRE_om-e-mobo-c,1080,0.2953,1007.4,768.3,1042.3,797.7,2048,1536,896,512
20160619_FIRE_om-e-mobo-c,1140,0.2195,1009.0,767.0,1050.4,786.8,2048,1536,896,0
20160619_FIRE_om-e-mobo-c,1140,0.2965,1024.0,766.2,1049.7,786.5,2048,1536,1024,0
20160619_FIRE_om-e-mobo-c,1140,0.2186,1008.9,766.9,1050.6,786.3,2048,1536,896,512
20160619_FIRE_om-e-mobo-c,1140,0.3004,1024.0,766.0,1050.0,786.5,2048,1536,1024,512
20160619_FIRE_om-e-mobo-c,1200,0.1479,1006.5,759.1,1024.0,799.1,2048,1536,0,0
20160619_FIRE_om-e-mobo-c,1200,0.1148,1006.2,771.2,1023.8,800.5,2048,1536,0,0
20160619_FIRE_om-e-mobo-c,1200,0.4773,1005.6,763.4,1052.2,796.7,2048,1536,896,0
20160619_FIRE_om-e-mobo-c,1200,0.2318,1024.0,765.4,1052.2,786.9,2048,1536,1024,0
20160619_FIRE_om-e-mobo-c,1200,0.1270,1006.5,759.0,1024.0,799.1,2048,1536,0,512
20160619_FIRE_om-e-mobo-c,1200,0.4741,1005.5,763.3,1052.4,796.5,2048,1536,896,512
20160619_FIRE_om-e-mobo-c,1200,0.2254,1024.0,765.1,1052.5,786.9,2048,1536,1024,512
20160619_FIRE_om-e-mobo-c,1260,0.1222,1006.0,753.5,1023.9,799.4,2048,1536,0,0
20160619_FIRE_om-e-mobo-c,1260,0.1949,1003.9,765.4,1057.1,799.7,2048,1536,896,0
20160619_FIRE_om-e-mobo-c,1260,0.1042,1006.1,753.5,1023.9,799.3,2048,1536,0,512
20160619_FIRE_om-e-mobo-c,1260,0.1745,1003.8,765.0,1057.2,799.8,2048,1536,896,512
20160619_FIRE_om-e-mobo-c,1320,0.2028,1006.6,758.2,1024.0,800.0,2048,1536,0,0
20160619_FIRE_om-e-mobo-c,1320,0.1242,1005.1,772.8,1023.5,803.1,2048,1536,0,0
20160619_FIRE_om-e-mobo-c,1320,0.2619,1004.6,760.4,1056.6,800.3,2048,1536,896,0
20160619_FIRE_om-e-mobo-c,1320,0.2781,1024.1,761.6,1059.2,788.7,2048,1536,1024,0
20160619_FIRE_om-e-mobo-c,1320,0.1900,1006.6,758.2,1024.0,799.9,2048,1536,0,512
20160619_FIRE_om-e-mobo-c,1320,0.1169,1005.1,774.1,1023.5,802.9,2048,1536,0,512
20160619_FIRE_om-e-mobo-c,1320,0.2732,1004.4,760.2,1056.9,800.2,2048,1536,896,512
20160619_FIRE_om-e-mobo-c,1320,0.2516,1024.0,761.1,1059.1,788.7,2048,1536,1024,512
20160619_FIRE_om-e-mobo-c,1380,0.4596,1005.4,749.2,1024.0,800.0,2048,1536,0,0
20160619_FIRE_om-e-mobo-c,1380,0.2176,1005.0,770.1,1023.8,800.7,2048,1536,0,0
20160619_FIRE_om-e-mobo-c,1380,0.5462,1004.6,752.5,1053.9,799.8,2048,1536,896,0
20160619_FIRE_om-e-mobo-c,1380,0.4060,1004.9,753.1,1039.7,799.5,2048,1536,896,0
20160619_FIRE_om-e-mobo-c,1380,0.4511,1024.1,759.1,1064.3,788.7,2048,1536,1024,0
20160619_FIRE_om-e-mobo-c,1380,0.4535,1005.4,749.3,1024.0,800.0,2048,1536,0,512
20160619_FIRE_om-e-mobo-c,1380,0.2216,1005.0,770.2,1023.8,800.6,2048,1536,0,512
20160619_FIRE_om-e-mobo-c,1380,0.5579,1004.5,752.4,1055.3,799.7,2048,1536,896,512
20160619_FIRE_om-e-mobo-c,1380,0.4011,1004.8,753.0,1039.9,799.4,2048,1536,896,512
20160619_FIRE_om-e-mobo-c,1380,0.4400,1024.1,758.7,1064.3,788.7,2048,1536,1024,512
20160619_FIRE_om-e-mobo-c,1440,0.3616,1002.9,747.8,1024.0,799.9,2048,1536,0,0
20160619_FIRE_om-e-mobo-c,1440,0.1473,1003.7,773.5,1023.5,801.5,2048,1536,0,0
20160619_FIRE_om-e-mobo-c,1440,0.5428,1001.4,750.4,1056.4,800.3,2048,1536,896,0
20160619_FIRE_om-e-mobo-c,1440,0.2640,1024.0,748.6,1061.8,788.3,2048,1536,1024,0
20160619_FIRE_om-e-mobo-c,1440,0.1333,1024.0,767.1,1061.3,788.1,2048,1536,1024,0
20160619_FIRE_om-e-mobo-c,1440,0.3555,1002.8,747.9,1024.0,799.9,2048,1536,0,512
20160619_FIRE_om-e-mobo-c,1440,0.1518,1003.7,773.8,1023.5,801.4,2048,1536,0,512
20160619_FIRE_om-e-mobo-c,1440,0.5652,1001.3,750.2,1056.6,800.1,2048,1536,896,512
20160619_FIRE_om-e-mobo-c,1440,0.2571,1024.0,748.0,1061.8,788.3,2048,1536,1024,512
20160619_FIRE_om-e-mobo-c,1440,0.1161,1024.0,766.8,1061.3,788.1,2048,1536,1024,512
20160619_FIRE_om-e-mobo-c,1500,0.2788,1000.8,742.9,1024.0,800.4,2048,1536,0,0
20160619_FIRE_om-e-mobo-c,1500,0.1435,1002.3,770.1,1022.7,800.6,2048,1536,0,0
20160619_FIRE_om-e-mobo-c,1500,0.2254,999.9,748.7,1054.4,799.8,2048,1536,896,0
20160619_FIRE_om-e-mobo-c,1500,0.1745,1000.4,764.7,1059.2,799.2,2048,1536,896,0
20160619_FIRE_om-e-mobo-c,1500,0.1299,1002.5,776.0,1019.2,799.8,2048,1536,896,0
20160619_FIRE_om-e-mobo-c,1500,0.2094,1024.0,754.6,1062.0,789.0,2048,1536,1024,0
20160619_FIRE_om-e-mobo-c,1500,0.1743,1024.0,766.3,1062.1,788.9,2048,1536,1024,0
20160619_FIRE_om-e-mobo-c,1500,0.2678,1000.8,742.9,1024.0,800.4,2048,1536,0,512
20160619_FIRE_om-e-mobo-c,1500,0.1377,1002.2,770.2,1022.7,800.5,2048,1536,0,512
20160619_FIRE_om-e-mobo-c,1500,0.2444,999.8,751.4,1058.3,800.6,2048,1536,896,512
20160619_FIRE_om-e-mobo-c,1500,0.1770,1000.3,764.1,1059.3,799.1,2048,1536,896,512
20160619_FIRE_om-e-mobo-c,1500,0.1242,1002.4,776.2,1019.2,799.7,2048,1536,896,512
20160619_FIRE_om-e-mobo-c,1500,0.2005,1024.0,753.0,1062.0,788.9,2048,1536,1024,512
20160619_FIRE_om-e-mobo-c,1500,0.1516,1024.0,765.9,1062.1,788.8,2048,1536,1024,512
20160619_FIRE_om-e-mobo-c,1560,0.3762,1000.8,745.1,1024.0,800.5,2048,1536,0,0
20160619_FIRE_om-e-mobo-c,1560,0.1379,1001.7,768.0,1023.7,800.9,2048,1536,0,0
20160619_FIRE_om-e-mobo-c,1560,0.3989,999.4,751.6,1059.2,800.7,2048,1536,896,0
20160619_FIRE_om-e-mobo-c,1560,0.1419,1000.2,753.9,1043.3,800.1,2048,1536,896,0
20160619_FIRE_om-e-mobo-c,1560,0.3643,1024.0,761.0,1061.7,788.8,2048,1536,1024,0
20160619_FIRE_om-e-mobo-c,1560,0.1009,1024.1,743.3,1059.9,786.9,2048,1536,1024,0
20160619_FIRE_om-e-mobo-c,1560,0.3732,1000.7,745.1,1024.0,800.5,2048,1536,0,512
20160619_FIRE_om-e-mobo-c,1560,0.1360,1001.7,768.1,1023.7,800.9,2048,1536,0,512
20160619_FIRE_om-e-mobo-c,1560,0.4315,999.2,750.7,1059.2,800.6,2048,1536,896,512
20160619_FIRE_om-e-mobo-c,1560,0.1334,999.9,752.9,1044.1,800.1,2048,1536,896,512
20160619_FIRE_om-e-mobo-c,1560,0.3414,1024.0,760.6,1061.7,788.7,2048,1536,1024,512
20160619_FIRE_om-e-mobo-c,1560,0.1489,1024.0,748.9,1062.4,788.4,2048,1536,1024,512
20160619_FIRE_om-e-mobo-c,1620,0.4769,999.0,743.7,1024.0,800.3,2048,1536,0,0
20160619_FIRE_om-e-mobo-c,1620,0.5532,998.8,747.7,1056.8,801.7,2048,1536,896,0
20160619_FIRE_om-e-mobo-c,1620,0.3020,1024.0,751.9,1060.2,790.0,2048,1536,1024,0
20160619_FIRE_om-e-mobo-c,1620,0.2833,1024.0,763.4,1061.7,789.5,2048,1536,1024,0
20160619_FIRE_om-e-mobo-c,1620,0.4702,998.9,743.7,1024.0,800.2,2048,1536,0,512
20160619_FIRE_om-e-mobo-c,1620,0.5716,998.7,747.4,1057.0,801.6,2048,1536,896,512
20160619_FIRE_om-e-mobo-c,1620,0.3058,1024.0,751.3,1060.3,790.0,2048,1536,1024,512
20160619_FIRE_om-e-mobo-c,1620,0.2719,1024.0,762.9,1061.7,789.5,2048,1536,1024,512
20160619_FIRE_om-e-mobo-c,1680,0.4766,998.5,738.5,1024.0,799.9,2048,1536,0,0
20160619_FIRE_om-e-mobo-c,1680,0.5309,997.1,743.6,1038.7,800.1,2048,1536,896,0
20160619_FIRE_om-e-mobo-c,1680,0.3429,996.9,742.4,1056.4,801.9,2048,1536,896,0
20160619_FIRE_om-e-mobo-c,1680,0.3003,1024.0,760.9,1060.5,789.4,2048,1536,1024,0
20160619_FIRE_om-e-mobo-c,1680,0.4690,998.4,738.5,1024.0,799.8,2048,1536,0,512
20160619_FIRE_om-e-mobo-c,1680,0.5358,997.0,743.4,1038.9,800.0,2048,1536,896,512
20160619_FIRE_om-e-mobo-c,1680,0.4591,996.3,743.2,1056.2,799.7,2048,1536,896,512
20160619_FIRE_om-e-mobo-c,1680,0.3051,1024.0,760.4,1060.5,789.4,2048,1536,1024,512
20160619_FIRE_om-e-mobo-c,1740,0.4935,1002.5,778.5,1023.4,801.2,2048,1536,0,0
20160619_FIRE_om-e-mobo-c,1740,0.5628,1002.0,778.3,1022.3,799.7,2048,1536,896,0
20160619_FIRE_om-e-mobo-c,1740,0.2954,1024.0,755.7,1062.0,791.8,2048,1536,1024,0
20160619_FIRE_om-e-mobo-c,1740,0.1173,1024.0,756.2,1061.7,806.6,2048,1536,1024,0
20160619_FIRE_om-e-mobo-c,1740,0.4964,1002.5,778.5,1023.4,801.1,2048,1536,0,512
20160619_FIRE_om-e-mobo-c,1740,0.5422,1001.9,778.2,1022.3,799.7,2048,1536,896,512
20160619_FIRE_om-e-mobo-c,1740,0.1148,998.4,760.3,1059.4,801.1,2048,1536,896,512
20160619_FIRE_om-e-mobo-c,1740,0.3137,1024.0,756.1,1062.2,791.8,2048,1536,1024,512
20160619_FIRE_om-e-mobo-c,1740,0.1154,1024.0,756.8,1062.0,806.5,2048,1536,1024,512
20160619_FIRE_om-e-mobo-c,1800,0.2874,995.7,743.9,1024.0,801.4,2048,1536,0,0
20160619_FIRE_om-e-mobo-c,1800,0.1639,1004.7,750.5,1024.0,803.0,2048,1536,0,0
20160619_FIRE_om-e-mobo-c,1800,0.1603,1006.0,772.8,1024.0,802.1,2048,1536,0,0
20160619_FIRE_om-e-mobo-c,1800,0.1587,989.7,734.5,1024.0,802.9,2048,1536,0,0
20160619_FIRE_om-e-mobo-c,1800,0.3526,1002.3,768.6,1058.5,801.3,2048,1536,896,0
20160619_FIRE_om-e-mobo-c,1800,0.2542,1004.2,770.0,1043.6,800.1,2048,1536,896,0
20160619_FIRE_om-e-mobo-c,1800,0.2497,1003.9,771.7,1033.7,801.2,2048,1536,896,0
20160619_FIRE_om-e-mobo-c,1800,0.1256,994.9,745.6,1058.4,802.0,2048,1536,896,0
20160619_FIRE_om-e-mobo-c,1800,0.3770,1024.1,766.8,1061.9,792.5,2048,1536,1024,0
20160619_FIRE_om-e-mobo-c,1800,0.1121,1024.1,750.5,1061.2,791.3,2048,1536,1024,0
20160619_FIRE_om-e-mobo-c,1800,0.2846,995.5,743.9,1024.0,801.4,2048,1536,0,512
20160619_FIRE_om-e-mobo-c,1800,0.1621,1004.6,751.2,1024.0,803.0,2048,1536,0,512
20160619_FIRE_om-e-mobo-c,1800,0.1621,1006.0,772.8,1024.0,802.1,2048,1536,0,512
20160619_FIRE_om-e-mobo-c,1800,0.3612,1003.2,768.4,1061.0,800.0,2048,1536,896,512
20160619_FIRE_om-e-mobo-c,1800,0.2591,1004.1,770.0,1044.8,800.1,2048,1536,896,512
20160619_FIRE_om-e-mobo-c,1800,0.2409,1003.8,771.7,1033.9,801.1,2048,1536,896,512
20160619_FIRE_om-e-mobo-c,1800,0.1536,994.4,744.9,1058.3,801.8,2048,1536,896,512
20160619_FIRE_om-e-mobo-c,1800,0.3674,1024.1,766.7,1062.0,792.4,2048,1536,1024,512
20160619_FIRE_om-e-mobo-c,1800,0.1164,1024.1,750.4,1061.3,791.2,2048,1536,1024,512
20160619_FIRE_om-e-mobo-c,1860,0.2634,1007.5,760.1,1024.0,802.7,2048,1536,0,0
20160619_FIRE_om-e-mobo-c,1860,0.2247,1006.3,746.8,1024.0,801.1,2048,1536,0,0
20160619_FIRE_om-e-mobo-c,1860,0.1794,994.8,742.0,1024.0,804.6,2048,1536,0,0
20160619_FIRE_om-e-mobo-c,1860,0.6521,1006.4,767.8,1055.1,799.2,2048,1536,896,0
20160619_FIRE_om-e-mobo-c,1860,0.4111,1024.0,762.4,1060.1,792.3,2048,1536,1024,0
20160619_FIRE_om-e-mobo-c,1860,0.2634,1007.5,760.5,1024.0,802.6,2048,1536,0,512
20160619_FIRE_om-e-mobo-c,1860,0.2220,1006.3,746.8,1024.0,801.1,2048,1536,0,512
20160619_FIRE_om-e-mobo-c,1860,0.1820,994.1,742.0,1024.0,804.5,2048,1536,0,512
20160619_FIRE_om-e-mobo-c,1860,0.6559,1006.4,767.9,1055.3,799.2,2048,1536,896,512
20160619_FIRE_om-e-mobo-c,1860,0.4140,1024.0,762.4,1060.2,792.3,2048,1536,1024,512
20160619_FIRE_om-e-mobo-c,1920,0.2505,1005.4,769.1,1024.0,804.0,2048,1536,0,0
20160619_FIRE_om-e-mobo-c,1920,0.2277,1005.4,755.1,1024.0,803.2,2048,1536,0,0
20160619_FIRE_om-e-mobo-c,1920,0.1979,993.5,741.9,1024.0,804.7,2048,1536,0,0
20160619_FIRE_om-e-mobo-c,1920,0.1124,1002.3,743.2,1024.0,804.7,2048,1536,0,0
20160619_FIRE_om-e-mobo-c,1920,0.7102,1004.9,769.3,1055.2,798.6,2048,1536,896,0
20160619_FIRE_om-e-mobo-c,1920,0.4525,1024.0,767.7,1057.3,793.7,2048,1536,1024,0
20160619_FIRE_om-e-mobo-c,1920,0.1682,1024.1,755.4,1056.7,792.8,2048,1536,1024,0
20160619_FIRE_om-e-mobo-c,1920,0.2518,1005.4,769.3,1024.0,803.9,2048,1536,0,512
20160619_FIRE_om-e-mobo-c,1920,0.2269,1005.4,755.7,1024.0,803.1,2048,1536,0,512
20160619_FIRE_om-e-mobo-c,1920,0.2028,992.7,741.9,1024.0,804.5,2048,1536,0,512
20160619_FIRE_om-e-mobo-c,1920,0.1120,1002.0,743.2,1024.0,804.6,2048,1536,0,512
20160619_FIRE_om-e-mobo-c,1920,0.7175,1004.9,769.2,1055.6,798.6,2048,1536,896,512
20160619_FIRE_om-e-mobo-c,1920,0.4556,1024.0,763.8,1057.0,792.9,2048,1536,1024,512
20160619_FIRE_om-e-mobo-c,1980,0.2830,1001.5,766.5,1024.0,801.5,2048,1536,0,0
20160619_FIRE_om-e-mobo-c,1980,0.7302,1001.7,767.8,1057.6,798.0,2048,1536,896,0
20160619_FIRE_om-e-mobo-c,1980,0.5228,1024.0,766.1,1058.5,791.6,2048,1536,1024,0
20160619_FIRE_om-e-mobo-c,1980,0.2827,1001.5,766.7,1024.0,801.4,2048,1536,0,512
20160619_FIRE_om-e-mobo-c,1980,0.7378,1001.8,767.8,1057.8,797.9,2048,1536,896,512
20160619_FIRE_om-e-mobo-c,1980,0.5283,1024.0,766.1,1058.6,791.6,2048,1536,1024,512
20160619_FIRE_om-e-mobo-c,2040,0.3690,1001.2,768.3,1024.0,801.2,2048,1536,0,0
20160619_FIRE_om-e-mobo-c,2040,0.1031,1001.3,740.9,1024.0,803.0,2048,1536,0,0
20160619_FIRE_om-e-mobo-c,2040,0.7819,1001.7,767.5,1057.2,798.6,2048,1536,896,0
20160619_FIRE_om-e-mobo-c,2040,0.5048,1024.0,763.1,1058.8,793.1,2048,1536,1024,0
20160619_FIRE_om-e-mobo-c,2040,0.3715,1001.2,768.5,1024.0,801.2,2048,1536,0,512
20160619_FIRE_om-e-mobo-c,2040,0.1022,1001.2,741.0,1024.0,802.9,2048,1536,0,512
20160619_FIRE_om-e-mobo-c,2040,0.7848,1001.7,767.5,1057.3,798.5,2048,1536,896,512
20160619_FIRE_om-e-mobo-c,2040,0.5123,1024.0,763.2,1058.9,793.1,2048,1536,1024,512
20160619_FIRE_om-e-mobo-c,2100,0.3927,998.7,767.4,1024.0,801.6,2048,1536,0,0
20160619_FIRE_om-e-mobo-c,2100,0.7793,999.0,764.0,1059.3,798.2,2048,1536,896,0
20160619_FIRE_om-e-mobo-c,2100,0.5676,1024.0,761.0,1060.5,793.4,2048,1536,1024,0
20160619_FIRE_om-e-mobo-c,2100,0.3865,998.7,767.4,1024.0,801.6,2048,1536,0,512
20160619_FIRE_om-e-mobo-c,2100,0.7777,999.0,764.2,1059.4,798.2,2048,1536,896,512
20160619_FIRE_om-e-mobo-c,2100,0.5753,1024.0,761.2,1060.6,793.4,2048,1536,1024,512
20160619_FIRE_om-e-mobo-c,2160,0.3359,1001.1,769.6,1024.0,802.2,2048,1536,0,0
20160619_FIRE_om-e-mobo-c,2160,0.7517,1000.9,764.7,1059.8,797.7,2048,1536,896,0
20160619_FIRE_om-e-mobo-c,2160,0.6309,1024.0,762.5,1061.0,792.3,2048,1536,1024,0
20160619_FIRE_om-e-mobo-c,2160,0.3260,1001.4,770.0,1024.0,802.8,2048,1536,0,512
20160619_FIRE_om-e-mobo-c,2160,0.7506,1000.9,765.7,1060.6,798.3,2048,1536,896,512
20160619_FIRE_om-e-mobo-c,2160,0.6332,1024.0,762.6,1061.2,792.4,2048,1536,1024,512
20160619_FIRE_om-e-mobo-c,2220,0.5521,1001.5,766.9,1062.0,798.0,2048,1536,896,0
20160619_FIRE_om-e-mobo-c,2220,0.4719,1024.0,763.9,1062.7,792.7,2048,1536,1024,0
20160619_FIRE_om-e-mobo-c,2220,0.5382,1001.5,767.1,1062.1,797.9,2048,1536,896,512
20160619_FIRE_om-e-mobo-c,2220,0.4750,1024.0,764.1,1062.8,792.7,2048,1536,1024,512
20160619_FIRE_om-e-mobo-c,2280,0.1836,1004.5,771.7,1024.0,804.3,2048,1536,0,0
20160619_FIRE_om-e-mobo-c,2280,0.5052,1002.3,768.0,1060.7,799.5,2048,1536,896,0
20160619_FIRE_om-e-mobo-c,2280,0.3881,1024.0,765.5,1062.0,792.4,2048,1536,1024,0
20160619_FIRE_om-e-mobo-c,2280,0.1878,1024.0,754.0,1061.9,791.7,2048,1536,1024,0
20160619_FIRE_om-e-mobo-c,2280,0.1612,1004.4,771.6,1024.0,804.3,2048,1536,0,512
20160619_FIRE_om-e-mobo-c,2280,0.5035,1001.2,767.6,1060.9,798.3,2048,1536,896,512
20160619_FIRE_om-e-mobo-c,2280,0.3923,1024.0,765.5,1062.0,792.4,2048,1536,1024,512
20160619_FIRE_om-e-mobo-c,2280,0.1826,1024.0,754.2,1062.0,791.7,2048,1536,1024,512
20160619_FIRE_om-e-mobo-c,2340,0.1353,994.6,770.6,1024.0,804.5,2048,1536,0,0
20160619_FIRE_om-e-mobo-c,2340,0.3417,994.6,766.6,1060.0,800.1,2048,1536,896,0
20160619_FIRE_om-e-mobo-c,2340,0.3327,1024.0,760.6,1061.2,794.1,2048,1536,1024,0
20160619_FIRE_om-e-mobo-c,2340,0.1191,994.6,770.6,1024.0,804.5,2048,1536,0,512
20160619_FIRE_om-e-mobo-c,2340,0.3075,994.6,766.7,1060.0,800.1,2048,1536,896,512
20160619_FIRE_om-e-mobo-c,2340,0.3099,1024.0,759.0,1061.3,793.5,2048,1536,1024,512
20160619_FIRE_om-e-mobo-c,2400,0.1661,994.2,769.1,1024.0,802.4,2048,1536,0,0
20160619_FIRE_om-e-mobo-c,2400,0.1351,1005.2,773.8,1023.9,801.8,2048,1536,0,0
20160619_FIRE_om-e-mobo-c,2400,0.4826,994.4,765.6,1059.5,800.2,2048,1536,896,0
20160619_FIRE_om-e-mobo-c,2400,0.4595,1024.0,761.2,1061.6,794.0,2048,1536,1024,0
20160619_FIRE_om-e-mobo-c,2400,0.1633,994.1,769.1,1024.0,802.5,2048,1536,0,512
20160619_FIRE_om-e-mobo-c,2400,0.1306,1005.1,773.6,1023.9,801.9,2048,1536,0,512
20160619_FIRE_om-e-mobo-c,2400,0.4736,994.4,765.9,1059.7,800.2,2048,1536,896,512
20160619_FIRE_om-e-mobo-c,2400,0.4580,1024.0,761.3,1061.8,793.9,2048,1536,1024,512
20160619_FIRE_pi-s-mobo-c,900,0.4801,0.2,843.0,60.7,911.4,2048,1536,0,0
20160619_FIRE_pi-s-mobo-c,900,0.5079,0.2,843.2,60.7,911.2,2048,1536,0,512
20160619_FIRE_pi-s-mobo-c,960,0.3312,0.0,840.1,49.6,910.7,2048,1536,0,0
20160619_FIRE_pi-s-mobo-c,960,0.1140,0.6,803.4,49.3,914.1,2048,1536,0,0
20160619_FIRE_pi-s-mobo-c,960,0.3386,0.0,839.1,49.7,910.6,2048,1536,0,512
20160619_FIRE_pi-s-mobo-c,960,0.1177,0.5,803.4,49.3,913.9,2048,1536,0,512
20160619_FIRE_pi-s-mobo-c,1020,0.1604,13.9,881.0,50.7,911.1,2048,1536,0,512
20160718_FIRE_lp-n-iqeye,600,0.2619,787.6,481.8,855.7,513.8,1600,1200,0,0
20160718_FIRE_lp-n-iqeye,600,0.1527,787.7,481.8,855.2,513.6,1600,1200,576,0
20160718_FIRE_lp-n-iqeye,600,0.1575,787.6,481.8,856.0,513.8,1600,1200,0,176
20160718_FIRE_lp-n-iqeye,600,0.1305,787.7,481.8,855.7,513.6,1600,1200,576,176
20160718_FIRE_lp-n-iqeye,720,0.2047,787.4,470.9,855.1,512.3,1600,1200,0,0
20160718_FIRE_lp-n-iqeye,720,0.1331,787.6,471.0,854.2,512.2,1600,1200,576,0
20160718_FIRE_lp-n-iqeye,720,0.1937,787.5,470.9,855.7,512.3,1600,1200,0,176
20160718_FIRE_lp-n-iqeye,720,0.1610,787.8,471.0,853.7,512.1,1600,1200,576,176
20160718_FIRE_mg-s-iqeye,720,0.2483,479.3,545.3,540.8,568.4,1600,1200,0,0
20160718_FIRE_mg-s-iqeye,720,0.2486,480.1,545.7,541.0,568.6,1600,1200,0,176
20160718_FIRE_mg-s-iqeye,840,0.5585,473.1,537.0,542.7,567.9,1600,1200,0,0
20160718_FIRE_mg-s-iqeye,840,0.5823,473.1,537.0,542.8,567.8,1600,1200,0,176
20160718_FIRE_mg-s-iqeye,960,0.4135,461.2,532.9,532.4,567.3,1600,1200,0,0
20160718_FIRE_mg-s-iqeye,960,0.4357,461.2,532.9,532.9,567.3,1600,1200,0,176
20160718_FIRE_mg-s-iqeye,1080,0.6439,459.7,528.8,535.4,567.4,1600,1200,0,0
20160718_FIRE_mg-s-iqeye,1080,0.6599,458.8,528.7,534.9,567.3,1600,1200,0,176
20160718_FIRE_mg-s-iqeye,1200,0.6962,470.1,520.1,533.1,566.7,1600,1200,0,0
20160718_FIRE_mg-s-iqeye,1200,0.7029,469.9,520.0,533.0,566.6,1600,1200,0,176
20160718_FIRE_mg-s-iqeye,1320,0.5165,460.5,516.7,537.1,567.1,1600,1200,0,0
20160718_FIRE_mg-s-iqeye,1320,0.5404,459.8,516.7,537.4,567.0,1600,1200,0,176
20160718_FIRE_mg-s-iqeye,1440,0.7393,455.0,522.3,540.0,568.1,1600,1200,0,0
20160718_FIRE_mg-s-iqeye,1440,0.7220,453.9,522.2,539.8,568.0,1600,1200,0,176
20160718_FIRE_mg-s-iqeye,1560,0.7376,443.5,524.2,541.9,568.2,1600,1200,0,0
20160718_FIRE_mg-s-iqeye,1560,0.7504,442.9,524.1,541.7,568.2,1600,1200,0,176
20160718_FIRE_mg-s-iqeye,1680,0.6417,430.7,521.9,538.9,568.2,1600,1200,0,0
20160718_FIRE_mg-s-iqeye,1680,0.6913,428.9,521.8,538.8,568.1,1600,1200,0,176
20160718_FIRE_mg-s-iqeye,1800,0.4937,432.6,520.6,539.6,567.6,1600,1200,0,0
20160718_FIRE_mg-s-iqeye,1800,0.4972,430.2,520.9,537.8,566.9,1600,1200,0,176
20160718_FIRE_mg-s-iqeye,1920,0.6134,429.5,519.0,535.7,567.6,1600,1200,0,0
20160718_FIRE_mg-s-iqeye,1920,0.6170,427.2,518.6,535.4,567.5,1600,1200,0,176
20160718_FIRE_mg-s-iqeye,2040,0.5938,423.0,519.0,536.9,567.2,1600,1200,0,0
20160718_FIRE_mg-s-iqeye,2040,0.6432,422.2,518.6,537.4,567.2,1600,1200,0,176
20160718_FIRE_mg-s-iqeye,2160,0.5623,414.8,519.6,539.6,567.8,1600,1200,0,0
20160718_FIRE_mg-s-iqeye,2160,0.6315,413.5,518.9,539.9,567.8,1600,1200,0,176
20160718_FIRE_mg-s-iqeye,2280,0.2032,408.6,519.2,534.2,565.5,1600,1200,0,0
20160718_FIRE_mg-s-iqeye,2280,0.2502,409.1,518.5,533.9,565.1,1600,1200,0,176
20160718_FIRE_mg-s-iqeye,2400,0.2028,402.9,517.8,536.5,567.8,1600,1200,0,0
20160718_FIRE_mg-s-iqeye,2400,0.1407,397.3,517.7,536.5,568.0,1600,1200,0,176
20160718_FIRE_mw-e-mobo-c,840,0.2776,1347.8,758.0,1420.6,792.5,2048,1536,896,0
20160718_FIRE_mw-e-mobo-c,840,0.1633,1311.4,755.9,1421.2,796.9,2048,1536,896,0
20160718_FIRE_mw-e-mobo-c,840,0.2891,1347.5,758.0,1420.6,792.6,2048,1536,1024,0
20160718_FIRE_mw-e-mobo-c,840,0.1750,1311.4,755.9,1421.2,797.0,2048,1536,1024,0
20160718_FIRE_mw-e-mobo-c,840,0.3197,1355.4,760.4,1420.0,792.1,2048,1536,896,512
20160718_FIRE_mw-e-mobo-c,840,0.2140,1335.4,757.3,1420.6,793.0,2048,1536,896,512
20160718_FIRE_mw-e-mobo-c,840,0.1672,1311.5,756.1,1421.2,796.5,2048,1536,896,512
20160718_FIRE_mw-e-mobo-c,840,0.3217,1349.7,758.5,1420.5,792.4,2048,1536,1024,512
20160718_FIRE_mw-e-mobo-c,840,0.1740,1311.4,756.1,1421.1,796.6,2048,1536,1024,512
20160718_FIRE_mw-e-mobo-c,900,0.5522,1306.5,751.0,1416.6,795.5,2048,1536,896,0
20160718_FIRE_mw-e-mobo-c,900,0.1009,1339.4,752.4,1415.9,790.7,2048,1536,896,0
20160718_FIRE_mw-e-mobo-c,900,0.5632,1306.4,751.0,1416.6,795.5,2048,1536,1024,0
20160718_FIRE_mw-e-mobo-c,900,0.1028,1339.3,752.4,1415.9,790.7,2048,1536,1024,0
20160718_FIRE_mw-e-mobo-c,900,0.5607,1307.4,751.0,1416.5,794.9,2048,1536,896,512
20160718_FIRE_mw-e-mobo-c,900,0.1170,1340.2,752.5,1415.8,790.6,2048,1536,896,512
20160718_FIRE_mw-e-mobo-c,900,0.5673,1307.2,751.0,1416.5,795.1,2048,1536,1024,512
20160718_FIRE_mw-e-mobo-c,900,0.1154,1339.8,752.5,1415.8,790.6,2048,1536,1024,512
20160718_FIRE_mw-e-mobo-c,1260,0.3160,1308.4,710.1,1421.7,792.9,2048,1536,896,0
20160718_FIRE_mw-e-mobo-c,1260,0.3256,1308.5,710.1,1421.8,792.9,2048,1536,1024,0
20160718_FIRE_mw-e-mobo-c,1260,0.3819,1309.0,710.4,1421.7,792.6,2048,1536,896,512
20160718_FIRE_mw-e-mobo-c,1260,0.3823,1308.9,710.4,1421.7,792.6,2048,1536,1024,512
20160718_FIRE_mw-e-mobo-c,1320,0.1856,1302.3,703.3,1410.4,791.7,2048,1536,896,0
20160718_FIRE_mw-e-mobo-c,1320,0.1992,1302.3,703.3,1410.4,791.7,2048,1536,1024,0
20160718_FIRE_mw-e-mobo-c,1320,0.2464,1302.3,703.4,1410.4,791.4,2048,1536,896,512
20160718_FIRE_mw-e-mobo-c,1320,0.2547,1302.3,703.4,1410.5,791.5,2048,1536,1024,512
20160718_FIRE_mw-e-mobo-c,1380,0.5818,1297.8,700.5,1425.1,791.6,2048,1536,896,0
20160718_FIRE_mw-e-mobo-c,1380,0.5891,1297.8,700.4,1425.2,791.6,2048,1536,1024,0
20160718_FIRE_mw-e-mobo-c,1380,0.6399,1297.9,700.4,1425.2,791.3,2048,1536,896,512
20160718_FIRE_mw-e-mobo-c,1380,0.6394,1297.9,700.4,1425.2,791.4,2048,1536,1024,512
20160718_FIRE_mw-e-mobo-c,1680,0.2048,1351.4,765.1,1408.6,793.5,2048,1536,896,0
20160718_FIRE_mw-e-mobo-c,1680,0.2301,1351.3,765.1,1408.6,793.5,2048,1536,1024,0
20160718_FIRE_mw-e-mobo-c,1680,0.2832,1351.4,765.2,1408.6,793.4,2048,1536,896,512
20160718_FIRE_mw-e-mobo-c,1680,0.2903,1351.3,765.1,1408.6,793.5,2048,1536,1024,512
20160718_FIRE_mw-e-mobo-c,1740,0.1048,1351.7,761.7,1418.5,792.9,2048,1536,896,0
20160718_FIRE_mw-e-mobo-c,1740,0.1302,1351.7,761.7,1418.6,792.9,2048,1536,1024,0
20160718_FIRE_mw-e-mobo-c,1740,0.1944,1351.8,761.8,1418.2,792.8,2048,1536,896,512
20160718_FIRE_mw-e-mobo-c,1740,0.2086,1351.7,761.8,1418.4,792.8,2048,1536,1024,512
20160722_FIRE_mw-e-mobo-c,480,0.1375,1831.6,1010.0,1929.4,1064.1,2048,1536,1024,512
20160722_FIRE_mw-e-mobo-c,720,0.2306,1779.3,962.7,1858.2,1024.0,2048,1536,896,0
20160722_FIRE_mw-e-mobo-c,720,0.2692,1779.3,962.7,1858.6,1024.0,2048,1536,1024,0
20160722_FIRE_mw-e-mobo-c,720,0.4984,1782.9,963.7,1910.6,1067.8,2048,1536,896,512
20160722_FIRE_mw-e-mobo-c,720,0.5690,1782.0,963.5,1910.6,1067.8,2048,1536,1024,512
20160722_FIRE_mw-e-mobo-c,780,0.1334,1795.4,947.6,1885.8,1023.3,2048,1536,1024,0
20160722_FIRE_mw-e-mobo-c,780,0.5065,1799.5,949.1,1912.0,1069.5,2048,1536,896,512
20160722_FIRE_mw-e-mobo-c,780,0.4657,1797.6,948.9,1920.8,1069.2,2048,1536,1024,512
20160722_FIRE_mw-e-mobo-c,840,0.6867,1758.3,981.1,1908.6,1073.2,2048,1536,896,512
20160722_FIRE_mw-e-mobo-c,840,0.6873,1758.8,981.1,1901.7,1073.0,2048,1536,1024,512
20160722_FIRE_mw-e-mobo-c,900,0.4789,1640.0,925.0,1913.9,1085.2,2048,1536,896,512
20160722_FIRE_mw-e-mobo-c,900,0.3408,1777.8,999.1,1889.7,1076.4,2048,1536,896,512
20160722_FIRE_mw-e-mobo-c,900,0.1117,1567.2,894.0,1898.4,1070.3,2048,1536,896,512
20160722_FIRE_mw-e-mobo-c,900,0.4887,1640.1,925.2,1913.5,1085.1,2048,1536,1024,512
20160722_FIRE_mw-e-mobo-c,900,0.3975,1777.7,999.0,1889.4,1076.4,2048,1536,1024,512
20160722_FIRE_mw-e-mobo-c,900,0.1087,1570.4,892.8,1898.1,1070.4,2048,1536,1024,512
20160722_FIRE_mw-e-mobo-c,960,0.4022,1796.8,997.9,1915.3,1075.1,2048,1536,896,512
20160722_FIRE_mw-e-mobo-c,960,0.3535,1598.8,917.8,1920.0,1079.0,2048,1536,896,512
20160722_FIRE_mw-e-mobo-c,960,0.4524,1799.6,997.0,1916.8,1075.1,2048,1536,1024,512
20160722_FIRE_mw-e-mobo-c,960,0.3562,1600.5,917.8,1936.7,1079.2,2048,1536,1024,512
20160722_FIRE_mw-e-mobo-c,1020,0.4849,1811.0,995.0,1890.3,1072.0,2048,1536,896,512
20160722_FIRE_mw-e-mobo-c,1020,0.3554,1712.9,939.3,1894.4,1075.5,2048,1536,896,512
20160722_FIRE_mw-e-mobo-c,1020,0.4537,1810.8,995.0,1889.8,1071.9,2048,1536,1024,512
20160722_FIRE_mw-e-mobo-c,1020,0.3706,1712.2,939.4,1893.4,1075.4,2048,1536,1024,512
20160722_FIRE_mw-e-mobo-c,1020,0.1730,1668.9,918.8,1892.7,1080.3,2048,1536,1024,512
20160722_FIRE_mw-e-mobo-c,1080,0.7470,1786.7,998.0,1895.6,1077.2,2048,1536,896,512
20160722_FIRE_mw-e-mobo-c,1080,0.7536,1786.0,997.7,1895.0,1077.1,2048,1536,1024,512
20160722_FIRE_mw-e-mobo-c,1140,0.7553,1808.3,1026.4,1892.2,1075.0,2048,1536,896,512
20160722_FIRE_mw-e-mobo-c,1140,0.7466,1808.2,1026.0,1891.9,1075.0,2048,1536,1024,512
20160722_FIRE_mw-e-mobo-c,1200,0.6037,1825.7,1023.7,1906.5,1065.5,2048,1536,896,512
20160722_FIRE_mw-e-mobo-c,1200,0.4055,1753.9,970.4,1905.7,1067.2,2048,1536,896,512
20160722_FIRE_mw-e-mobo-c,1200,0.5925,1825.5,1023.4,1906.5,1065.6,2048,1536,1024,512
20160722_FIRE_mw-e-mobo-c,1200,0.4657,1753.9,970.4,1905.5,1067.3,2048,1536,1024,512
20160722_FIRE_mw-e-mobo-c,1260,0.6713,1793.8,1017.9,1895.5,1075.3,2048,1536,896,512
20160722_FIRE_mw-e-mobo-c,1260,0.6679,1793.5,1016.0,1894.4,1075.3,2048,1536,1024,512
20160722_FIRE_mw-e-mobo-c,1320,0.7249,1809.0,1026.5,1887.0,1070.8,2048,1536,896,512
20160722_FIRE_mw-e-mobo-c,1320,0.7208,1808.8,1026.2,1886.2,1070.8,2048,1536,1024,512
20160722_FIRE_mw-e-mobo-c,1380,0.2959,1787.5,1045.3,1887.0,1077.5,2048,1536,896,512
20160722_FIRE_mw-e-mobo-c,1380,0.2702,1787.2,1045.1,1885.5,1077.5,2048,1536,1024,512
20160722_FIRE_mw-e-mobo-c,1440,0.2119,1714.7,991.5,1895.0,1081.2,2048,1536,896,512
20160722_FIRE_mw-e-mobo-c,1440,0.1342,1814.3,1042.0,1893.2,1075.2,2048,1536,896,512
20160722_FIRE_mw-e-mobo-c,1440,0.2238,1714.5,991.4,1894.1,1080.9,2048,1536,1024,512
20160722_FIRE_mw-e-mobo-c,1440,0.1077,1814.6,1041.7,1892.9,1076.3,2048,1536,1024,512
20160722_FIRE_mw-e-mobo-c,1560,0.6631,1786.5,1021.8,1880.9,1074.9,2048,1536,896,512
20160722_FIRE_mw-e-mobo-c,1560,0.6615,1786.4,1021.5,1880.0,1074.9,2048,1536,1024,512
20160722_FIRE_mw-e-mobo-c,1620,0.2442,1805.5,1019.4,1893.5,1074.6,2048,1536,896,512
20160722_FIRE_mw-e-mobo-c,1620,0.2450,1800.6,1019.2,1891.9,1074.6,2048,1536,1024,512
20160722_FIRE_mw-e-mobo-c,1680,0.5218,1839.3,1025.2,1885.4,1067.1,2048,1536,896,512
20160722_FIRE_mw-e-mobo-c,1680,0.2925,1804.4,997.2,1887.6,1068.0,2048,1536,896,512
20160722_FIRE_mw-e-mobo-c,1680,0.1361,1829.8,1010.1,1886.3,1067.4,2048,1536,896,512
20160722_FIRE_mw-e-mobo-c,1680,0.4713,1839.2,1025.2,1885.1,1067.1,2048,1536,1024,512
20160722_FIRE_mw-e-mobo-c,1680,0.3464,1804.7,997.1,1887.2,1067.9,2048,1536,1024,512
20160722_FIRE_mw-e-mobo-c,1680,0.1397,1820.6,1005.1,1886.0,1067.4,2048,1536,1024,512
20160722_FIRE_mw-e-mobo-c,1740,0.3027,1814.5,980.5,1875.1,1023.9,2048,1536,896,0
20160722_FIRE_mw-e-mobo-c,1740,0.3353,1814.4,980.5,1875.2,1023.9,2048,1536,1024,0
20160722_FIRE_mw-e-mobo-c,1740,0.8354,1815.8,983.3,1886.2,1066.8,2048,1536,896,512
20160722_FIRE_mw-e-mobo-c,1740,0.8366,1815.8,983.2,1885.7,1066.7,2048,1536,1024,512
20160722_FIRE_mw-e-mobo-c,1800,0.3215,1808.3,994.7,1891.7,1071.6,2048,1536,896,512
20160722_FIRE_mw-e-mobo-c,1800,0.3269,1807.8,992.7,1887.8,1071.6,2048,1536,1024,512
20160722_FIRE_mw-e-mobo-c,1860,0.3465,1816.4,960.3,1867.3,1024.0,2048,1536,896,0
20160722_FIRE_mw-e-mobo-c,1860,0.3389,1818.6,961.9,1863.4,1024.0,2048,1536,1024,0
20160722_FIRE_mw-e-mobo-c,1860,0.1442,1817.3,959.9,1879.3,1024.0,2048,1536,1024,0
20160722_FIRE_mw-e-mobo-c,1860,0.7172,1818.4,961.1,1901.9,1067.9,2048,1536,896,512
20160722_FIRE_mw-e-mobo-c,1860,0.6989,1818.4,961.1,1901.0,1068.1,2048,1536,1024,512
20160722_FIRE_mw-e-mobo-c,1920,0.2118,1668.8,931.1,1850.9,1024.0,2048,1536,896,0
20160722_FIRE_mw-e-mobo-c,1920,0.2358,1668.9,931.3,1851.3,1024.0,2048,1536,1024,0
20160722_FIRE_mw-e-mobo-c,1920,0.8269,1761.6,990.3,1889.6,1074.4,2048,1536,896,512
20160722_FIRE_mw-e-mobo-c,1920,0.8266,1761.5,990.2,1889.3,1074.3,2048,1536,1024,512
20160722_FIRE_mw-e-mobo-c,1980,0.7741,1759.2,988.0,1889.6,1076.3,2048,1536,896,512
20160722_FIRE_mw-e-mobo-c,1980,0.2099,1570.6,884.4,1878.6,1064.8,2048,1536,896,512
20160722_FIRE_mw-e-mobo-c,1980,0.7766,1759.2,987.9,1889.0,1076.3,2048,1536,1024,512
20160722_FIRE_mw-e-mobo-c,1980,0.2270,1571.3,884.1,1878.8,1065.1,2048,1536,1024,512
20160722_FIRE_mw-e-mobo-c,2040,0.6483,1618.9,920.3,1750.1,1023.2,2048,1536,896,0
20160722_FIRE_mw-e-mobo-c,2040,0.6532,1618.9,920.3,1750.1,1023.2,2048,1536,1024,0
20160722_FIRE_mw-e-mobo-c,2040,0.4771,1615.4,917.4,1875.1,1069.9,2048,1536,896,512
20160722_FIRE_mw-e-mobo-c,2040,0.1897,1618.9,920.6,1793.8,1048.9,2048,1536,896,512
20160722_FIRE_mw-e-mobo-c,2040,0.4714,1615.6,917.4,1875.5,1069.9,2048,1536,1024,512
20160722_FIRE_mw-e-mobo-c,2040,0.1747,1619.0,920.6,1793.2,1048.5,2048,1536,1024,512
20160722_FIRE_mw-e-mobo-c,2100,0.1074,1597.6,949.7,1682.3,1012.3,2048,1536,1024,0
20160722_FIRE_mw-e-mobo-c,2100,0.2003,1798.5,1045.9,1884.4,1077.6,2048,1536,896,512
20160722_FIRE_mw-e-mobo-c,2100,0.1960,1714.4,1018.5,1888.4,1080.9,2048,1536,896,512
20160722_FIRE_mw-e-mobo-c,2100,0.1102,1604.8,938.1,1870.7,1085.6,2048,1536,896,512
20160722_FIRE_mw-e-mobo-c,2100,0.1988,1713.9,1018.2,1887.7,1080.9,2048,1536,1024,512
20160722_FIRE_mw-e-mobo-c,2100,0.1906,1798.8,1045.9,1883.5,1077.6,2048,1536,1024,512
20160722_FIRE_mw-e-mobo-c,2100,0.1208,1605.0,938.3,1871.9,1085.7,2048,1536,1024,512
20160722_FIRE_mw-e-mobo-c,2160,0.6094,1697.4,955.4,1898.2,1078.8,2048,1536,896,512
20160722_FIRE_mw-e-mobo-c,2160,0.5999,1811.6,1032.3,1889.2,1072.8,2048,1536,896,512
20160722_FIRE_mw-e-mobo-c,2160,0.6178,1696.4,955.4,1897.5,1078.6,2048,1536,1024,512
20160722_FIRE_mw-e-mobo-c,2160,0.5830,1811.5,1032.0,1888.8,1072.7,2048,1536,1024,512
20160722_FIRE_mw-e-mobo-c,2220,0.6437,1732.6,961.2,1891.8,1073.7,2048,1536,896,512
20160722_FIRE_mw-e-mobo-c,2220,0.6496,1732.7,961.4,1890.7,1073.6,2048,1536,1024,512
20160722_FIRE_mw-e-mobo-c,2280,0.5947,1778.4,1016.9,1888.0,1076.5,2048,1536,896,512
20160722_FIRE_mw-e-mobo-c,2280,0.5194,1771.6,985.2,1888.2,1077.3,2048,1536,896,512
20160722_FIRE_mw-e-mobo-c,2280,0.5780,1773.0,1000.6,1887.8,1076.7,2048,1536,1024,512
20160722_FIRE_mw-e-mobo-c,2280,0.2876,1757.1,978.7,1889.2,1077.4,2048,1536,1024,512
20160722_FIRE_mw-e-mobo-c,2280,0.1515,1783.8,1024.0,1884.9,1076.8,2048,1536,1024,512
20160722_FIRE_mw-e-mobo-c,2340,0.4482,1617.0,938.6,1794.5,1023.4,2048,1536,896,0
20160722_FIRE_mw-e-mobo-c,2340,0.4682,1616.9,938.6,1794.4,1023.4,2048,1536,1024,0
20160722_FIRE_mw-e-mobo-c,2340,0.5518,1833.3,1022.8,1894.7,1069.2,2048,1536,896,512
20160722_FIRE_mw-e-mobo-c,2340,0.3068,1735.8,993.7,1895.4,1074.8,2048,1536,896,512
20160722_FIRE_mw-e-mobo-c,2340,0.1618,1616.3,937.4,1855.7,1059.1,2048,1536,896,512
20160722_FIRE_mw-e-mobo-c,2340,0.5494,1833.2,1022.6,1894.2,1069.1,2048,1536,1024,512
20160722_FIRE_mw-e-mobo-c,2340,0.2925,1735.8,993.6,1894.2,1074.7,2048,1536,1024,512
20160722_FIRE_mw-e-mobo-c,2340,0.1736,1616.3,937.5,1859.4,1059.4,2048,1536,1024,512
20160722_FIRE_mw-e-mobo-c,2400,0.4327,1830.3,1029.6,1899.6,1071.5,2048,1536,896,512
20160722_FIRE_mw-e-mobo-c,2400,0.3208,1785.4,1017.4,1900.8,1072.3,2048,1536,896,512
20160722_FIRE_mw-e-mobo-c,2400,0.3918,1830.3,1029.1,1898.8,1071.3,2048,1536,1024,512
20160722_FIRE_mw-e-mobo-c,2400,0.3122,1783.8,1016.9,1899.4,1072.3,2048,1536,1024,512
20160722_FIRE_mw-e-mobo-c,2400,0.1074,1779.0,996.0,1898.8,1072.2,2048,1536,1024,512
20161113_FIRE_bl-n-mobo-c,120,0.2140,862.8,751.6,876.3,763.5,2048,1536,0,0
20161113_FIRE_bl-n-mobo-c,120,0.2843,862.7,751.6,876.4,763.5,2048,1536,0,512
20161113_FIRE_bl-n-mobo-c,180,0.4270,865.3,746.3,878.7,763.8,2048,1536,0,0
20161113_FIRE_bl-n-mobo-c,180,0.4776,865.2,746.3,878.8,763.8,2048,1536,0,512
20161113_FIRE_bl-n-mobo-c,240,0.2305,866.6,740.0,880.0,762.8,2048,1536,0,0
20161113_FIRE_bl-n-mobo-c,240,0.3194,866.6,740.0,880.1,762.9,2048,1536,0,512
20161113_FIRE_bl-n-mobo-c,360,0.1534,864.5,743.0,883.1,764.1,2048,1536,0,512
20161113_FIRE_bl-n-mobo-c,420,0.2315,865.0,749.5,880.6,764.3,2048,1536,0,0
20161113_FIRE_bl-n-mobo-c,420,0.3223,864.9,749.4,880.6,764.3,2048,1536,0,512
20161113_FIRE_bl-n-mobo-c,480,0.3068,869.6,745.0,881.6,763.6,2048,1536,0,0
20161113_FIRE_bl-n-mobo-c,480,0.3856,869.6,745.0,881.6,763.6,2048,1536,0,512
20161113_FIRE_bl-n-mobo-c,540,0.2321,869.3,739.4,883.6,762.9,2048,1536,0,0
20161113_FIRE_bl-n-mobo-c,540,0.2828,869.3,739.3,883.7,762.9,2048,1536,0,512
20161113_FIRE_bl-n-mobo-c,600,0.1899,872.1,736.4,886.7,762.8,2048,1536,0,0
20161113_FIRE_bl-n-mobo-c,600,0.2525,872.1,736.3,886.7,762.8,2048,1536,0,512
20161113_FIRE_bl-n-mobo-c,720,0.1458,859.9,750.5,884.4,765.0,2048,1536,0,512
20161113_FIRE_bl-n-mobo-c,780,0.1627,859.4,746.0,881.4,764.2,2048,1536,0,0
20161113_FIRE_bl-n-mobo-c,780,0.2206,859.5,746.2,881.3,764.2,2048,1536,0,512
20161113_FIRE_bl-n-mobo-c,840,0.3928,862.9,745.0,883.4,765.2,2048,1536,0,0
20161113_FIRE_bl-n-mobo-c,840,0.4509,862.8,745.0,883.4,765.2,2048,1536,0,512
20161113_FIRE_bl-n-mobo-c,900,0.1588,861.3,742.4,884.5,764.4,2048,1536,0,0
20161113_FIRE_bl-n-mobo-c,900,0.2199,861.3,742.3,884.6,764.4,2048,1536,0,512
20161113_FIRE_bl-n-mobo-c,900,0.1229,861.3,745.6,878.4,764.5,2048,1536,0,512
20161113_FIRE_bl-n-mobo-c,960,0.4232,856.9,733.4,881.1,763.0,2048,1536,0,0
20161113_FIRE_bl-n-mobo-c,960,0.5153,856.9,733.4,881.1,763.1,2048,1536,0,512
20161113_FIRE_bl-n-mobo-c,1020,0.5687,851.8,722.6,886.4,763.3,2048,1536,0,0
20161113_FIRE_bl-n-mobo-c,1020,0.6111,851.8,722.5,886.4,763.4,2048,1536,0,512
20161113_FIRE_bl-n-mobo-c,1080,0.4085,846.3,715.5,888.2,764.0,2048,1536,0,0
20161113_FIRE_bl-n-mobo-c,1080,0.1462,865.8,743.3,887.8,764.4,2048,1536,0,0
20161113_FIRE_bl-n-mobo-c,1080,0.4591,846.2,715.5,888.1,764.0,2048,1536,0,512
20161113_FIRE_bl-n-mobo-c,1080,0.1798,865.6,743.5,887.6,764.7,2048,1536,0,512
20161113_FIRE_bl-n-mobo-c,1140,0.3344,837.7,711.2,886.4,764.7,2048,1536,0,0
20161113_FIRE_bl-n-mobo-c,1140,0.1265,862.8,747.0,879.7,764.6,2048,1536,0,0
20161113_FIRE_bl-n-mobo-c,1140,0.1197,852.7,714.3,882.4,764.4,2048,1536,0,0
20161113_FIRE_bl-n-mobo-c,1140,0.1163,863.2,750.3,876.3,764.6,2048,1536,0,0
20161113_FIRE_bl-n-mobo-c,1140,0.4223,837.6,711.3,886.2,764.9,2048,1536,0,512
20161113_FIRE_bl-n-mobo-c,1140,0.1494,863.1,749.2,877.9,764.6,2048,1536,0,512
20161113_FIRE_bl-n-mobo-c,1140,0.1295,851.4,713.0,882.6,764.4,2048,1536,0,512
20161113_FIRE_bl-n-mobo-c,1200,0.2968,860.2,745.4,877.4,764.4,2048,1536,0,0
20161113_FIRE_bl-n-mobo-c,1200,0.3498,860.2,745.4,877.5,764.4,2048,1536,0,512
20161113_FIRE_bl-n-mobo-c,1320,0.1842,855.1,712.9,901.4,763.2,2048,1536,0,0
20161113_FIRE_bl-n-mobo-c,1320,0.1108,856.9,716.4,889.2,763.8,2048,1536,0,0
20161113_FIRE_bl-n-mobo-c,1320,0.2244,855.1,712.9,900.9,763.3,2048,1536,0,512
20161113_FIRE_bl-n-mobo-c,1320,0.1336,857.0,716.3,887.9,763.9,2048,1536,0,512
20161113_FIRE_bl-n-mobo-c,1380,0.1277,852.1,707.0,902.6,763.8,2048,1536,0,0
20161113_FIRE_bl-n-mobo-c,1380,0.1196,859.6,732.7,884.2,763.9,2048,1536,0,0
20161113_FIRE_bl-n-mobo-c,1380,0.1826,852.0,707.1,898.0,764.0,2048,1536,0,512
20161113_FIRE_bl-n-mobo-c,1380,0.1527,860.2,738.0,883.1,763.9,2048,1536,0,512
20161113_FIRE_bl-n-mobo-c,1380,0.1199,863.9,750.9,879.0,764.1,2048,1536,0,512
20161113_FIRE_bl-n-mobo-c,1440,0.3804,865.1,746.2,880.9,764.1,2048,1536,0,0
20161113_FIRE_bl-n-mobo-c,1440,0.4217,865.1,746.2,880.9,764.1,2048,1536,0,512
20161113_FIRE_bl-n-mobo-c,1500,0.2010,866.1,741.2,881.9,763.4,2048,1536,0,0
20161113_FIRE_bl-n-mobo-c,1500,0.2946,866.1,741.2,882.0,763.4,2048,1536,0,512
20161113_FIRE_bl-n-mobo-c,1560,0.2058,869.7,744.6,881.8,763.8,2048,1536,0,0
20161113_FIRE_bl-n-mobo-c,1560,0.2828,869.5,744.4,881.8,763.9,2048,1536,0,512
20161113_FIRE_bl-n-mobo-c,1680,0.3984,865.4,747.9,888.1,764.9,2048,1536,0,0
20161113_FIRE_bl-n-mobo-c,1680,0.4641,865.4,747.8,888.1,764.9,2048,1536,0,512
20161113_FIRE_bl-n-mobo-c,1740,0.2576,867.5,741.5,888.2,764.4,2048,1536,0,0
20161113_FIRE_bl-n-mobo-c,1740,0.2942,867.5,741.4,888.1,764.4,2048,1536,0,512
20161113_FIRE_bl-n-mobo-c,1800,0.4394,863.1,742.9,883.8,764.3,2048,1536,0,0
20161113_FIRE_bl-n-mobo-c,1800,0.4869,863.1,742.8,883.8,764.3,2048,1536,0,512
20161113_FIRE_bl-n-mobo-c,1860,0.4883,864.2,738.1,888.2,765.7,2048,1536,0,0
20161113_FIRE_bl-n-mobo-c,1860,0.5332,864.1,738.2,888.3,765.7,2048,1536,0,512
20161113_FIRE_bl-n-mobo-c,1920,0.4574,865.1,727.4,894.0,765.5,2048,1536,0,0
20161113_FIRE_bl-n-mobo-c,1920,0.1154,865.2,742.9,892.9,765.7,2048,1536,0,0
20161113_FIRE_bl-n-mobo-c,1920,0.4859,865.0,727.2,894.0,765.5,2048,1536,0,512
20161113_FIRE_bl-n-mobo-c,1920,0.1290,865.1,742.9,892.9,765.8,2048,1536,0,512
20161113_FIRE_bl-n-mobo-c,1980,0.3606,863.7,720.5,897.2,764.8,2048,1536,0,0
20161113_FIRE_bl-n-mobo-c,1980,0.1848,865.2,733.1,897.0,764.9,2048,1536,0,0
20161113_FIRE_bl-n-mobo-c,1980,0.4199,863.6,720.2,897.2,764.8,2048,1536,0,512
20161113_FIRE_bl-n-mobo-c,1980,0.2240,865.1,733.5,897.0,764.9,2048,1536,0,512
20161113_FIRE_bl-n-mobo-c,2040,0.3822,864.1,728.9,896.1,766.5,2048,1536,0,0
20161113_FIRE_bl-n-mobo-c,2040,0.1450,864.7,741.5,895.2,766.8,2048,1536,0,0
20161113_FIRE_bl-n-mobo-c,2040,0.4220,864.0,728.6,896.2,766.5,2048,1536,0,512
20161113_FIRE_bl-n-mobo-c,2040,0.1768,864.6,741.4,895.2,766.8,2048,1536,0,512
20161113_FIRE_bl-n-mobo-c,2040,0.1089,862.9,718.4,899.2,766.1,2048,1536,0,512
20161113_FIRE_bl-n-mobo-c,2100,0.4011,868.2,736.7,897.1,765.7,2048,1536,0,0
20161113_FIRE_bl-n-mobo-c,2100,0.2251,867.9,717.7,897.8,765.5,2048,1536,0,0
20161113_FIRE_bl-n-mobo-c,2100,0.1967,868.6,744.1,894.9,765.9,2048,1536,0,0
20161113_FIRE_bl-n-mobo-c,2100,0.4517,868.1,736.1,897.1,765.8,2048,1536,0,512
20161113_FIRE_bl-n-mobo-c,2100,0.3145,868.8,744.1,896.1,765.9,2048,1536,0,512
20161113_FIRE_bl-n-mobo-c,2100,0.2723,867.9,717.1,897.8,765.5,2048,1536,0,512
20161113_FIRE_bl-n-mobo-c,2160,0.5271,859.6,739.1,895.9,765.7,2048,1536,0,0
20161113_FIRE_bl-n-mobo-c,2160,0.5638,859.6,739.1,896.0,765.6,2048,1536,0,512
20161113_FIRE_bl-n-mobo-c,2220,0.4742,859.6,716.1,901.3,765.2,2048,1536,0,0
20161113_FIRE_bl-n-mobo-c,2220,0.1096,859.8,733.4,900.4,765.5,2048,1536,0,0
20161113_FIRE_bl-n-mobo-c,2220,0.5106,859.4,716.6,900.7,765.0,2048,1536,0,512
20161113_FIRE_bl-n-mobo-c,2220,0.1514,859.8,733.4,900.4,765.4,2048,1536,0,512
20161113_FIRE_bl-n-mobo-c,2280,0.5708,859.6,721.2,902.5,763.6,2048,1536,0,0
20161113_FIRE_bl-n-mobo-c,2280,0.6273,859.6,721.2,902.5,763.5,2048,1536,0,512
20161113_FIRE_bl-n-mobo-c,2340,0.6376,853.7,716.0,906.2,763.6,2048,1536,0,0
20161113_FIRE_bl-n-mobo-c,2340,0.6751,853.8,715.9,906.2,763.6,2048,1536,0,512
20161113_FIRE_bl-n-mobo-c,2400,0.3842,847.1,714.7,907.6,764.8,2048,1536,0,0
20161113_FIRE_bl-n-mobo-c,2400,0.4781,847.2,714.4,907.7,764.8,2048,1536,0,512
20161113_FIRE_bm-w-mobo-c,420,0.1094,1603.1,712.1,1630.7,753.2,2048,1536,896,512
20161113_FIRE_bm-w-mobo-c,420,0.1124,1603.0,712.1,1630.8,753.3,2048,1536,1024,512
20161113_FIRE_bm-w-mobo-c,480,0.1126,1601.8,711.0,1635.0,751.1,2048,1536,896,512
20161113_FIRE_bm-w-mobo-c,480,0.1304,1601.7,711.0,1635.0,751.1,2048,1536,1024,512
20161113_FIRE_bm-w-mobo-c,540,0.1178,1600.2,708.0,1633.6,749.1,2048,1536,896,0
20161113_FIRE_bm-w-mobo-c,540,0.1430,1600.0,708.0,1633.7,749.1,2048,1536,1024,0
20161113_FIRE_bm-w-mobo-c,540,0.2015,1600.0,708.1,1633.0,749.0,2048,1536,896,512
20161113_FIRE_bm-w-mobo-c,540,0.2280,1599.8,708.1,1633.1,749.0,2048,1536,1024,512
20161113_FIRE_bm-w-mobo-c,600,0.1703,1603.4,708.5,1635.3,747.9,2048,1536,896,0
20161113_FIRE_bm-w-mobo-c,600,0.1835,1603.2,708.5,1635.3,747.9,2048,1536,1024,0
20161113_FIRE_bm-w-mobo-c,600,0.2617,1602.8,708.8,1634.2,747.8,2048,1536,896,512
20161113_FIRE_bm-w-mobo-c,600,0.2730,1602.6,708.7,1634.3,747.8,2048,1536,1024,512
20161113_FIRE_bm-w-mobo-c,660,0.1671,1601.0,706.4,1646.8,747.1,2048,1536,896,0
20161113_FIRE_bm-w-mobo-c,660,0.1648,1601.0,706.4,1646.9,747.1,2048,1536,1024,0
20161113_FIRE_bm-w-mobo-c,660,0.2556,1600.4,707.4,1639.9,748.0,2048,1536,896,512
20161113_FIRE_bm-w-mobo-c,660,0.2537,1600.3,707.4,1639.9,748.1,2048,1536,1024,512
20161113_FIRE_bm-w-mobo-c,780,0.2111,1598.9,709.5,1640.8,751.6,2048,1536,896,0
20161113_FIRE_bm-w-mobo-c,780,0.2271,1598.8,709.5,1640.7,751.6,2048,1536,1024,0
20161113_FIRE_bm-w-mobo-c,780,0.3049,1599.0,709.8,1639.9,751.2,2048,1536,896,512
20161113_FIRE_bm-w-mobo-c,780,0.3199,1598.9,709.7,1639.9,751.3,2048,1536,1024,512
20161113_FIRE_bm-w-mobo-c,840,0.3636,1596.1,709.0,1642.1,760.4,2048,1536,896,0
20161113_FIRE_bm-w-mobo-c,840,0.3835,1596.0,708.9,1642.0,760.4,2048,1536,1024,0
20161113_FIRE_bm-w-mobo-c,840,0.4617,1596.2,709.1,1641.3,760.4,2048,1536,896,512
20161113_FIRE_bm-w-mobo-c,840,0.4754,1596.1,709.0,1641.3,760.5,2048,1536,1024,512
20161113_FIRE_bm-w-mobo-c,900,0.3281,1594.8,706.2,1636.4,763.5,2048,1536,896,0
20161113_FIRE_bm-w-mobo-c,900,0.3647,1594.7,706.1,1636.4,763.5,2048,1536,1024,0
20161113_FIRE_bm-w-mobo-c,900,0.4260,1595.0,706.4,1636.1,763.4,2048,1536,896,512
20161113_FIRE_bm-w-mobo-c,900,0.4503,1594.9,706.3,1636.2,763.4,2048,1536,1024,512
20161113_FIRE_bm-w-mobo-c,960,0.4741,1594.2,710.1,1638.8,765.2,2048,1536,896,0
20161113_FIRE_bm-w-mobo-c,960,0.4783,1594.2,710.1,1638.8,765.3,2048,1536,1024,0
20161113_FIRE_bm-w-mobo-c,960,0.5387,1594.6,710.3,1638.0,765.5,2048,1536,896,512
20161113_FIRE_bm-w-mobo-c,960,0.5434,1594.5,710.3,1638.1,765.5,2048,1536,1024,512
20161113_FIRE_bm-w-mobo-c,1020,0.4529,1594.7,709.5,1637.6,761.0,2048,1536,896,0
20161113_FIRE_bm-w-mobo-c,1020,0.4614,1594.6,709.5,1637.6,761.1,2048,1536,1024,0
20161113_FIRE_bm-w-mobo-c,1020,0.5195,1594.9,709.7,1637.2,761.8,2048,1536,896,512
20161113_FIRE_bm-w-mobo-c,1020,0.5277,1594.8,709.7,1637.2,761.9,2048,1536,1024,512
20161113_FIRE_bm-w-mobo-c,1080,0.3442,1592.4,707.4,1638.5,749.6,2048,1536,896,0
20161113_FIRE_bm-w-mobo-c,1080,0.3470,1592.4,707.4,1638.6,749.6,2048,1536,1024,0
20161113_FIRE_bm-w-mobo-c,1080,0.3910,1593.3,707.6,1638.5,750.0,2048,1536,896,512
20161113_FIRE_bm-w-mobo-c,1080,0.3951,1593.2,707.6,1638.5,750.0,2048,1536,1024,512
20161113_FIRE_bm-w-mobo-c,1140,0.3838,1589.7,705.2,1638.0,763.6,2048,1536,896,0
20161113_FIRE_bm-w-mobo-c,1140,0.3924,1589.6,705.2,1638.1,763.7,2048,1536,1024,0
20161113_FIRE_bm-w-mobo-c,1140,0.4470,1590.1,705.4,1637.4,763.8,2048,1536,896,512
20161113_FIRE_bm-w-mobo-c,1140,0.4544,1590.1,705.4,1637.5,763.8,2048,1536,1024,512
20161113_FIRE_bm-w-mobo-c,1200,0.4627,1583.3,703.3,1634.9,761.2,2048,1536,896,0
20161113_FIRE_bm-w-mobo-c,1200,0.4753,1583.3,703.2,1635.0,761.2,2048,1536,1024,0
20161113_FIRE_bm-w-mobo-c,1200,0.5225,1583.5,703.4,1634.6,761.5,2048,1536,896,512
20161113_FIRE_bm-w-mobo-c,1200,0.5331,1583.4,703.3,1634.7,761.5,2048,1536,1024,512
20161113_FIRE_bm-w-mobo-c,1260,0.2864,1579.8,699.5,1636.8,759.0,2048,1536,896,0
20161113_FIRE_bm-w-mobo-c,1260,0.2964,1579.7,699.4,1636.8,759.2,2048,1536,1024,0
20161113_FIRE_bm-w-mobo-c,1260,0.3823,1579.7,699.7,1636.4,759.9,2048,1536,896,512
20161113_FIRE_bm-w-mobo-c,1260,0.3907,1579.6,699.7,1636.5,760.1,2048,1536,1024,512
20161113_FIRE_bm-w-mobo-c,1320,0.1037,1575.6,695.8,1636.6,756.4,2048,1536,896,0
20161113_FIRE_bm-w-mobo-c,1320,0.1224,1575.6,695.7,1636.6,756.5,2048,1536,1024,0
20161113_FIRE_bm-w-mobo-c,1320,0.1448,1576.1,696.2,1635.9,760.0,2048,1536,896,512
20161113_FIRE_bm-w-mobo-c,1320,0.1623,1576.0,696.1,1636.0,760.1,2048,1536,1024,512
20161113_FIRE_bm-w-mobo-c,1380,0.1992,1579.1,688.2,1632.2,763.1,2048,1536,896,0
20161113_FIRE_bm-w-mobo-c,1380,0.2131,1578.9,688.2,1632.2,763.1,2048,1536,1024,0
20161113_FIRE_bm-w-mobo-c,1380,0.2859,1578.6,688.3,1632.1,763.1,2048,1536,896,512
20161113_FIRE_bm-w-mobo-c,1380,0.2976,1578.5,688.3,1632.2,763.1,2048,1536,1024,512
20161113_FIRE_bm-w-mobo-c,1440,0.2255,1582.6,683.6,1631.0,761.2,2048,1536,896,0
20161113_FIRE_bm-w-mobo-c,1440,0.2323,1582.5,683.5,1631.1,761.2,2048,1536,1024,0
20161113_FIRE_bm-w-mobo-c,1440,0.2835,1582.2,683.6,1630.5,762.3,2048,1536,896,512
20161113_FIRE_bm-w-mobo-c,1440,0.2891,1582.1,683.5,1630.6,762.3,2048,1536,1024,512
20161113_FIRE_bm-w-mobo-c,2100,0.1023,1548.1,699.5,1634.1,761.4,2048,1536,1024,512
20161113_FIRE_bm-w-mobo-c,2160,0.1503,1576.7,699.7,1630.5,758.6,2048,1536,896,0
20161113_FIRE_bm-w-mobo-c,2160,0.1590,1576.4,699.6,1630.4,758.7,2048,1536,1024,0
20161113_FIRE_bm-w-mobo-c,2160,0.1968,1575.5,699.9,1630.2,759.4,2048,1536,896,512
20161113_FIRE_bm-w-mobo-c,2160,0.2054,1575.3,699.9,1630.2,759.4,2048,1536,1024,512
20161113_FIRE_bm-w-mobo-c,2220,0.1358,1579.2,698.6,1631.8,762.5,2048,1536,896,512
20161113_FIRE_bm-w-mobo-c,2220,0.1437,1579.1,698.5,1631.8,762.5,2048,1536,1024,512
20161113_FIRE_bm-w-mobo-c,2400,0.1276,1567.4,698.8,1633.6,761.5,2048,1536,896,512
20161113_FIRE_bm-w-mobo-c,2400,0.1467,1567.5,698.7,1633.7,761.6,2048,1536,1024,512
20170519_FIRE_rm-w-mobo-c,1200,0.1965,710.3,823.1,745.7,848.8,2048,1536,0,0
20170519_FIRE_rm-w-mobo-c,1200,0.2572,710.2,823.2,745.5,848.7,2048,1536,0,512
20170519_FIRE_rm-w-mobo-c,1260,0.2358,709.5,823.9,733.6,849.0,2048,1536,0,0
20170519_FIRE_rm-w-mobo-c,1260,0.2875,709.5,823.9,733.5,848.9,2048,1536,0,512
20170519_FIRE_rm-w-mobo-c,1320,0.1325,705.9,824.3,738.3,849.8,2048,1536,0,512
20170519_FIRE_rm-w-mobo-c,1320,0.1143,707.1,828.0,731.8,849.3,2048,1536,0,512
20170519_FIRE_rm-w-mobo-c,1380,0.1328,702.1,825.3,733.2,850.3,2048,1536,0,0
20170519_FIRE_rm-w-mobo-c,1380,0.1917,702.2,825.7,732.9,850.1,2048,1536,0,512
20170519_FIRE_rm-w-mobo-c,1500,0.1030,706.7,822.8,768.0,849.0,2048,1536,0,512
20170519_FIRE_rm-w-mobo-c,1560,0.3616,710.6,820.5,771.0,848.7,2048,1536,0,0
20170519_FIRE_rm-w-mobo-c,1560,0.1943,711.0,821.8,753.6,848.4,2048,1536,0,0
20170519_FIRE_rm-w-mobo-c,1560,0.3785,710.6,820.6,769.8,848.5,2048,1536,0,512
20170519_FIRE_rm-w-mobo-c,1560,0.2568,711.1,821.8,753.3,848.3,2048,1536,0,512
20170519_FIRE_rm-w-mobo-c,1620,0.4213,710.2,818.4,799.3,849.2,2048,1536,0,0
20170519_FIRE_rm-w-mobo-c,1620,0.1464,710.6,820.6,770.9,848.5,2048,1536,0,0
20170519_FIRE_rm-w-mobo-c,1620,0.4224,710.3,818.4,799.2,849.1,2048,1536,0,512
20170519_FIRE_rm-w-mobo-c,1620,0.1757,710.2,820.0,776.3,848.5,2048,1536,0,512
20170519_FIRE_rm-w-mobo-c,1680,0.2086,706.4,799.3,811.1,849.7,2048,1536,0,0
20170519_FIRE_rm-w-mobo-c,1680,0.1701,706.6,814.5,811.3,850.0,2048,1536,0,0
20170519_FIRE_rm-w-mobo-c,1680,0.1059,707.8,820.9,750.2,848.8,2048,1536,0,0
20170519_FIRE_rm-w-mobo-c,1680,0.2106,706.4,798.7,811.2,849.6,2048,1536,0,512
20170519_FIRE_rm-w-mobo-c,1680,0.1865,705.7,813.7,810.0,849.5,2048,1536,0,512
20170519_FIRE_rm-w-mobo-c,1680,0.1277,707.9,821.2,749.7,848.7,2048,1536,0,512
20170519_FIRE_rm-w-mobo-c,1680,0.1027,707.1,805.4,753.5,848.7,2048,1536,0,512
20170519_FIRE_rm-w-mobo-c,1800,0.4204,709.1,820.5,770.6,848.7,2048,1536,0,0
20170519_FIRE_rm-w-mobo-c,1800,0.4483,709.1,820.5,770.3,848.5,2048,1536,0,512
20170519_FIRE_rm-w-mobo-c,1860,0.3482,705.1,818.9,793.9,849.6,2048,1536,0,0
20170519_FIRE_rm-w-mobo-c,1860,0.3767,705.1,818.8,793.6,849.5,2048,1536,0,512
20170519_FIRE_rm-w-mobo-c,1920,0.1032,703.1,816.3,796.1,849.7,2048,1536,0,0
20170519_FIRE_rm-w-mobo-c,1920,0.1392,703.2,816.0,795.8,849.5,2048,1536,0,512
20170519_FIRE_rm-w-mobo-c,2100,0.1791,705.3,822.6,747.2,849.2,2048,1536,0,0
20170519_FIRE_rm-w-mobo-c,2100,0.2576,705.4,822.6,746.9,849.0,2048,1536,0,512
20170519_FIRE_rm-w-mobo-c,2160,0.1469,702.6,821.3,752.9,849.4,2048,1536,0,0
20170519_FIRE_rm-w-mobo-c,2160,0.2082,702.8,821.4,752.7,849.2,2048,1536,0,512
20170519_FIRE_rm-w-mobo-c,2280,0.3106,704.1,820.2,769.9,849.3,2048,1536,0,0
20170519_FIRE_rm-w-mobo-c,2280,0.3645,704.3,820.3,769.6,849.1,2048,1536,0,512
20170519_FIRE_rm-w-mobo-c,2340,0.2721,704.8,800.4,777.5,848.3,2048,1536,0,0
20170519_FIRE_rm-w-mobo-c,2340,0.2733,705.0,800.3,776.6,848.2,2048,1536,0,512
20170519_FIRE_rm-w-mobo-c,2340,0.1099,704.9,802.9,752.3,848.6,2048,1536,0,512
20170519_FIRE_rm-w-mobo-c,2400,0.1963,706.4,787.7,803.4,849.1,2048,1536,0,0
20170519_FIRE_rm-w-mobo-c,2400,0.1225,706.2,811.2,803.4,849.2,2048,1536,0,0
20170519_FIRE_rm-w-mobo-c,2400,0.2025,706.6,786.9,803.6,849.0,2048,1536,0,512
20170519_FIRE_rm-w-mobo-c,2400,0.1285,706.3,811.4,803.4,849.0,2048,1536,0,512
20170520_FIRE_lp-s-iqeye,0,0.4304,1378.2,608.1,1417.2,631.9,1600,1200,576,0
20170520_FIRE_lp-s-iqeye,0,0.5210,1378.2,608.3,1417.1,631.8,1600,1200,576,176
20170520_FIRE_lp-s-iqeye,60,0.7094,1380.5,571.9,1446.7,629.9,1600,1200,576,0
20170520_FIRE_lp-s-iqeye,60,0.7399,1380.3,571.7,1446.2,629.4,1600,1200,576,176
20170520_FIRE_lp-s-iqeye,120,0.4904,1369.8,542.6,1480.8,632.3,1600,1200,576,0
20170520_FIRE_lp-s-iqeye,120,0.1377,1372.6,603.1,1413.5,632.1,1600,1200,576,0
20170520_FIRE_lp-s-iqeye,120,0.4646,1369.8,543.3,1480.3,632.2,1600,1200,576,176
20170520_FIRE_lp-s-iqeye,120,0.1298,1372.5,603.1,1413.4,632.0,1600,1200,576,176
20170520_FIRE_lp-s-iqeye,180,0.7521,1378.2,592.8,1424.9,631.8,1600,1200,576,0
20170520_FIRE_lp-s-iqeye,180,0.7863,1378.3,592.9,1424.7,631.7,1600,1200,576,176
20170520_FIRE_lp-s-iqeye,240,0.7956,1381.9,561.7,1459.9,631.3,1600,1200,576,0
20170520_FIRE_lp-s-iqeye,240,0.8231,1381.9,561.7,1459.5,631.1,1600,1200,576,176
20170520_FIRE_lp-s-iqeye,300,0.8621,1379.1,545.7,1495.5,630.0,1600,1200,576,0
20170520_FIRE_lp-s-iqeye,300,0.8780,1379.5,546.1,1494.7,629.9,1600,1200,576,176
20170520_FIRE_lp-s-iqeye,360,0.7214,1368.8,563.6,1444.9,632.4,1600,1200,576,0
20170520_FIRE_lp-s-iqeye,360,0.1990,1367.5,548.2,1520.0,633.0,1600,1200,576,0
20170520_FIRE_lp-s-iqeye,360,0.7543,1368.9,563.4,1444.7,632.2,1600,1200,576,176
20170520_FIRE_lp-s-iqeye,360,0.1177,1367.3,548.3,1512.8,632.7,1600,1200,576,176
20170520_FIRE_lp-s-iqeye,420,0.6057,1388.3,547.7,1489.7,631.7,1600,1200,576,0
20170520_FIRE_lp-s-iqeye,420,0.5917,1389.2,550.2,1478.9,632.2,1600,1200,576,176
20170520_FIRE_lp-s-iqeye,480,0.6827,1383.8,512.1,1508.7,633.5,1600,1200,576,0
20170520_FIRE_lp-s-iqeye,480,0.6955,1383.5,511.9,1508.1,633.3,1600,1200,576,176
20170520_FIRE_lp-s-iqeye,540,0.5094,1386.2,536.2,1514.8,635.6,1600,1200,576,0
20170520_FIRE_lp-s-iqeye,540,0.4220,1395.8,458.9,1588.8,647.0,1600,1200,576,0
20170520_FIRE_lp-s-iqeye,540,0.4896,1395.6,458.2,1590.3,644.0,1600,1200,576,176
20170520_FIRE_lp-s-iqeye,540,0.3716,1386.2,536.1,1515.2,635.4,1600,1200,576,176
20170520_FIRE_lp-s-iqeye,600,0.4647,1388.8,458.0,1600.0,632.0,1600,1200,576,0
20170520_FIRE_lp-s-iqeye,600,0.4951,1388.3,457.5,1600.0,631.4,1600,1200,576,176
20170520_FIRE_lp-s-iqeye,660,0.3108,1407.1,423.8,1600.0,640.1,1600,1200,576,0
20170520_FIRE_lp-s-iqeye,660,0.1278,1393.3,470.3,1592.0,636.9,1600,1200,576,0
20170520_FIRE_lp-s-iqeye,660,0.3493,1407.2,422.4,1600.0,646.2,1600,1200,576,176
20170520_FIRE_lp-s-iqeye,660,0.1560,1392.5,470.2,1592.8,636.3,1600,1200,576,176
20170520_FIRE_lp-s-iqeye,720,0.5058,1385.2,535.8,1533.2,633.7,1600,1200,576,0
20170520_FIRE_lp-s-iqeye,720,0.2183,1441.8,413.1,1600.0,631.9,1600,1200,576,0
20170520_FIRE_lp-s-iqeye,720,0.1294,1388.0,501.3,1600.0,631.4,1600,1200,576,0
20170520_FIRE_lp-s-iqeye,720,0.5483,1385.0,535.8,1535.0,633.9,1600,1200,576,176
20170520_FIRE_lp-s-iqeye,720,0.2946,1442.7,416.9,1600.0,621.6,1600,1200,576,176
20170520_FIRE_lp-s-iqeye,780,0.5878,1401.7,495.0,1589.4,637.8,1600,1200,576,0
20170520_FIRE_lp-s-iqeye,780,0.1096,1392.5,544.2,1519.7,634.1,1600,1200,576,0
20170520_FIRE_lp-s-iqeye,780,0.6228,1402.5,495.6,1588.4,637.2,1600,1200,576,176
20170520_FIRE_lp-s-iqeye,780,0.1934,1392.9,545.5,1518.6,633.6,1600,1200,576,176
20170520_FIRE_lp-s-iqeye,840,0.3791,1385.6,473.4,1561.4,637.7,1600,1200,576,0
20170520_FIRE_lp-s-iqeye,840,0.3608,1423.2,468.1,1588.7,632.6,1600,1200,576,0
20170520_FIRE_lp-s-iqeye,840,0.1276,1475.4,462.1,1599.8,626.6,1600,1200,576,0
20170520_FIRE_lp-s-iqeye,840,0.4185,1423.0,477.9,1554.4,633.1,1600,1200,576,176
20170520_FIRE_lp-s-iqeye,840,0.3012,1435.1,464.0,1600.0,629.6,1600,1200,576,176
20170520_FIRE_lp-s-iqeye,900,0.1350,1427.7,419.5,1600.0,656.6,1600,1200,576,0
20170520_FIRE_lp-s-iqeye,900,0.1346,1383.4,454.6,1600.0,642.3,1600,1200,576,0
20170520_FIRE_lp-s-iqeye,900,0.3258,1427.3,420.0,1600.0,650.7,1600,1200,576,176
20170520_FIRE_lp-s-iqeye,900,0.2531,1380.0,545.9,1558.5,638.6,1600,1200,576,176
20170520_FIRE_lp-s-iqeye,900,0.1784,1383.2,458.3,1600.0,641.4,1600,1200,576,176
20170520_FIRE_lp-s-iqeye,900,0.1126,1411.3,378.9,1600.0,691.8,1600,1200,576,176
20170520_FIRE_lp-s-iqeye,960,0.3372,1389.8,489.0,1598.0,638.0,1600,1200,576,0
20170520_FIRE_lp-s-iqeye,960,0.1760,1439.3,378.5,1600.0,676.1,1600,1200,576,0
20170520_FIRE_lp-s-iqeye,960,0.3298,1391.2,502.7,1600.0,638.2,1600,1200,576,176
20170520_FIRE_lp-s-iqeye,960,0.2263,1440.7,389.0,1600.0,666.7,1600,1200,576,176
20170520_FIRE_lp-s-iqeye,1020,0.5092,1400.2,466.0,1595.9,634.5,1600,1200,576,0
20170520_FIRE_lp-s-iqeye,1020,0.6103,1408.8,465.1,1595.6,632.9,1600,1200,576,176
20170520_FIRE_lp-s-iqeye,1080,0.1714,1427.6,382.2,1600.0,665.1,1600,1200,576,0
20170520_FIRE_lp-s-iqeye,1080,0.1008,1410.6,423.7,1600.0,641.4,1600,1200,576,0
20170520_FIRE_lp-s-iqeye,1080,0.1902,1429.8,386.9,1600.0,663.8,1600,1200,576,176
20170520_FIRE_lp-s-iqeye,1140,0.1388,1394.3,537.3,1587.3,634.3,1600,1200,576,0
20170520_FIRE_lp-s-iqeye,1140,0.2847,1394.3,537.5,1587.2,634.0,1600,1200,576,176
20170520_FIRE_lp-s-iqeye,1200,0.4806,1393.0,503.2,1600.0,635.5,1600,1200,576,0
20170520_FIRE_lp-s-iqeye,1200,0.4148,1393.0,503.2,1600.0,634.9,1600,1200,576,176
20170520_FIRE_lp-s-iqeye,1260,0.3989,1395.7,465.4,1600.0,637.3,1600,1200,576,0
20170520_FIRE_lp-s-iqeye,1260,0.5079,1410.1,459.4,1599.8,636.6,1600,1200,576,176
20170520_FIRE_lp-s-iqeye,1320,0.4256,1385.0,543.4,1534.6,637.0,1600,1200,576,0
20170520_FIRE_lp-s-iqeye,1320,0.3764,1419.3,422.9,1600.0,670.6,1600,1200,576,0
20170520_FIRE_lp-s-iqeye,1320,0.4728,1385.9,546.4,1534.8,635.8,1600,1200,576,176
20170520_FIRE_lp-s-iqeye,1320,0.3171,1420.9,425.0,1600.0,668.3,1600,1200,576,176
20170520_FIRE_lp-s-iqeye,1380,0.4175,1385.7,544.9,1538.0,636.7,1600,1200,576,0
20170520_FIRE_lp-s-iqeye,1380,0.2453,1448.8,401.9,1600.0,643.5,1600,1200,576,0
20170520_FIRE_lp-s-iqeye,1380,0.1023,1404.5,472.5,1600.0,636.0,1600,1200,576,0
20170520_FIRE_lp-s-iqeye,1380,0.4446,1386.6,547.0,1536.6,635.3,1600,1200,576,176
20170520_FIRE_lp-s-iqeye,1380,0.3359,1450.3,401.7,1600.0,635.5,1600,1200,576,176
20170520_FIRE_lp-s-iqeye,1380,0.1440,1408.8,421.6,1600.0,639.5,1600,1200,576,176
20170520_FIRE_lp-s-iqeye,1440,0.2597,1406.0,421.7,1600.0,638.0,1600,1200,576,0
20170520_FIRE_lp-s-iqeye,1440,0.2096,1449.8,359.4,1600.0,681.2,1600,1200,576,0
20170520_FIRE_lp-s-iqeye,1440,0.3020,1450.4,368.9,1600.0,668.2,1600,1200,576,176
20170520_FIRE_lp-s-iqeye,1440,0.2438,1407.0,424.6,1600.0,636.7,1600,1200,576,176
20170520_FIRE_lp-s-iqeye,1500,0.2915,1392.5,527.9,1600.0,636.6,1600,1200,576,0
20170520_FIRE_lp-s-iqeye,1500,0.2397,1385.2,543.0,1552.3,636.8,1600,1200,576,0
20170520_FIRE_lp-s-iqeye,1500,0.1245,1450.3,354.9,1600.0,653.6,1600,1200,576,0
20170520_FIRE_lp-s-iqeye,1500,0.1191,1428.9,460.3,1600.0,636.1,1600,1200,576,0
20170520_FIRE_lp-s-iqeye,1500,0.2980,1392.6,529.7,1594.7,636.1,1600,1200,576,176
20170520_FIRE_lp-s-iqeye,1500,0.2900,1384.8,544.7,1551.9,636.2,1600,1200,576,176
20170520_FIRE_lp-s-iqeye,1500,0.1237,1432.2,468.2,1600.0,635.6,1600,1200,576,176
20170520_FIRE_lp-s-iqeye,1500,0.1135,1418.6,508.1,1600.0,632.0,1600,1200,576,176
20170520_FIRE_lp-s-iqeye,1560,0.2269,713.0,496.3,732.7,515.0,1600,1200,0,0
20170520_FIRE_lp-s-iqeye,1560,0.3515,1387.2,543.0,1583.4,640.1,1600,1200,576,0
20170520_FIRE_lp-s-iqeye,1560,0.2443,1446.8,450.9,1600.0,645.2,1600,1200,576,0
20170520_FIRE_lp-s-iqeye,1560,0.1901,713.2,496.3,732.5,514.9,1600,1200,576,0
20170520_FIRE_lp-s-iqeye,1560,0.1441,1400.8,477.1,1600.0,640.5,1600,1200,576,0
20170520_FIRE_lp-s-iqeye,1560,0.2605,713.1,496.4,732.5,514.9,1600,1200,0,176
20170520_FIRE_lp-s-iqeye,1560,0.2980,1387.0,543.1,1583.0,639.6,1600,1200,576,176
20170520_FIRE_lp-s-iqeye,1560,0.2787,1452.7,452.1,1600.0,642.6,1600,1200,576,176
20170520_FIRE_lp-s-iqeye,1560,0.2447,713.3,496.5,732.3,514.9,1600,1200,576,176
20170520_FIRE_lp-s-iqeye,1560,0.1129,1407.0,482.0,1600.0,639.7,1600,1200,576,176
20170520_FIRE_lp-s-iqeye,1620,0.3645,1394.3,535.1,1597.3,638.5,1600,1200,576,0
20170520_FIRE_lp-s-iqeye,1620,0.1240,1417.2,485.6,1600.0,639.3,1600,1200,576,0
20170520_FIRE_lp-s-iqeye,1620,0.3537,1396.7,533.6,1597.5,638.1,1600,1200,576,176
20170520_FIRE_lp-s-iqeye,1620,0.1694,1418.3,499.7,1600.0,638.7,1600,1200,576,176
20170520_FIRE_lp-s-iqeye,1620,0.1047,1419.9,432.8,1600.0,640.6,1600,1200,576,176
20170520_FIRE_lp-s-iqeye,1680,0.1019,709.3,496.3,741.0,515.9,1600,1200,0,0
20170520_FIRE_lp-s-iqeye,1680,0.5818,1410.4,543.0,1595.1,638.5,1600,1200,576,0
20170520_FIRE_lp-s-iqeye,1680,0.1156,709.6,496.4,740.6,515.8,1600,1200,0,176
20170520_FIRE_lp-s-iqeye,1680,0.6191,1412.3,543.1,1595.7,637.8,1600,1200,576,176
20170520_FIRE_lp-s-iqeye,1740,0.3142,1401.9,496.8,1600.0,635.3,1600,1200,576,0
20170520_FIRE_lp-s-iqeye,1740,0.2580,1411.3,490.0,1600.0,636.2,1600,1200,576,176
20170520_FIRE_lp-s-iqeye,1800,0.3613,1390.7,537.6,1592.1,635.5,1600,1200,576,0
20170520_FIRE_lp-s-iqeye,1800,0.1077,1407.5,501.2,1600.0,636.4,1600,1200,576,0
20170520_FIRE_lp-s-iqeye,1800,0.4305,1389.2,538.9,1592.3,635.5,1600,1200,576,176
20170520_FIRE_lp-s-iqeye,1800,0.1348,1402.5,504.1,1600.0,635.7,1600,1200,576,176
20170520_FIRE_lp-s-iqeye,1860,0.4089,1385.6,543.0,1585.7,637.3,1600,1200,576,0
20170520_FIRE_lp-s-iqeye,1860,0.3681,1384.8,543.3,1584.4,637.0,1600,1200,576,176
20170520_FIRE_lp-s-iqeye,1920,0.3540,1381.3,521.3,1600.0,637.0,1600,1200,576,0
20170520_FIRE_lp-s-iqeye,1920,0.5281,1382.1,525.9,1600.0,637.1,1600,1200,576,176
20170520_FIRE_lp-s-iqeye,1980,0.3517,1391.8,472.4,1599.7,638.7,1600,1200,576,0
20170520_FIRE_lp-s-iqeye,1980,0.1245,1381.0,539.3,1581.2,638.7,1600,1200,576,0
20170520_FIRE_lp-s-iqeye,1980,0.4575,1389.3,471.9,1600.0,638.7,1600,1200,576,176
20170520_FIRE_lp-s-iqeye,1980,0.1143,1380.9,543.1,1578.9,638.4,1600,1200,576,176
20170520_FIRE_lp-s-iqeye,2040,0.3002,529.0,462.3,559.4,491.3,1600,1200,0,0
20170520_FIRE_lp-s-iqeye,2040,0.2636,1375.7,501.5,1569.9,635.6,1600,1200,576,0
20170520_FIRE_lp-s-iqeye,2040,0.1340,1373.0,540.3,1566.7,637.4,1600,1200,576,0
20170520_FIRE_lp-s-iqeye,2040,0.1336,528.9,462.5,559.6,491.3,1600,1200,0,176
20170520_FIRE_lp-s-iqeye,2040,0.4181,1375.5,501.5,1568.8,635.4,1600,1200,576,176
20170520_FIRE_lp-s-iqeye,2040,0.1824,1373.1,543.4,1565.0,637.1,1600,1200,576,176
20170520_FIRE_lp-s-iqeye,2040,0.1268,1409.5,451.4,1600.0,641.3,1600,1200,576,176
20170520_FIRE_lp-s-iqeye,2100,0.7041,537.0,460.1,568.9,490.5,1600,1200,0,0
20170520_FIRE_lp-s-iqeye,2100,0.2216,1373.4,481.6,1600.0,639.2,1600,1200,576,0
20170520_FIRE_lp-s-iqeye,2100,0.6601,537.0,460.4,568.8,490.5,1600,1200,0,176
20170520_FIRE_lp-s-iqeye,2100,0.2601,1391.9,464.4,1600.0,640.9,1600,1200,576,176
20170520_FIRE_lp-s-iqeye,2160,0.7046,543.6,453.3,575.8,490.6,1600,1200,0,0
20170520_FIRE_lp-s-iqeye,2160,0.1471,1381.6,433.8,1600.0,640.3,1600,1200,576,0
20170520_FIRE_lp-s-iqeye,2160,0.6345,543.6,453.6,575.8,490.5,1600,1200,0,176
20170520_FIRE_lp-s-iqeye,2160,0.1052,1375.8,499.7,1600.0,637.3,1600,1200,576,176
20170520_FIRE_lp-s-iqeye,2220,0.5921,550.7,450.1,587.0,491.4,1600,1200,0,0
20170520_FIRE_lp-s-iqeye,2220,0.2331,551.4,458.7,582.1,491.7,1600,1200,0,0
20170520_FIRE_lp-s-iqeye,2220,0.1073,1381.6,438.5,1600.0,640.3,1600,1200,576,0
20170520_FIRE_lp-s-iqeye,2220,0.5048,550.8,450.7,586.9,491.4,1600,1200,0,176
20170520_FIRE_lp-s-iqeye,2220,0.1901,551.5,459.1,582.0,491.6,1600,1200,0,176
20170520_FIRE_lp-s-iqeye,2280,0.3107,558.3,450.4,595.4,490.1,1600,1200,0,0
20170520_FIRE_lp-s-iqeye,2280,0.3001,1367.3,488.0,1600.0,637.0,1600,1200,576,0
20170520_FIRE_lp-s-iqeye,2280,0.2353,558.2,450.1,595.9,490.1,1600,1200,0,176
20170520_FIRE_lp-s-iqeye,2280,0.3702,1367.1,488.4,1600.0,636.6,1600,1200,576,176
20170520_FIRE_lp-s-iqeye,2340,0.1731,1392.1,450.4,1600.0,644.7,1600,1200,576,0
20170520_FIRE_lp-s-iqeye,2340,0.1924,1387.0,452.1,1600.0,643.1,1600,1200,576,176
20170520_FIRE_lp-s-iqeye,2400,0.2552,1362.4,437.9,1600.0,641.5,1600,1200,576,0
20170520_FIRE_lp-s-iqeye,2400,0.2725,1360.8,440.4,1600.0,640.5,1600,1200,576,176
20170520_FIRE_om-s-mobo-c,1440,0.1961,1937.2,1010.7,2014.6,1043.4,2048,1536,1024,512
20170520_FIRE_om-s-mobo-c,1620,0.1881,1937.6,1010.4,2013.9,1043.2,2048,1536,1024,512
20170520_FIRE_om-s-mobo-c,1680,0.1141,1937.5,1010.4,2014.2,1043.2,2048,1536,1024,512
20170520_FIRE_om-s-mobo-c,2160,0.1076,1936.8,1010.3,2014.3,1043.5,2048,1536,1024,512
20170520_FIRE_om-s-mobo-c,2340,0.1223,1937.2,1010.4,2014.7,1042.8,2048,1536,1024,512
20170520_FIRE_pi-w-mobo-c,540,0.4566,408.0,701.5,463.7,759.7,2048,1536,0,0
20170520_FIRE_pi-w-mobo-c,540,0.4206,408.1,701.5,463.6,759.6,2048,1536,0,512
20170520_FIRE_pi-w-mobo-c,600,0.1525,408.2,686.0,478.0,761.8,2048,1536,0,0
20170520_FIRE_pi-w-mobo-c,600,0.1012,409.2,686.0,477.9,761.7,2048,1536,0,512
20170520_FIRE_pi-w-mobo-c,660,0.3748,402.7,672.1,491.5,763.5,2048,1536,0,0
20170520_FIRE_pi-w-mobo-c,660,0.3549,400.0,672.3,491.5,764.1,2048,1536,0,512
20170520_FIRE_pi-w-mobo-c,720,0.5371,407.3,671.5,505.5,759.7,2048,1536,0,0
20170520_FIRE_pi-w-mobo-c,720,0.5329,407.3,671.4,505.3,759.7,2048,1536,0,512
20170520_FIRE_pi-w-mobo-c,780,0.2456,409.7,676.4,519.6,758.6,2048,1536,0,0
20170520_FIRE_pi-w-mobo-c,780,0.1995,409.8,676.4,519.5,758.6,2048,1536,0,512
20170520_FIRE_pi-w-mobo-c,900,0.1375,403.1,671.8,477.8,763.7,2048,1536,0,512
20170520_FIRE_pi-w-mobo-c,960,0.1812,406.0,677.4,450.3,763.7,2048,1536,0,0
20170520_FIRE_pi-w-mobo-c,960,0.2275,406.2,678.6,450.2,763.7,2048,1536,0,512
20170520_FIRE_pi-w-mobo-c,1020,0.3526,404.5,680.2,468.2,761.4,2048,1536,0,0
20170520_FIRE_pi-w-mobo-c,1020,0.2975,405.0,680.4,467.9,761.3,2048,1536,0,512
20170520_FIRE_pi-w-mobo-c,1080,0.3992,397.3,670.0,480.8,761.0,2048,1536,0,0
20170520_FIRE_pi-w-mobo-c,1080,0.3192,397.2,671.4,480.7,760.9,2048,1536,0,512
20170520_FIRE_pi-w-mobo-c,1200,0.1480,388.0,640.3,495.1,763.1,2048,1536,0,0
20170520_FIRE_pi-w-mobo-c,1200,0.1196,388.6,653.4,454.6,763.2,2048,1536,0,0
20170520_FIRE_pi-w-mobo-c,1200,0.1487,388.6,682.0,453.9,763.2,2048,1536,0,512
20170520_FIRE_pi-w-mobo-c,1320,0.1515,387.1,676.0,462.4,759.3,2048,1536,0,512
20170520_FIRE_pi-w-mobo-c,1380,0.1606,386.8,673.1,469.5,762.8,2048,1536,0,0
20170520_FIRE_pi-w-mobo-c,1380,0.2371,387.6,674.7,469.7,762.2,2048,1536,0,512
20170520_FIRE_pi-w-mobo-c,1620,0.1313,402.9,695.9,475.1,762.0,2048,1536,0,0
20170520_FIRE_pi-w-mobo-c,1620,0.1057,403.9,697.3,475.0,761.9,2048,1536,0,512
20170520_FIRE_pi-w-mobo-c,1680,0.3889,406.3,688.7,490.3,761.1,2048,1536,0,0
20170520_FIRE_pi-w-mobo-c,1680,0.3736,406.9,690.0,490.4,761.0,2048,1536,0,512
20170520_FIRE_pi-w-mobo-c,1740,0.3791,413.4,692.4,502.5,760.3,2048,1536,0,0
20170520_FIRE_pi-w-mobo-c,1740,0.3890,415.0,692.9,502.5,760.0,2048,1536,0,512
20170520_FIRE_pi-w-mobo-c,1860,0.1835,392.7,687.0,522.4,763.2,2048,1536,0,0
20170520_FIRE_pi-w-mobo-c,1860,0.1221,392.2,690.8,521.0,763.3,2048,1536,0,512
20170520_FIRE_pi-w-mobo-c,1920,0.3144,394.3,695.7,478.2,762.7,2048,1536,0,0
20170520_FIRE_pi-w-mobo-c,1920,0.2656,394.1,696.6,478.1,762.6,2048,1536,0,512
20170520_FIRE_pi-w-mobo-c,1980,0.3438,389.5,695.8,489.7,765.8,2048,1536,0,0
20170520_FIRE_pi-w-mobo-c,1980,0.1684,388.4,713.0,435.8,765.7,2048,1536,0,0
20170520_FIRE_pi-w-mobo-c,1980,0.2510,390.1,697.4,489.0,765.9,2048,1536,0,512
20170520_FIRE_pi-w-mobo-c,1980,0.2132,391.3,714.4,435.6,765.6,2048,1536,0,512
20170520_FIRE_pi-w-mobo-c,1980,0.1468,389.1,704.3,443.0,765.5,2048,1536,0,512
20170520_FIRE_pi-w-mobo-c,2040,0.4105,392.4,695.0,498.3,763.7,2048,1536,0,0
20170520_FIRE_pi-w-mobo-c,2040,0.3185,392.8,696.2,498.1,763.7,2048,1536,0,512
20170520_FIRE_pi-w-mobo-c,2100,0.2625,390.0,693.8,457.9,762.9,2048,1536,0,0
20170520_FIRE_pi-w-mobo-c,2100,0.2527,391.0,693.8,457.4,762.9,2048,1536,0,512
20170520_FIRE_pi-w-mobo-c,2160,0.5365,372.3,673.9,467.5,765.0,2048,1536,0,0
20170520_FIRE_pi-w-mobo-c,2160,0.5255,372.4,674.2,467.3,765.1,2048,1536,0,512
20170520_FIRE_pi-w-mobo-c,2220,0.3567,369.1,658.0,471.7,765.4,2048,1536,0,0
20170520_FIRE_pi-w-mobo-c,2220,0.3570,369.1,658.3,471.2,765.4,2048,1536,0,512
20170520_FIRE_pi-w-mobo-c,2280,0.5813,363.2,641.9,468.8,765.7,2048,1536,0,0
20170520_FIRE_pi-w-mobo-c,2280,0.5684,363.1,642.5,468.1,765.7,2048,1536,0,512
20170520_FIRE_pi-w-mobo-c,2340,0.1556,363.1,633.8,471.2,764.0,2048,1536,0,0
20170520_FIRE_pi-w-mobo-c,2340,0.1330,362.9,634.2,470.8,764.0,2048,1536,0,512
20170520_FIRE_pi-w-mobo-c,2400,0.4963,363.8,658.7,479.9,765.5,2048,1536,0,0
20170520_FIRE_pi-w-mobo-c,2400,0.5139,363.9,667.4,479.3,765.6,2048,1536,0,512
20170609_FIRE_sm-n-mobo-c,1800,0.2115,1015.8,777.9,1098.2,856.2,2048,1536,896,0
20170609_FIRE_sm-n-mobo-c,1800,0.2520,1015.4,778.4,1098.4,856.0,2048,1536,896,512
20170609_FIRE_sm-n-mobo-c,1860,0.3004,1016.3,824.3,1054.6,856.2,2048,1536,896,0
20170609_FIRE_sm-n-mobo-c,1860,0.1277,1013.0,757.4,1128.0,857.1,2048,1536,896,0
20170609_FIRE_sm-n-mobo-c,1860,0.5111,1016.4,824.3,1054.5,856.0,2048,1536,896,512
20170609_FIRE_sm-n-mobo-c,1860,0.1536,1024.2,824.4,1053.8,855.9,2048,1536,1024,512
20170609_FIRE_sm-n-mobo-c,1920,0.1316,1019.9,816.9,1073.6,855.6,2048,1536,896,512
20170609_FIRE_sm-n-mobo-c,1980,0.2636,1020.5,808.1,1072.7,856.4,2048,1536,896,0
20170609_FIRE_sm-n-mobo-c,1980,0.1338,1014.9,751.1,1241.5,857.9,2048,1536,896,0
20170609_FIRE_sm-n-mobo-c,1980,0.1689,1024.7,808.3,1072.7,856.0,2048,1536,1024,0
20170609_FIRE_sm-n-mobo-c,1980,0.1015,1024.0,752.3,1237.2,857.1,2048,1536,1024,0
20170609_FIRE_sm-n-mobo-c,1980,0.4556,1020.6,808.5,1072.3,856.2,2048,1536,896,512
20170609_FIRE_sm-n-mobo-c,1980,0.3381,1024.7,808.6,1072.4,856.0,2048,1536,1024,512
20170609_FIRE_sm-n-mobo-c,2040,0.5814,1015.4,821.5,1086.4,856.2,2048,1536,896,0
20170609_FIRE_sm-n-mobo-c,2040,0.5069,1024.9,821.4,1086.0,855.6,2048,1536,1024,0
20170609_FIRE_sm-n-mobo-c,2040,0.6740,1015.5,821.4,1085.4,856.0,2048,1536,896,512
20170609_FIRE_sm-n-mobo-c,2040,0.6331,1024.8,821.3,1084.9,855.5,2048,1536,1024,512
20170609_FIRE_sm-n-mobo-c,2100,0.5841,1023.9,816.7,1088.8,855.6,2048,1536,896,0
20170609_FIRE_sm-n-mobo-c,2100,0.5263,1027.8,816.6,1089.1,855.1,2048,1536,1024,0
20170609_FIRE_sm-n-mobo-c,2100,0.6879,1023.9,816.9,1087.9,855.5,2048,1536,896,512
20170609_FIRE_sm-n-mobo-c,2100,0.6402,1027.7,816.8,1088.4,855.1,2048,1536,1024,512
20170609_FIRE_sm-n-mobo-c,2160,0.5873,1014.1,818.9,1095.7,856.1,2048,1536,896,0
20170609_FIRE_sm-n-mobo-c,2160,0.4110,1026.0,818.8,1095.1,855.0,2048,1536,1024,0
20170609_FIRE_sm-n-mobo-c,2160,0.6626,1014.1,818.8,1094.5,856.0,2048,1536,896,512
20170609_FIRE_sm-n-mobo-c,2160,0.5292,1026.0,818.7,1093.9,854.9,2048,1536,1024,512
20170609_FIRE_sm-n-mobo-c,2220,0.5906,1012.3,817.6,1098.5,856.7,2048,1536,896,0
20170609_FIRE_sm-n-mobo-c,2220,0.2205,1025.9,817.6,1098.3,855.2,2048,1536,1024,0
20170609_FIRE_sm-n-mobo-c,2220,0.6298,1012.2,817.5,1097.9,856.5,2048,1536,896,512
20170609_FIRE_sm-n-mobo-c,2220,0.3280,1025.9,817.4,1097.8,855.1,2048,1536,1024,512
20170609_FIRE_sm-n-mobo-c,2280,0.6138,1014.9,819.5,1108.1,857.1,2048,1536,896,0
20170609_FIRE_sm-n-mobo-c,2280,0.6484,1014.7,819.6,1105.3,856.9,2048,1536,896,512
20170609_FIRE_sm-n-mobo-c,2280,0.2237,1024.6,819.3,1102.4,856.1,2048,1536,1024,512
20170609_FIRE_sm-n-mobo-c,2340,0.1270,1012.7,808.3,1125.6,857.3,2048,1536,896,0
20170609_FIRE_sm-n-mobo-c,2340,0.2166,1011.7,812.5,1127.1,857.1,2048,1536,896,512
20170609_FIRE_sm-n-mobo-c,2400,0.7376,1013.9,816.8,1068.0,857.0,2048,1536,896,0
20170609_FIRE_sm-n-mobo-c,2400,0.6201,1024.5,817.1,1067.7,856.2,2048,1536,1024,0
20170609_FIRE_sm-n-mobo-c,2400,0.7781,1013.9,817.0,1067.7,856.8,2048,1536,896,512
20170609_FIRE_sm-n-mobo-c,2400,0.6837,1024.5,817.1,1067.4,856.1,2048,1536,1024,512
20170613_FIRE_hp-n-mobo-c,480,0.1358,417.4,768.7,440.6,786.7,2048,1536,0,0
20170613_FIRE_hp-n-mobo-c,480,0.2817,417.5,768.6,441.4,786.5,2048,1536,0,512
20170613_FIRE_hp-n-mobo-c,1440,0.1400,420.6,721.8,459.8,770.6,2048,1536,0,0
20170613_FIRE_hp-n-mobo-c,1440,0.1687,420.9,721.8,459.7,770.5,2048,1536,0,512
20170613_FIRE_hp-n-mobo-c,1560,0.1683,410.1,709.1,455.1,783.8,2048,1536,0,0
20170613_FIRE_hp-n-mobo-c,1560,0.1935,410.7,709.1,455.1,783.9,2048,1536,0,512
20170613_FIRE_hp-n-mobo-c,1620,0.1783,418.3,718.5,467.9,781.2,2048,1536,0,0
20170613_FIRE_hp-n-mobo-c,1620,0.1651,421.0,718.8,467.9,781.2,2048,1536,0,512
20170613_FIRE_hp-n-mobo-c,1680,0.1017,423.7,771.4,439.0,786.0,2048,1536,0,0
20170613_FIRE_hp-n-mobo-c,1680,0.1647,423.9,771.6,438.7,785.9,2048,1536,0,512
20170613_FIRE_hp-n-mobo-c,1680,0.1143,422.2,769.8,441.1,786.1,2048,1536,0,512
20170613_FIRE_hp-n-mobo-c,1740,0.4019,416.4,712.1,474.2,784.9,2048,1536,0,0
20170613_FIRE_hp-n-mobo-c,1740,0.4089,416.8,712.1,474.2,784.9,2048,1536,0,512
20170613_FIRE_hp-n-mobo-c,1800,0.3217,422.3,768.7,441.8,785.2,2048,1536,0,0
20170613_FIRE_hp-n-mobo-c,1800,0.2078,421.2,748.5,450.2,785.4,2048,1536,0,0
20170613_FIRE_hp-n-mobo-c,1800,0.2007,418.8,712.2,469.4,785.4,2048,1536,0,0
20170613_FIRE_hp-n-mobo-c,1800,0.4057,422.4,768.7,441.7,785.1,2048,1536,0,512
20170613_FIRE_hp-n-mobo-c,1800,0.2434,421.5,758.7,446.7,785.3,2048,1536,0,512
20170613_FIRE_hp-n-mobo-c,1800,0.1718,419.1,712.2,469.3,785.4,2048,1536,0,512
20170613_FIRE_hp-n-mobo-c,1860,0.3458,423.8,761.0,444.1,785.2,2048,1536,0,0
20170613_FIRE_hp-n-mobo-c,1860,0.1095,420.9,754.6,446.3,785.3,2048,1536,0,0
20170613_FIRE_hp-n-mobo-c,1860,0.4197,423.9,761.3,443.9,785.2,2048,1536,0,512
20170613_FIRE_hp-n-mobo-c,1860,0.1334,421.8,755.8,445.8,785.2,2048,1536,0,512
20170613_FIRE_hp-n-mobo-c,1980,0.1267,415.9,767.9,444.9,786.0,2048,1536,0,512
20170613_FIRE_hp-n-mobo-c,2040,0.1847,419.8,767.4,441.2,785.3,2048,1536,0,0
20170613_FIRE_hp-n-mobo-c,2040,0.1826,416.2,704.3,485.2,785.9,2048,1536,0,0
20170613_FIRE_hp-n-mobo-c,2040,0.2648,420.0,767.5,441.1,785.3,2048,1536,0,512
20170613_FIRE_hp-n-mobo-c,2040,0.1628,416.5,704.4,485.4,786.0,2048,1536,0,512
20170613_FIRE_hp-n-mobo-c,2100,0.3030,421.4,765.5,441.6,785.7,2048,1536,0,0
20170613_FIRE_hp-n-mobo-c,2100,0.3931,421.4,765.6,441.5,785.7,2048,1536,0,512
20170613_FIRE_hp-n-mobo-c,2160,0.2930,422.1,768.5,443.7,785.6,2048,1536,0,0
20170613_FIRE_hp-n-mobo-c,2160,0.4040,422.4,768.7,443.6,785.6,2048,1536,0,512
20170613_FIRE_hp-n-mobo-c,2220,0.2944,426.9,769.2,447.6,784.9,2048,1536,0,0
20170613_FIRE_hp-n-mobo-c,2220,0.4585,427.1,769.3,447.5,784.8,2048,1536,0,512
20170625_BBM_bm-n-mobo,480,0.7229,1596.5,725.2,1649.4,784.4,2048,1536,896,0
20170625_BBM_bm-n-mobo,480,0.7232,1596.5,725.2,1649.4,784.4,2048,1536,1024,0
20170625_BBM_bm-n-mobo,480,0.7577,1596.9,725.2,1649.2,784.0,2048,1536,896,512
20170625_BBM_bm-n-mobo,480,0.7545,1596.9,725.2,1649.3,784.0,2048,1536,1024,512
20170625_BBM_bm-n-mobo,540,0.1037,1612.8,684.8,1640.1,737.2,2048,1536,896,0
20170625_BBM_bm-n-mobo,540,0.1064,1612.8,684.8,1640.1,737.2,2048,1536,1024,0
20170625_BBM_bm-n-mobo,540,0.2135,1613.1,684.9,1639.8,736.8,2048,1536,896,512
20170625_BBM_bm-n-mobo,540,0.2085,1613.1,684.9,1639.8,736.8,2048,1536,1024,512
20170625_BBM_bm-n-mobo,600,0.1609,1607.1,765.7,1652.6,790.9,2048,1536,896,0
20170625_BBM_bm-n-mobo,600,0.1611,1607.1,765.6,1652.7,790.9,2048,1536,1024,0
20170625_BBM_bm-n-mobo,600,0.2427,1607.3,766.3,1651.9,790.7,2048,1536,896,512
20170625_BBM_bm-n-mobo,600,0.2380,1607.2,766.2,1652.0,790.7,2048,1536,1024,512
20170625_BBM_bm-n-mobo,660,0.3067,1604.0,745.5,1718.4,791.5,2048,1536,896,0
20170625_BBM_bm-n-mobo,660,0.1777,1605.3,759.0,1661.1,790.7,2048,1536,896,0
20170625_BBM_bm-n-mobo,660,0.1098,1605.0,752.6,1699.9,790.8,2048,1536,896,0
20170625_BBM_bm-n-mobo,660,0.3115,1603.9,745.5,1718.5,791.5,2048,1536,1024,0
20170625_BBM_bm-n-mobo,660,0.1739,1605.3,759.0,1661.1,790.7,2048,1536,1024,0
20170625_BBM_bm-n-mobo,660,0.3276,1604.0,745.7,1718.3,791.3,2048,1536,896,512
20170625_BBM_bm-n-mobo,660,0.2548,1605.3,759.0,1661.1,790.5,2048,1536,896,512
20170625_BBM_bm-n-mobo,660,0.1326,1605.0,753.7,1687.6,790.7,2048,1536,896,512
20170625_BBM_bm-n-mobo,660,0.3392,1604.0,745.7,1718.4,791.3,2048,1536,1024,512
20170625_BBM_bm-n-mobo,660,0.2409,1605.3,759.0,1661.1,790.5,2048,1536,1024,512
20170625_BBM_bm-n-mobo,660,0.1273,1605.0,753.1,1695.9,790.7,2048,1536,1024,512
20170625_BBM_bm-n-mobo,720,0.3910,1599.8,755.4,1667.1,789.4,2048,1536,896,0
20170625_BBM_bm-n-mobo,720,0.3919,1599.8,755.4,1667.2,789.4,2048,1536,1024,0
20170625_BBM_bm-n-mobo,720,0.4986,1600.0,755.5,1666.8,789.2,2048,1536,896,512
20170625_BBM_bm-n-mobo,720,0.4899,1600.0,755.4,1666.9,789.2,2048,1536,1024,512
20170625_BBM_bm-n-mobo,780,0.2104,1605.5,755.2,1664.2,788.9,2048,1536,896,0
20170625_BBM_bm-n-mobo,780,0.1352,1603.5,705.2,1673.4,788.9,2048,1536,896,0
20170625_BBM_bm-n-mobo,780,0.1153,1604.8,734.0,1666.7,789.0,2048,1536,896,0
20170625_BBM_bm-n-mobo,780,0.1041,1605.2,700.2,1725.4,788.6,2048,1536,896,0
20170625_BBM_bm-n-mobo,780,0.2130,1605.5,755.2,1664.2,788.9,2048,1536,1024,0
20170625_BBM_bm-n-mobo,780,0.1350,1603.4,705.2,1673.4,788.9,2048,1536,1024,0
20170625_BBM_bm-n-mobo,780,0.1155,1604.8,734.3,1666.7,789.0,2048,1536,1024,0
20170625_BBM_bm-n-mobo,780,0.1036,1605.2,700.2,1725.3,788.6,2048,1536,1024,0
20170625_BBM_bm-n-mobo,780,0.2810,1605.8,755.4,1664.0,788.6,2048,1536,896,512
20170625_BBM_bm-n-mobo,780,0.1466,1603.9,705.9,1673.0,788.7,2048,1536,896,512
20170625_BBM_bm-n-mobo,780,0.1360,1605.2,740.7,1666.2,788.6,2048,1536,896,512
20170625_BBM_bm-n-mobo,780,0.1067,1605.6,700.5,1725.9,788.5,2048,1536,896,512
20170625_BBM_bm-n-mobo,780,0.2788,1605.8,755.4,1664.0,788.6,2048,1536,1024,512
20170625_BBM_bm-n-mobo,780,0.1465,1603.9,705.8,1673.0,788.7,2048,1536,1024,512
20170625_BBM_bm-n-mobo,780,0.1339,1605.2,740.6,1666.2,788.7,2048,1536,1024,512
20170625_BBM_bm-n-mobo,780,0.1094,1605.6,700.5,1726.3,788.5,2048,1536,1024,512
20170625_BBM_bm-n-mobo,840,0.4742,1602.2,756.0,1680.1,791.8,2048,1536,896,0
20170625_BBM_bm-n-mobo,840,0.4767,1602.1,756.0,1680.1,791.8,2048,1536,1024,0
20170625_BBM_bm-n-mobo,840,0.5487,1602.3,756.1,1679.5,791.6,2048,1536,896,512
20170625_BBM_bm-n-mobo,840,0.5489,1602.3,756.1,1679.5,791.6,2048,1536,1024,512
20170625_BBM_bm-n-mobo,900,0.7405,1599.8,748.1,1661.3,790.5,2048,1536,896,0
20170625_BBM_bm-n-mobo,900,0.7408,1599.8,748.0,1661.3,790.5,2048,1536,1024,0
20170625_BBM_bm-n-mobo,900,0.7649,1600.1,748.1,1660.9,790.2,2048,1536,896,512
20170625_BBM_bm-n-mobo,900,0.7648,1600.0,748.1,1661.0,790.3,2048,1536,1024,512
20170625_BBM_bm-n-mobo,960,0.2426,1602.0,742.9,1649.4,789.6,2048,1536,896,0
20170625_BBM_bm-n-mobo,960,0.2381,1596.2,692.4,1771.8,793.8,2048,1536,896,0
20170625_BBM_bm-n-mobo,960,0.2438,1602.0,742.9,1649.4,789.6,2048,1536,1024,0
20170625_BBM_bm-n-mobo,960,0.2428,1596.2,692.3,1772.0,793.9,2048,1536,1024,0
20170625_BBM_bm-n-mobo,960,0.2914,1602.2,742.9,1649.1,789.3,2048,1536,896,512
20170625_BBM_bm-n-mobo,960,0.2500,1595.0,696.7,1774.1,793.1,2048,1536,896,512
20170625_BBM_bm-n-mobo,960,0.1016,1595.2,657.9,1780.6,791.2,2048,1536,896,512
20170625_BBM_bm-n-mobo,960,0.2858,1602.2,742.9,1649.1,789.3,2048,1536,1024,512
20170625_BBM_bm-n-mobo,960,0.2537,1595.0,696.5,1774.3,793.2,2048,1536,1024,512
20170625_BBM_bm-n-mobo,960,0.1150,1606.9,699.5,1774.8,771.7,2048,1536,1024,512
20170625_BBM_bm-n-mobo,960,0.1075,1595.2,658.0,1780.8,791.1,2048,1536,1024,512
20170625_BBM_bm-n-mobo,1020,0.7314,1604.2,726.4,1657.2,791.4,2048,1536,896,0
20170625_BBM_bm-n-mobo,1020,0.7333,1604.2,726.4,1657.2,791.4,2048,1536,1024,0
20170625_BBM_bm-n-mobo,1020,0.7634,1604.2,726.5,1657.1,791.2,2048,1536,896,512
20170625_BBM_bm-n-mobo,1020,0.7605,1604.2,726.5,1657.2,791.2,2048,1536,1024,512
20170625_BBM_bm-n-mobo,1080,0.1282,1601.4,685.4,1689.1,793.4,2048,1536,896,512
20170625_BBM_bm-n-mobo,1080,0.1257,1601.4,685.4,1688.9,793.2,2048,1536,1024,512
20170625_BBM_bm-n-mobo,1140,0.7315,1602.4,701.6,1719.6,792.6,2048,1536,896,0
20170625_BBM_bm-n-mobo,1140,0.7336,1602.4,701.6,1719.8,792.6,2048,1536,1024,0
20170625_BBM_bm-n-mobo,1140,0.7634,1602.6,702.1,1719.3,792.2,2048,1536,896,512
20170625_BBM_bm-n-mobo,1140,0.7621,1602.6,702.0,1719.5,792.2,2048,1536,1024,512
20170625_BBM_bm-n-mobo,1200,0.5129,1604.7,753.7,1699.5,793.6,2048,1536,896,0
20170625_BBM_bm-n-mobo,1200,0.1165,1602.9,736.2,1747.0,796.0,2048,1536,896,0
20170625_BBM_bm-n-mobo,1200,0.5025,1604.7,753.7,1699.6,793.6,2048,1536,1024,0
20170625_BBM_bm-n-mobo,1200,0.1173,1602.7,735.4,1750.8,796.0,2048,1536,1024,0
20170625_BBM_bm-n-mobo,1200,0.5606,1604.7,753.6,1699.4,793.4,2048,1536,896,512
20170625_BBM_bm-n-mobo,1200,0.1331,1602.9,737.2,1743.0,795.6,2048,1536,896,512
20170625_BBM_bm-n-mobo,1200,0.5403,1604.7,753.6,1699.5,793.4,2048,1536,1024,512
20170625_BBM_bm-n-mobo,1200,0.1339,1602.7,736.4,1745.6,795.6,2048,1536,1024,512
20170625_BBM_bm-n-mobo,1260,0.2981,1602.2,731.7,1680.0,790.4,2048,1536,896,0
20170625_BBM_bm-n-mobo,1260,0.1906,1597.0,665.4,1772.6,790.8,2048,1536,896,0
20170625_BBM_bm-n-mobo,1260,0.1026,1603.0,751.5,1666.5,790.2,2048,1536,896,0
20170625_BBM_bm-n-mobo,1260,0.2994,1602.2,731.6,1679.9,790.4,2048,1536,1024,0
20170625_BBM_bm-n-mobo,1260,0.2119,1597.0,665.6,1772.8,790.8,2048,1536,1024,0
20170625_BBM_bm-n-mobo,1260,0.1015,1603.0,751.5,1666.6,790.2,2048,1536,1024,0
20170625_BBM_bm-n-mobo,1260,0.3072,1602.5,732.4,1678.0,790.2,2048,1536,896,512
20170625_BBM_bm-n-mobo,1260,0.2077,1597.7,664.9,1772.1,790.7,2048,1536,896,512
20170625_BBM_bm-n-mobo,1260,0.1311,1603.4,752.2,1665.4,790.0,2048,1536,896,512
20170625_BBM_bm-n-mobo,1260,0.1040,1603.9,756.2,1651.6,790.1,2048,1536,896,512
20170625_BBM_bm-n-mobo,1260,0.3040,1602.5,732.3,1678.0,790.2,2048,1536,1024,512
20170625_BBM_bm-n-mobo,1260,0.2327,1597.7,665.0,1772.4,790.7,2048,1536,1024,512
20170625_BBM_bm-n-mobo,1260,0.1283,1603.3,752.2,1665.5,790.1,2048,1536,1024,512
20170625_BBM_bm-n-mobo,1320,0.7346,1603.2,721.0,1723.7,791.8,2048,1536,896,0
20170625_BBM_bm-n-mobo,1320,0.7376,1603.2,721.0,1723.8,791.7,2048,1536,1024,0
20170625_BBM_bm-n-mobo,1320,0.7536,1603.3,721.1,1723.3,791.6,2048,1536,896,512
20170625_BBM_bm-n-mobo,1320,0.7539,1603.3,721.1,1723.5,791.6,2048,1536,1024,512
20170625_BBM_bm-n-mobo,1380,0.5306,1587.0,720.5,1668.0,788.9,2048,1536,896,0
20170625_BBM_bm-n-mobo,1380,0.5393,1587.0,720.5,1668.0,788.9,2048,1536,1024,0
20170625_BBM_bm-n-mobo,1380,0.5796,1588.6,720.4,1667.3,788.5,2048,1536,896,512
20170625_BBM_bm-n-mobo,1380,0.5812,1588.5,720.4,1667.3,788.5,2048,1536,1024,512
20170625_BBM_bm-n-mobo,1440,0.3458,1597.5,719.9,1671.6,790.6,2048,1536,896,0
20170625_BBM_bm-n-mobo,1440,0.2158,1594.0,673.8,1717.1,795.6,2048,1536,896,0
20170625_BBM_bm-n-mobo,1440,0.1480,1596.1,698.4,1683.6,791.1,2048,1536,896,0
20170625_BBM_bm-n-mobo,1440,0.3444,1597.5,719.9,1671.6,790.7,2048,1536,1024,0
20170625_BBM_bm-n-mobo,1440,0.2249,1593.9,674.0,1717.1,795.5,2048,1536,1024,0
20170625_BBM_bm-n-mobo,1440,0.1412,1596.1,698.2,1684.0,791.1,2048,1536,1024,0
20170625_BBM_bm-n-mobo,1440,0.4107,1597.8,720.7,1671.2,790.4,2048,1536,896,512
20170625_BBM_bm-n-mobo,1440,0.2088,1594.8,674.1,1716.8,795.1,2048,1536,896,512
20170625_BBM_bm-n-mobo,1440,0.1513,1596.5,700.1,1681.9,790.8,2048,1536,896,512
20170625_BBM_bm-n-mobo,1440,0.3954,1597.8,720.6,1671.2,790.4,2048,1536,1024,512
20170625_BBM_bm-n-mobo,1440,0.2190,1594.7,674.2,1717.0,794.9,2048,1536,1024,512
20170625_BBM_bm-n-mobo,1440,0.1438,1596.4,699.6,1682.7,790.8,2048,1536,1024,512
20170625_BBM_bm-n-mobo,1500,0.4792,1599.8,714.8,1677.4,789.7,2048,1536,896,0
20170625_BBM_bm-n-mobo,1500,0.1459,1596.3,704.7,1761.4,790.6,2048,1536,896,0
20170625_BBM_bm-n-mobo,1500,0.4851,1599.8,714.8,1677.4,789.7,2048,1536,1024,0
20170625_BBM_bm-n-mobo,1500,0.1524,1596.3,704.7,1761.4,790.6,2048,1536,1024,0
20170625_BBM_bm-n-mobo,1500,0.5565,1600.0,714.8,1676.1,789.4,2048,1536,896,512
20170625_BBM_bm-n-mobo,1500,0.1234,1596.6,705.9,1761.1,790.5,2048,1536,896,512
20170625_BBM_bm-n-mobo,1500,0.5491,1600.0,714.8,1676.3,789.4,2048,1536,1024,512
20170625_BBM_bm-n-mobo,1500,0.1345,1596.5,705.6,1761.3,790.5,2048,1536,1024,512
20170625_BBM_bm-n-mobo,1560,0.4896,1581.3,731.5,1704.1,793.4,2048,1536,896,0
20170625_BBM_bm-n-mobo,1560,0.1337,1586.8,733.1,1634.2,789.5,2048,1536,896,0
20170625_BBM_bm-n-mobo,1560,0.4910,1581.2,731.5,1704.2,793.4,2048,1536,1024,0
20170625_BBM_bm-n-mobo,1560,0.1358,1586.7,733.1,1634.2,789.5,2048,1536,1024,0
20170625_BBM_bm-n-mobo,1560,0.4694,1583.3,731.5,1703.5,793.4,2048,1536,896,512
20170625_BBM_bm-n-mobo,1560,0.2360,1587.7,733.1,1633.8,788.9,2048,1536,896,512
20170625_BBM_bm-n-mobo,1560,0.4724,1583.2,731.5,1703.6,793.4,2048,1536,1024,512
20170625_BBM_bm-n-mobo,1560,0.2274,1587.5,733.1,1633.8,788.9,2048,1536,1024,512
20170625_BBM_bm-n-mobo,1620,0.8505,1596.9,695.9,1700.6,792.9,2048,1536,896,0
20170625_BBM_bm-n-mobo,1620,0.8515,1596.8,695.9,1700.6,792.9,2048,1536,1024,0
20170625_BBM_bm-n-mobo,1620,0.8633,1597.1,695.9,1700.4,792.7,2048,1536,896,512
20170625_BBM_bm-n-mobo,1620,0.8631,1597.1,695.9,1700.4,792.7,2048,1536,1024,512
20170625_BBM_bm-n-mobo,1680,0.3117,1595.3,751.3,1691.8,791.3,2048,1536,896,0
20170625_BBM_bm-n-mobo,1680,0.3153,1596.0,751.4,1692.3,791.4,2048,1536,1024,0
20170625_BBM_bm-n-mobo,1680,0.3318,1596.5,751.5,1691.1,791.3,2048,1536,896,512
20170625_BBM_bm-n-mobo,1680,0.3232,1596.4,751.5,1691.3,791.3,2048,1536,1024,512
20170625_BBM_bm-n-mobo,1740,0.8644,1604.8,697.2,1724.6,791.0,2048,1536,896,0
20170625_BBM_bm-n-mobo,1740,0.8647,1604.8,697.2,1724.7,791.0,2048,1536,1024,0
20170625_BBM_bm-n-mobo,1740,0.8733,1605.1,697.3,1724.5,791.0,2048,1536,896,512
20170625_BBM_bm-n-mobo,1740,0.8725,1605.1,697.3,1724.6,790.9,2048,1536,1024,512
20170625_BBM_bm-n-mobo,1800,0.3432,1608.4,735.8,1741.7,796.1,2048,1536,896,0
20170625_BBM_bm-n-mobo,1800,0.2384,1621.3,654.6,1866.9,791.9,2048,1536,896,0
20170625_BBM_bm-n-mobo,1800,0.3518,1608.4,735.7,1741.7,796.1,2048,1536,1024,0
20170625_BBM_bm-n-mobo,1800,0.2602,1621.1,654.8,1866.5,791.8,2048,1536,1024,0
20170625_BBM_bm-n-mobo,1800,0.3955,1608.5,736.0,1740.9,794.6,2048,1536,896,512
20170625_BBM_bm-n-mobo,1800,0.2308,1621.9,653.7,1867.2,791.6,2048,1536,896,512
20170625_BBM_bm-n-mobo,1800,0.3881,1608.5,735.9,1741.1,794.6,2048,1536,1024,512
20170625_BBM_bm-n-mobo,1800,0.2583,1621.5,653.6,1867.2,791.7,2048,1536,1024,512
20170625_BBM_bm-n-mobo,1860,0.3976,1580.1,681.3,1849.6,790.2,2048,1536,896,0
20170625_BBM_bm-n-mobo,1860,0.3973,1580.6,681.0,1850.5,790.1,2048,1536,1024,0
20170625_BBM_bm-n-mobo,1860,0.3970,1577.1,680.9,1852.7,790.3,2048,1536,896,512
20170625_BBM_bm-n-mobo,1860,0.3933,1578.0,680.5,1853.6,790.3,2048,1536,1024,512
20170625_BBM_bm-n-mobo,1920,0.4694,1586.2,660.5,1797.2,791.3,2048,1536,896,0
20170625_BBM_bm-n-mobo,1920,0.1567,1583.7,658.3,1877.9,785.8,2048,1536,896,0
20170625_BBM_bm-n-mobo,1920,0.4772,1586.3,660.5,1798.3,791.2,2048,1536,1024,0
20170625_BBM_bm-n-mobo,1920,0.2036,1584.0,658.3,1882.5,785.8,2048,1536,1024,0
20170625_BBM_bm-n-mobo,1920,0.4813,1586.4,660.5,1796.5,791.4,2048,1536,896,512
20170625_BBM_bm-n-mobo,1920,0.1207,1580.2,657.8,1910.4,784.2,2048,1536,896,512
20170625_BBM_bm-n-mobo,1920,0.4785,1586.4,660.3,1798.2,791.3,2048,1536,1024,512
20170625_BBM_bm-n-mobo,1920,0.1563,1580.4,657.6,1921.1,784.4,2048,1536,1024,512
20170625_BBM_bm-n-mobo,1980,0.5954,1588.9,635.2,1799.0,794.2,2048,1536,896,0
20170625_BBM_bm-n-mobo,1980,0.5985,1589.0,635.3,1799.1,794.1,2048,1536,1024,0
20170625_BBM_bm-n-mobo,1980,0.6056,1588.0,635.4,1798.8,794.3,2048,1536,896,512
20170625_BBM_bm-n-mobo,1980,0.6067,1588.2,635.4,1799.0,794.1,2048,1536,1024,512
20170625_BBM_bm-n-mobo,2040,0.4330,1629.8,642.5,1874.1,783.0,2048,1536,896,0
20170625_BBM_bm-n-mobo,2040,0.4399,1630.5,642.8,1875.6,783.0,2048,1536,1024,0
20170625_BBM_bm-n-mobo,2040,0.2362,1654.7,646.0,1948.2,784.0,2048,1536,1024,0
20170625_BBM_bm-n-mobo,2040,0.1089,1625.6,645.6,2040.8,785.2,2048,1536,1024,0
20170625_BBM_bm-n-mobo,2040,0.4320,1630.4,642.9,1870.7,783.1,2048,1536,896,512
20170625_BBM_bm-n-mobo,2040,0.4293,1631.1,642.9,1874.1,783.1,2048,1536,1024,512
20170625_BBM_bm-n-mobo,2040,0.2374,1655.4,645.8,1968.5,783.6,2048,1536,1024,512
20170625_BBM_bm-n-mobo,2040,0.1243,1636.9,642.7,2048.0,788.8,2048,1536,1024,512
20170625_BBM_bm-n-mobo,2100,0.2408,1595.0,711.8,1835.1,801.8,2048,1536,896,0
20170625_BBM_bm-n-mobo,2100,0.1629,1574.6,673.9,1906.6,802.0,2048,1536,896,0
20170625_BBM_bm-n-mobo,2100,0.1170,1610.6,626.0,1920.0,792.4,2048,1536,896,0
20170625_BBM_bm-n-mobo,2100,0.1903,1595.2,712.2,1835.8,801.6,2048,1536,1024,0
20170625_BBM_bm-n-mobo,2100,0.1582,1574.2,672.7,1909.1,802.2,2048,1536,1024,0
20170625_BBM_bm-n-mobo,2100,0.1420,1612.3,626.1,1948.4,793.3,2048,1536,1024,0
20170625_BBM_bm-n-mobo,2100,0.2432,1594.9,711.4,1837.5,801.6,2048,1536,896,512
20170625_BBM_bm-n-mobo,2100,0.1629,1570.9,673.1,1914.6,802.7,2048,1536,896,512
20170625_BBM_bm-n-mobo,2100,0.1364,1608.1,627.0,1920.0,792.9,2048,1536,896,512
20170625_BBM_bm-n-mobo,2100,0.1881,1595.1,711.8,1837.8,801.5,2048,1536,1024,512
20170625_BBM_bm-n-mobo,2100,0.1562,1570.9,671.9,1916.6,802.7,2048,1536,1024,512
20170625_BBM_bm-n-mobo,2100,0.1543,1608.6,626.7,1951.6,793.8,2048,1536,1024,512
20170625_BBM_bm-n-mobo,2160,0.4265,1603.4,687.2,1920.0,802.6,2048,1536,896,0
20170625_BBM_bm-n-mobo,2160,0.1072,1593.1,694.2,1839.6,799.1,2048,1536,896,0
20170625_BBM_bm-n-mobo,2160,0.4453,1613.9,686.1,1990.3,803.2,2048,1536,1024,0
20170625_BBM_bm-n-mobo,2160,0.1953,1569.5,691.7,1920.5,798.8,2048,1536,1024,0
20170625_BBM_bm-n-mobo,2160,0.4461,1600.6,686.9,1920.0,802.9,2048,1536,896,512
20170625_BBM_bm-n-mobo,2160,0.1441,1593.2,694.5,1832.7,798.9,2048,1536,896,512
20170625_BBM_bm-n-mobo,2160,0.4416,1609.3,685.8,1994.8,803.6,2048,1536,1024,512
20170625_BBM_bm-n-mobo,2160,0.2131,1571.4,691.8,1918.5,798.8,2048,1536,1024,512
20170625_BBM_bm-n-mobo,2160,0.1272,1593.9,694.9,1786.5,798.6,2048,1536,1024,512
20170625_BBM_bm-n-mobo,2220,0.4905,1604.4,659.1,1826.8,798.3,2048,1536,896,0
20170625_BBM_bm-n-mobo,2220,0.3771,1618.5,649.3,1920.0,814.3,2048,1536,896,0
20170625_BBM_bm-n-mobo,2220,0.3268,1596.5,643.4,1887.3,794.2,2048,1536,896,0
20170625_BBM_bm-n-mobo,2220,0.4751,1604.4,659.5,1828.4,798.3,2048,1536,1024,0
20170625_BBM_bm-n-mobo,2220,0.3956,1586.2,645.1,1992.3,809.8,2048,1536,1024,0
20170625_BBM_bm-n-mobo,2220,0.1752,1587.1,642.5,1890.7,792.8,2048,1536,1024,0
20170625_BBM_bm-n-mobo,2220,0.5205,1604.4,660.5,1821.9,798.0,2048,1536,896,512
20170625_BBM_bm-n-mobo,2220,0.4152,1622.9,649.3,1920.0,814.0,2048,1536,896,512
20170625_BBM_bm-n-mobo,2220,0.3245,1596.6,644.1,1862.8,791.2,2048,1536,896,512
20170625_BBM_bm-n-mobo,2220,0.4977,1604.5,660.4,1823.9,798.0,2048,1536,1024,512
20170625_BBM_bm-n-mobo,2220,0.3967,1629.5,640.9,2021.8,814.3,2048,1536,1024,512
20170625_BBM_bm-n-mobo,2220,0.2973,1595.8,643.2,1922.3,792.0,2048,1536,1024,512
20170625_BBM_bm-n-mobo,2280,0.4124,1598.1,659.0,1836.9,796.5,2048,1536,896,0
20170625_BBM_bm-n-mobo,2280,0.1290,1630.2,636.8,1916.6,778.5,2048,1536,896,0
20170625_BBM_bm-n-mobo,2280,0.4248,1598.3,659.1,1837.8,796.4,2048,1536,1024,0
20170625_BBM_bm-n-mobo,2280,0.1376,1611.9,635.6,1907.5,783.4,2048,1536,1024,0
20170625_BBM_bm-n-mobo,2280,0.4314,1597.0,658.5,1836.7,796.4,2048,1536,896,512
20170625_BBM_bm-n-mobo,2280,0.1272,1633.7,637.7,1899.7,778.6,2048,1536,896,512
20170625_BBM_bm-n-mobo,2280,0.4328,1597.4,658.5,1837.8,796.3,2048,1536,1024,512
20170625_BBM_bm-n-mobo,2280,0.1327,1631.6,637.2,1912.7,778.5,2048,1536,1024,512
20170625_BBM_bm-n-mobo,2340,0.2756,1554.3,647.8,1920.0,801.3,2048,1536,896,0
20170625_BBM_bm-n-mobo,2340,0.2069,1562.2,646.1,1990.5,805.1,2048,1536,1024,0
20170625_BBM_bm-n-mobo,2340,0.1535,1626.0,639.3,2048.0,814.9,2048,1536,1024,0
20170625_BBM_bm-n-mobo,2340,0.3128,1600.9,642.0,1912.5,801.2,2048,1536,896,512
20170625_BBM_bm-n-mobo,2340,0.2452,1561.6,645.2,1992.5,805.8,2048,1536,1024,512
20170625_BBM_bm-n-mobo,2340,0.1867,1623.8,638.9,2048.0,817.3,2048,1536,1024,512
20170625_BBM_bm-n-mobo,2400,0.3349,1599.7,635.2,1886.2,802.5,2048,1536,896,0
20170625_BBM_bm-n-mobo,2400,0.2314,1568.9,638.0,1920.0,813.5,2048,1536,896,0
20170625_BBM_bm-n-mobo,2400,0.3571,1601.7,635.4,1878.5,802.2,2048,1536,1024,0
20170625_BBM_bm-n-mobo,2400,0.2578,1613.4,636.9,1972.7,805.4,2048,1536,1024,0
20170625_BBM_bm-n-mobo,2400,0.3523,1579.1,632.8,1849.6,803.6,2048,1536,896,512
20170625_BBM_bm-n-mobo,2400,0.2631,1569.8,638.0,1920.0,814.1,2048,1536,896,512
20170625_BBM_bm-n-mobo,2400,0.3694,1600.4,635.2,1882.5,802.9,2048,1536,1024,512
20170625_BBM_bm-n-mobo,2400,0.2649,1586.7,637.8,2033.9,814.0,2048,1536,1024,512
20170625_FIRE_mg-s-iqeye,-2400,0.1858,1586.6,563.2,1600.0,592.8,1600,1200,576,0
20170625_FIRE_mg-s-iqeye,-2400,0.2669,1585.8,562.9,1599.9,592.2,1600,1200,576,176
20170625_FIRE_mg-s-iqeye,-2340,0.1913,1589.0,562.6,1600.0,590.2,1600,1200,576,0
20170625_FIRE_mg-s-iqeye,-2340,0.2539,1588.3,562.5,1600.0,590.0,1600,1200,576,176
20170625_FIRE_mg-s-iqeye,-2280,0.1480,1588.4,561.4,1600.0,591.6,1600,1200,576,0
20170625_FIRE_mg-s-iqeye,-2280,0.2259,1583.9,561.4,1599.8,590.6,1600,1200,576,176
20170625_FIRE_mg-s-iqeye,-2280,0.1505,1509.1,537.7,1527.7,570.3,1600,1200,576,176
20170625_FIRE_mg-s-iqeye,-2280,0.1158,1588.6,561.9,1600.0,595.3,1600,1200,576,176
20170625_FIRE_mg-s-iqeye,-2220,0.1617,1585.2,561.1,1600.0,594.2,1600,1200,576,0
20170625_FIRE_mg-s-iqeye,-2220,0.2726,1583.1,561.3,1599.8,593.1,1600,1200,576,176
20170625_FIRE_mg-s-iqeye,-2160,0.1316,1583.2,562.5,1599.8,590.5,1600,1200,576,176
20170625_FIRE_mg-s-iqeye,-2100,0.1762,1587.5,562.4,1600.0,592.0,1600,1200,576,0
20170625_FIRE_mg-s-iqeye,-2100,0.2697,1584.9,562.5,1599.8,590.9,1600,1200,576,176
20170625_FIRE_mg-s-iqeye,-2100,0.1453,1587.1,559.0,1599.9,587.9,1600,1200,576,176
20170625_FIRE_mg-s-iqeye,-2100,0.1165,1508.9,540.4,1528.2,571.7,1600,1200,576,176
20170625_FIRE_mg-s-iqeye,-2040,0.1115,1586.7,562.3,1600.0,594.3,1600,1200,576,0
20170625_FIRE_mg-s-iqeye,-2040,0.1976,1583.4,562.2,1599.9,593.2,1600,1200,576,176
20170625_FIRE_mg-s-iqeye,-2040,0.1182,1587.7,562.8,1600.0,597.8,1600,1200,576,176
20170625_FIRE_mg-s-iqeye,-1980,0.1199,1588.4,562.4,1600.0,592.1,1600,1200,576,176
20170625_FIRE_mg-s-iqeye,-1980,0.1120,1583.8,562.5,1599.8,592.0,1600,1200,576,176
20170625_FIRE_mg-s-iqeye,-1920,0.1376,1588.8,563.4,1600.0,592.7,1600,1200,576,176
20170625_FIRE_mg-s-iqeye,-1920,0.1106,1584.9,563.1,1599.8,590.9,1600,1200,576,176
20170625_FIRE_mg-s-iqeye,-1860,0.1055,1589.9,561.5,1600.0,592.0,1600,1200,576,0
20170625_FIRE_mg-s-iqeye,-1860,0.1777,1588.6,561.3,1600.0,591.8,1600,1200,576,176
20170625_FIRE_mg-s-iqeye,-1860,0.1645,1584.4,561.2,1599.8,589.9,1600,1200,576,176
20170625_FIRE_mg-s-iqeye,-1800,0.1277,1585.0,562.5,1600.0,594.7,1600,1200,576,0
20170625_FIRE_mg-s-iqeye,-1800,0.2537,1582.8,562.0,1599.8,591.1,1600,1200,576,176
20170625_FIRE_mg-s-iqeye,-1800,0.1572,1584.9,562.8,1600.0,599.4,1600,1200,576,176
20170625_FIRE_mg-s-iqeye,-1740,0.1169,1588.0,563.0,1600.0,593.8,1600,1200,576,0
20170625_FIRE_mg-s-iqeye,-1740,0.1849,1587.1,562.8,1600.0,593.2,1600,1200,576,176
20170625_FIRE_mg-s-iqeye,-1680,0.1248,1589.5,563.4,1600.0,595.3,1600,1200,576,0
20170625_FIRE_mg-s-iqeye,-1680,0.2019,1588.3,563.1,1600.0,594.5,1600,1200,576,176
20170625_FIRE_mg-s-iqeye,-1680,0.1897,1584.6,562.8,1599.8,592.2,1600,1200,576,176
20170625_FIRE_mg-s-iqeye,-1620,0.1268,1588.3,562.3,1600.0,591.0,1600,1200,576,0
20170625_FIRE_mg-s-iqeye,-1620,0.2237,1583.6,562.3,1599.8,590.1,1600,1200,576,176
20170625_FIRE_mg-s-iqeye,-1560,0.1736,1584.2,562.1,1599.8,591.2,1600,1200,576,176
20170625_FIRE_mg-s-iqeye,-1560,0.1083,1508.1,540.6,1527.6,572.1,1600,1200,576,176
20170625_FIRE_mg-s-iqeye,-1560,0.1020,1587.4,557.6,1599.9,587.9,1600,1200,576,176
20170625_FIRE_mg-s-iqeye,-1500,0.1294,1582.0,561.3,1599.8,589.7,1600,1200,576,176
20170625_FIRE_mg-s-iqeye,-1500,0.1101,1587.2,561.2,1600.0,590.3,1600,1200,576,176
20170625_FIRE_mg-s-iqeye,-1440,0.1012,1590.7,563.1,1600.0,590.9,1600,1200,576,0
20170625_FIRE_mg-s-iqeye,-1440,0.1679,1589.0,562.9,1600.0,590.6,1600,1200,576,176
20170625_FIRE_mg-s-iqeye,-1440,0.1588,1583.6,562.8,1599.9,590.3,1600,1200,576,176
20170625_FIRE_mg-s-iqeye,-1380,0.1665,1584.0,562.3,1599.8,589.5,1600,1200,576,0
20170625_FIRE_mg-s-iqeye,-1380,0.2650,1583.3,562.1,1599.8,589.4,1600,1200,576,176
20170625_FIRE_mg-s-iqeye,-1380,0.1232,1585.8,562.9,1600.0,595.1,1600,1200,576,176
20170625_FIRE_mg-s-iqeye,-1320,0.1454,1588.1,562.8,1600.0,592.3,1600,1200,576,0
20170625_FIRE_mg-s-iqeye,-1320,0.2066,1583.9,562.8,1599.8,591.6,1600,1200,576,176
20170625_FIRE_mg-s-iqeye,-1320,0.1385,1588.1,563.5,1600.0,595.7,1600,1200,576,176
20170625_FIRE_mg-s-iqeye,-1320,0.1188,1587.2,558.9,1599.9,588.5,1600,1200,576,176
20170625_FIRE_mg-s-iqeye,-1260,0.1164,1589.7,563.2,1600.0,589.6,1600,1200,576,0
20170625_FIRE_mg-s-iqeye,-1260,0.1800,1588.7,563.1,1600.0,589.5,1600,1200,576,176
20170625_FIRE_mg-s-iqeye,-1200,0.1802,1588.3,561.8,1600.0,591.6,1600,1200,576,176
20170625_FIRE_mg-s-iqeye,-1140,0.1351,1588.2,562.7,1600.0,591.2,1600,1200,576,0
20170625_FIRE_mg-s-iqeye,-1140,0.2360,1587.3,562.4,1600.0,590.9,1600,1200,576,176
20170625_FIRE_mg-s-iqeye,-1080,0.1395,1585.9,563.8,1600.0,594.5,1600,1200,576,0
20170625_FIRE_mg-s-iqeye,-1080,0.2363,1583.9,563.6,1599.8,591.4,1600,1200,576,176
20170625_FIRE_mg-s-iqeye,-1080,0.1579,1586.5,564.1,1600.0,598.9,1600,1200,576,176
20170625_FIRE_mg-s-iqeye,-1020,0.1544,1587.2,561.8,1600.0,591.0,1600,1200,576,0
20170625_FIRE_mg-s-iqeye,-1020,0.2373,1583.5,561.3,1599.7,589.1,1600,1200,576,176
20170625_FIRE_mg-s-iqeye,-1020,0.1028,1587.8,562.7,1600.0,596.0,1600,1200,576,176
20170625_FIRE_mg-s-iqeye,-960,0.1719,1586.9,564.3,1599.9,594.0,1600,1200,576,0
20170625_FIRE_mg-s-iqeye,-960,0.2460,1584.7,564.1,1599.6,591.2,1600,1200,576,176
20170625_FIRE_mg-s-iqeye,-960,0.1494,1588.0,564.9,1600.0,597.9,1600,1200,576,176
20170625_FIRE_mg-s-iqeye,-900,0.2068,1583.1,562.6,1599.8,589.3,1600,1200,576,176
20170625_FIRE_mg-s-iqeye,-840,0.1366,1589.3,562.7,1600.0,591.9,1600,1200,576,0
20170625_FIRE_mg-s-iqeye,-840,0.2265,1588.3,562.6,1600.0,591.5,1600,1200,576,176
20170625_FIRE_mg-s-iqeye,-780,0.1242,1585.9,562.9,1600.0,591.9,1600,1200,576,0
20170625_FIRE_mg-s-iqeye,-780,0.2475,1583.0,562.9,1599.8,590.6,1600,1200,576,176
20170625_FIRE_mg-s-iqeye,-780,0.1204,1586.5,563.3,1600.0,596.3,1600,1200,576,176
20170625_FIRE_mg-s-iqeye,-720,0.2020,1583.1,563.0,1599.8,591.2,1600,1200,576,176
20170625_FIRE_mg-s-iqeye,-720,0.1044,1587.3,563.7,1600.0,595.9,1600,1200,576,176
20170625_FIRE_mg-s-iqeye,-660,0.1536,1585.4,562.0,1600.0,592.6,1600,1200,576,0
20170625_FIRE_mg-s-iqeye,-660,0.2407,1583.0,562.3,1599.8,591.5,1600,1200,576,176
20170625_FIRE_mg-s-iqeye,-660,0.1421,1585.4,556.3,1599.9,588.4,1600,1200,576,176
20170625_FIRE_mg-s-iqeye,-600,0.2392,1582.7,562.5,1599.8,589.6,1600,1200,576,0
20170625_FIRE_mg-s-iqeye,-600,0.3742,1582.6,562.2,1599.8,588.9,1600,1200,576,176
20170625_FIRE_mg-s-iqeye,-540,0.1475,1589.7,562.9,1600.0,590.7,1600,1200,576,0
20170625_FIRE_mg-s-iqeye,-540,0.2410,1588.7,562.8,1600.0,590.4,1600,1200,576,176
20170625_FIRE_mg-s-iqeye,-480,0.2059,1589.1,563.7,1600.0,591.5,1600,1200,576,0
20170625_FIRE_mg-s-iqeye,-480,0.2591,1588.4,563.6,1599.9,591.2,1600,1200,576,176
20170625_FIRE_mg-s-iqeye,-420,0.1531,1589.3,563.5,1600.0,590.0,1600,1200,576,0
20170625_FIRE_mg-s-iqeye,-420,0.2315,1588.5,563.4,1600.0,589.8,1600,1200,576,176
20170625_FIRE_mg-s-iqeye,-360,0.1557,1585.5,561.5,1600.0,592.7,1600,1200,576,0
20170625_FIRE_mg-s-iqeye,-360,0.2760,1584.3,561.8,1599.8,591.0,1600,1200,576,176
20170625_FIRE_mg-s-iqeye,-360,0.1143,1586.6,562.1,1600.0,597.7,1600,1200,576,176
20170625_FIRE_mg-s-iqeye,-300,0.1464,1586.5,562.7,1600.0,593.6,1600,1200,576,0
20170625_FIRE_mg-s-iqeye,-300,0.2438,1583.7,562.7,1599.8,592.4,1600,1200,576,176
20170625_FIRE_mg-s-iqeye,-300,0.1327,1585.7,559.1,1599.8,588.6,1600,1200,576,176
20170625_FIRE_mg-s-iqeye,-240,0.1350,1591.1,560.8,1600.0,591.5,1600,1200,576,0
20170625_FIRE_mg-s-iqeye,-240,0.1990,1590.4,560.6,1600.0,591.3,1600,1200,576,176
20170625_FIRE_mg-s-iqeye,-240,0.1444,1585.7,560.7,1599.8,591.0,1600,1200,576,176
20170625_FIRE_mg-s-iqeye,-240,0.1348,1508.6,540.4,1527.8,571.7,1600,1200,576,176
20170625_FIRE_mg-s-iqeye,-180,0.2093,1584.6,563.4,1600.0,591.3,1600,1200,576,0
20170625_FIRE_mg-s-iqeye,-180,0.3232,1583.4,563.6,1599.9,590.3,1600,1200,576,176
20170625_FIRE_mg-s-iqeye,-120,0.1725,1581.6,562.5,1599.8,590.4,1600,1200,576,0
20170625_FIRE_mg-s-iqeye,-120,0.2865,1581.5,562.4,1599.8,590.1,1600,1200,576,176
20170625_FIRE_mg-s-iqeye,-60,0.1412,1586.9,562.4,1600.0,593.0,1600,1200,576,0
20170625_FIRE_mg-s-iqeye,-60,0.2353,1584.0,562.4,1599.8,590.2,1600,1200,576,176
20170625_FIRE_mg-s-iqeye,-60,0.1064,1587.8,562.8,1600.0,598.1,1600,1200,576,176
20170625_FIRE_mg-s-iqeye,0,0.1213,1585.8,563.7,1599.9,594.3,1600,1200,576,0
20170625_FIRE_mg-s-iqeye,0,0.2101,1583.7,563.8,1599.8,592.9,1600,1200,576,176
20170625_FIRE_mg-s-iqeye,60,0.1855,1587.2,561.8,1600.0,590.1,1600,1200,576,0
20170625_FIRE_mg-s-iqeye,60,0.2990,1584.4,561.9,1599.8,589.3,1600,1200,576,176
20170625_FIRE_mg-s-iqeye,60,0.1134,1587.3,562.3,1600.0,593.6,1600,1200,576,176
20170625_FIRE_mg-s-iqeye,120,0.1900,1584.9,562.6,1600.0,592.8,1600,1200,576,0
20170625_FIRE_mg-s-iqeye,120,0.3037,1583.7,562.8,1599.8,591.6,1600,1200,576,176
20170625_FIRE_mg-s-iqeye,180,0.2237,1584.0,563.3,1599.8,590.6,1600,1200,576,0
20170625_FIRE_mg-s-iqeye,180,0.1295,1586.4,563.5,1600.0,596.5,1600,1200,576,0
20170625_FIRE_mg-s-iqeye,180,0.3230,1583.6,563.1,1599.8,590.2,1600,1200,576,176
20170625_FIRE_mg-s-iqeye,240,0.2368,1584.6,562.7,1600.0,594.5,1600,1200,576,0
20170625_FIRE_mg-s-iqeye,240,0.3534,1584.0,562.5,1600.0,593.8,1600,1200,576,176
20170625_FIRE_mg-s-iqeye,300,0.1397,1588.9,562.7,1600.0,591.0,1600,1200,576,176
20170625_FIRE_mg-s-iqeye,300,0.1318,1584.1,562.5,1599.8,590.5,1600,1200,576,176
20170625_FIRE_mg-s-iqeye,360,0.1766,1584.8,562.0,1599.8,589.6,1600,1200,576,176
20170625_FIRE_mg-s-iqeye,420,0.1544,1587.0,563.3,1600.0,593.7,1600,1200,576,0
20170625_FIRE_mg-s-iqeye,420,0.2453,1585.2,563.4,1599.8,592.7,1600,1200,576,176
20170625_FIRE_mg-s-iqeye,480,0.1326,1585.9,562.6,1600.0,591.9,1600,1200,576,0
20170625_FIRE_mg-s-iqeye,480,0.2573,1583.6,562.7,1599.8,590.7,1600,1200,576,176
20170625_FIRE_mg-s-iqeye,540,0.1550,1588.5,564.3,1600.0,591.2,1600,1200,576,0
20170625_FIRE_mg-s-iqeye,540,0.2484,1587.8,564.2,1599.9,590.8,1600,1200,576,176
20170625_FIRE_mg-s-iqeye,600,0.1957,1586.7,562.5,1600.0,589.9,1600,1200,576,0
20170625_FIRE_mg-s-iqeye,600,0.3080,1583.7,562.5,1599.8,589.2,1600,1200,576,176
20170625_FIRE_mg-s-iqeye,600,0.1202,1587.2,563.0,1600.0,592.9,1600,1200,576,176
20170625_FIRE_mg-s-iqeye,660,0.1397,1586.7,562.4,1600.0,593.2,1600,1200,576,0
20170625_FIRE_mg-s-iqeye,660,0.2289,1584.0,562.5,1599.8,592.1,1600,1200,576,176
20170625_FIRE_mg-s-iqeye,720,0.1763,1587.4,562.9,1600.0,589.8,1600,1200,576,0
20170625_FIRE_mg-s-iqeye,720,0.2767,1584.1,562.9,1599.7,589.0,1600,1200,576,176
20170625_FIRE_mg-s-iqeye,720,0.1003,1588.1,563.5,1600.0,592.7,1600,1200,576,176
20170625_FIRE_mg-s-iqeye,780,0.1587,1420.3,607.4,1442.4,632.0,1600,1200,576,0
20170625_FIRE_mg-s-iqeye,780,0.1711,1588.8,564.2,1600.0,591.5,1600,1200,576,176
20170625_FIRE_mg-s-iqeye,780,0.1693,1420.1,607.3,1442.5,632.0,1600,1200,576,176
20170625_FIRE_mg-s-iqeye,780,0.1392,1417.4,604.5,1446.1,632.2,1600,1200,576,176
20170625_FIRE_mg-s-iqeye,840,0.4515,1423.8,602.5,1445.8,632.2,1600,1200,576,0
20170625_FIRE_mg-s-iqeye,840,0.5008,1423.5,602.5,1445.6,632.0,1600,1200,576,176
20170625_FIRE_mg-s-iqeye,840,0.1387,1586.4,563.3,1600.0,591.5,1600,1200,576,176
20170625_FIRE_mg-s-iqeye,900,0.1796,1588.6,562.8,1600.0,592.9,1600,1200,576,176
20170625_FIRE_mg-s-iqeye,900,0.1552,1584.2,562.5,1599.8,591.1,1600,1200,576,176
20170625_FIRE_mg-s-iqeye,960,0.1766,1587.5,561.9,1600.0,591.9,1600,1200,576,176
20170625_FIRE_mg-s-iqeye,1020,0.1257,1586.7,562.3,1600.0,590.3,1600,1200,576,0
20170625_FIRE_mg-s-iqeye,1020,0.2320,1583.8,562.6,1599.8,589.3,1600,1200,576,176
20170625_FIRE_mg-s-iqeye,1020,0.1294,1586.0,557.7,1599.9,587.4,1600,1200,576,176
20170625_FIRE_mg-s-iqeye,1020,0.1142,1586.4,563.4,1600.0,594.5,1600,1200,576,176
20170625_FIRE_mg-s-iqeye,1080,0.1599,1404.3,610.0,1435.6,630.2,1600,1200,576,0
20170625_FIRE_mg-s-iqeye,1080,0.2375,1404.1,610.0,1435.8,630.1,1600,1200,576,176
20170625_FIRE_mg-s-iqeye,1080,0.1480,1586.5,562.1,1600.0,591.7,1600,1200,576,176
20170625_FIRE_mg-s-iqeye,1140,0.2519,1588.5,563.9,1599.9,589.4,1600,1200,576,0
20170625_FIRE_mg-s-iqeye,1140,0.3000,1588.0,563.8,1599.9,589.3,1600,1200,576,176
20170625_FIRE_mg-s-iqeye,1200,0.2349,1408.1,614.9,1437.9,631.9,1600,1200,576,0
20170625_FIRE_mg-s-iqeye,1200,0.1805,1586.3,561.6,1600.0,593.4,1600,1200,576,0
20170625_FIRE_mg-s-iqeye,1200,0.3098,1407.8,614.8,1437.9,631.8,1600,1200,576,176
20170625_FIRE_mg-s-iqeye,1200,0.2713,1585.9,561.5,1600.0,592.8,1600,1200,576,176
20170625_FIRE_mg-s-iqeye,1260,0.7695,1384.6,593.0,1437.3,629.9,1600,1200,576,0
20170625_FIRE_mg-s-iqeye,1260,0.7746,1384.2,593.1,1437.3,629.9,1600,1200,576,176
20170625_FIRE_mg-s-iqeye,1320,0.4618,1400.9,592.1,1434.5,629.3,1600,1200,576,0
20170625_FIRE_mg-s-iqeye,1320,0.1988,1330.6,587.3,1437.5,632.0,1600,1200,576,0
20170625_FIRE_mg-s-iqeye,1320,0.4697,1401.0,592.3,1434.3,629.1,1600,1200,576,176
20170625_FIRE_mg-s-iqeye,1320,0.1802,1330.5,587.3,1437.3,631.9,1600,1200,576,176
20170625_FIRE_mg-s-iqeye,1320,0.1370,1587.0,562.4,1600.0,590.6,1600,1200,576,176
20170625_FIRE_mg-s-iqeye,1380,0.5612,1399.5,588.7,1432.6,629.0,1600,1200,576,0
20170625_FIRE_mg-s-iqeye,1380,0.1402,1588.6,561.5,1600.0,590.5,1600,1200,576,0
20170625_FIRE_mg-s-iqeye,1380,0.5986,1399.5,588.9,1432.6,628.8,1600,1200,576,176
20170625_FIRE_mg-s-iqeye,1380,0.1807,1588.4,561.5,1600.0,590.3,1600,1200,576,176
20170625_FIRE_mg-s-iqeye,1440,0.5349,1406.5,605.7,1432.0,629.5,1600,1200,576,0
20170625_FIRE_mg-s-iqeye,1440,0.1271,1585.4,563.4,1600.0,591.3,1600,1200,576,0
20170625_FIRE_mg-s-iqeye,1440,0.6052,1406.4,605.6,1432.0,629.4,1600,1200,576,176
20170625_FIRE_mg-s-iqeye,1440,0.1795,1585.0,563.5,1599.9,590.7,1600,1200,576,176
20170625_FIRE_mg-s-iqeye,1500,0.2229,1397.8,587.8,1423.6,624.8,1600,1200,576,0
20170625_FIRE_mg-s-iqeye,1500,0.1096,1381.7,587.5,1424.1,625.7,1600,1200,576,0
20170625_FIRE_mg-s-iqeye,1500,0.2240,1398.1,588.1,1423.6,624.8,1600,1200,576,176
20170625_FIRE_mg-s-iqeye,1500,0.1157,1590.1,563.1,1600.0,590.1,1600,1200,576,176
20170625_FIRE_mg-s-iqeye,1500,0.1045,1381.9,587.6,1424.1,625.7,1600,1200,576,176
20170625_FIRE_mg-s-iqeye,1560,0.6994,1389.7,594.9,1433.5,629.3,1600,1200,576,0
20170625_FIRE_mg-s-iqeye,1560,0.7282,1390.8,594.8,1433.5,629.0,1600,1200,576,176
20170625_FIRE_mg-s-iqeye,1620,0.6409,1382.5,597.7,1437.9,630.7,1600,1200,576,0
20170625_FIRE_mg-s-iqeye,1620,0.6561,1382.4,597.5,1437.9,630.6,1600,1200,576,176
20170625_FIRE_mg-s-iqeye,1620,0.1453,1587.4,563.4,1600.0,592.8,1600,1200,576,176
20170625_FIRE_mg-s-iqeye,1680,0.1932,1383.3,590.1,1439.8,631.7,1600,1200,576,0
20170625_FIRE_mg-s-iqeye,1680,0.2042,1387.8,592.5,1439.4,631.7,1600,1200,576,176
20170625_FIRE_mg-s-iqeye,1680,0.1002,1591.0,562.1,1600.0,590.5,1600,1200,576,176
20170625_FIRE_mg-s-iqeye,1740,0.7680,1411.8,592.9,1444.3,632.5,1600,1200,576,0
20170625_FIRE_mg-s-iqeye,1740,0.7946,1411.8,593.0,1444.2,632.4,1600,1200,576,176
20170625_FIRE_mg-s-iqeye,1740,0.1420,1586.1,561.3,1600.0,590.5,1600,1200,576,176
20170625_FIRE_mg-s-iqeye,1800,0.7194,1373.4,595.2,1434.3,629.7,1600,1200,576,0
20170625_FIRE_mg-s-iqeye,1800,0.1089,1388.8,598.2,1433.8,629.4,1600,1200,576,0
20170625_FIRE_mg-s-iqeye,1800,0.7268,1373.3,595.1,1434.3,629.6,1600,1200,576,176
20170625_FIRE_mg-s-iqeye,1800,0.1138,1388.3,598.1,1433.8,629.2,1600,1200,576,176
20170625_FIRE_mg-s-iqeye,1860,0.1862,1587.9,563.0,1600.0,589.6,1600,1200,576,176
20170625_FIRE_mg-s-iqeye,1920,0.7773,1404.1,598.3,1444.1,631.9,1600,1200,576,0
20170625_FIRE_mg-s-iqeye,1920,0.7834,1404.0,598.3,1444.1,631.8,1600,1200,576,176
20170625_FIRE_mg-s-iqeye,1920,0.1629,1589.7,563.4,1600.0,590.3,1600,1200,576,176
20170625_FIRE_mg-s-iqeye,1980,0.7537,1358.6,588.9,1444.6,631.3,1600,1200,576,0
20170625_FIRE_mg-s-iqeye,1980,0.7754,1358.3,588.9,1444.7,631.3,1600,1200,576,176
20170625_FIRE_mg-s-iqeye,2040,0.7584,1396.8,595.0,1446.4,632.2,1600,1200,576,0
20170625_FIRE_mg-s-iqeye,2040,0.7585,1396.7,594.9,1446.3,632.1,1600,1200,576,176
20170625_FIRE_mg-s-iqeye,2100,0.6455,1376.6,591.0,1425.2,627.2,1600,1200,576,0
20170625_FIRE_mg-s-iqeye,2100,0.6744,1376.5,590.9,1425.2,627.1,1600,1200,576,176
20170625_FIRE_mg-s-iqeye,2100,0.1126,1587.9,562.4,1600.0,591.6,1600,1200,576,176
20170625_FIRE_mg-s-iqeye,2160,0.4742,1363.0,598.1,1442.1,631.2,1600,1200,576,0
20170625_FIRE_mg-s-iqeye,2160,0.5985,1358.3,597.9,1442.3,630.9,1600,1200,576,176
20170625_FIRE_mg-s-iqeye,2160,0.1561,1585.9,561.9,1600.0,590.2,1600,1200,576,176
20170625_FIRE_mg-s-iqeye,2220,0.7491,1347.8,586.0,1439.7,632.6,1600,1200,576,0
20170625_FIRE_mg-s-iqeye,2220,0.7498,1349.1,586.0,1439.7,632.3,1600,1200,576,176
20170625_FIRE_mg-s-iqeye,2280,0.7226,1376.3,583.2,1437.0,629.9,1600,1200,576,0
20170625_FIRE_mg-s-iqeye,2280,0.7568,1376.3,583.3,1436.9,629.8,1600,1200,576,176
20170625_FIRE_mg-s-iqeye,2340,0.1646,1296.6,578.8,1423.9,627.3,1600,1200,576,0
20170625_FIRE_mg-s-iqeye,2340,0.1405,1345.4,591.3,1420.8,625.7,1600,1200,576,0
20170625_FIRE_mg-s-iqeye,2340,0.1207,1262.3,560.9,1425.4,628.4,1600,1200,576,0
20170625_FIRE_mg-s-iqeye,2340,0.2171,1297.9,579.2,1423.7,627.1,1600,1200,576,176
20170625_FIRE_mg-s-iqeye,2340,0.1452,1345.0,591.3,1420.7,625.6,1600,1200,576,176
20170625_FIRE_mg-s-iqeye,2340,0.1131,1317.6,588.3,1421.7,627.0,1600,1200,576,176
20170625_FIRE_mg-s-iqeye,2400,0.5032,1202.2,561.5,1436.4,642.5,1600,1200,576,0
20170625_FIRE_mg-s-iqeye,2400,0.5100,1201.3,561.3,1437.8,642.9,1600,1200,576,176
20170627_FIRE_om-e-mobo-c,-2340,0.2919,1407.8,1412.3,1449.6,1448.1,2048,1536,896,512
20170627_FIRE_om-e-mobo-c,-2340,0.2960,1407.8,1412.2,1449.6,1448.1,2048,1536,1024,512
20170627_FIRE_om-e-mobo-c,-2280,0.2637,1405.7,1417.0,1446.4,1451.9,2048,1536,896,512
20170627_FIRE_om-e-mobo-c,-2280,0.2648,1405.7,1417.0,1446.5,1451.9,2048,1536,1024,512
20170627_FIRE_om-e-mobo-c,-2220,0.2810,1402.7,1419.5,1441.7,1456.5,2048,1536,896,512
20170627_FIRE_om-e-mobo-c,-2220,0.2836,1402.7,1419.5,1441.7,1456.5,2048,1536,1024,512
20170627_FIRE_om-e-mobo-c,-2160,0.1978,1399.3,1423.8,1440.2,1461.9,2048,1536,896,512
20170627_FIRE_om-e-mobo-c,-2160,0.2052,1399.2,1423.8,1440.2,1461.9,2048,1536,1024,512
20170627_FIRE_om-e-mobo-c,-2100,0.2937,1396.6,1429.4,1436.3,1464.2,2048,1536,896,512
20170627_FIRE_om-e-mobo-c,-2100,0.1248,1394.2,1388.1,1480.0,1464.6,2048,1536,896,512
20170627_FIRE_om-e-mobo-c,-2100,0.1064,1395.3,1412.2,1461.0,1464.6,2048,1536,896,512
20170627_FIRE_om-e-mobo-c,-2100,0.2936,1396.6,1429.4,1436.3,1464.2,2048,1536,1024,512
20170627_FIRE_om-e-mobo-c,-2100,0.1253,1394.2,1388.1,1480.0,1464.6,2048,1536,1024,512
20170627_FIRE_om-e-mobo-c,-2100,0.1068,1395.3,1412.4,1460.5,1464.6,2048,1536,1024,512
20170627_FIRE_om-e-mobo-c,-2040,0.1808,1393.9,1433.9,1432.5,1468.8,2048,1536,896,512
20170627_FIRE_om-e-mobo-c,-2040,0.1299,1392.2,1389.9,1478.3,1469.3,2048,1536,896,512
20170627_FIRE_om-e-mobo-c,-2040,0.1848,1393.9,1433.9,1432.5,1468.8,2048,1536,1024,512
20170627_FIRE_om-e-mobo-c,-2040,0.1301,1392.2,1389.9,1478.3,1469.4,2048,1536,1024,512
20170627_FIRE_om-e-mobo-c,-1980,0.2332,1391.1,1440.0,1429.2,1473.6,2048,1536,896,512
20170627_FIRE_om-e-mobo-c,-1980,0.1338,1389.3,1387.2,1479.3,1474.7,2048,1536,896,512
20170627_FIRE_om-e-mobo-c,-1980,0.2396,1391.0,1440.2,1429.1,1473.3,2048,1536,1024,512
20170627_FIRE_om-e-mobo-c,-1980,0.1339,1389.3,1387.2,1479.3,1474.7,2048,1536,1024,512
20170627_FIRE_om-e-mobo-c,-1920,0.2629,1389.0,1444.0,1427.1,1477.6,2048,1536,896,512
20170627_FIRE_om-e-mobo-c,-1920,0.2651,1389.0,1444.0,1427.1,1477.6,2048,1536,1024,512
20170627_FIRE_om-e-mobo-c,-1860,0.3730,1385.5,1448.9,1423.8,1482.1,2048,1536,896,512
20170627_FIRE_om-e-mobo-c,-1860,0.3772,1385.4,1448.8,1423.8,1482.2,2048,1536,1024,512
20170627_FIRE_om-e-mobo-c,-1800,0.3839,1384.2,1454.4,1420.7,1485.6,2048,1536,896,512
20170627_FIRE_om-e-mobo-c,-1800,0.3865,1384.2,1454.4,1420.7,1485.6,2048,1536,1024,512
20170627_FIRE_om-e-mobo-c,-1740,0.2993,1382.0,1458.9,1417.1,1490.0,2048,1536,896,512
20170627_FIRE_om-e-mobo-c,-1740,0.2989,1382.0,1458.9,1417.2,1490.0,2048,1536,1024,512
20170627_FIRE_om-e-mobo-c,-1680,0.2742,1378.3,1463.7,1414.0,1493.9,2048,1536,896,512
20170627_FIRE_om-e-mobo-c,-1680,0.2787,1378.3,1463.7,1414.0,1493.9,2048,1536,1024,512
20170627_FIRE_om-e-mobo-c,-1620,0.3212,1374.7,1466.9,1411.2,1497.9,2048,1536,896,512
20170627_FIRE_om-e-mobo-c,-1620,0.3296,1374.7,1466.9,1411.2,1497.9,2048,1536,1024,512
20170627_FIRE_om-e-mobo-c,-1560,0.1753,1372.3,1472.6,1406.0,1503.0,2048,1536,896,512
20170627_FIRE_om-e-mobo-c,-1560,0.1787,1372.3,1472.6,1406.0,1503.0,2048,1536,1024,512
20170627_FIRE_om-e-mobo-c,-1500,0.2436,1371.0,1478.7,1402.2,1506.6,2048,1536,896,512
20170627_FIRE_om-e-mobo-c,-1500,0.2465,1371.0,1478.6,1402.2,1506.6,2048,1536,1024,512
20170627_FIRE_om-e-mobo-c,-1440,0.2043,1368.6,1482.5,1400.0,1511.1,2048,1536,896,512
20170627_FIRE_om-e-mobo-c,-1440,0.2129,1368.5,1482.5,1400.0,1511.1,2048,1536,1024,512
20170627_FIRE_om-e-mobo-c,-1380,0.1552,1366.1,1485.5,1396.8,1514.8,2048,1536,896,512
20170627_FIRE_om-e-mobo-c,-1380,0.1602,1366.0,1485.5,1396.8,1514.8,2048,1536,1024,512
20170627_FIRE_om-e-mobo-c,-1320,0.1674,1362.9,1490.5,1394.0,1519.0,2048,1536,896,512
20170627_FIRE_om-e-mobo-c,-1320,0.1727,1362.9,1490.4,1394.0,1519.1,2048,1536,1024,512
20170627_FIRE_om-e-mobo-c,-1260,0.2043,1360.2,1497.3,1390.1,1523.2,2048,1536,896,512
20170627_FIRE_om-e-mobo-c,-1260,0.2029,1360.2,1497.2,1390.1,1523.2,2048,1536,1024,512
20170627_FIRE_om-e-mobo-c,480,0.1122,1912.7,757.3,1926.5,775.9,2048,1536,1024,512
20170627_FIRE_om-e-mobo-c,540,0.2381,1913.8,754.0,1925.7,775.2,2048,1536,1024,0
20170627_FIRE_om-e-mobo-c,540,0.3035,1913.7,753.9,1925.7,775.3,2048,1536,1024,512
20170627_FIRE_om-e-mobo-c,600,0.2104,1905.5,746.5,1919.9,777.7,2048,1536,896,0
20170627_FIRE_om-e-mobo-c,600,0.5377,1905.7,747.7,1924.4,775.0,2048,1536,1024,0
20170627_FIRE_om-e-mobo-c,600,0.2638,1905.2,746.7,1919.8,777.1,2048,1536,896,512
20170627_FIRE_om-e-mobo-c,600,0.5735,1905.6,747.6,1924.4,775.0,2048,1536,1024,512
20170627_FIRE_om-e-mobo-c,660,0.2660,1901.3,749.1,1922.2,774.7,2048,1536,1024,0
20170627_FIRE_om-e-mobo-c,660,0.1307,1902.6,748.4,1919.8,777.3,2048,1536,896,512
20170627_FIRE_om-e-mobo-c,660,0.3564,1901.2,748.9,1922.3,774.7,2048,1536,1024,512
20170627_FIRE_om-e-mobo-c,720,0.1794,1894.8,746.0,1922.9,775.9,2048,1536,1024,0
20170627_FIRE_om-e-mobo-c,720,0.1262,1895.8,744.7,1919.8,778.4,2048,1536,896,512
20170627_FIRE_om-e-mobo-c,720,0.3090,1894.7,745.9,1923.0,775.9,2048,1536,1024,512
20170627_FIRE_om-e-mobo-c,900,0.1046,1885.7,749.0,1921.7,775.2,2048,1536,1024,512
20170708_Whittier_syp-n-mobo-c,-1320,0.1047,2726.7,684.3,2788.8,762.0,3072,2048,2048,0
20170708_Whittier_syp-n-mobo-c,240,0.4460,1503.7,986.7,1692.7,1061.9,3072,2048,896,896
20170708_Whittier_syp-n-mobo-c,300,0.1349,1574.2,980.3,1699.4,1024.0,3072,2048,896,0
20170708_Whittier_syp-n-mobo-c,300,0.2902,1515.2,977.5,1769.3,1065.5,3072,2048,896,896
20170708_Whittier_syp-n-mobo-c,360,0.4597,1538.0,961.6,1763.3,1024.0,3072,2048,896,0
20170708_Whittier_syp-n-mobo-c,360,0.2097,1542.0,963.1,1697.4,1024.0,3072,2048,896,0
20170708_Whittier_syp-n-mobo-c,360,0.5406,1511.9,965.2,1671.3,1062.8,3072,2048,896,896
20170708_Whittier_syp-n-mobo-c,360,0.3594,1499.9,961.8,1764.0,1059.6,3072,2048,896,896
20170708_Whittier_syp-n-mobo-c,360,0.1280,1508.4,1024.0,1607.8,1062.6,3072,2048,896,1024
20170708_Whittier_syp-n-mobo-c,420,0.3389,1526.1,901.2,1810.6,1024.0,3072,2048,896,0
20170708_Whittier_syp-n-mobo-c,420,0.3915,1514.5,896.0,1817.3,1059.2,3072,2048,896,896
20170708_Whittier_syp-n-mobo-c,420,0.2107,1506.5,1024.1,1604.5,1061.0,3072,2048,896,1024
20170708_Whittier_syp-n-mobo-c,420,0.1545,1503.7,1024.0,1691.9,1062.0,3072,2048,896,1024
20170708_Whittier_syp-n-mobo-c,480,0.5763,1529.7,861.6,1730.8,1024.0,3072,2048,896,0
20170708_Whittier_syp-n-mobo-c,480,0.3829,1509.0,896.0,1766.6,1058.8,3072,2048,896,896
20170708_Whittier_syp-n-mobo-c,480,0.1092,1497.2,896.0,1899.1,1059.3,3072,2048,896,896
20170708_Whittier_syp-n-mobo-c,540,0.4814,1539.8,864.8,1786.3,1024.0,3072,2048,896,0
20170708_Whittier_syp-n-mobo-c,540,0.4220,1598.4,772.6,1859.6,974.9,3072,2048,896,0
20170708_Whittier_syp-n-mobo-c,540,0.3312,1792.3,806.9,1855.1,959.9,3072,2048,1792,0
20170708_Whittier_syp-n-mobo-c,540,0.2819,1792.0,806.7,1854.2,905.1,3072,2048,1792,0
20170708_Whittier_syp-n-mobo-c,540,0.3609,1509.7,896.0,1785.2,1069.3,3072,2048,896,896
20170708_Whittier_syp-n-mobo-c,600,0.3463,1566.2,787.3,1823.8,1024.0,3072,2048,896,0
20170708_Whittier_syp-n-mobo-c,600,0.3206,1792.0,733.8,1950.4,945.9,3072,2048,1792,0
20170708_Whittier_syp-n-mobo-c,600,0.4778,1506.9,896.0,1723.2,1066.1,3072,2048,896,896
20170708_Whittier_syp-n-mobo-c,600,0.2452,1507.8,1024.0,1588.0,1061.7,3072,2048,896,1024
20170708_Whittier_syp-n-mobo-c,600,0.1033,1506.7,1024.0,1652.6,1064.3,3072,2048,896,1024
20170708_Whittier_syp-n-mobo-c,660,0.2430,1558.6,845.9,1786.3,1024.0,3072,2048,896,0
20170708_Whittier_syp-n-mobo-c,660,0.5322,1522.4,896.0,1784.9,1058.6,3072,2048,896,896
20170708_Whittier_syp-n-mobo-c,660,0.1131,1508.5,955.6,1703.0,1063.2,3072,2048,896,896
20170708_Whittier_syp-n-mobo-c,660,0.4864,1506.5,1024.0,1625.9,1064.8,3072,2048,896,1024
20170708_Whittier_syp-n-mobo-c,720,0.1289,1591.5,715.0,1889.6,1024.0,3072,2048,896,0
20170708_Whittier_syp-n-mobo-c,720,0.1240,1643.5,702.0,1920.0,1024.0,3072,2048,896,0
20170708_Whittier_syp-n-mobo-c,720,0.1135,1598.4,695.1,1920.0,1024.0,3072,2048,896,0
20170708_Whittier_syp-n-mobo-c,720,0.1505,1493.9,914.9,1833.8,1077.2,3072,2048,896,896
20170708_Whittier_syp-n-mobo-c,720,0.3098,1792.2,896.0,1862.5,1030.0,3072,2048,1792,896
20170708_Whittier_syp-n-mobo-c,840,0.3022,1578.0,922.9,1852.6,1024.0,3072,2048,896,0
20170708_Whittier_syp-n-mobo-c,840,0.1181,1488.9,920.9,1906.3,1093.1,3072,2048,896,896
20170708_Whittier_syp-n-mobo-c,840,0.1138,1792.2,924.2,1908.0,1056.1,3072,2048,1792,896
20170708_Whittier_syp-n-mobo-c,900,0.1082,1792.0,896.0,1962.5,1076.7,3072,2048,1792,896
20170708_Whittier_syp-n-mobo-c,960,0.1770,1504.3,933.9,1851.6,1079.8,3072,2048,896,896
20170708_Whittier_syp-n-mobo-c,1020,0.2273,1566.8,934.6,1831.4,1024.0,3072,2048,896,0
20170708_Whittier_syp-n-mobo-c,1080,0.1754,1559.7,919.4,1853.9,1024.0,3072,2048,896,0
20170708_Whittier_syp-n-mobo-c,1080,0.1365,1505.8,937.2,1798.7,1074.0,3072,2048,896,896
20170708_Whittier_syp-n-mobo-c,1080,0.1330,1479.0,936.7,1865.6,1085.6,3072,2048,896,896
20170708_Whittier_syp-n-mobo-c,1080,0.1082,1507.6,944.7,1715.4,1068.2,3072,2048,896,896
20170708_Whittier_syp-n-mobo-c,1080,0.3362,1792.9,920.6,1917.4,1062.5,3072,2048,1792,896
20170708_Whittier_syp-n-mobo-c,1080,0.4635,1506.9,1024.0,1603.3,1067.7,3072,2048,896,1024
20170708_Whittier_syp-n-mobo-c,1140,0.1613,1552.8,875.4,1830.0,1024.0,3072,2048,896,0
20170708_Whittier_syp-n-mobo-c,1140,0.2385,1507.0,899.2,1746.3,1069.9,3072,2048,896,896
20170708_Whittier_syp-n-mobo-c,1140,0.5370,1504.3,1024.0,1618.0,1065.6,3072,2048,896,1024
20170708_Whittier_syp-n-mobo-c,1200,0.2805,1642.6,798.5,1911.2,1024.0,3072,2048,896,0
20170708_Whittier_syp-n-mobo-c,1200,0.2016,1505.5,918.9,1767.9,1079.9,3072,2048,896,896
20170708_Whittier_syp-n-mobo-c,1200,0.1112,1506.6,1024.0,1654.7,1076.9,3072,2048,896,1024
20170708_Whittier_syp-n-mobo-c,1260,0.1087,1668.1,729.5,1920.0,1024.0,3072,2048,896,0
20170708_Whittier_syp-n-mobo-c,1260,0.1633,1792.0,721.7,1928.4,998.7,3072,2048,1792,0
20170708_Whittier_syp-n-mobo-c,1260,0.1108,2882.4,724.1,2923.4,786.5,3072,2048,2048,0
20170708_Whittier_syp-n-mobo-c,1260,0.2033,1792.2,896.0,1871.0,1037.3,3072,2048,1792,896
20170708_Whittier_syp-n-mobo-c,1320,0.2732,1792.0,898.6,1869.3,1041.0,3072,2048,1792,896
20170708_Whittier_syp-n-mobo-c,1320,0.1518,1792.8,896.0,1905.6,1123.8,3072,2048,1792,896
20170708_Whittier_syp-n-mobo-c,1500,0.1244,1593.5,902.7,1886.5,1024.0,3072,2048,896,0
20170708_Whittier_syp-n-mobo-c,1500,0.2312,1812.2,822.8,1997.5,932.4,3072,2048,1792,0
20170708_Whittier_syp-n-mobo-c,1500,0.1310,1792.3,896.0,1915.3,1072.5,3072,2048,1792,896
20170708_Whittier_syp-n-mobo-c,1560,0.2074,1792.0,896.0,1905.9,1097.2,3072,2048,1792,896
20170708_Whittier_syp-n-mobo-c,1560,0.1035,1506.0,1024.0,1780.2,1098.6,3072,2048,896,1024
20170708_Whittier_syp-n-mobo-c,1620,0.1278,1626.7,779.5,1920.0,1024.0,3072,2048,896,0
20170708_Whittier_syp-n-mobo-c,1680,0.1907,1792.1,896.0,1912.8,1075.2,3072,2048,1792,896
20170708_Whittier_syp-n-mobo-c,2100,0.1222,2048.0,896.0,2069.6,979.7,3072,2048,2048,896
20170708_Whittier_syp-n-mobo-c,2100,0.5648,1792.0,1024.0,1887.8,1075.1,3072,2048,1792,1024
20170708_Whittier_syp-n-mobo-c,2100,0.1348,1792.0,1024.0,1823.4,1074.9,3072,2048,1792,1024
20170708_Whittier_syp-n-mobo-c,2220,0.1024,1606.5,900.3,1840.5,1024.0,3072,2048,896,0
20170708_Whittier_syp-n-mobo-c,2280,0.1652,1656.5,801.6,1920.0,1024.0,3072,2048,896,0
20170708_Whittier_syp-n-mobo-c,2280,0.3866,2048.0,931.0,2065.7,985.0,3072,2048,2048,896
20170708_Whittier_syp-n-mobo-c,2280,0.2296,2048.0,928.6,2065.2,1013.3,3072,2048,2048,896
20170708_Whittier_syp-n-mobo-c,2280,0.4328,1792.2,1024.0,1872.2,1079.9,3072,2048,1792,1024
20170708_Whittier_syp-n-mobo-c,2280,0.1346,1792.0,1024.1,1819.7,1078.9,3072,2048,1792,1024
20170708_Whittier_syp-n-mobo-c,2400,0.6408,1792.0,1024.0,1895.3,1090.0,3072,2048,1792,1024
20170708_Whittier_syp-n-mobo-m,-2399,0.1223,2266.9,1286.5,2328.7,1337.2,3072,2048,1792,896
20170708_Whittier_syp-n-mobo-m,-2399,0.1253,2267.0,1286.5,2328.7,1337.1,3072,2048,2048,896
20170708_Whittier_syp-n-mobo-m,-2399,0.1398,2267.0,1286.5,2328.8,1337.2,3072,2048,1792,1024
20170708_Whittier_syp-n-mobo-m,-2399,0.1319,2267.0,1286.5,2328.7,1337.2,3072,2048,2048,1024
20170708_Whittier_syp-n-mobo-m,-2279,0.1170,2267.1,1286.7,2328.7,1337.8,3072,2048,1792,896
20170708_Whittier_syp-n-mobo-m,-2279,0.1172,2267.1,1286.7,2328.7,1337.8,3072,2048,2048,896
20170708_Whittier_syp-n-mobo-m,-2279,0.1338,1844.3,1094.1,1895.0,1122.7,3072,2048,1792,1024
20170708_Whittier_syp-n-mobo-m,-2279,0.1335,2267.1,1286.7,2328.8,1337.8,3072,2048,1792,1024
20170708_Whittier_syp-n-mobo-m,-2279,0.1197,2267.2,1286.7,2328.7,1337.8,3072,2048,2048,1024
20170708_Whittier_syp-n-mobo-m,-2159,0.1499,1421.8,89.4,1455.0,119.6,3072,2048,896,0
20170708_Whittier_syp-n-mobo-m,-2159,0.1215,2267.2,1286.9,2328.9,1337.8,3072,2048,1792,896
20170708_Whittier_syp-n-mobo-m,-2159,0.1106,2267.2,1286.9,2328.9,1337.8,3072,2048,2048,896
20170708_Whittier_syp-n-mobo-m,-2159,0.1306,245.9,1089.8,305.1,1135.1,3072,2048,0,1024
20170708_Whittier_syp-n-mobo-m,-2159,0.1378,2267.2,1286.9,2328.9,1337.8,3072,2048,1792,1024
20170708_Whittier_syp-n-mobo-m,-2159,0.1105,2267.2,1286.9,2328.9,1337.8,3072,2048,2048,1024
20170708_Whittier_syp-n-mobo-m,-2099,0.4875,1478.4,97.0,1511.2,128.4,3072,2048,896,0
20170708_Whittier_syp-n-mobo-m,-2099,0.1058,1843.8,1094.5,1895.3,1122.7,3072,2048,1792,1024
20170708_Whittier_syp-n-mobo-m,-2039,0.1047,1844.3,1093.8,1895.3,1122.7,3072,2048,1792,1024
20170708_Whittier_syp-n-mobo-m,-1979,0.1039,2267.0,1287.4,2329.3,1338.0,3072,2048,2048,896
20170708_Whittier_syp-n-mobo-m,-1979,0.1283,1844.1,1094.3,1895.2,1122.7,3072,2048,1792,1024
20170708_Whittier_syp-n-mobo-m,-1979,0.1024,2267.0,1287.3,2329.3,1338.0,3072,2048,2048,1024
20170708_Whittier_syp-n-mobo-m,-1859,0.1028,2266.9,1287.5,2328.9,1338.1,3072,2048,1792,896
20170708_Whittier_syp-n-mobo-m,-1859,0.1204,2266.9,1287.5,2328.9,1338.1,3072,2048,2048,896
20170708_Whittier_syp-n-mobo-m,-1859,0.1116,2266.9,1287.5,2328.9,1338.1,3072,2048,1792,1024
20170708_Whittier_syp-n-mobo-m,-1859,0.1141,2267.0,1287.5,2328.8,1338.1,3072,2048,2048,1024
20170708_Whittier_syp-n-mobo-m,-1739,0.1023,2266.9,1287.6,2328.8,1337.8,3072,2048,2048,896
20170708_Whittier_syp-n-mobo-m,-1679,0.1229,246.4,1090.9,304.5,1135.3,3072,2048,0,1024
20170708_Whittier_syp-n-mobo-m,-1619,0.1088,245.5,1090.0,304.4,1134.9,3072,2048,0,1024
20170708_Whittier_syp-n-mobo-m,-1499,0.1377,2267.1,1287.4,2328.6,1337.4,3072,2048,1792,896
20170708_Whittier_syp-n-mobo-m,-1499,0.1626,2267.1,1287.4,2328.6,1337.4,3072,2048,2048,896
20170708_Whittier_syp-n-mobo-m,-1499,0.1585,246.2,1090.3,304.7,1135.1,3072,2048,0,1024
20170708_Whittier_syp-n-mobo-m,-1499,0.1541,2267.1,1287.3,2328.6,1337.4,3072,2048,1792,1024
20170708_Whittier_syp-n-mobo-m,-1499,0.1217,1844.5,1094.3,1894.9,1122.8,3072,2048,1792,1024
20170708_Whittier_syp-n-mobo-m,-1499,0.1577,2267.2,1287.4,2328.5,1337.4,3072,2048,2048,1024
20170708_Whittier_syp-n-mobo-m,-1439,0.1364,247.2,1090.4,304.3,1135.0,3072,2048,0,1024
20170708_Whittier_syp-n-mobo-m,-1379,0.1198,1844.4,1093.9,1895.6,1123.1,3072,2048,1792,1024
20170708_Whittier_syp-n-mobo-m,-1319,0.1149,2267.0,1287.2,2328.7,1336.8,3072,2048,1792,896
20170708_Whittier_syp-n-mobo-m,-1319,0.1296,2267.0,1287.2,2328.7,1336.7,3072,2048,2048,896
20170708_Whittier_syp-n-mobo-m,-1319,0.1215,2267.0,1287.2,2328.7,1336.8,3072,2048,1792,1024
20170708_Whittier_syp-n-mobo-m,-1319,0.1212,2267.1,1287.2,2328.6,1336.7,3072,2048,2048,1024
20170708_Whittier_syp-n-mobo-m,-1259,0.1250,2267.2,1287.9,2329.2,1337.0,3072,2048,1792,896
20170708_Whittier_syp-n-mobo-m,-1259,0.1577,2267.2,1287.9,2329.2,1337.0,3072,2048,2048,896
20170708_Whittier_syp-n-mobo-m,-1259,0.1357,2267.2,1287.9,2329.2,1337.0,3072,2048,1792,1024
20170708_Whittier_syp-n-mobo-m,-1259,0.1162,1844.7,1094.2,1895.2,1123.0,3072,2048,1792,1024
20170708_Whittier_syp-n-mobo-m,-1259,0.1490,2267.2,1287.9,2329.1,1337.0,3072,2048,2048,1024
20170708_Whittier_syp-n-mobo-m,-1079,0.1528,1844.4,1093.7,1895.8,1123.1,3072,2048,1792,1024
20170708_Whittier_syp-n-mobo-m,-1019,0.1096,1844.3,1094.3,1895.8,1123.2,3072,2048,1792,1024
20170708_Whittier_syp-n-mobo-m,-959,0.1446,246.0,1090.3,304.6,1135.1,3072,2048,0,1024
20170708_Whittier_syp-n-mobo-m,-719,0.1106,247.2,1090.7,304.3,1134.7,3072,2048,0,1024
20170708_Whittier_syp-n-mobo-m,-659,0.1191,2267.1,1287.3,2329.4,1337.4,3072,2048,2048,896
20170708_Whittier_syp-n-mobo-m,-659,0.1129,2267.2,1287.2,2329.4,1337.4,3072,2048,2048,1024
20170708_Whittier_syp-n-mobo-m,-539,0.1053,2267.0,1286.8,2329.4,1337.0,3072,2048,2048,896
20170708_Whittier_syp-n-mobo-m,-539,0.1013,2267.0,1286.8,2329.4,1337.0,3072,2048,1792,1024
20170708_Whittier_syp-n-mobo-m,-539,0.1022,2267.0,1286.8,2329.3,1337.0,3072,2048,2048,1024
20170708_Whittier_syp-n-mobo-m,-479,0.1323,1844.3,1093.9,1895.8,1123.2,3072,2048,1792,1024
20170708_Whittier_syp-n-mobo-m,-359,0.1065,1843.9,1094.4,1895.4,1123.3,3072,2048,1792,1024
20170708_Whittier_syp-n-mobo-m,-299,0.1365,246.1,1090.3,304.4,1135.0,3072,2048,0,1024
20170708_Whittier_syp-n-mobo-m,-239,0.1173,1843.9,1094.3,1895.7,1123.2,3072,2048,1792,1024
20170708_Whittier_syp-n-mobo-m,-179,0.1001,246.9,1090.5,301.1,1135.1,3072,2048,0,1024
20170708_Whittier_syp-n-mobo-m,-119,0.1504,246.3,1090.1,305.0,1135.2,3072,2048,0,1024
20170708_Whittier_syp-n-mobo-m,-59,0.1138,245.9,1090.3,304.1,1135.0,3072,2048,0,896
20170708_Whittier_syp-n-mobo-m,-59,0.2067,246.0,1090.2,304.4,1135.0,3072,2048,0,1024
20170708_Whittier_syp-n-mobo-m,1,0.1122,246.6,1089.3,306.0,1135.0,3072,2048,0,896
20170708_Whittier_syp-n-mobo-m,1,0.2234,246.6,1089.3,306.2,1135.1,3072,2048,0,1024
20170708_Whittier_syp-n-mobo-m,61,0.1271,247.4,1090.1,304.3,1135.1,3072,2048,0,896
20170708_Whittier_syp-n-mobo-m,61,0.2092,246.3,1090.2,304.6,1135.2,3072,2048,0,1024
20170708_Whittier_syp-n-mobo-m,121,0.1130,246.5,1089.8,304.0,1135.0,3072,2048,0,896
20170708_Whittier_syp-n-mobo-m,121,0.2134,246.7,1089.2,305.5,1134.8,3072,2048,0,1024
20170708_Whittier_syp-n-mobo-m,181,0.1025,246.9,1090.2,304.5,1135.1,3072,2048,0,1024
20170708_Whittier_syp-n-mobo-m,241,0.1485,246.7,1089.5,305.2,1135.0,3072,2048,0,1024
20170708_Whittier_syp-n-mobo-m,241,0.1037,1843.8,1094.4,1894.7,1123.0,3072,2048,1792,1024
20170708_Whittier_syp-n-mobo-m,301,0.1299,246.3,1090.0,304.4,1135.3,3072,2048,0,896
20170708_Whittier_syp-n-mobo-m,301,0.4033,1844.1,1094.6,1893.1,1122.9,3072,2048,1792,896
20170708_Whittier_syp-n-mobo-m,301,0.2014,246.5,1089.3,306.2,1135.1,3072,2048,0,1024
20170708_Whittier_syp-n-mobo-m,301,0.4640,1844.1,1094.4,1893.2,1123.0,3072,2048,1792,1024
20170708_Whittier_syp-n-mobo-m,361,0.1099,1520.0,984.5,1700.7,1071.1,3072,2048,896,896
20170708_Whittier_syp-n-mobo-m,361,0.1144,1844.2,1094.2,1894.4,1122.9,3072,2048,1792,896
20170708_Whittier_syp-n-mobo-m,361,0.1404,247.1,1089.2,305.8,1134.8,3072,2048,0,1024
20170708_Whittier_syp-n-mobo-m,361,0.1751,1844.1,1094.1,1894.5,1123.0,3072,2048,1792,1024
20170708_Whittier_syp-n-mobo-m,421,0.1131,246.9,1090.4,303.0,1135.2,3072,2048,0,1024
20170708_Whittier_syp-n-mobo-m,481,0.1939,1844.3,1094.0,1894.3,1122.3,3072,2048,1792,896
20170708_Whittier_syp-n-mobo-m,481,0.1365,2267.0,1286.4,2328.8,1337.8,3072,2048,1792,896
20170708_Whittier_syp-n-mobo-m,481,0.1456,2267.0,1286.4,2328.8,1337.8,3072,2048,2048,896
20170708_Whittier_syp-n-mobo-m,481,0.1258,246.6,1088.6,307.1,1134.8,3072,2048,0,1024
20170708_Whittier_syp-n-mobo-m,481,0.2448,1844.3,1093.9,1894.3,1122.3,3072,2048,1792,1024
20170708_Whittier_syp-n-mobo-m,481,0.1422,2267.0,1286.4,2328.8,1337.8,3072,2048,1792,1024
20170708_Whittier_syp-n-mobo-m,481,0.1431,2267.0,1286.4,2328.7,1337.7,3072,2048,2048,1024
20170708_Whittier_syp-n-mobo-m,541,0.1068,1551.5,855.4,1830.4,1024.0,3072,2048,896,0
20170708_Whittier_syp-n-mobo-m,541,0.1741,2266.9,1286.4,2329.4,1337.5,3072,2048,1792,896
20170708_Whittier_syp-n-mobo-m,541,0.1826,2266.9,1286.4,2329.4,1337.5,3072,2048,2048,896
20170708_Whittier_syp-n-mobo-m,541,0.1526,246.9,1088.9,305.7,1134.8,3072,2048,0,1024
20170708_Whittier_syp-n-mobo-m,541,0.1848,2266.9,1286.4,2329.4,1337.5,3072,2048,1792,1024
20170708_Whittier_syp-n-mobo-m,541,0.1833,2266.9,1286.4,2329.3,1337.5,3072,2048,2048,1024
20170708_Whittier_syp-n-mobo-m,601,0.1712,2267.1,1286.3,2328.5,1337.7,3072,2048,1792,896
20170708_Whittier_syp-n-mobo-m,601,0.1387,1844.3,1094.1,1894.0,1121.8,3072,2048,1792,896
20170708_Whittier_syp-n-mobo-m,601,0.1811,2267.1,1286.3,2328.5,1337.7,3072,2048,2048,896
20170708_Whittier_syp-n-mobo-m,601,0.1591,246.6,1089.7,304.4,1134.9,3072,2048,0,1024
20170708_Whittier_syp-n-mobo-m,601,0.3308,1512.3,1024.2,1597.5,1064.7,3072,2048,896,1024
20170708_Whittier_syp-n-mobo-m,601,0.1871,2267.1,1286.3,2328.5,1337.7,3072,2048,1792,1024
20170708_Whittier_syp-n-mobo-m,601,0.1775,1844.3,1094.0,1894.1,1121.8,3072,2048,1792,1024
20170708_Whittier_syp-n-mobo-m,601,0.1857,2267.2,1286.3,2328.4,1337.7,3072,2048,2048,1024
20170708_Whittier_syp-n-mobo-m,661,0.1353,247.2,1088.5,306.2,1134.5,3072,2048,0,896
20170708_Whittier_syp-n-mobo-m,661,0.3392,1844.0,1094.0,1894.7,1121.9,3072,2048,1792,896
20170708_Whittier_syp-n-mobo-m,661,0.1487,2266.8,1286.4,2328.6,1337.6,3072,2048,1792,896
20170708_Whittier_syp-n-mobo-m,661,0.1681,2266.8,1286.4,2328.6,1337.6,3072,2048,2048,896
20170708_Whittier_syp-n-mobo-m,661,0.2463,247.2,1088.5,306.2,1134.6,3072,2048,0,1024
20170708_Whittier_syp-n-mobo-m,661,0.3623,1844.0,1093.9,1894.7,1121.9,3072,2048,1792,1024
20170708_Whittier_syp-n-mobo-m,661,0.1567,2266.8,1286.4,2328.6,1337.6,3072,2048,1792,1024
20170708_Whittier_syp-n-mobo-m,661,0.1680,2266.8,1286.4,2328.6,1337.6,3072,2048,2048,1024
20170708_Whittier_syp-n-mobo-m,721,0.1758,1844.4,1094.1,1894.1,1121.9,3072,2048,1792,896
20170708_Whittier_syp-n-mobo-m,721,0.1166,2266.9,1286.6,2328.4,1336.9,3072,2048,1792,896
20170708_Whittier_syp-n-mobo-m,721,0.1347,2266.8,1286.6,2328.5,1336.9,3072,2048,2048,896
20170708_Whittier_syp-n-mobo-m,721,0.1467,246.6,1088.1,306.7,1134.2,3072,2048,0,1024
20170708_Whittier_syp-n-mobo-m,721,0.2658,1844.3,1093.9,1894.4,1122.0,3072,2048,1792,1024
20170708_Whittier_syp-n-mobo-m,721,0.1212,2266.9,1286.6,2328.5,1336.9,3072,2048,1792,1024
20170708_Whittier_syp-n-mobo-m,721,0.1320,2266.9,1286.6,2328.4,1336.9,3072,2048,2048,1024
20170708_Whittier_syp-n-mobo-m,781,0.1182,2267.1,1286.1,2328.4,1337.2,3072,2048,1792,896
20170708_Whittier_syp-n-mobo-m,781,0.1404,2266.9,1286.1,2330.6,1337.3,3072,2048,2048,896
20170708_Whittier_syp-n-mobo-m,781,0.1521,246.7,1089.7,303.8,1135.0,3072,2048,0,1024
20170708_Whittier_syp-n-mobo-m,781,0.1425,2267.1,1286.1,2328.5,1337.2,3072,2048,1792,1024
20170708_Whittier_syp-n-mobo-m,781,0.1501,2266.9,1286.1,2330.5,1337.3,3072,2048,2048,1024
20170708_Whittier_syp-n-mobo-m,841,0.1402,2824.9,534.5,2866.2,587.5,3072,2048,2048,0
20170708_Whittier_syp-n-mobo-m,841,0.1144,1844.3,1093.9,1894.4,1122.1,3072,2048,1792,896
20170708_Whittier_syp-n-mobo-m,841,0.1096,2267.0,1286.2,2328.9,1337.6,3072,2048,2048,896
20170708_Whittier_syp-n-mobo-m,841,0.1151,246.5,1090.2,304.4,1135.1,3072,2048,0,1024
20170708_Whittier_syp-n-mobo-m,841,0.2339,1844.2,1093.7,1894.7,1122.2,3072,2048,1792,1024
20170708_Whittier_syp-n-mobo-m,841,0.1090,2267.0,1286.2,2328.9,1337.6,3072,2048,1792,1024
20170708_Whittier_syp-n-mobo-m,841,0.1176,2267.0,1286.2,2328.9,1337.6,3072,2048,2048,1024
20170708_Whittier_syp-n-mobo-m,901,0.1595,246.6,1088.7,305.5,1134.7,3072,2048,0,896
20170708_Whittier_syp-n-mobo-m,901,0.3251,1844.2,1094.1,1894.0,1122.1,3072,2048,1792,896
20170708_Whittier_syp-n-mobo-m,901,0.1247,2267.0,1286.7,2328.6,1337.6,3072,2048,1792,896
20170708_Whittier_syp-n-mobo-m,901,0.1599,2267.0,1286.7,2328.6,1337.6,3072,2048,2048,896
20170708_Whittier_syp-n-mobo-m,901,0.2668,246.7,1088.7,305.6,1134.7,3072,2048,0,1024
20170708_Whittier_syp-n-mobo-m,901,0.4921,1844.2,1094.0,1894.1,1122.2,3072,2048,1792,1024
20170708_Whittier_syp-n-mobo-m,901,0.1405,2267.0,1286.7,2328.6,1337.6,3072,2048,1792,1024
20170708_Whittier_syp-n-mobo-m,901,0.1712,2267.0,1286.7,2328.6,1337.5,3072,2048,2048,1024
20170708_Whittier_syp-n-mobo-m,961,0.1771,246.4,1089.2,303.8,1134.8,3072,2048,0,896
20170708_Whittier_syp-n-mobo-m,961,0.1281,2267.1,1286.3,2328.4,1337.6,3072,2048,1792,896
20170708_Whittier_syp-n-mobo-m,961,0.1485,2267.1,1286.3,2328.4,1337.6,3072,2048,2048,896
20170708_Whittier_syp-n-mobo-m,961,0.2528,246.6,1088.5,305.2,1134.7,3072,2048,0,1024
20170708_Whittier_syp-n-mobo-m,961,0.2876,1844.1,1094.0,1894.8,1121.9,3072,2048,1792,1024
20170708_Whittier_syp-n-mobo-m,961,0.1572,2267.1,1286.3,2328.4,1337.6,3072,2048,1792,1024
20170708_Whittier_syp-n-mobo-m,961,0.1585,2267.1,1286.3,2328.3,1337.6,3072,2048,2048,1024
20170708_Whittier_syp-n-mobo-m,1021,0.1731,246.4,1089.3,304.8,1134.8,3072,2048,0,896
20170708_Whittier_syp-n-mobo-m,1021,0.2433,1844.4,1094.0,1893.8,1121.6,3072,2048,1792,896
20170708_Whittier_syp-n-mobo-m,1021,0.1153,2266.9,1286.3,2328.6,1337.6,3072,2048,1792,896
20170708_Whittier_syp-n-mobo-m,1021,0.1619,2266.6,1286.4,2330.9,1337.6,3072,2048,2048,896
20170708_Whittier_syp-n-mobo-m,1021,0.2735,246.5,1089.1,304.9,1134.7,3072,2048,0,1024
20170708_Whittier_syp-n-mobo-m,1021,0.4447,1844.6,1094.2,1893.2,1121.5,3072,2048,1792,1024
20170708_Whittier_syp-n-mobo-m,1021,0.1288,2266.9,1286.4,2328.7,1337.6,3072,2048,1792,1024
20170708_Whittier_syp-n-mobo-m,1021,0.1559,2267.0,1286.3,2328.6,1337.6,3072,2048,2048,1024
20170708_Whittier_syp-n-mobo-m,1081,0.2354,246.5,1088.3,304.8,1134.3,3072,2048,0,896
20170708_Whittier_syp-n-mobo-m,1081,0.2862,1844.4,1093.7,1894.0,1121.6,3072,2048,1792,896
20170708_Whittier_syp-n-mobo-m,1081,0.1397,2266.8,1286.4,2330.9,1337.8,3072,2048,1792,896
20170708_Whittier_syp-n-mobo-m,1081,0.1667,2266.8,1286.4,2330.9,1337.7,3072,2048,2048,896
20170708_Whittier_syp-n-mobo-m,1081,0.3682,246.5,1088.2,304.9,1134.4,3072,2048,0,1024
20170708_Whittier_syp-n-mobo-m,1081,0.1255,1513.0,1024.0,1605.0,1069.6,3072,2048,896,1024
20170708_Whittier_syp-n-mobo-m,1081,0.4706,1844.3,1093.5,1894.2,1121.7,3072,2048,1792,1024
20170708_Whittier_syp-n-mobo-m,1081,0.1589,2266.8,1286.4,2330.9,1337.8,3072,2048,1792,1024
20170708_Whittier_syp-n-mobo-m,1081,0.1818,2266.9,1286.4,2330.9,1337.7,3072,2048,2048,1024
20170708_Whittier_syp-n-mobo-m,1141,0.3283,246.7,1088.3,305.3,1134.7,3072,2048,0,896
20170708_Whittier_syp-n-mobo-m,1141,0.4050,1844.4,1093.8,1894.3,1121.6,3072,2048,1792,896
20170708_Whittier_syp-n-mobo-m,1141,0.1091,2266.7,1286.0,2331.3,1337.0,3072,2048,2048,896
20170708_Whittier_syp-n-mobo-m,1141,0.4234,246.7,1088.2,305.4,1134.7,3072,2048,0,1024
20170708_Whittier_syp-n-mobo-m,1141,0.3878,1844.4,1093.7,1894.4,1121.6,3072,2048,1792,1024
20170708_Whittier_syp-n-mobo-m,1141,0.1015,2266.8,1286.0,2331.2,1337.0,3072,2048,2048,1024
20170708_Whittier_syp-n-mobo-m,1201,0.2438,247.5,1088.2,307.1,1134.7,3072,2048,0,896
20170708_Whittier_syp-n-mobo-m,1201,0.2092,2267.2,1285.8,2327.5,1337.2,3072,2048,1792,896
20170708_Whittier_syp-n-mobo-m,1201,0.1105,1845.0,1093.8,1893.7,1121.2,3072,2048,1792,896
20170708_Whittier_syp-n-mobo-m,1201,0.2368,2267.2,1285.8,2327.6,1337.2,3072,2048,2048,896
20170708_Whittier_syp-n-mobo-m,1201,0.3595,247.5,1088.1,307.1,1134.7,3072,2048,0,1024
20170708_Whittier_syp-n-mobo-m,1201,0.2370,2267.2,1285.8,2327.6,1337.2,3072,2048,1792,1024
20170708_Whittier_syp-n-mobo-m,1201,0.2059,1844.9,1093.6,1894.1,1121.3,3072,2048,1792,1024
20170708_Whittier_syp-n-mobo-m,1201,0.2498,2267.2,1285.8,2327.5,1337.2,3072,2048,2048,1024
20170708_Whittier_syp-n-mobo-m,1261,0.2461,246.9,1088.0,307.0,1134.3,3072,2048,0,896
20170708_Whittier_syp-n-mobo-m,1261,0.1992,2267.1,1285.9,2328.0,1337.0,3072,2048,1792,896
20170708_Whittier_syp-n-mobo-m,1261,0.1695,1844.6,1094.9,1894.1,1121.5,3072,2048,1792,896
20170708_Whittier_syp-n-mobo-m,1261,0.2197,2267.1,1285.9,2328.0,1337.0,3072,2048,2048,896
20170708_Whittier_syp-n-mobo-m,1261,0.3767,246.9,1088.0,307.1,1134.3,3072,2048,0,1024
20170708_Whittier_syp-n-mobo-m,1261,0.2496,1844.6,1094.8,1894.2,1121.5,3072,2048,1792,1024
20170708_Whittier_syp-n-mobo-m,1261,0.2205,2267.1,1285.9,2328.1,1337.0,3072,2048,1792,1024
20170708_Whittier_syp-n-mobo-m,1261,0.2322,2267.1,1285.9,2328.0,1337.0,3072,2048,2048,1024
20170708_Whittier_syp-n-mobo-m,1321,0.1398,246.6,1089.3,304.5,1134.6,3072,2048,0,896
20170708_Whittier_syp-n-mobo-m,1321,0.2026,2267.1,1285.5,2327.9,1337.2,3072,2048,1792,896
20170708_Whittier_syp-n-mobo-m,1321,0.1097,1844.6,1093.5,1894.6,1121.5,3072,2048,1792,896
20170708_Whittier_syp-n-mobo-m,1321,0.2823,2266.6,1284.0,2335.0,1337.3,3072,2048,2048,896
20170708_Whittier_syp-n-mobo-m,1321,0.2060,246.7,1089.1,304.8,1134.6,3072,2048,0,1024
20170708_Whittier_syp-n-mobo-m,1321,0.2784,1844.5,1093.2,1894.8,1121.7,3072,2048,1792,1024
20170708_Whittier_syp-n-mobo-m,1321,0.2631,2266.6,1284.0,2335.0,1337.3,3072,2048,1792,1024
20170708_Whittier_syp-n-mobo-m,1321,0.2886,2266.7,1284.0,2334.9,1337.3,3072,2048,2048,1024
20170708_Whittier_syp-n-mobo-m,1381,0.1714,247.3,1088.1,308.1,1134.7,3072,2048,0,896
20170708_Whittier_syp-n-mobo-m,1381,0.1722,2266.7,1285.7,2330.0,1336.8,3072,2048,1792,896
20170708_Whittier_syp-n-mobo-m,1381,0.1062,1844.6,1094.2,1894.4,1121.3,3072,2048,1792,896
20170708_Whittier_syp-n-mobo-m,1381,0.1795,2266.7,1285.7,2330.0,1336.8,3072,2048,2048,896
20170708_Whittier_syp-n-mobo-m,1381,0.2713,247.3,1088.0,308.0,1134.7,3072,2048,0,1024
20170708_Whittier_syp-n-mobo-m,1381,0.1810,2266.7,1285.7,2330.1,1336.9,3072,2048,1792,1024
20170708_Whittier_syp-n-mobo-m,1381,0.1697,1844.5,1094.1,1894.6,1121.3,3072,2048,1792,1024
20170708_Whittier_syp-n-mobo-m,1381,0.1847,2266.7,1285.7,2330.0,1336.8,3072,2048,2048,1024
20170708_Whittier_syp-n-mobo-m,1441,0.1249,246.9,1089.6,304.3,1134.6,3072,2048,0,896
20170708_Whittier_syp-n-mobo-m,1441,0.2050,247.0,1088.7,306.0,1134.7,3072,2048,0,1024
20170708_Whittier_syp-n-mobo-m,1441,0.1389,1844.3,1093.8,1895.3,1121.6,3072,2048,1792,1024
20170708_Whittier_syp-n-mobo-m,1501,0.3412,246.7,1088.0,305.7,1134.5,3072,2048,0,896
20170708_Whittier_syp-n-mobo-m,1501,0.1337,2266.8,1285.8,2330.5,1337.0,3072,2048,1792,896
20170708_Whittier_syp-n-mobo-m,1501,0.1134,1844.5,1094.1,1894.4,1121.5,3072,2048,1792,896
20170708_Whittier_syp-n-mobo-m,1501,0.1681,2266.8,1285.8,2330.5,1337.0,3072,2048,2048,896
20170708_Whittier_syp-n-mobo-m,1501,0.4180,246.7,1087.9,305.8,1134.5,3072,2048,0,1024
20170708_Whittier_syp-n-mobo-m,1501,0.3049,1844.3,1094.0,1894.7,1121.7,3072,2048,1792,1024
20170708_Whittier_syp-n-mobo-m,1501,0.1664,2266.8,1285.8,2330.5,1337.0,3072,2048,1792,1024
20170708_Whittier_syp-n-mobo-m,1501,0.1805,2266.8,1285.8,2330.4,1337.0,3072,2048,2048,1024
20170708_Whittier_syp-n-mobo-m,1561,0.2156,246.8,1087.8,306.4,1134.8,3072,2048,0,896
20170708_Whittier_syp-n-mobo-m,1561,0.1729,2267.1,1285.6,2327.7,1336.9,3072,2048,1792,896
20170708_Whittier_syp-n-mobo-m,1561,0.2004,2267.1,1285.6,2327.7,1336.8,3072,2048,2048,896
20170708_Whittier_syp-n-mobo-m,1561,0.3522,246.8,1087.9,306.4,1134.8,3072,2048,0,1024
20170708_Whittier_syp-n-mobo-m,1561,0.2450,1844.8,1093.7,1894.2,1121.6,3072,2048,1792,1024
20170708_Whittier_syp-n-mobo-m,1561,0.1930,2267.1,1285.5,2327.7,1336.9,3072,2048,1792,1024
20170708_Whittier_syp-n-mobo-m,1561,0.2109,2267.1,1285.5,2327.6,1336.8,3072,2048,2048,1024
20170708_Whittier_syp-n-mobo-m,1621,0.3292,246.8,1088.0,306.0,1134.8,3072,2048,0,896
20170708_Whittier_syp-n-mobo-m,1621,0.2891,2266.7,1284.4,2336.2,1337.1,3072,2048,1792,896
20170708_Whittier_syp-n-mobo-m,1621,0.3334,2266.7,1284.4,2336.1,1337.1,3072,2048,2048,896
20170708_Whittier_syp-n-mobo-m,1621,0.4386,246.8,1088.1,306.0,1134.9,3072,2048,0,1024
20170708_Whittier_syp-n-mobo-m,1621,0.3159,2266.7,1284.4,2336.2,1337.1,3072,2048,1792,1024
20170708_Whittier_syp-n-mobo-m,1621,0.2847,1844.6,1093.9,1894.1,1121.2,3072,2048,1792,1024
20170708_Whittier_syp-n-mobo-m,1621,0.1284,1792.0,1042.0,1842.7,1073.8,3072,2048,1792,1024
20170708_Whittier_syp-n-mobo-m,1621,0.3371,2266.8,1284.4,2336.0,1337.1,3072,2048,2048,1024
20170708_Whittier_syp-n-mobo-m,1681,0.2723,1844.0,1096.0,1890.7,1121.8,3072,2048,1792,896
20170708_Whittier_syp-n-mobo-m,1681,0.1902,2267.1,1286.0,2328.1,1337.3,3072,2048,1792,896
20170708_Whittier_syp-n-mobo-m,1681,0.2354,2267.1,1286.0,2328.1,1337.2,3072,2048,2048,896
20170708_Whittier_syp-n-mobo-m,1681,0.1228,1843.4,1095.6,1890.6,1121.7,3072,2048,896,1024
20170708_Whittier_syp-n-mobo-m,1681,0.5180,1843.8,1095.6,1891.3,1121.9,3072,2048,1792,1024
20170708_Whittier_syp-n-mobo-m,1681,0.2167,2267.1,1286.0,2328.1,1337.3,3072,2048,1792,1024
20170708_Whittier_syp-n-mobo-m,1681,0.2469,2267.1,1286.0,2328.1,1337.2,3072,2048,2048,1024
20170708_Whittier_syp-n-mobo-m,1741,0.1811,247.3,1088.3,306.5,1134.7,3072,2048,0,896
20170708_Whittier_syp-n-mobo-m,1741,0.1581,2266.6,1286.0,2330.8,1337.1,3072,2048,1792,896
20170708_Whittier_syp-n-mobo-m,1741,0.1507,1844.8,1097.3,1888.6,1121.3,3072,2048,1792,896
20170708_Whittier_syp-n-mobo-m,1741,0.2114,2266.5,1284.2,2335.7,1336.9,3072,2048,2048,896
20170708_Whittier_syp-n-mobo-m,1741,0.3015,247.3,1088.1,306.5,1134.7,3072,2048,0,1024
20170708_Whittier_syp-n-mobo-m,1741,0.1215,1844.5,1096.8,1890.7,1121.5,3072,2048,896,1024
20170708_Whittier_syp-n-mobo-m,1741,0.4624,1844.2,1096.8,1890.0,1121.7,3072,2048,1792,1024
20170708_Whittier_syp-n-mobo-m,1741,0.1809,2266.6,1286.0,2330.9,1337.1,3072,2048,1792,1024
20170708_Whittier_syp-n-mobo-m,1741,0.2151,2266.5,1284.2,2335.6,1336.9,3072,2048,2048,1024
20170708_Whittier_syp-n-mobo-m,1801,0.3907,246.6,1088.0,307.6,1134.3,3072,2048,0,896
20170708_Whittier_syp-n-mobo-m,1801,0.1418,1844.9,1099.2,1877.2,1121.5,3072,2048,1792,896
20170708_Whittier_syp-n-mobo-m,1801,0.1048,2266.6,1286.0,2330.3,1337.2,3072,2048,1792,896
20170708_Whittier_syp-n-mobo-m,1801,0.1219,2266.6,1286.0,2330.2,1337.2,3072,2048,2048,896
20170708_Whittier_syp-n-mobo-m,1801,0.4507,246.3,1087.7,308.2,1134.3,3072,2048,0,1024
20170708_Whittier_syp-n-mobo-m,1801,0.1072,1844.7,1099.0,1877.6,1121.6,3072,2048,896,1024
20170708_Whittier_syp-n-mobo-m,1801,0.3082,1844.6,1098.9,1877.9,1121.8,3072,2048,1792,1024
20170708_Whittier_syp-n-mobo-m,1801,0.1263,2266.6,1286.0,2330.3,1337.2,3072,2048,1792,1024
20170708_Whittier_syp-n-mobo-m,1801,0.1251,2266.6,1286.0,2330.2,1337.2,3072,2048,2048,1024
20170708_Whittier_syp-n-mobo-m,1861,0.1783,247.0,1088.3,308.4,1134.7,3072,2048,0,896
20170708_Whittier_syp-n-mobo-m,1861,0.1216,2266.5,1286.1,2330.3,1337.4,3072,2048,1792,896
20170708_Whittier_syp-n-mobo-m,1861,0.1315,2266.5,1286.0,2330.3,1337.4,3072,2048,2048,896
20170708_Whittier_syp-n-mobo-m,1861,0.2801,247.0,1088.1,308.4,1134.7,3072,2048,0,1024
20170708_Whittier_syp-n-mobo-m,1861,0.1448,2266.5,1286.1,2330.4,1337.4,3072,2048,1792,1024
20170708_Whittier_syp-n-mobo-m,1861,0.1184,1845.1,1098.7,1877.6,1121.7,3072,2048,1792,1024
20170708_Whittier_syp-n-mobo-m,1861,0.1348,2266.5,1286.0,2330.3,1337.4,3072,2048,2048,1024
20170708_Whittier_syp-n-mobo-m,1921,0.3369,247.0,1088.4,306.0,1134.6,3072,2048,0,896
20170708_Whittier_syp-n-mobo-m,1921,0.1864,2266.7,1285.9,2329.8,1336.9,3072,2048,1792,896
20170708_Whittier_syp-n-mobo-m,1921,0.1625,2266.7,1285.9,2329.8,1336.9,3072,2048,2048,896
20170708_Whittier_syp-n-mobo-m,1921,0.4561,247.0,1088.4,306.1,1134.6,3072,2048,0,1024
20170708_Whittier_syp-n-mobo-m,1921,0.2036,2266.7,1285.9,2329.9,1336.9,3072,2048,1792,1024
20170708_Whittier_syp-n-mobo-m,1921,0.1701,2266.7,1285.9,2329.8,1336.9,3072,2048,2048,1024
20170708_Whittier_syp-n-mobo-m,1981,0.3498,247.1,1088.1,305.9,1134.8,3072,2048,0,896
20170708_Whittier_syp-n-mobo-m,1981,0.1691,2266.6,1285.6,2329.3,1337.0,3072,2048,1792,896
20170708_Whittier_syp-n-mobo-m,1981,0.1521,2266.7,1285.5,2329.3,1337.0,3072,2048,2048,896
20170708_Whittier_syp-n-mobo-m,1981,0.4550,247.1,1088.1,305.9,1134.9,3072,2048,0,1024
20170708_Whittier_syp-n-mobo-m,1981,0.1941,2266.6,1285.5,2329.3,1337.0,3072,2048,1792,1024
20170708_Whittier_syp-n-mobo-m,1981,0.1705,2266.7,1285.5,2329.2,1337.0,3072,2048,2048,1024
20170708_Whittier_syp-n-mobo-m,2041,0.1853,247.0,1088.4,306.0,1134.8,3072,2048,0,896
20170708_Whittier_syp-n-mobo-m,2041,0.3152,2266.6,1284.0,2335.1,1336.9,3072,2048,1792,896
20170708_Whittier_syp-n-mobo-m,2041,0.2032,2266.6,1284.0,2335.0,1336.8,3072,2048,2048,896
20170708_Whittier_syp-n-mobo-m,2041,0.2993,247.0,1088.4,306.1,1134.9,3072,2048,0,1024
20170708_Whittier_syp-n-mobo-m,2041,0.3275,2266.6,1284.0,2335.0,1336.8,3072,2048,1792,1024
20170708_Whittier_syp-n-mobo-m,2041,0.2203,2266.6,1284.0,2335.0,1336.8,3072,2048,2048,1024
20170708_Whittier_syp-n-mobo-m,2101,0.1554,246.8,1087.9,305.7,1134.5,3072,2048,0,896
20170708_Whittier_syp-n-mobo-m,2101,0.2004,2266.8,1285.7,2328.0,1336.9,3072,2048,1792,896
20170708_Whittier_syp-n-mobo-m,2101,0.1448,2266.8,1285.7,2327.9,1336.9,3072,2048,2048,896
20170708_Whittier_syp-n-mobo-m,2101,0.3025,246.8,1087.9,305.8,1134.6,3072,2048,0,1024
20170708_Whittier_syp-n-mobo-m,2101,0.2238,2266.5,1285.7,2330.0,1337.0,3072,2048,1792,1024
20170708_Whittier_syp-n-mobo-m,2101,0.1602,2266.8,1285.7,2327.9,1336.9,3072,2048,2048,1024
20170708_Whittier_syp-n-mobo-m,2161,0.2213,246.8,1088.1,305.5,1134.8,3072,2048,0,896
20170708_Whittier_syp-n-mobo-m,2161,0.3464,2266.8,1284.3,2334.4,1337.3,3072,2048,1792,896
20170708_Whittier_syp-n-mobo-m,2161,0.2489,2267.2,1286.0,2328.2,1337.2,3072,2048,2048,896
20170708_Whittier_syp-n-mobo-m,2161,0.3555,246.9,1088.1,305.6,1134.9,3072,2048,0,1024
20170708_Whittier_syp-n-mobo-m,2161,0.3644,2266.8,1284.4,2334.4,1337.3,3072,2048,1792,1024
20170708_Whittier_syp-n-mobo-m,2161,0.2860,2266.8,1284.3,2334.3,1337.3,3072,2048,2048,1024
20170708_Whittier_syp-n-mobo-m,2221,0.1589,247.1,1089.2,303.6,1134.5,3072,2048,0,896
20170708_Whittier_syp-n-mobo-m,2221,0.2162,2266.9,1285.8,2330.9,1337.4,3072,2048,1792,896
20170708_Whittier_syp-n-mobo-m,2221,0.1514,2267.0,1285.8,2330.8,1337.4,3072,2048,2048,896
20170708_Whittier_syp-n-mobo-m,2221,0.2457,247.1,1089.1,303.7,1134.5,3072,2048,0,1024
20170708_Whittier_syp-n-mobo-m,2221,0.2220,2267.0,1285.8,2330.9,1337.4,3072,2048,1792,1024
20170708_Whittier_syp-n-mobo-m,2221,0.1765,2267.0,1285.8,2330.8,1337.4,3072,2048,2048,1024
20170708_Whittier_syp-n-mobo-m,2281,0.3044,247.2,1088.1,305.4,1134.6,3072,2048,0,896
20170708_Whittier_syp-n-mobo-m,2281,0.2921,2266.6,1284.0,2335.3,1337.2,3072,2048,1792,896
20170708_Whittier_syp-n-mobo-m,2281,0.1917,2266.8,1285.6,2330.6,1337.1,3072,2048,2048,896
20170708_Whittier_syp-n-mobo-m,2281,0.4343,247.2,1088.1,305.5,1134.6,3072,2048,0,1024
20170708_Whittier_syp-n-mobo-m,2281,0.3087,2266.6,1284.0,2335.2,1337.2,3072,2048,1792,1024
20170708_Whittier_syp-n-mobo-m,2281,0.2072,2266.8,1285.6,2330.5,1337.1,3072,2048,2048,1024
20170708_Whittier_syp-n-mobo-m,2341,0.2689,2266.7,1285.6,2330.4,1336.9,3072,2048,1792,896
20170708_Whittier_syp-n-mobo-m,2341,0.2198,2266.7,1285.6,2330.3,1337.0,3072,2048,2048,896
20170708_Whittier_syp-n-mobo-m,2341,0.1574,246.8,1089.2,304.8,1134.7,3072,2048,0,1024
20170708_Whittier_syp-n-mobo-m,2341,0.2698,2266.7,1285.7,2330.3,1336.9,3072,2048,1792,1024
20170708_Whittier_syp-n-mobo-m,2341,0.2298,2266.8,1285.6,2330.2,1336.9,3072,2048,2048,1024
20170711_FIRE_bl-e-mobo-c,360,0.1292,1830.7,738.4,1865.4,757.5,2048,1536,896,512
20170711_FIRE_bl-e-mobo-c,360,0.1635,1830.8,738.4,1865.4,757.5,2048,1536,1024,512
20170711_FIRE_bl-e-mobo-c,540,0.2332,1841.1,737.2,1870.4,757.2,2048,1536,896,0
20170711_FIRE_bl-e-mobo-c,540,0.2745,1842.1,737.3,1870.8,756.9,2048,1536,1024,0
20170711_FIRE_bl-e-mobo-c,540,0.3369,1842.3,737.4,1870.5,756.9,2048,1536,896,512
20170711_FIRE_bl-e-mobo-c,540,0.3796,1842.5,737.4,1870.5,756.8,2048,1536,1024,512
20170711_FIRE_bl-e-mobo-c,780,0.3313,1831.1,691.1,1877.0,756.8,2048,1536,896,0
20170711_FIRE_bl-e-mobo-c,780,0.4503,1833.3,690.8,1876.5,756.8,2048,1536,1024,0
20170711_FIRE_bl-e-mobo-c,780,0.4087,1830.6,691.3,1876.6,756.7,2048,1536,896,512
20170711_FIRE_bl-e-mobo-c,780,0.5592,1832.7,690.8,1876.2,756.7,2048,1536,1024,512
20170711_FIRE_bl-e-mobo-c,840,0.1043,1835.3,682.3,1878.5,756.7,2048,1536,896,0
20170711_FIRE_bl-e-mobo-c,840,0.2219,1836.2,682.2,1878.4,756.8,2048,1536,1024,0
20170711_FIRE_bl-e-mobo-c,840,0.1423,1835.2,682.2,1877.9,756.6,2048,1536,896,512
20170711_FIRE_bl-e-mobo-c,840,0.3689,1837.3,682.9,1877.7,756.8,2048,1536,1024,512
20170711_FIRE_bl-e-mobo-c,1020,0.1693,1822.1,686.3,1877.1,757.5,2048,1536,896,0
20170711_FIRE_bl-e-mobo-c,1020,0.2177,1822.7,686.5,1877.2,757.4,2048,1536,1024,0
20170711_FIRE_bl-e-mobo-c,1020,0.2920,1821.3,686.1,1876.9,757.3,2048,1536,896,512
20170711_FIRE_bl-e-mobo-c,1020,0.3878,1821.9,686.3,1877.1,757.2,2048,1536,1024,512
20170711_FIRE_bl-e-mobo-c,1260,0.1754,1843.2,721.5,1877.8,755.8,2048,1536,896,0
20170711_FIRE_bl-e-mobo-c,1260,0.1423,1809.2,690.2,1878.7,756.5,2048,1536,896,0
20170711_FIRE_bl-e-mobo-c,1260,0.1930,1843.2,721.6,1877.7,755.7,2048,1536,1024,0
20170711_FIRE_bl-e-mobo-c,1260,0.1341,1809.1,689.3,1878.7,756.4,2048,1536,1024,0
20170711_FIRE_bl-e-mobo-c,1260,0.2051,1843.4,721.6,1877.7,755.7,2048,1536,896,512
20170711_FIRE_bl-e-mobo-c,1260,0.1903,1808.1,689.4,1878.6,756.5,2048,1536,896,512
20170711_FIRE_bl-e-mobo-c,1260,0.2439,1843.3,721.7,1877.7,755.6,2048,1536,1024,512
20170711_FIRE_bl-e-mobo-c,1260,0.1846,1808.1,688.3,1878.6,756.4,2048,1536,1024,512
20170711_FIRE_bl-e-mobo-c,1320,0.1058,1836.1,712.0,1878.1,755.3,2048,1536,1024,0
20170711_FIRE_bl-e-mobo-c,1320,0.1672,1836.2,712.0,1878.0,755.4,2048,1536,1024,512
20170711_FIRE_bl-e-mobo-c,1380,0.1041,1837.2,710.4,1877.5,756.3,2048,1536,1024,512
20170711_FIRE_bl-e-mobo-c,1440,0.1130,1839.4,705.0,1878.3,756.2,2048,1536,1024,512
20170711_FIRE_bl-e-mobo-c,1620,0.1382,1798.0,688.2,1877.9,757.0,2048,1536,1024,512
20170711_FIRE_bl-e-mobo-c,1620,0.1197,1845.4,718.0,1877.5,756.0,2048,1536,1024,512
20170711_FIRE_bl-e-mobo-c,1860,0.1736,1840.0,723.9,1878.5,757.7,2048,1536,896,0
20170711_FIRE_bl-e-mobo-c,1860,0.2436,1840.0,723.9,1878.5,757.6,2048,1536,1024,0
20170711_FIRE_bl-e-mobo-c,1860,0.2092,1840.5,723.4,1878.4,757.3,2048,1536,896,512
20170711_FIRE_bl-e-mobo-c,1860,0.3315,1840.6,723.4,1878.4,757.2,2048,1536,1024,512
20170711_FIRE_bl-e-mobo-c,1920,0.1205,1834.7,717.1,1878.2,756.8,2048,1536,896,0
20170711_FIRE_bl-e-mobo-c,1920,0.2509,1834.7,715.5,1879.0,756.6,2048,1536,1024,0
20170711_FIRE_bl-e-mobo-c,1920,0.1594,1835.2,716.7,1878.3,756.6,2048,1536,896,512
20170711_FIRE_bl-e-mobo-c,1920,0.2965,1835.2,712.6,1879.6,756.3,2048,1536,1024,512
20170711_FIRE_bl-e-mobo-c,1920,0.1840,1834.2,700.3,1888.6,756.4,2048,1536,1024,512
20170711_FIRE_bl-e-mobo-c,1980,0.1342,1834.4,704.6,1880.6,757.7,2048,1536,1024,0
20170711_FIRE_bl-e-mobo-c,1980,0.1048,1836.4,716.7,1878.8,757.0,2048,1536,896,512
20170711_FIRE_bl-e-mobo-c,1980,0.1726,1834.7,701.8,1881.2,757.4,2048,1536,1024,512
20170711_FIRE_bl-e-mobo-c,1980,0.1631,1836.5,715.2,1878.9,756.8,2048,1536,1024,512
20170711_FIRE_bl-e-mobo-c,1980,0.1282,1833.3,695.4,1899.8,757.4,2048,1536,1024,512
20170711_FIRE_bl-e-mobo-c,1980,0.1280,1844.0,696.3,1891.7,756.2,2048,1536,1024,512
20170711_FIRE_bl-e-mobo-c,2040,0.1263,1843.0,715.5,1878.4,757.0,2048,1536,1024,0
20170711_FIRE_bl-e-mobo-c,2040,0.2303,1843.4,715.7,1878.3,756.8,2048,1536,1024,512
20170711_FIRE_bl-e-mobo-c,2100,0.1517,1837.5,701.8,1880.5,756.2,2048,1536,1024,0
20170711_FIRE_bl-e-mobo-c,2100,0.1051,1839.9,701.5,1879.9,755.8,2048,1536,896,512
20170711_FIRE_bl-e-mobo-c,2100,0.2314,1837.3,699.5,1887.4,756.1,2048,1536,1024,512
20170711_FIRE_bl-e-mobo-c,2160,0.2383,1834.4,694.2,1878.6,756.2,2048,1536,1024,0
20170711_FIRE_bl-e-mobo-c,2160,0.1091,1832.2,686.6,1902.9,756.6,2048,1536,1024,0
20170711_FIRE_bl-e-mobo-c,2160,0.1464,1833.8,694.0,1878.4,756.3,2048,1536,896,512
20170711_FIRE_bl-e-mobo-c,2160,0.3550,1834.0,692.6,1878.7,756.0,2048,1536,1024,512
20170711_FIRE_bl-e-mobo-c,2160,0.1849,1832.2,687.3,1904.7,756.3,2048,1536,1024,512
20170711_FIRE_bl-e-mobo-c,2340,0.1465,1824.7,673.4,1877.9,756.3,2048,1536,1024,0
20170711_FIRE_bl-e-mobo-c,2340,0.2134,1824.4,672.5,1877.9,756.2,2048,1536,1024,512
20170711_FIRE_bl-s-mobo-c,480,0.1808,104.8,648.6,138.8,672.7,2048,1536,0,0
20170711_FIRE_bl-s-mobo-c,480,0.2464,107.1,648.9,136.4,672.2,2048,1536,0,512
20170711_FIRE_bl-s-mobo-c,720,0.4266,104.2,604.5,141.9,670.9,2048,1536,0,0
20170711_FIRE_bl-s-mobo-c,720,0.5507,103.2,604.3,141.2,671.0,2048,1536,0,512
20170711_FIRE_bl-s-mobo-c,780,0.1840,104.8,594.5,141.0,671.4,2048,1536,0,512
20170711_FIRE_bl-s-mobo-c,840,0.1877,103.2,594.9,141.3,671.2,2048,1536,0,512
20170711_FIRE_bl-s-mobo-c,900,0.1999,92.3,599.5,141.8,671.5,2048,1536,0,512
20170711_FIRE_bl-s-mobo-c,960,0.2088,88.6,594.9,142.0,671.4,2048,1536,0,512
20170711_FIRE_bl-s-mobo-c,1200,0.1746,108.0,634.4,143.2,670.1,2048,1536,0,0
20170711_FIRE_bl-s-mobo-c,1200,0.1520,75.1,593.6,145.4,671.6,2048,1536,0,0
20170711_FIRE_bl-s-mobo-c,1200,0.2296,74.5,594.9,145.3,671.5,2048,1536,0,512
20170711_FIRE_bl-s-mobo-c,1200,0.2060,108.2,634.5,143.2,670.0,2048,1536,0,512
20170711_FIRE_bl-s-mobo-c,1260,0.1789,70.0,603.6,145.2,671.9,2048,1536,0,512
20170711_FIRE_bl-s-mobo-c,1260,0.1247,102.0,626.2,143.4,670.3,2048,1536,0,512
20170711_FIRE_bl-s-mobo-c,1320,0.1290,67.3,595.5,145.5,670.9,2048,1536,0,512
20170711_FIRE_bl-s-mobo-c,1500,0.1109,105.0,631.5,143.7,670.4,2048,1536,0,512
20170711_FIRE_bl-s-mobo-c,1560,0.1405,109.5,631.9,144.0,670.8,2048,1536,0,512
20170711_FIRE_bl-s-mobo-c,1740,0.1585,101.4,642.1,144.5,672.3,2048,1536,0,0
20170711_FIRE_bl-s-mobo-c,1740,0.2497,102.0,642.2,144.3,672.2,2048,1536,0,512
20170711_FIRE_bl-s-mobo-c,1800,0.2230,104.5,637.6,144.3,671.7,2048,1536,0,0
20170711_FIRE_bl-s-mobo-c,1800,0.3673,104.9,637.5,144.2,671.5,2048,1536,0,512
20170711_FIRE_bl-s-mobo-c,1860,0.1589,97.9,630.9,144.5,672.6,2048,1536,0,512
20170711_FIRE_bl-s-mobo-c,1920,0.2287,96.7,635.9,146.6,672.3,2048,1536,0,0
20170711_FIRE_bl-s-mobo-c,1920,0.1815,96.6,621.2,150.4,672.2,2048,1536,0,0
20170711_FIRE_bl-s-mobo-c,1920,0.2772,97.1,634.4,146.3,672.1,2048,1536,0,512
20170711_FIRE_bl-s-mobo-c,1920,0.2095,96.9,618.4,150.3,672.1,2048,1536,0,512
20170711_FIRE_bl-s-mobo-c,1920,0.1312,95.2,605.6,165.2,672.6,2048,1536,0,512
20170711_FIRE_bl-s-mobo-c,1980,0.1729,102.2,623.0,148.5,671.5,2048,1536,0,0
20170711_FIRE_bl-s-mobo-c,1980,0.1590,110.9,629.3,144.3,671.3,2048,1536,0,0
20170711_FIRE_bl-s-mobo-c,1980,0.1017,101.5,610.1,156.5,671.2,2048,1536,0,0
20170711_FIRE_bl-s-mobo-c,1980,0.2714,111.3,629.5,144.1,671.0,2048,1536,0,512
20170711_FIRE_bl-s-mobo-c,1980,0.2302,102.9,623.8,147.6,671.3,2048,1536,0,512
20170711_FIRE_bl-s-mobo-c,1980,0.1234,102.5,609.5,155.9,671.1,2048,1536,0,512
20170711_FIRE_bl-s-mobo-c,2220,0.4055,105.0,632.1,143.1,670.6,2048,1536,0,0
20170711_FIRE_bl-s-mobo-c,2220,0.4963,105.4,632.2,143.0,670.6,2048,1536,0,512
20170711_FIRE_bl-s-mobo-c,2280,0.1737,94.0,608.6,143.2,671.1,2048,1536,0,0
20170711_FIRE_bl-s-mobo-c,2280,0.2579,94.4,611.6,143.1,671.1,2048,1536,0,512
20170711_FIRE_bl-s-mobo-c,2340,0.1806,92.0,611.4,143.7,671.4,2048,1536,0,0
20170711_FIRE_bl-s-mobo-c,2340,0.2774,92.6,611.5,143.5,671.3,2048,1536,0,512
20170711_FIRE_bl-s-mobo-c,2400,0.1123,109.4,635.2,142.5,670.8,2048,1536,0,0
20170711_FIRE_bl-s-mobo-c,2400,0.1044,85.0,614.2,143.4,671.7,2048,1536,0,0
20170711_FIRE_bl-s-mobo-c,2400,0.1499,109.5,635.3,142.4,670.7,2048,1536,0,512
20170711_FIRE_bl-s-mobo-c,2400,0.1232,84.3,614.6,143.4,671.6,2048,1536,0,512
20170711_FIRE_bm-s-mobo-c,-2340,0.1340,592.0,938.4,701.0,1008.3,2048,1536,0,0
20170711_FIRE_bm-s-mobo-c,-2280,0.1565,595.1,936.8,701.2,1007.4,2048,1536,0,0
20170711_FIRE_bm-s-mobo-c,-2160,0.3119,593.1,935.6,701.9,1005.9,2048,1536,0,0
20170711_FIRE_bm-s-mobo-c,-2160,0.1765,601.4,935.6,702.5,1004.5,2048,1536,0,512
20170711_FIRE_bm-s-mobo-c,-2040,0.2678,593.2,939.0,699.9,1008.0,2048,1536,0,0
20170711_FIRE_bm-s-mobo-c,-2040,0.1426,595.0,939.4,699.5,1007.1,2048,1536,0,512
20170711_FIRE_bm-s-mobo-c,-1920,0.1110,597.3,940.1,698.5,1006.9,2048,1536,0,0
20170711_FIRE_bm-s-mobo-c,-1800,0.1178,589.9,938.2,697.5,1006.4,2048,1536,0,0
20170711_FIRE_bm-s-mobo-c,-1740,0.1323,591.1,937.6,700.8,1007.3,2048,1536,0,0
20170711_FIRE_bm-s-mobo-c,-1680,0.1146,592.5,936.1,699.7,1008.0,2048,1536,0,0
20170711_FIRE_bm-s-mobo-c,-1500,0.3275,591.1,935.9,699.1,1008.0,2048,1536,0,0
20170711_FIRE_bm-s-mobo-c,-1440,0.1740,590.7,939.6,698.7,1006.5,2048,1536,0,0
20170711_FIRE_bm-s-mobo-c,-1320,0.1803,595.1,938.9,697.1,1007.2,2048,1536,0,0
20170711_FIRE_bm-s-mobo-c,-1260,0.1066,590.2,939.9,696.5,1008.4,2048,1536,0,0
20170711_FIRE_bm-s-mobo-c,-1260,0.1064,463.7,1422.7,509.8,1458.5,2048,1536,0,512
20170711_FIRE_bm-s-mobo-c,-1200,0.1547,591.1,938.9,699.0,1007.2,2048,1536,0,0
20170711_FIRE_bm-s-mobo-c,-1140,0.1173,590.6,937.3,699.9,1008.9,2048,1536,0,0
20170711_FIRE_bm-s-mobo-c,-1140,0.1017,463.0,1422.5,513.1,1458.6,2048,1536,0,512
20170711_FIRE_bm-s-mobo-c,-1080,0.1546,592.1,940.6,693.3,1006.6,2048,1536,0,0
20170711_FIRE_bm-s-mobo-c,-1020,0.1100,462.3,1422.2,514.4,1458.5,2048,1536,0,512
20170711_FIRE_bm-s-mobo-c,-960,0.1373,590.5,938.7,698.2,1009.4,2048,1536,0,0
20170711_FIRE_bm-s-mobo-c,-960,0.1294,462.4,1422.7,517.2,1458.4,2048,1536,0,512
20170711_FIRE_bm-s-mobo-c,-900,0.2789,591.9,937.7,699.7,1008.4,2048,1536,0,0
20170711_FIRE_bm-s-mobo-c,-900,0.1213,461.7,1422.1,516.0,1458.7,2048,1536,0,512
20170711_FIRE_bm-s-mobo-c,-780,0.1053,590.2,941.5,694.1,1008.6,2048,1536,0,0
20170711_FIRE_bm-s-mobo-c,-780,0.1019,462.4,1423.3,515.3,1458.7,2048,1536,0,512
20170711_FIRE_bm-s-mobo-c,-720,0.1127,592.7,937.3,699.2,1005.5,2048,1536,0,0
20170711_FIRE_bm-s-mobo-c,-600,0.2751,590.3,939.2,698.7,1006.6,2048,1536,0,0
20170711_FIRE_bm-s-mobo-c,-540,0.1276,589.9,942.3,690.1,1006.3,2048,1536,0,0
20170711_FIRE_bm-s-mobo-c,-540,0.1007,462.3,1422.9,515.7,1458.3,2048,1536,0,512
20170711_FIRE_bm-s-mobo-c,-480,0.1365,589.6,941.5,694.6,1007.0,2048,1536,0,0
20170711_FIRE_bm-s-mobo-c,-420,0.1221,588.7,940.6,694.0,1008.7,2048,1536,0,0
20170711_FIRE_bm-s-mobo-c,-420,0.1116,462.1,1423.4,517.5,1458.1,2048,1536,0,512
20170711_FIRE_bm-s-mobo-c,-360,0.1764,356.2,810.6,502.9,849.9,2048,1536,0,0
20170711_FIRE_bm-s-mobo-c,-360,0.1517,590.0,939.2,696.8,1008.2,2048,1536,0,0
20170711_FIRE_bm-s-mobo-c,-360,0.1302,356.8,810.6,502.6,849.9,2048,1536,0,512
20170711_FIRE_bm-s-mobo-c,-300,0.1202,356.7,809.5,501.9,849.9,2048,1536,0,0
20170711_FIRE_bm-s-mobo-c,-240,0.1477,589.7,942.0,696.7,1007.9,2048,1536,0,0
20170711_FIRE_bm-s-mobo-c,-240,0.1153,357.1,809.3,501.8,850.1,2048,1536,0,0
20170711_FIRE_bm-s-mobo-c,-240,0.1544,460.7,1423.9,515.5,1458.4,2048,1536,0,512
20170711_FIRE_bm-s-mobo-c,-180,0.1214,589.0,941.6,697.0,1008.7,2048,1536,0,0
20170711_FIRE_bm-s-mobo-c,-180,0.1398,459.6,1422.9,517.9,1458.2,2048,1536,0,512
20170711_FIRE_bm-s-mobo-c,-120,0.1521,355.6,807.7,501.7,849.7,2048,1536,0,0
20170711_FIRE_bm-s-mobo-c,-120,0.1175,460.3,1423.1,515.0,1457.9,2048,1536,0,512
20170711_FIRE_bm-s-mobo-c,-120,0.1016,356.3,807.6,501.5,849.5,2048,1536,0,512
20170711_FIRE_bm-s-mobo-c,-60,0.2729,590.5,941.6,696.8,1007.3,2048,1536,0,0
20170711_FIRE_bm-s-mobo-c,-60,0.1226,355.7,807.7,504.3,849.8,2048,1536,0,0
20170711_FIRE_bm-s-mobo-c,-60,0.1620,461.1,1423.6,516.5,1458.2,2048,1536,0,512
20170711_FIRE_bm-s-mobo-c,0,0.2609,591.6,937.9,699.2,1008.7,2048,1536,0,0
20170711_FIRE_bm-s-mobo-c,0,0.1144,354.6,807.6,503.4,849.8,2048,1536,0,0
20170711_FIRE_bm-s-mobo-c,0,0.1802,461.1,1424.3,518.9,1458.5,2048,1536,0,512
20170711_FIRE_bm-s-mobo-c,60,0.2084,589.5,940.7,693.0,1010.5,2048,1536,0,0
20170711_FIRE_bm-s-mobo-c,60,0.1741,460.5,1423.1,518.4,1458.0,2048,1536,0,512
20170711_FIRE_bm-s-mobo-c,120,0.1667,588.7,941.8,693.9,1007.7,2048,1536,0,0
20170711_FIRE_bm-s-mobo-c,120,0.1751,462.0,1423.9,518.2,1458.0,2048,1536,0,512
20170711_FIRE_bm-s-mobo-c,180,0.1923,589.6,941.9,693.5,1008.1,2048,1536,0,0
20170711_FIRE_bm-s-mobo-c,180,0.1647,462.4,1424.7,517.0,1458.1,2048,1536,0,512
20170711_FIRE_bm-s-mobo-c,240,0.1823,589.2,941.4,694.1,1006.6,2048,1536,0,0
20170711_FIRE_bm-s-mobo-c,240,0.1322,462.0,1424.0,517.6,1458.2,2048,1536,0,512
20170711_FIRE_bm-s-mobo-c,300,0.1781,589.8,939.0,691.4,1008.4,2048,1536,0,0
20170711_FIRE_bm-s-mobo-c,300,0.1287,350.3,805.2,502.6,849.9,2048,1536,0,0
20170711_FIRE_bm-s-mobo-c,300,0.1418,462.2,1424.5,516.7,1457.8,2048,1536,0,512
20170711_FIRE_bm-s-mobo-c,360,0.2529,351.0,805.9,502.6,849.3,2048,1536,0,0
20170711_FIRE_bm-s-mobo-c,360,0.1610,589.2,944.1,683.7,1006.9,2048,1536,0,0
20170711_FIRE_bm-s-mobo-c,360,0.2480,463.7,1425.0,516.9,1457.9,2048,1536,0,512
20170711_FIRE_bm-s-mobo-c,360,0.1648,351.4,805.0,502.5,850.0,2048,1536,0,512
20170711_FIRE_bm-s-mobo-c,420,0.3162,353.3,804.9,502.9,849.2,2048,1536,0,0
20170711_FIRE_bm-s-mobo-c,420,0.1848,589.7,941.6,694.9,1009.2,2048,1536,0,0
20170711_FIRE_bm-s-mobo-c,420,0.2268,355.9,804.8,502.6,849.1,2048,1536,0,512
20170711_FIRE_bm-s-mobo-c,420,0.2251,462.2,1424.5,517.5,1457.9,2048,1536,0,512
20170711_FIRE_bm-s-mobo-c,420,0.1014,591.1,942.0,693.4,1009.0,2048,1536,0,512
20170711_FIRE_bm-s-mobo-c,480,0.3229,355.1,805.7,503.4,849.2,2048,1536,0,0
20170711_FIRE_bm-s-mobo-c,480,0.1497,589.1,941.0,681.4,1004.7,2048,1536,0,0
20170711_FIRE_bm-s-mobo-c,480,0.2186,460.8,1423.5,518.6,1458.1,2048,1536,0,512
20170711_FIRE_bm-s-mobo-c,480,0.2143,357.4,805.6,503.2,849.2,2048,1536,0,512
20170711_FIRE_bm-s-mobo-c,540,0.3694,362.7,806.0,503.6,848.6,2048,1536,0,0
20170711_FIRE_bm-s-mobo-c,540,0.2916,363.2,805.9,503.4,848.5,2048,1536,0,512
20170711_FIRE_bm-s-mobo-c,540,0.2389,461.4,1423.9,517.8,1458.1,2048,1536,0,512
20170711_FIRE_bm-s-mobo-c,600,0.2662,370.6,802.7,505.3,848.2,2048,1536,0,0
20170711_FIRE_bm-s-mobo-c,600,0.1837,588.8,942.2,693.0,1007.9,2048,1536,0,0
20170711_FIRE_bm-s-mobo-c,600,0.2368,463.3,1424.5,519.2,1458.1,2048,1536,0,512
20170711_FIRE_bm-s-mobo-c,600,0.1906,369.9,802.7,504.5,847.4,2048,1536,0,512
20170711_FIRE_bm-s-mobo-c,660,0.5545,373.2,804.7,502.8,848.5,2048,1536,0,0
20170711_FIRE_bm-s-mobo-c,660,0.1594,592.8,938.9,694.4,1009.2,2048,1536,0,0
20170711_FIRE_bm-s-mobo-c,660,0.4695,372.5,805.0,502.3,848.0,2048,1536,0,512
20170711_FIRE_bm-s-mobo-c,660,0.1628,462.1,1423.9,518.1,1458.1,2048,1536,0,512
20170711_FIRE_bm-s-mobo-c,720,0.4090,376.1,803.3,503.2,848.8,2048,1536,0,0
20170711_FIRE_bm-s-mobo-c,720,0.1336,586.4,941.7,692.6,1008.2,2048,1536,0,0
20170711_FIRE_bm-s-mobo-c,720,0.2441,376.4,803.8,503.0,848.1,2048,1536,0,512
20170711_FIRE_bm-s-mobo-c,720,0.1652,464.1,1425.1,518.1,1457.7,2048,1536,0,512
20170711_FIRE_bm-s-mobo-c,780,0.3688,379.4,803.2,505.3,847.7,2048,1536,0,0
20170711_FIRE_bm-s-mobo-c,780,0.2085,588.2,939.2,691.3,1007.4,2048,1536,0,0
20170711_FIRE_bm-s-mobo-c,780,0.1678,1410.2,715.3,1487.8,768.2,2048,1536,896,0
20170711_FIRE_bm-s-mobo-c,780,0.2093,1409.9,715.1,1487.8,768.2,2048,1536,1024,0
20170711_FIRE_bm-s-mobo-c,780,0.2661,380.3,802.6,504.0,846.6,2048,1536,0,512
20170711_FIRE_bm-s-mobo-c,780,0.1593,464.5,1424.8,518.9,1458.1,2048,1536,0,512
20170711_FIRE_bm-s-mobo-c,780,0.1905,1406.9,714.4,1487.2,768.4,2048,1536,896,512
20170711_FIRE_bm-s-mobo-c,780,0.2152,1406.8,714.3,1487.2,768.4,2048,1536,1024,512
20170711_FIRE_bm-s-mobo-c,840,0.1686,378.3,804.1,507.6,848.5,2048,1536,0,0
20170711_FIRE_bm-s-mobo-c,840,0.1532,1419.7,719.2,1487.7,767.9,2048,1536,896,0
20170711_FIRE_bm-s-mobo-c,840,0.1256,1428.5,728.9,1488.7,768.0,2048,1536,896,0
20170711_FIRE_bm-s-mobo-c,840,0.1938,1419.4,718.9,1487.7,767.9,2048,1536,1024,0
20170711_FIRE_bm-s-mobo-c,840,0.1536,1428.3,728.5,1488.7,768.0,2048,1536,1024,0
20170711_FIRE_bm-s-mobo-c,840,0.1741,464.3,1424.8,519.2,1458.5,2048,1536,0,512
20170711_FIRE_bm-s-mobo-c,840,0.1842,1427.4,728.0,1486.7,768.0,2048,1536,896,512
20170711_FIRE_bm-s-mobo-c,840,0.1620,1418.7,718.8,1487.4,767.8,2048,1536,896,512
20170711_FIRE_bm-s-mobo-c,840,0.2095,1427.3,727.7,1486.6,768.0,2048,1536,1024,512
20170711_FIRE_bm-s-mobo-c,840,0.1939,1418.5,718.6,1487.4,767.8,2048,1536,1024,512
20170711_FIRE_bm-s-mobo-c,900,0.1990,376.6,801.8,508.5,847.7,2048,1536,0,0
20170711_FIRE_bm-s-mobo-c,900,0.1373,586.9,940.6,683.2,1007.6,2048,1536,0,0
20170711_FIRE_bm-s-mobo-c,900,0.1868,464.5,1424.9,521.1,1457.7,2048,1536,0,512
20170711_FIRE_bm-s-mobo-c,900,0.1278,377.4,801.7,508.1,847.5,2048,1536,0,512
20170711_FIRE_bm-s-mobo-c,960,0.3569,378.3,801.5,505.9,848.7,2048,1536,0,0
20170711_FIRE_bm-s-mobo-c,960,0.1552,587.2,939.5,691.5,1010.4,2048,1536,0,0
20170711_FIRE_bm-s-mobo-c,960,0.2478,378.7,801.3,505.5,848.5,2048,1536,0,512
20170711_FIRE_bm-s-mobo-c,960,0.1477,461.2,1423.1,520.9,1457.7,2048,1536,0,512
20170711_FIRE_bm-s-mobo-c,1020,0.2778,379.3,802.4,506.9,848.0,2048,1536,0,0
20170711_FIRE_bm-s-mobo-c,1020,0.1122,585.8,942.4,688.5,1009.1,2048,1536,0,0
20170711_FIRE_bm-s-mobo-c,1020,0.2036,379.1,801.6,507.7,848.1,2048,1536,0,512
20170711_FIRE_bm-s-mobo-c,1020,0.1236,461.6,1423.8,520.6,1457.8,2048,1536,0,512
20170711_FIRE_bm-s-mobo-c,1080,0.2534,380.7,801.2,506.4,848.0,2048,1536,0,0
20170711_FIRE_bm-s-mobo-c,1080,0.2062,586.9,940.5,689.1,1008.4,2048,1536,0,0
20170711_FIRE_bm-s-mobo-c,1080,0.1638,381.1,801.1,505.9,847.6,2048,1536,0,512
20170711_FIRE_bm-s-mobo-c,1080,0.1347,461.9,1423.7,519.8,1457.8,2048,1536,0,512
20170711_FIRE_bm-s-mobo-c,1140,0.2716,380.0,800.5,504.4,848.0,2048,1536,0,0
20170711_FIRE_bm-s-mobo-c,1140,0.2465,464.1,1424.7,519.9,1458.0,2048,1536,0,512
20170711_FIRE_bm-s-mobo-c,1140,0.1553,380.5,800.0,504.8,847.8,2048,1536,0,512
20170711_FIRE_bm-s-mobo-c,1200,0.2410,381.3,800.4,506.5,847.8,2048,1536,0,0
20170711_FIRE_bm-s-mobo-c,1200,0.1369,586.7,943.3,679.3,1011.5,2048,1536,0,0
20170711_FIRE_bm-s-mobo-c,1200,0.1741,463.5,1424.3,519.2,1457.8,2048,1536,0,512
20170711_FIRE_bm-s-mobo-c,1200,0.1638,381.8,800.3,506.1,847.6,2048,1536,0,512
20170711_FIRE_bm-s-mobo-c,1260,0.1297,588.2,941.2,690.0,1010.6,2048,1536,0,0
20170711_FIRE_bm-s-mobo-c,1260,0.2149,463.8,1424.7,518.9,1458.6,2048,1536,0,512
20170711_FIRE_bm-s-mobo-c,1320,0.1221,589.1,940.7,688.0,1009.5,2048,1536,0,0
20170711_FIRE_bm-s-mobo-c,1320,0.2183,463.5,1424.7,519.1,1457.9,2048,1536,0,512
20170711_FIRE_bm-s-mobo-c,1380,0.1172,381.6,800.6,508.6,848.8,2048,1536,0,0
20170711_FIRE_bm-s-mobo-c,1380,0.1077,591.0,940.8,689.3,1008.1,2048,1536,0,0
20170711_FIRE_bm-s-mobo-c,1380,0.1807,464.4,1425.0,519.7,1458.0,2048,1536,0,512
20170711_FIRE_sm-n-mobo-c,300,0.1550,1331.2,801.1,1379.4,834.7,2048,1536,1024,0
20170711_FIRE_sm-n-mobo-c,300,0.1708,1333.5,801.1,1380.0,834.3,2048,1536,896,512
20170711_FIRE_sm-n-mobo-c,300,0.2399,1333.6,801.1,1379.7,834.3,2048,1536,1024,512
20170711_FIRE_sm-n-mobo-c,360,0.2166,1321.2,779.6,1407.5,834.9,2048,1536,896,0
20170711_FIRE_sm-n-mobo-c,360,0.1302,1322.0,784.0,1382.9,834.5,2048,1536,896,0
20170711_FIRE_sm-n-mobo-c,360,0.2340,1321.3,779.4,1408.0,834.9,2048,1536,1024,0
20170711_FIRE_sm-n-mobo-c,360,0.1636,1321.9,784.5,1387.9,835.1,2048,1536,1024,0
20170711_FIRE_sm-n-mobo-c,360,0.2104,1321.4,778.8,1411.5,834.9,2048,1536,896,512
20170711_FIRE_sm-n-mobo-c,360,0.1933,1319.5,782.9,1384.9,834.8,2048,1536,896,512
20170711_FIRE_sm-n-mobo-c,360,0.1416,1321.3,785.0,1369.0,834.6,2048,1536,896,512
20170711_FIRE_sm-n-mobo-c,360,0.2154,1319.9,783.0,1382.7,834.7,2048,1536,1024,512
20170711_FIRE_sm-n-mobo-c,360,0.2142,1321.6,778.4,1412.9,834.8,2048,1536,1024,512
20170711_FIRE_sm-n-mobo-c,420,0.4604,1317.4,760.4,1384.6,834.3,2048,1536,896,0
20170711_FIRE_sm-n-mobo-c,420,0.5336,1317.3,760.3,1384.8,834.3,2048,1536,1024,0
20170711_FIRE_sm-n-mobo-c,420,0.5619,1317.4,760.5,1385.1,834.3,2048,1536,896,512
20170711_FIRE_sm-n-mobo-c,420,0.6049,1317.4,760.4,1385.3,834.3,2048,1536,1024,512
20170711_FIRE_sm-n-mobo-c,480,0.1454,1330.9,741.6,1390.3,828.4,2048,1536,1024,0
20170711_FIRE_sm-n-mobo-c,480,0.1216,1331.7,741.6,1394.2,828.4,2048,1536,896,512
20170711_FIRE_sm-n-mobo-c,480,0.1821,1330.9,741.8,1390.9,828.5,2048,1536,1024,512
20170711_FIRE_sm-n-mobo-c,540,0.3272,1330.2,735.4,1411.0,831.7,2048,1536,896,0
20170711_FIRE_sm-n-mobo-c,540,0.4548,1330.0,735.5,1411.2,831.7,2048,1536,1024,0
20170711_FIRE_sm-n-mobo-c,540,0.3800,1330.1,735.6,1411.4,832.2,2048,1536,896,512
20170711_FIRE_sm-n-mobo-c,540,0.4878,1329.7,735.6,1411.3,832.2,2048,1536,1024,512
20170711_FIRE_sm-n-mobo-c,600,0.2361,1334.0,737.8,1430.7,834.1,2048,1536,896,0
20170711_FIRE_sm-n-mobo-c,600,0.3290,1333.7,737.7,1430.7,834.2,2048,1536,1024,0
20170711_FIRE_sm-n-mobo-c,600,0.3009,1333.5,738.1,1430.0,834.6,2048,1536,896,512
20170711_FIRE_sm-n-mobo-c,600,0.3977,1331.7,738.1,1429.9,834.7,2048,1536,1024,512
20170711_FIRE_sm-n-mobo-c,660,0.1326,1322.5,742.6,1446.6,838.1,2048,1536,896,0
20170711_FIRE_sm-n-mobo-c,660,0.1663,1322.5,742.6,1446.7,838.1,2048,1536,1024,0
20170711_FIRE_sm-n-mobo-c,660,0.2156,1322.3,742.9,1446.6,838.4,2048,1536,896,512
20170711_FIRE_sm-n-mobo-c,660,0.2552,1322.1,742.8,1446.7,838.4,2048,1536,1024,512
20170711_FIRE_sm-n-mobo-c,1200,0.1172,1327.9,770.1,1410.3,832.7,2048,1536,1024,0
20170711_FIRE_sm-n-mobo-c,1200,0.1019,1328.4,743.9,1417.1,832.7,2048,1536,1024,0
20170711_FIRE_sm-n-mobo-c,1200,0.1488,1327.6,770.8,1411.6,832.6,2048,1536,896,512
20170711_FIRE_sm-n-mobo-c,1200,0.1811,1327.6,770.6,1411.3,832.6,2048,1536,1024,512
20170711_FIRE_sm-n-mobo-c,1200,0.1217,1327.9,742.4,1418.1,832.8,2048,1536,1024,512
20170711_FIRE_sm-n-mobo-c,1260,0.1021,1337.4,747.3,1424.0,833.7,2048,1536,1024,0
20170711_FIRE_sm-n-mobo-c,1260,0.1038,1337.6,800.2,1383.9,833.0,2048,1536,896,512
20170711_FIRE_sm-n-mobo-c,1260,0.1019,1337.3,785.5,1394.5,833.4,2048,1536,896,512
20170711_FIRE_sm-n-mobo-c,1260,0.1460,1337.6,800.2,1383.9,833.0,2048,1536,1024,512
20170711_FIRE_sm-n-mobo-c,1260,0.1204,1337.3,787.2,1393.1,833.3,2048,1536,1024,512
20170711_FIRE_sm-n-mobo-c,1260,0.1175,1337.2,747.3,1424.2,833.9,2048,1536,1024,512
20170711_FIRE_sm-n-mobo-c,1320,0.3214,1341.7,746.1,1431.4,833.1,2048,1536,896,0
20170711_FIRE_sm-n-mobo-c,1320,0.3578,1341.7,746.1,1430.9,833.1,2048,1536,1024,0
20170711_FIRE_sm-n-mobo-c,1320,0.4019,1341.5,746.1,1431.2,833.2,2048,1536,896,512
20170711_FIRE_sm-n-mobo-c,1320,0.4367,1341.5,745.9,1431.0,833.2,2048,1536,1024,512
20170711_FIRE_sm-n-mobo-c,1380,0.1387,1337.2,747.3,1416.0,834.0,2048,1536,1024,512
20170711_FIRE_sm-n-mobo-c,1440,0.2349,1334.0,807.7,1389.4,834.1,2048,1536,896,0
20170711_FIRE_sm-n-mobo-c,1440,0.2833,1334.0,807.7,1389.4,834.1,2048,1536,1024,0
20170711_FIRE_sm-n-mobo-c,1440,0.4056,1333.9,807.9,1389.1,833.8,2048,1536,896,512
20170711_FIRE_sm-n-mobo-c,1440,0.4505,1333.9,807.9,1389.1,833.8,2048,1536,1024,512
20170711_FIRE_sm-n-mobo-c,1500,0.3888,1342.0,802.9,1396.8,833.0,2048,1536,896,0
20170711_FIRE_sm-n-mobo-c,1500,0.4402,1342.0,802.9,1396.8,833.0,2048,1536,1024,0
20170711_FIRE_sm-n-mobo-c,1500,0.5506,1341.9,802.9,1396.6,833.0,2048,1536,896,512
20170711_FIRE_sm-n-mobo-c,1500,0.5887,1341.9,802.9,1396.6,832.9,2048,1536,1024,512
20170711_FIRE_sm-n-mobo-c,1560,0.1304,1341.2,801.1,1392.0,832.6,2048,1536,1024,512
20170711_FIRE_sm-n-mobo-c,1680,0.1541,1343.6,758.6,1422.3,833.5,2048,1536,896,512
20170711_FIRE_sm-n-mobo-c,1680,0.2237,1343.6,758.5,1422.9,833.5,2048,1536,1024,512
20170711_FIRE_sm-n-mobo-c,1740,0.1648,1340.3,757.4,1433.7,834.4,2048,1536,896,0
20170711_FIRE_sm-n-mobo-c,1740,0.2254,1340.2,757.4,1433.7,834.4,2048,1536,1024,0
20170711_FIRE_sm-n-mobo-c,1740,0.2965,1340.1,757.4,1433.8,834.4,2048,1536,896,512
20170711_FIRE_sm-n-mobo-c,1740,0.3879,1340.1,757.3,1433.8,834.4,2048,1536,1024,512
20170711_FIRE_sm-n-mobo-c,1800,0.2884,1337.5,750.3,1443.9,833.6,2048,1536,896,0
20170711_FIRE_sm-n-mobo-c,1800,0.3657,1337.5,750.6,1443.4,833.8,2048,1536,1024,0
20170711_FIRE_sm-n-mobo-c,1800,0.5178,1337.1,750.5,1443.3,833.7,2048,1536,896,512
20170711_FIRE_sm-n-mobo-c,1800,0.5792,1337.0,750.4,1443.3,833.7,2048,1536,1024,512
20170711_FIRE_sm-n-mobo-c,1860,0.2615,1328.0,741.8,1456.5,833.4,2048,1536,896,0
20170711_FIRE_sm-n-mobo-c,1860,0.3174,1328.0,741.8,1456.3,833.4,2048,1536,1024,0
20170711_FIRE_sm-n-mobo-c,1860,0.3760,1327.6,742.5,1456.2,833.3,2048,1536,896,512
20170711_FIRE_sm-n-mobo-c,1860,0.4614,1327.5,742.4,1456.0,833.3,2048,1536,1024,512
20170711_FIRE_sm-n-mobo-c,1920,0.3307,1340.4,728.5,1467.1,834.4,2048,1536,896,0
20170711_FIRE_sm-n-mobo-c,1920,0.2761,1341.5,789.0,1399.1,832.8,2048,1536,896,0
20170711_FIRE_sm-n-mobo-c,1920,0.3568,1340.4,728.5,1467.0,834.4,2048,1536,1024,0
20170711_FIRE_sm-n-mobo-c,1920,0.2880,1341.6,789.2,1399.1,832.8,2048,1536,1024,0
20170711_FIRE_sm-n-mobo-c,1920,0.3844,1340.4,728.6,1467.0,834.3,2048,1536,896,512
20170711_FIRE_sm-n-mobo-c,1920,0.3224,1341.6,789.7,1398.8,832.7,2048,1536,896,512
20170711_FIRE_sm-n-mobo-c,1920,0.4240,1340.4,728.4,1466.9,834.3,2048,1536,1024,512
20170711_FIRE_sm-n-mobo-c,1920,0.3287,1341.6,789.7,1398.8,832.7,2048,1536,1024,512
20170711_FIRE_sm-n-mobo-c,1980,0.5923,1351.6,715.9,1476.6,833.4,2048,1536,896,0
20170711_FIRE_sm-n-mobo-c,1980,0.1815,1349.2,777.3,1406.2,832.7,2048,1536,896,0
20170711_FIRE_sm-n-mobo-c,1980,0.6086,1351.3,716.6,1476.6,833.1,2048,1536,1024,0
20170711_FIRE_sm-n-mobo-c,1980,0.1987,1349.1,777.3,1406.1,832.7,2048,1536,1024,0
20170711_FIRE_sm-n-mobo-c,1980,0.6186,1351.2,716.5,1476.2,833.6,2048,1536,896,512
20170711_FIRE_sm-n-mobo-c,1980,0.2968,1348.4,777.9,1405.4,832.7,2048,1536,896,512
20170711_FIRE_sm-n-mobo-c,1980,0.6399,1351.3,716.4,1476.1,833.6,2048,1536,1024,512
20170711_FIRE_sm-n-mobo-c,1980,0.3135,1348.3,777.9,1405.3,832.7,2048,1536,1024,512
20170711_FIRE_sm-n-mobo-c,2040,0.3266,1341.4,719.4,1482.0,833.5,2048,1536,896,0
20170711_FIRE_sm-n-mobo-c,2040,0.3478,1341.3,719.2,1481.9,833.5,2048,1536,1024,0
20170711_FIRE_sm-n-mobo-c,2040,0.3831,1340.9,718.7,1481.5,833.6,2048,1536,896,512
20170711_FIRE_sm-n-mobo-c,2040,0.4131,1340.7,718.5,1481.4,833.6,2048,1536,1024,512
20170711_FIRE_sm-n-mobo-c,2220,0.1028,1345.2,716.1,1463.4,832.9,2048,1536,896,512
20170711_FIRE_sm-n-mobo-c,2220,0.1025,1346.4,746.0,1447.5,832.5,2048,1536,896,512
20170711_FIRE_sm-n-mobo-c,2220,0.1451,1346.3,745.9,1447.2,832.5,2048,1536,1024,512
20170711_FIRE_sm-n-mobo-c,2220,0.1324,1345.0,715.7,1464.0,832.9,2048,1536,1024,512
20170711_FIRE_sm-n-mobo-c,2280,0.1060,1332.0,740.8,1452.4,832.9,2048,1536,1024,512
20170711_FIRE_sm-n-mobo-c,2340,0.1763,1340.1,717.6,1478.9,834.2,2048,1536,896,0
20170711_FIRE_sm-n-mobo-c,2340,0.1899,1340.0,717.6,1478.5,834.3,2048,1536,1024,0
20170711_FIRE_sm-n-mobo-c,2340,0.2086,1339.3,718.2,1476.5,834.2,2048,1536,896,512
20170711_FIRE_sm-n-mobo-c,2340,0.1173,1342.6,812.2,1391.8,833.2,2048,1536,896,512
20170711_FIRE_sm-n-mobo-c,2340,0.2382,1339.3,718.1,1476.0,834.1,2048,1536,1024,512
20170711_FIRE_sm-n-mobo-c,2340,0.1415,1342.6,812.2,1391.8,833.1,2048,1536,1024,512
20170711_FIRE_sm-n-mobo-c,2400,0.2629,1352.5,701.6,1493.7,831.4,2048,1536,896,0
20170711_FIRE_sm-n-mobo-c,2400,0.1144,1354.6,802.7,1408.3,832.0,2048,1536,896,0
20170711_FIRE_sm-n-mobo-c,2400,0.2690,1352.5,701.7,1493.4,831.4,2048,1536,1024,0
20170711_FIRE_sm-n-mobo-c,2400,0.1199,1354.6,802.6,1408.2,832.0,2048,1536,1024,0
20170711_FIRE_sm-n-mobo-c,2400,0.2329,1353.1,700.5,1495.1,832.6,2048,1536,896,512
20170711_FIRE_sm-n-mobo-c,2400,0.2066,1354.6,803.0,1407.6,831.9,2048,1536,896,512
20170711_FIRE_sm-n-mobo-c,2400,0.2649,1352.5,701.9,1491.5,832.0,2048,1536,1024,512
20170711_FIRE_sm-n-mobo-c,2400,0.2519,1354.6,803.1,1407.4,831.9,2048,1536,1024,512
20170713_FIRE_smer-tcs8-mobo-c,480,0.1056,2536.4,883.4,2582.8,939.5,3072,2048,1792,0
20170713_FIRE_smer-tcs8-mobo-c,600,0.1053,2539.5,878.1,2600.5,940.4,3072,2048,1792,0
20170713_FIRE_smer-tcs8-mobo-c,660,0.1045,2547.7,876.1,2614.9,943.1,3072,2048,1792,0
20170713_FIRE_smer-tcs8-mobo-c,660,0.1132,2547.8,876.1,2615.2,943.1,3072,2048,2048,0
