sequence,offset,max_conf
20160604_FIRE_rm-n-mobo-c,-2400,0.0
20160604_FIRE_rm-n-mobo-c,-2340,0.0
20160604_FIRE_rm-n-mobo-c,-2280,0.0
20160604_FIRE_rm-n-mobo-c,-2220,0.0
20160604_FIRE_rm-n-mobo-c,-2160,0.0
20160604_FIRE_rm-n-mobo-c,-2100,0.0
20160604_FIRE_rm-n-mobo-c,-2040,0.0
20160604_FIRE_rm-n-mobo-c,-1980,0.0
20160604_FIRE_rm-n-mobo-c,-1920,0.0
20160604_FIRE_rm-n-mobo-c,-1860,0.0
20160604_FIRE_rm-n-mobo-c,-1800,0.0
20160604_FIRE_rm-n-mobo-c,-1740,0.0
20160604_FIRE_rm-n-mobo-c,-1680,0.0
20160604_FIRE_rm-n-mobo-c,-1620,0.0
20160604_FIRE_rm-n-mobo-c,-1560,0.0
20160604_FIRE_rm-n-mobo-c,-1500,0.0
20160604_FIRE_rm-n-mobo-c,-1440,0.0
20160604_FIRE_rm-n-mobo-c,-1380,0.0
20160604_FIRE_rm-n-mobo-c,-1320,0.0
20160604_FIRE_rm-n-mobo-c,-1260,0.0
20160604_FIRE_rm-n-mobo-c,-1200,0.0
20160604_FIRE_rm-n-mobo-c,-1140,0.0
20160604_FIRE_rm-n-mobo-c,-1080,0.0
20160604_FIRE_rm-n-mobo-c,-1020,0.0
20160604_FIRE_rm-n-mobo-c,-960,0.0
20160604_FIRE_rm-n-mobo-c,-900,0.0
20160604_FIRE_rm-n-mobo-c,-840,0.0
20160604_FIRE_rm-n-mobo-c,-780,0.0
20160604_FIRE_rm-n-mobo-c,-720,0.0
20160604_FIRE_rm-n-mobo-c,-660,0.0
20160604_FIRE_rm-n-mobo-c,-600,0.0
20160604_FIRE_rm-n-mobo-c,-540,0.0
20160604_FIRE_rm-n-mobo-c,-480,0.0
20160604_FIRE_rm-n-mobo-c,-420,0.0
20160604_FIRE_rm-n-mobo-c,-360,0.0
20160604_FIRE_rm-n-mobo-c,-300,0.0
20160604_FIRE_rm-n-mobo-c,-240,0.0
20160604_FIRE_rm-n-mobo-c,-180,0.0
20160604_FIRE_rm-n-mobo-c,-120,0.0
20160604_FIRE_rm-n-mobo-c,-60,0.0
20160604_FIRE_rm-n-mobo-c,0,0.0
20160604_FIRE_rm-n-mobo-c,60,0.6349729895591736
20160604_FIRE_rm-n-mobo-c,120,0.6471009850502014
20160604_FIRE_rm-n-mobo-c,180,0.4325874149799347
20160604_FIRE_rm-n-mobo-c,240,0.027095379307866096
20160604_FIRE_rm-n-mobo-c,300,0.008291112259030342
20160604_FIRE_rm-n-mobo-c,360,0.0013205695431679487
20160604_FIRE_rm-n-mobo-c,420,0.0
20160604_FIRE_rm-n-mobo-c,480,0.0
20160604_FIRE_rm-n-mobo-c,540,0.0
20160604_FIRE_rm-n-mobo-c,600,0.02231665328145027
20160604_FIRE_rm-n-mobo-c,660,0.06816007196903229
20160604_FIRE_rm-n-mobo-c,720,0.05075545981526375
20160604_FIRE_rm-n-mobo-c,780,0.3695923388004303
20160604_FIRE_rm-n-mobo-c,840,0.11984173208475113
20160604_FIRE_rm-n-mobo-c,900,0.1351117640733719
20160604_FIRE_rm-n-mobo-c,960,0.027194980531930923
20160604_FIRE_rm-n-mobo-c,1020,0.004768700338900089
20160604_FIRE_rm-n-mobo-c,1080,0.03299626335501671
20160604_FIRE_rm-n-mobo-c,1140,0.16524478793144226
20160604_FIRE_rm-n-mobo-c,1200,0.11127109825611115
20160604_FIRE_rm-n-mobo-c,1260,0.20952922105789185
20160604_FIRE_rm-n-mobo-c,1320,0.04716496542096138
20160604_FIRE_rm-n-mobo-c,1380,0.038752518594264984
20160604_FIRE_rm-n-mobo-c,1440,0.06719912588596344
20160604_FIRE_rm-n-mobo-c,1500,0.06819751113653183
20160604_FIRE_rm-n-mobo-c,1560,0.20273499190807343
20160604_FIRE_rm-n-mobo-c,1620,0.09152529388666153
20160604_FIRE_rm-n-mobo-c,1680,0.1135110929608345
20160604_FIRE_rm-n-mobo-c,1740,0.10979883372783661
20160604_FIRE_rm-n-mobo-c,1800,0.33385974168777466
20160604_FIRE_rm-n-mobo-c,1860,0.42873597145080566
20160604_FIRE_rm-n-mobo-c,1920,0.18306276202201843
20160604_FIRE_rm-n-mobo-c,1980,0.3630582392215729
20160604_FIRE_rm-n-mobo-c,2040,0.38672712445259094
20160604_FIRE_rm-n-mobo-c,2100,0.2605717182159424
20160604_FIRE_rm-n-mobo-c,2160,0.02322377823293209
20160604_FIRE_rm-n-mobo-c,2220,0.038569048047065735
20160604_FIRE_rm-n-mobo-c,2280,0.004352784715592861
20160604_FIRE_rm-n-mobo-c,2340,0.011101122945547104
20160604_FIRE_rm-n-mobo-c,2400,0.006260420195758343
20160604_FIRE_smer-tcs3-mobo-c,-2400,0.025508945807814598
20160604_FIRE_smer-tcs3-mobo-c,-2340,0.026305848732590675
20160604_FIRE_smer-tcs3-mobo-c,-2280,0.014788866974413395
20160604_FIRE_smer-tcs3-mobo-c,-2220,0.008656543679535389
20160604_FIRE_smer-tcs3-mobo-c,-2160,0.018732231110334396
20160604_FIRE_smer-tcs3-mobo-c,-2100,0.007464589085429907
20160604_FIRE_smer-tcs3-mobo-c,-2040,0.012517105787992477
20160604_FIRE_smer-tcs3-mobo-c,-1980,0.010879243724048138
20160604_FIRE_smer-tcs3-mobo-c,-1920,0.0125728202983737
20160604_FIRE_smer-tcs3-mobo-c,-1860,0.005888419225811958
20160604_FIRE_smer-tcs3-mobo-c,-1800,0.008353084325790405
20160604_FIRE_smer-tcs3-mobo-c,-1740,0.012932531535625458
20160604_FIRE_smer-tcs3-mobo-c,-1680,0.02804005704820156
20160604_FIRE_smer-tcs3-mobo-c,-1620,0.016797037795186043
20160604_FIRE_smer-tcs3-mobo-c,-1560,0.00634448928758502
20160604_FIRE_smer-tcs3-mobo-c,-1500,0.010679853148758411
20160604_FIRE_smer-tcs3-mobo-c,-1440,0.011584115214645863
20160604_FIRE_smer-tcs3-mobo-c,-1380,0.005129918921738863
20160604_FIRE_smer-tcs3-mobo-c,-1320,0.00889152754098177
20160604_FIRE_smer-tcs3-mobo-c,-1260,0.04074771702289581
20160604_FIRE_smer-tcs3-mobo-c,-1200,0.00859094224870205
20160604_FIRE_smer-tcs3-mobo-c,-1140,0.011409686878323555
20160604_FIRE_smer-tcs3-mobo-c,-1080,0.008676392026245594
20160604_FIRE_smer-tcs3-mobo-c,-1020,0.03860057145357132
20160604_FIRE_smer-tcs3-mobo-c,-960,0.0040536196902394295
20160604_FIRE_smer-tcs3-mobo-c,-900,0.005215398035943508
20160604_FIRE_smer-tcs3-mobo-c,-840,0.006277337670326233
20160604_FIRE_smer-tcs3-mobo-c,-780,0.005185384303331375
20160604_FIRE_smer-tcs3-mobo-c,-720,0.006748197600245476
20160604_FIRE_smer-tcs3-mobo-c,-660,0.010378798469901085
20160604_FIRE_smer-tcs3-mobo-c,-600,0.004335756879299879
20160604_FIRE_smer-tcs3-mobo-c,-540,0.0039626373909413815
20160604_FIRE_smer-tcs3-mobo-c,-480,0.002445380901917815
20160604_FIRE_smer-tcs3-mobo-c,-420,0.003823764156550169
20160604_FIRE_smer-tcs3-mobo-c,-360,0.008238925598561764
20160604_FIRE_smer-tcs3-mobo-c,-300,0.005666191689670086
20160604_FIRE_smer-tcs3-mobo-c,-240,0.06461164355278015
20160604_FIRE_smer-tcs3-mobo-c,-180,0.009350733831524849
20160604_FIRE_smer-tcs3-mobo-c,-120,0.014314023777842522
20160604_FIRE_smer-tcs3-mobo-c,-60,0.0046882485039532185
20160604_FIRE_smer-tcs3-mobo-c,0,0.26495561003685
20160604_FIRE_smer-tcs3-mobo-c,60,0.6756284236907959
20160604_FIRE_smer-tcs3-mobo-c,120,0.641059935092926
20160604_FIRE_smer-tcs3-mobo-c,180,0.5794233679771423
20160604_FIRE_smer-tcs3-mobo-c,240,0.0447697676718235
20160604_FIRE_smer-tcs3-mobo-c,300,0.05133115500211716
20160604_FIRE_smer-tcs3-mobo-c,360,0.15784558653831482
20160604_FIRE_smer-tcs3-mobo-c,420,0.0066533577628433704
20160604_FIRE_smer-tcs3-mobo-c,480,0.04077823832631111
20160604_FIRE_smer-tcs3-mobo-c,540,0.011830444447696209
20160604_FIRE_smer-tcs3-mobo-c,600,0.005434930324554443
20160604_FIRE_smer-tcs3-mobo-c,660,0.008862513117492199
20160604_FIRE_smer-tcs3-mobo-c,720,0.03580520674586296
20160604_FIRE_smer-tcs3-mobo-c,780,0.021763382479548454
20160604_FIRE_smer-tcs3-mobo-c,840,0.03737909719347954
20160604_FIRE_smer-tcs3-mobo-c,900,0.13581889867782593
20160604_FIRE_smer-tcs3-mobo-c,960,0.11945056170225143
20160604_FIRE_smer-tcs3-mobo-c,1020,0.3689263164997101
20160604_FIRE_smer-tcs3-mobo-c,1080,0.24477507174015045
20160604_FIRE_smer-tcs3-mobo-c,1140,0.05186929553747177
20160604_FIRE_smer-tcs3-mobo-c,1200,0.47820401191711426
20160604_FIRE_smer-tcs3-mobo-c,1260,0.08096647262573242
20160604_FIRE_smer-tcs3-mobo-c,1320,0.34211769700050354
20160604_FIRE_smer-tcs3-mobo-c,1380,0.09653506428003311
20160604_FIRE_smer-tcs3-mobo-c,1440,0.052372027188539505
20160604_FIRE_smer-tcs3-mobo-c,1500,0.03634904697537422
20160604_FIRE_smer-tcs3-mobo-c,1560,0.0694696232676506
20160604_FIRE_smer-tcs3-mobo-c,1620,0.17928962409496307
20160604_FIRE_smer-tcs3-mobo-c,1680,0.3563961684703827
20160604_FIRE_smer-tcs3-mobo-c,1740,0.12306005507707596
20160604_FIRE_smer-tcs3-mobo-c,1800,0.05705321952700615
20160604_FIRE_smer-tcs3-mobo-c,1860,0.010241561569273472
20160604_FIRE_smer-tcs3-mobo-c,1920,0.04640983045101166
20160604_FIRE_smer-tcs3-mobo-c,1980,0.11039149016141891
20160604_FIRE_smer-tcs3-mobo-c,2040,0.006571959238499403
20160604_FIRE_smer-tcs3-mobo-c,2100,0.02177940309047699
20160604_FIRE_smer-tcs3-mobo-c,2160,0.07796056568622589
20160604_FIRE_smer-tcs3-mobo-c,2220,0.01616213470697403
20160604_FIRE_smer-tcs3-mobo-c,2280,0.07724671065807343
20160604_FIRE_smer-tcs3-mobo-c,2340,0.061811354011297226
20160604_FIRE_smer-tcs3-mobo-c,2400,0.0060627092607319355
20160619_FIRE_lp-e-iqeye,-2400,0.008970282971858978
20160619_FIRE_lp-e-iqeye,-2280,0.03410078585147858
20160619_FIRE_lp-e-iqeye,-2160,0.06159569323062897
20160619_FIRE_lp-e-iqeye,-2040,0.001479818718507886
20160619_FIRE_lp-e-iqeye,-1920,0.019800687208771706
20160619_FIRE_lp-e-iqeye,-1800,0.014176230877637863
20160619_FIRE_lp-e-iqeye,-1680,0.036554012447595596
20160619_FIRE_lp-e-iqeye,-1560,0.010064315050840378
20160619_FIRE_lp-e-iqeye,-1440,0.01589038036763668
20160619_FIRE_lp-e-iqeye,-1320,0.02963637188076973
20160619_FIRE_lp-e-iqeye,-1200,0.0058301216922700405
20160619_FIRE_lp-e-iqeye,-1080,0.056156858801841736
20160619_FIRE_lp-e-iqeye,-960,0.012794559821486473
20160619_FIRE_lp-e-iqeye,-840,0.023862462490797043
20160619_FIRE_lp-e-iqeye,-720,0.006692156195640564
20160619_FIRE_lp-e-iqeye,-600,0.005803962703794241
20160619_FIRE_lp-e-iqeye,-480,0.0603557825088501
20160619_FIRE_lp-e-iqeye,-360,0.011216899380087852
20160619_FIRE_lp-e-iqeye,-240,0.011025969870388508
20160619_FIRE_lp-e-iqeye,-120,0.021424060687422752
20160619_FIRE_lp-e-iqeye,0,0.0028756053652614355
20160619_FIRE_lp-e-iqeye,120,0.06390854716300964
20160619_FIRE_lp-e-iqeye,240,0.2569139897823334
20160619_FIRE_lp-e-iqeye,360,0.14987090229988098
20160619_FIRE_lp-e-iqeye,480,0.4876507818698883
20160619_FIRE_lp-e-iqeye,600,0.5000844597816467
20160619_FIRE_lp-e-iqeye,720,0.4059675931930542
20160619_FIRE_lp-e-iqeye,840,0.2828257083892822
20160619_FIRE_lp-e-iqeye,960,0.06524574756622314
20160619_FIRE_lp-e-iqeye,1080,0.012769035995006561
20160619_FIRE_lp-e-iqeye,1200,0.2842978835105896
20160619_FIRE_lp-e-iqeye,1320,0.21265877783298492
20160619_FIRE_lp-e-iqeye,1440,0.0916498675942421
20160619_FIRE_lp-e-iqeye,1560,0.2926531434059143
20160619_FIRE_lp-e-iqeye,1680,0.35605013370513916
20160619_FIRE_lp-e-iqeye,1800,0.3512677848339081
20160619_FIRE_lp-e-iqeye,1920,0.508357584476471
20160619_FIRE_lp-e-iqeye,2040,0.08922464400529861
20160619_FIRE_lp-e-iqeye,2160,0.016402700915932655
20160619_FIRE_lp-e-iqeye,2280,0.022167136892676353
20160619_FIRE_lp-e-iqeye,2400,0.2994939088821411
20160619_FIRE_om-e-mobo-c,-2400,0.0033626360818743706
20160619_FIRE_om-e-mobo-c,-2340,0.013612254522740841
20160619_FIRE_om-e-mobo-c,-2280,0.0015118395676836371
20160619_FIRE_om-e-mobo-c,-2220,0.002635533921420574
20160619_FIRE_om-e-mobo-c,-2160,0.005465136840939522
20160619_FIRE_om-e-mobo-c,-2100,0.004957098513841629
20160619_FIRE_om-e-mobo-c,-2040,0.01233151089400053
20160619_FIRE_om-e-mobo-c,-1980,0.0032280643936246634
20160619_FIRE_om-e-mobo-c,-1920,0.006881387904286385
20160619_FIRE_om-e-mobo-c,-1860,0.010899561457335949
20160619_FIRE_om-e-mobo-c,-1800,0.0194572564214468
20160619_FIRE_om-e-mobo-c,-1740,0.0031778111588209867
20160619_FIRE_om-e-mobo-c,-1680,0.0075758714228868484
20160619_FIRE_om-e-mobo-c,-1620,0.012171311303973198
20160619_FIRE_om-e-mobo-c,-1560,0.024712419137358665
20160619_FIRE_om-e-mobo-c,-1500,0.009019597433507442
20160619_FIRE_om-e-mobo-c,-1440,0.008955446071922779
20160619_FIRE_om-e-mobo-c,-1380,0.007565735839307308
20160619_FIRE_om-e-mobo-c,-1320,0.018576184287667274
20160619_FIRE_om-e-mobo-c,-1260,0.01790548488497734
20160619_FIRE_om-e-mobo-c,-1200,0.004702443722635508
20160619_FIRE_om-e-mobo-c,-1140,0.0063204532489180565
20160619_FIRE_om-e-mobo-c,-1080,0.08202043920755386
20160619_FIRE_om-e-mobo-c,-1020,0.005701766815036535
20160619_FIRE_om-e-mobo-c,-960,0.014234558679163456
20160619_FIRE_om-e-mobo-c,-900,0.004718485753983259
20160619_FIRE_om-e-mobo-c,-840,0.005232540890574455
20160619_FIRE_om-e-mobo-c,-780,0.012357260100543499
20160619_FIRE_om-e-mobo-c,-720,0.010737786069512367
20160619_FIRE_om-e-mobo-c,-660,0.005025957245379686
20160619_FIRE_om-e-mobo-c,-600,0.008696749806404114
20160619_FIRE_om-e-mobo-c,-540,0.007308912463486195
20160619_FIRE_om-e-mobo-c,-480,0.014666370116174221
20160619_FIRE_om-e-mobo-c,-420,0.004766089376062155
20160619_FIRE_om-e-mobo-c,-360,0.0140707241371274
20160619_FIRE_om-e-mobo-c,-300,0.055932607501745224
20160619_FIRE_om-e-mobo-c,-240,0.008189025335013866
20160619_FIRE_om-e-mobo-c,-180,0.010063906200230122
20160619_FIRE_om-e-mobo-c,-120,0.010813688859343529
20160619_FIRE_om-e-mobo-c,-60,0.005994866602122784
20160619_FIRE_om-e-mobo-c,0,0.007206809241324663
20160619_FIRE_om-e-mobo-c,60,0.04060572385787964
20160619_FIRE_om-e-mobo-c,120,0.18835364282131195
20160619_FIRE_om-e-mobo-c,180,0.07652921974658966
20160619_FIRE_om-e-mobo-c,240,0.2408701330423355
20160619_FIRE_om-e-mobo-c,300,0.540210485458374
20160619_FIRE_om-e-mobo-c,360,0.8007206916809082
20160619_FIRE_om-e-mobo-c,420,0.7789560556411743
20160619_FIRE_om-e-mobo-c,480,0.6860166192054749
20160619_FIRE_om-e-mobo-c,540,0.21139313280582428
20160619_FIRE_om-e-mobo-c,600,0.1480223387479782
20160619_FIRE_om-e-mobo-c,660,0.3015587329864502
20160619_FIRE_om-e-mobo-c,720,0.3093244731426239
20160619_FIRE_om-e-mobo-c,780,0.33026963472366333
20160619_FIRE_om-e-mobo-c,840,0.4106556475162506
20160619_FIRE_om-e-mobo-c,900,0.2503998875617981
20160619_FIRE_om-e-mobo-c,960,0.45154058933258057
20160619_FIRE_om-e-mobo-c,1020,0.6171362996101379
20160619_FIRE_om-e-mobo-c,1080,0.3260549306869507
20160619_FIRE_om-e-mobo-c,1140,0.30039912462234497
20160619_FIRE_om-e-mobo-c,1200,0.4772650897502899
20160619_FIRE_om-e-mobo-c,1260,0.19494013488292694
20160619_FIRE_om-e-mobo-c,1320,0.2781185507774353
20160619_FIRE_om-e-mobo-c,1380,0.557946503162384
20160619_FIRE_om-e-mobo-c,1440,0.5652489066123962
20160619_FIRE_om-e-mobo-c,1500,0.27881839871406555
20160619_FIRE_om-e-mobo-c,1560,0.4314713776111603
20160619_FIRE_om-e-mobo-c,1620,0.5716436505317688
20160619_FIRE_om-e-mobo-c,1680,0.5357657074928284
20160619_FIRE_om-e-mobo-c,1740,0.5628087520599365
20160619_FIRE_om-e-mobo-c,1800,0.3770245611667633
20160619_FIRE_om-e-mobo-c,1860,0.6558745503425598
20160619_FIRE_om-e-mobo-c,1920,0.7175349593162537
20160619_FIRE_om-e-mobo-c,1980,0.7378127574920654
20160619_FIRE_om-e-mobo-c,2040,0.7848058938980103
20160619_FIRE_om-e-mobo-c,2100,0.7793451547622681
20160619_FIRE_om-e-mobo-c,2160,0.7516610622406006
20160619_FIRE_om-e-mobo-c,2220,0.5520508885383606
20160619_FIRE_om-e-mobo-c,2280,0.505215585231781
20160619_FIRE_om-e-mobo-c,2340,0.3417312502861023
20160619_FIRE_om-e-mobo-c,2400,0.4826056957244873
20160619_FIRE_pi-s-mobo-c,-2400,0.0
20160619_FIRE_pi-s-mobo-c,-2340,0.0
20160619_FIRE_pi-s-mobo-c,-2280,0.0
20160619_FIRE_pi-s-mobo-c,-2220,0.001109254197217524
20160619_FIRE_pi-s-mobo-c,-2160,0.0
20160619_FIRE_pi-s-mobo-c,-2100,0.0
20160619_FIRE_pi-s-mobo-c,-2040,0.0
20160619_FIRE_pi-s-mobo-c,-1980,0.0
20160619_FIRE_pi-s-mobo-c,-1920,0.0
20160619_FIRE_pi-s-mobo-c,-1860,0.07301680743694305
20160619_FIRE_pi-s-mobo-c,-1800,0.0
20160619_FIRE_pi-s-mobo-c,-1740,0.0
20160619_FIRE_pi-s-mobo-c,-1680,0.0
20160619_FIRE_pi-s-mobo-c,-1620,0.0
20160619_FIRE_pi-s-mobo-c,-1560,0.0
20160619_FIRE_pi-s-mobo-c,-1500,0.0
20160619_FIRE_pi-s-mobo-c,-1440,0.0021447783801704645
20160619_FIRE_pi-s-mobo-c,-1380,0.001182457199320197
20160619_FIRE_pi-s-mobo-c,-1320,0.0
20160619_FIRE_pi-s-mobo-c,-1260,0.0
20160619_FIRE_pi-s-mobo-c,-1200,0.025391587987542152
20160619_FIRE_pi-s-mobo-c,-1140,0.0
20160619_FIRE_pi-s-mobo-c,-1080,0.0
20160619_FIRE_pi-s-mobo-c,-1020,0.0
20160619_FIRE_pi-s-mobo-c,-960,0.0
20160619_FIRE_pi-s-mobo-c,-900,0.0
20160619_FIRE_pi-s-mobo-c,-840,0.0017109017353504896
20160619_FIRE_pi-s-mobo-c,-780,0.01304897852241993
20160619_FIRE_pi-s-mobo-c,-720,0.001826571417041123
20160619_FIRE_pi-s-mobo-c,-660,0.0
20160619_FIRE_pi-s-mobo-c,-600,0.0
20160619_FIRE_pi-s-mobo-c,-540,0.0
20160619_FIRE_pi-s-mobo-c,-480,0.0
20160619_FIRE_pi-s-mobo-c,-420,0.0
20160619_FIRE_pi-s-mobo-c,-360,0.0
20160619_FIRE_pi-s-mobo-c,-300,0.0
20160619_FIRE_pi-s-mobo-c,-240,0.0
20160619_FIRE_pi-s-mobo-c,-180,0.0
20160619_FIRE_pi-s-mobo-c,-120,0.001647901488468051
20160619_FIRE_pi-s-mobo-c,-60,0.0
20160619_FIRE_pi-s-mobo-c,0,0.0
20160619_FIRE_pi-s-mobo-c,60,0.0
20160619_FIRE_pi-s-mobo-c,120,0.0
20160619_FIRE_pi-s-mobo-c,180,0.00126441172324121
20160619_FIRE_pi-s-mobo-c,240,0.0
20160619_FIRE_pi-s-mobo-c,300,0.0
20160619_FIRE_pi-s-mobo-c,360,0.0
20160619_FIRE_pi-s-mobo-c,420,0.0
20160619_FIRE_pi-s-mobo-c,480,0.0
20160619_FIRE_pi-s-mobo-c,540,0.0
20160619_FIRE_pi-s-mobo-c,600,0.0
20160619_FIRE_pi-s-mobo-c,660,0.0
20160619_FIRE_pi-s-mobo-c,720,0.0
20160619_FIRE_pi-s-mobo-c,780,0.0
20160619_FIRE_pi-s-mobo-c,840,0.0030283587984740734
20160619_FIRE_pi-s-mobo-c,900,0.5078707337379456
20160619_FIRE_pi-s-mobo-c,960,0.33862271904945374
20160619_FIRE_pi-s-mobo-c,1020,0.1603904515504837
20160619_FIRE_pi-s-mobo-c,1080,0.0
20160619_FIRE_pi-s-mobo-c,1140,0.0
20160619_FIRE_pi-s-mobo-c,1200,0.09400015324354172
20160619_FIRE_pi-s-mobo-c,1260,0.006943762302398682
20160619_FIRE_pi-s-mobo-c,1320,0.0
20160619_FIRE_pi-s-mobo-c,1380,0.0
20160619_FIRE_pi-s-mobo-c,1440,0.0
20160619_FIRE_pi-s-mobo-c,1500,0.0010356184793636203
20160619_FIRE_pi-s-mobo-c,1560,0.0
20160619_FIRE_pi-s-mobo-c,1620,0.007701978087425232
20160619_FIRE_pi-s-mobo-c,1680,0.0011748933466151357
20160619_FIRE_pi-s-mobo-c,1740,0.0
20160619_FIRE_pi-s-mobo-c,1800,0.0
20160619_FIRE_pi-s-mobo-c,1860,0.0
20160619_FIRE_pi-s-mobo-c,1920,0.0
20160619_FIRE_pi-s-mobo-c,1980,0.0
20160619_FIRE_pi-s-mobo-c,2040,0.0
20160619_FIRE_pi-s-mobo-c,2100,0.0
20160619_FIRE_pi-s-mobo-c,2160,0.0
20160619_FIRE_pi-s-mobo-c,2220,0.0
20160619_FIRE_pi-s-mobo-c,2280,0.0
20160619_FIRE_pi-s-mobo-c,2340,0.0
20160619_FIRE_pi-s-mobo-c,2400,0.0
20160711_FIRE_ml-n-mobo-c,-2400,0.0
20160711_FIRE_ml-n-mobo-c,-2340,0.0
20160711_FIRE_ml-n-mobo-c,-2280,0.001155978417955339
20160711_FIRE_ml-n-mobo-c,-2220,0.0010766001651063561
20160711_FIRE_ml-n-mobo-c,-2160,0.0025986777618527412
20160711_FIRE_ml-n-mobo-c,-2100,0.004841286223381758
20160711_FIRE_ml-n-mobo-c,-2040,0.0
20160711_FIRE_ml-n-mobo-c,-1980,0.0
20160711_FIRE_ml-n-mobo-c,-1920,0.0
20160711_FIRE_ml-n-mobo-c,-1860,0.0
20160711_FIRE_ml-n-mobo-c,-1800,0.0012764022685587406
20160711_FIRE_ml-n-mobo-c,-1740,0.001095548621378839
20160711_FIRE_ml-n-mobo-c,-1680,0.0
20160711_FIRE_ml-n-mobo-c,-1620,0.0011846460402011871
20160711_FIRE_ml-n-mobo-c,-1560,0.0010375352576375008
20160711_FIRE_ml-n-mobo-c,-1500,0.0
20160711_FIRE_ml-n-mobo-c,-1440,0.0
20160711_FIRE_ml-n-mobo-c,-1380,0.033041518181562424
20160711_FIRE_ml-n-mobo-c,-1320,0.048350799828767776
20160711_FIRE_ml-n-mobo-c,-1260,0.05103933438658714
20160711_FIRE_ml-n-mobo-c,-1200,0.03448471426963806
20160711_FIRE_ml-n-mobo-c,-1140,0.014748375862836838
20160711_FIRE_ml-n-mobo-c,-1080,0.015361892990767956
20160711_FIRE_ml-n-mobo-c,-1020,0.00536089763045311
20160711_FIRE_ml-n-mobo-c,-960,0.002638729754835367
20160711_FIRE_ml-n-mobo-c,-900,0.001835276372730732
20160711_FIRE_ml-n-mobo-c,-840,0.005702916067093611
20160711_FIRE_ml-n-mobo-c,-780,0.0022621341049671173
20160711_FIRE_ml-n-mobo-c,-720,0.002900846768170595
20160711_FIRE_ml-n-mobo-c,-660,0.0
20160711_FIRE_ml-n-mobo-c,-600,0.0021093685645610094
20160711_FIRE_ml-n-mobo-c,-540,0.0
20160711_FIRE_ml-n-mobo-c,-480,0.0
20160711_FIRE_ml-n-mobo-c,-420,0.0020648862700909376
20160711_FIRE_ml-n-mobo-c,-360,0.005083252675831318
20160711_FIRE_ml-n-mobo-c,-300,0.00745302764698863
20160711_FIRE_ml-n-mobo-c,-240,0.010765253566205502
20160711_FIRE_ml-n-mobo-c,-180,0.017285775393247604
20160711_FIRE_ml-n-mobo-c,-120,0.002050637034699321
20160711_FIRE_ml-n-mobo-c,-60,0.0010586465941742063
20160711_FIRE_ml-n-mobo-c,0,0.0018239208729937673
20160711_FIRE_ml-n-mobo-c,60,0.0024076758418232203
20160711_FIRE_ml-n-mobo-c,120,0.0017590147908776999
20160711_FIRE_ml-n-mobo-c,180,0.002321372739970684
20160711_FIRE_ml-n-mobo-c,240,0.0034818255808204412
20160711_FIRE_ml-n-mobo-c,300,0.0
20160711_FIRE_ml-n-mobo-c,360,0.0012029575882479548
20160711_FIRE_ml-n-mobo-c,420,0.0017233570106327534
20160711_FIRE_ml-n-mobo-c,480,0.0013070268323644996
20160711_FIRE_ml-n-mobo-c,540,0.0010169200832024217
20160711_FIRE_ml-n-mobo-c,600,0.0034411291126161814
20160711_FIRE_ml-n-mobo-c,660,0.00247134268283844
20160711_FIRE_ml-n-mobo-c,720,0.0
20160711_FIRE_ml-n-mobo-c,780,0.0014402836095541716
20160711_FIRE_ml-n-mobo-c,840,0.0010495500173419714
20160711_FIRE_ml-n-mobo-c,900,0.001290563028305769
20160711_FIRE_ml-n-mobo-c,960,0.0014863116666674614
20160711_FIRE_ml-n-mobo-c,1020,0.001839644042775035
20160711_FIRE_ml-n-mobo-c,1080,0.0019916014280170202
20160711_FIRE_ml-n-mobo-c,1140,0.0025156752672046423
20160711_FIRE_ml-n-mobo-c,1200,0.0016315014800056815
20160711_FIRE_ml-n-mobo-c,1260,0.0012333367485553026
20160711_FIRE_ml-n-mobo-c,1320,0.0014070776524022222
20160711_FIRE_ml-n-mobo-c,1380,0.004037195350974798
20160711_FIRE_ml-n-mobo-c,1440,0.0
20160711_FIRE_ml-n-mobo-c,1500,0.002099283505231142
20160711_FIRE_ml-n-mobo-c,1560,0.0
20160711_FIRE_ml-n-mobo-c,1620,0.001597945112735033
20160711_FIRE_ml-n-mobo-c,1680,0.0014635070692747831
20160711_FIRE_ml-n-mobo-c,1740,0.0013408975210040808
20160711_FIRE_ml-n-mobo-c,1800,0.0014786700485274196
20160711_FIRE_ml-n-mobo-c,1860,0.004299765452742577
20160711_FIRE_ml-n-mobo-c,1920,0.0015728845028206706
20160711_FIRE_ml-n-mobo-c,1980,0.007864806801080704
20160711_FIRE_ml-n-mobo-c,2040,0.003035525558516383
20160711_FIRE_ml-n-mobo-c,2100,0.013417746871709824
20160711_FIRE_ml-n-mobo-c,2160,0.02853902243077755
20160711_FIRE_ml-n-mobo-c,2220,0.030620399862527847
20160711_FIRE_ml-n-mobo-c,2280,0.008540098555386066
20160711_FIRE_ml-n-mobo-c,2340,0.003938767593353987
20160711_FIRE_ml-n-mobo-c,2400,0.0074603259563446045
20160718_FIRE_lp-n-iqeye,-2400,0.00828492734581232
20160718_FIRE_lp-n-iqeye,-2280,0.02786439284682274
20160718_FIRE_lp-n-iqeye,-2160,0.05631861463189125
20160718_FIRE_lp-n-iqeye,-2040,0.031133394688367844
20160718_FIRE_lp-n-iqeye,-1920,0.004782202187925577
20160718_FIRE_lp-n-iqeye,-1800,0.012145785614848137
20160718_FIRE_lp-n-iqeye,-1680,0.03464338928461075
20160718_FIRE_lp-n-iqeye,-1560,0.024766145274043083
20160718_FIRE_lp-n-iqeye,-1440,0.019164446741342545
20160718_FIRE_lp-n-iqeye,-1320,0.01612004078924656
20160718_FIRE_lp-n-iqeye,-1200,0.00883773434907198
20160718_FIRE_lp-n-iqeye,-1080,0.01273875217884779
20160718_FIRE_lp-n-iqeye,-960,0.01289850752800703
20160718_FIRE_lp-n-iqeye,-840,0.013055569492280483
20160718_FIRE_lp-n-iqeye,-720,0.011383866891264915
20160718_FIRE_lp-n-iqeye,-600,0.00968201458454132
20160718_FIRE_lp-n-iqeye,-480,0.01119295135140419
20160718_FIRE_lp-n-iqeye,-360,0.0171359833329916
20160718_FIRE_lp-n-iqeye,-240,0.010004924610257149
20160718_FIRE_lp-n-iqeye,-120,0.004192141350358725
20160718_FIRE_lp-n-iqeye,0,0.013223232701420784
20160718_FIRE_lp-n-iqeye,120,0.005975391250103712
20160718_FIRE_lp-n-iqeye,240,0.003147134091705084
20160718_FIRE_lp-n-iqeye,360,0.01821020059287548
20160718_FIRE_lp-n-iqeye,480,0.019111383706331253
20160718_FIRE_lp-n-iqeye,600,0.2619205415248871
20160718_FIRE_lp-n-iqeye,720,0.20474588871002197
20160718_FIRE_lp-n-iqeye,840,0.09855672717094421
20160718_FIRE_lp-n-iqeye,960,0.008766255341470242
20160718_FIRE_lp-n-iqeye,1080,0.041348572820425034
20160718_FIRE_lp-n-iqeye,1200,0.0929025188088417
20160718_FIRE_lp-n-iqeye,1320,0.07892172783613205
20160718_FIRE_lp-n-iqeye,1440,0.011972831562161446
20160718_FIRE_lp-n-iqeye,1560,0.022559519857168198
20160718_FIRE_lp-n-iqeye,1680,0.07777107506990433
20160718_FIRE_lp-n-iqeye,1800,0.04405687004327774
20160718_FIRE_lp-n-iqeye,1920,0.0329265333712101
20160718_FIRE_lp-n-iqeye,2040,0.026103345677256584
20160718_FIRE_lp-n-iqeye,2160,0.09401395171880722
20160718_FIRE_lp-n-iqeye,2280,0.01986558362841606
20160718_FIRE_lp-n-iqeye,2400,0.08423712849617004
20160718_FIRE_mg-s-iqeye,-2400,0.019134970381855965
20160718_FIRE_mg-s-iqeye,-2280,0.007454036269336939
20160718_FIRE_mg-s-iqeye,-2160,0.0434432327747345
20160718_FIRE_mg-s-iqeye,-2040,0.05345867574214935
20160718_FIRE_mg-s-iqeye,-1920,0.021858515217900276
20160718_FIRE_mg-s-iqeye,-1800,0.05770476907491684
20160718_FIRE_mg-s-iqeye,-1680,0.017124688252806664
20160718_FIRE_mg-s-iqeye,-1560,0.0260073933750391
20160718_FIRE_mg-s-iqeye,-1440,0.006254546344280243
20160718_FIRE_mg-s-iqeye,-1320,0.008078687824308872
20160718_FIRE_mg-s-iqeye,-1200,0.009153131395578384
20160718_FIRE_mg-s-iqeye,-1080,0.0021747259888798
20160718_FIRE_mg-s-iqeye,-960,0.002830991754308343
20160718_FIRE_mg-s-iqeye,-840,0.019824866205453873
20160718_FIRE_mg-s-iqeye,-720,0.005453682504594326
20160718_FIRE_mg-s-iqeye,-600,0.012451599352061749
20160718_FIRE_mg-s-iqeye,-480,0.0015132776461541653
20160718_FIRE_mg-s-iqeye,-360,0.01931273750960827
20160718_FIRE_mg-s-iqeye,-240,0.012482061982154846
20160718_FIRE_mg-s-iqeye,-120,0.0021933759562671185
20160718_FIRE_mg-s-iqeye,0,0.026335371658205986
20160718_FIRE_mg-s-iqeye,120,0.003689458128064871
20160718_FIRE_mg-s-iqeye,240,0.016806207597255707
20160718_FIRE_mg-s-iqeye,360,0.003057815134525299
20160718_FIRE_mg-s-iqeye,480,0.0023184127639979124
20160718_FIRE_mg-s-iqeye,600,0.015227927826344967
20160718_FIRE_mg-s-iqeye,720,0.24864745140075684
20160718_FIRE_mg-s-iqeye,840,0.5822753310203552
20160718_FIRE_mg-s-iqeye,960,0.43567362427711487
20160718_FIRE_mg-s-iqeye,1080,0.6599249243736267
20160718_FIRE_mg-s-iqeye,1200,0.7028992176055908
20160718_FIRE_mg-s-iqeye,1320,0.5404350757598877
20160718_FIRE_mg-s-iqeye,1440,0.7392503619194031
20160718_FIRE_mg-s-iqeye,1560,0.7504146695137024
20160718_FIRE_mg-s-iqeye,1680,0.6912574172019958
20160718_FIRE_mg-s-iqeye,1800,0.4971691071987152
20160718_FIRE_mg-s-iqeye,1920,0.6169636249542236
20160718_FIRE_mg-s-iqeye,2040,0.6431856751441956
20160718_FIRE_mg-s-iqeye,2160,0.6315359473228455
20160718_FIRE_mg-s-iqeye,2280,0.250201016664505
20160718_FIRE_mg-s-iqeye,2400,0.2028355896472931
20160718_FIRE_mw-e-mobo-c,-2400,0.0130262216553092
20160718_FIRE_mw-e-mobo-c,-2340,0.0
20160718_FIRE_mw-e-mobo-c,-2280,0.0022910272236913443
20160718_FIRE_mw-e-mobo-c,-2220,0.0
20160718_FIRE_mw-e-mobo-c,-2160,0.0017421359661966562
20160718_FIRE_mw-e-mobo-c,-2100,0.0
20160718_FIRE_mw-e-mobo-c,-2040,0.001856925548054278
20160718_FIRE_mw-e-mobo-c,-1980,0.0017084722639992833
20160718_FIRE_mw-e-mobo-c,-1920,0.0
20160718_FIRE_mw-e-mobo-c,-1860,0.0
20160718_FIRE_mw-e-mobo-c,-1800,0.0016488565597683191
20160718_FIRE_mw-e-mobo-c,-1740,0.0
20160718_FIRE_mw-e-mobo-c,-1680,0.0
20160718_FIRE_mw-e-mobo-c,-1620,0.0
20160718_FIRE_mw-e-mobo-c,-1560,0.0
20160718_FIRE_mw-e-mobo-c,-1500,0.0010350631782785058
20160718_FIRE_mw-e-mobo-c,-1440,0.0
20160718_FIRE_mw-e-mobo-c,-1380,0.0
20160718_FIRE_mw-e-mobo-c,-1320,0.0
20160718_FIRE_mw-e-mobo-c,-1260,0.0
20160718_FIRE_mw-e-mobo-c,-1200,0.0010627248557284474
20160718_FIRE_mw-e-mobo-c,-1140,0.0
20160718_FIRE_mw-e-mobo-c,-1080,0.0014569084160029888
20160718_FIRE_mw-e-mobo-c,-1020,0.0
20160718_FIRE_mw-e-mobo-c,-960,0.0
20160718_FIRE_mw-e-mobo-c,-900,0.0
20160718_FIRE_mw-e-mobo-c,-840,0.0
20160718_FIRE_mw-e-mobo-c,-780,0.0
20160718_FIRE_mw-e-mobo-c,-720,0.0
20160718_FIRE_mw-e-mobo-c,-660,0.0
20160718_FIRE_mw-e-mobo-c,-600,0.0
20160718_FIRE_mw-e-mobo-c,-540,0.0010777022689580917
20160718_FIRE_mw-e-mobo-c,-480,0.0
20160718_FIRE_mw-e-mobo-c,-420,0.0
20160718_FIRE_mw-e-mobo-c,-360,0.0
20160718_FIRE_mw-e-mobo-c,-300,0.0
20160718_FIRE_mw-e-mobo-c,-240,0.0
20160718_FIRE_mw-e-mobo-c,-180,0.0012327090371400118
20160718_FIRE_mw-e-mobo-c,-120,0.0
20160718_FIRE_mw-e-mobo-c,-60,0.0
20160718_FIRE_mw-e-mobo-c,0,0.0011151322396472096
20160718_FIRE_mw-e-mobo-c,60,0.0
20160718_FIRE_mw-e-mobo-c,120,0.0
20160718_FIRE_mw-e-mobo-c,180,0.0
20160718_FIRE_mw-e-mobo-c,240,0.0
20160718_FIRE_mw-e-mobo-c,300,0.0
20160718_FIRE_mw-e-mobo-c,360,0.0
20160718_FIRE_mw-e-mobo-c,420,0.0024943039752542973
20160718_FIRE_mw-e-mobo-c,480,0.0
20160718_FIRE_mw-e-mobo-c,540,0.0
20160718_FIRE_mw-e-mobo-c,600,0.013216756284236908
20160718_FIRE_mw-e-mobo-c,660,0.0
20160718_FIRE_mw-e-mobo-c,720,0.0
20160718_FIRE_mw-e-mobo-c,780,0.012398991733789444
20160718_FIRE_mw-e-mobo-c,840,0.3216665983200073
20160718_FIRE_mw-e-mobo-c,900,0.5672948360443115
20160718_FIRE_mw-e-mobo-c,960,0.008411562070250511
20160718_FIRE_mw-e-mobo-c,1020,0.03096366673707962
20160718_FIRE_mw-e-mobo-c,1080,0.08575237542390823
20160718_FIRE_mw-e-mobo-c,1140,0.0566544272005558
20160718_FIRE_mw-e-mobo-c,1200,0.09364146739244461
20160718_FIRE_mw-e-mobo-c,1260,0.3822789192199707
20160718_FIRE_mw-e-mobo-c,1320,0.254682332277298
20160718_FIRE_mw-e-mobo-c,1380,0.6399151682853699
20160718_FIRE_mw-e-mobo-c,1440,0.07525412738323212
20160718_FIRE_mw-e-mobo-c,1500,0.08201352506875992
20160718_FIRE_mw-e-mobo-c,1560,0.08197455108165741
20160718_FIRE_mw-e-mobo-c,1620,0.015498174354434013
20160718_FIRE_mw-e-mobo-c,1680,0.2902902662754059
20160718_FIRE_mw-e-mobo-c,1740,0.20864734053611755
20160718_FIRE_mw-e-mobo-c,1800,0.07401842623949051
20160718_FIRE_mw-e-mobo-c,1860,0.038609977811574936
20160718_FIRE_mw-e-mobo-c,1920,0.0
20160718_FIRE_mw-e-mobo-c,1980,0.01075869519263506
20160718_FIRE_mw-e-mobo-c,2040,0.0
20160718_FIRE_mw-e-mobo-c,2100,0.0
20160718_FIRE_mw-e-mobo-c,2160,0.0
20160718_FIRE_mw-e-mobo-c,2220,0.015537519939243793
20160718_FIRE_mw-e-mobo-c,2280,0.0
20160718_FIRE_mw-e-mobo-c,2340,0.0
20160718_FIRE_mw-e-mobo-c,2400,0.0
20160722_FIRE_mg-s-iqeye,-2400,0.003455056808888912
20160722_FIRE_mg-s-iqeye,-2280,0.0
20160722_FIRE_mg-s-iqeye,-2160,0.001523672486655414
20160722_FIRE_mg-s-iqeye,-2040,0.0010935507016256452
20160722_FIRE_mg-s-iqeye,-1920,0.0
20160722_FIRE_mg-s-iqeye,-1800,0.0015868397895246744
20160722_FIRE_mg-s-iqeye,-1680,0.0
20160722_FIRE_mg-s-iqeye,-1560,0.0
20160722_FIRE_mg-s-iqeye,-1440,0.0012836270034313202
20160722_FIRE_mg-s-iqeye,-1320,0.003705293172970414
20160722_FIRE_mg-s-iqeye,-1200,0.0031253211200237274
20160722_FIRE_mg-s-iqeye,-1080,0.0
20160722_FIRE_mg-s-iqeye,-960,0.0
20160722_FIRE_mg-s-iqeye,-840,0.0
20160722_FIRE_mg-s-iqeye,-720,0.0018291901797056198
20160722_FIRE_mg-s-iqeye,-600,0.0015279825311154127
20160722_FIRE_mg-s-iqeye,-480,0.0
20160722_FIRE_mg-s-iqeye,-360,0.0011530272895470262
20160722_FIRE_mg-s-iqeye,-240,0.0
20160722_FIRE_mg-s-iqeye,-120,0.0
20160722_FIRE_mg-s-iqeye,0,0.02468579076230526
20160722_FIRE_mg-s-iqeye,120,0.0038226491305977106
20160722_FIRE_mg-s-iqeye,240,0.04994342103600502
20160722_FIRE_mg-s-iqeye,360,0.029535777866840363
20160722_FIRE_mg-s-iqeye,480,0.028952376917004585
20160722_FIRE_mg-s-iqeye,600,0.02669808454811573
20160722_FIRE_mg-s-iqeye,720,0.034885991364717484
20160722_FIRE_mg-s-iqeye,840,0.041549257934093475
20160722_FIRE_mg-s-iqeye,960,0.07754381746053696
20160722_FIRE_mg-s-iqeye,1080,0.03796180710196495
20160722_FIRE_mg-s-iqeye,1200,0.01758946105837822
20160722_FIRE_mg-s-iqeye,1320,0.01299048587679863
20160722_FIRE_mg-s-iqeye,1440,0.004660510923713446
20160722_FIRE_mg-s-iqeye,1560,0.007457752712070942
20160722_FIRE_mg-s-iqeye,1680,0.019678795710206032
20160722_FIRE_mg-s-iqeye,1800,0.02680009976029396
20160722_FIRE_mg-s-iqeye,1920,0.042376305907964706
20160722_FIRE_mg-s-iqeye,2040,0.013483774848282337
20160722_FIRE_mg-s-iqeye,2160,0.0605972558259964
20160722_FIRE_mg-s-iqeye,2280,0.01990041509270668
20160722_FIRE_mg-s-iqeye,2400,0.023431742563843727
20160722_FIRE_mw-e-mobo-c,-2400,0.0
20160722_FIRE_mw-e-mobo-c,-2340,0.0
20160722_FIRE_mw-e-mobo-c,-2280,0.0
20160722_FIRE_mw-e-mobo-c,-2220,0.0
20160722_FIRE_mw-e-mobo-c,-2160,0.0
20160722_FIRE_mw-e-mobo-c,-2100,0.0
20160722_FIRE_mw-e-mobo-c,-2040,0.0
20160722_FIRE_mw-e-mobo-c,-1980,0.0015402567805722356
20160722_FIRE_mw-e-mobo-c,-1920,0.0023881145752966404
20160722_FIRE_mw-e-mobo-c,-1860,0.0010105314431712031
20160722_FIRE_mw-e-mobo-c,-1800,0.002039289567619562
20160722_FIRE_mw-e-mobo-c,-1740,0.0
20160722_FIRE_mw-e-mobo-c,-1680,0.0030290386639535427
20160722_FIRE_mw-e-mobo-c,-1620,0.0
20160722_FIRE_mw-e-mobo-c,-1560,0.0
20160722_FIRE_mw-e-mobo-c,-1500,0.0
20160722_FIRE_mw-e-mobo-c,-1440,0.0014686825452372432
20160722_FIRE_mw-e-mobo-c,-1380,0.0
20160722_FIRE_mw-e-mobo-c,-1320,0.0
20160722_FIRE_mw-e-mobo-c,-1260,0.0
20160722_FIRE_mw-e-mobo-c,-1200,0.0
20160722_FIRE_mw-e-mobo-c,-1140,0.0
20160722_FIRE_mw-e-mobo-c,-1080,0.0017053611809387803
20160722_FIRE_mw-e-mobo-c,-1020,0.0
20160722_FIRE_mw-e-mobo-c,-960,0.002351590199396014
20160722_FIRE_mw-e-mobo-c,-900,0.0
20160722_FIRE_mw-e-mobo-c,-840,0.0
20160722_FIRE_mw-e-mobo-c,-780,0.0
20160722_FIRE_mw-e-mobo-c,-720,0.0
20160722_FIRE_mw-e-mobo-c,-660,0.0
20160722_FIRE_mw-e-mobo-c,-600,0.0
20160722_FIRE_mw-e-mobo-c,-540,0.0
20160722_FIRE_mw-e-mobo-c,-480,0.0
20160722_FIRE_mw-e-mobo-c,-420,0.0
20160722_FIRE_mw-e-mobo-c,-360,0.0
20160722_FIRE_mw-e-mobo-c,-300,0.0
20160722_FIRE_mw-e-mobo-c,-240,0.0
20160722_FIRE_mw-e-mobo-c,-180,0.0
20160722_FIRE_mw-e-mobo-c,-120,0.00201830780133605
20160722_FIRE_mw-e-mobo-c,-60,0.0019818574655801058
20160722_FIRE_mw-e-mobo-c,0,0.0
20160722_FIRE_mw-e-mobo-c,60,0.0014090556651353836
20160722_FIRE_mw-e-mobo-c,120,0.0
20160722_FIRE_mw-e-mobo-c,180,0.0013806787319481373
20160722_FIRE_mw-e-mobo-c,240,0.001965156989172101
20160722_FIRE_mw-e-mobo-c,300,0.0013612339971587062
20160722_FIRE_mw-e-mobo-c,360,0.0
20160722_FIRE_mw-e-mobo-c,420,0.003919672220945358
20160722_FIRE_mw-e-mobo-c,480,0.13751159608364105
20160722_FIRE_mw-e-mobo-c,540,0.003045590128749609
20160722_FIRE_mw-e-mobo-c,600,0.029554178938269615
20160722_FIRE_mw-e-mobo-c,660,0.062070582062006
20160722_FIRE_mw-e-mobo-c,720,0.5690411329269409
20160722_FIRE_mw-e-mobo-c,780,0.506533682346344
20160722_FIRE_mw-e-mobo-c,840,0.6873369216918945
20160722_FIRE_mw-e-mobo-c,900,0.4887125492095947
20160722_FIRE_mw-e-mobo-c,960,0.452389121055603
20160722_FIRE_mw-e-mobo-c,1020,0.4848937690258026
20160722_FIRE_mw-e-mobo-c,1080,0.7535615563392639
20160722_FIRE_mw-e-mobo-c,1140,0.7553290128707886
20160722_FIRE_mw-e-mobo-c,1200,0.6037049889564514
20160722_FIRE_mw-e-mobo-c,1260,0.6713091135025024
20160722_FIRE_mw-e-mobo-c,1320,0.7249298691749573
20160722_FIRE_mw-e-mobo-c,1380,0.29586559534072876
20160722_FIRE_mw-e-mobo-c,1440,0.22375009953975677
20160722_FIRE_mw-e-mobo-c,1500,0.04017312824726105
20160722_FIRE_mw-e-mobo-c,1560,0.6630980968475342
20160722_FIRE_mw-e-mobo-c,1620,0.24497616291046143
20160722_FIRE_mw-e-mobo-c,1680,0.5218019485473633
20160722_FIRE_mw-e-mobo-c,1740,0.836624026298523
20160722_FIRE_mw-e-mobo-c,1800,0.32686561346054077
20160722_FIRE_mw-e-mobo-c,1860,0.7171745300292969
20160722_FIRE_mw-e-mobo-c,1920,0.8269456624984741
20160722_FIRE_mw-e-mobo-c,1980,0.7765674591064453
20160722_FIRE_mw-e-mobo-c,2040,0.6531528830528259
20160722_FIRE_mw-e-mobo-c,2100,0.20033246278762817
20160722_FIRE_mw-e-mobo-c,2160,0.6177765130996704
20160722_FIRE_mw-e-mobo-c,2220,0.6496156454086304
20160722_FIRE_mw-e-mobo-c,2280,0.594732940196991
20160722_FIRE_mw-e-mobo-c,2340,0.5517826080322266
20160722_FIRE_mw-e-mobo-c,2400,0.4327338635921478
20161113_FIRE_bl-n-mobo-c,-2400,0.009980474598705769
20161113_FIRE_bl-n-mobo-c,-2340,0.017460742965340614
20161113_FIRE_bl-n-mobo-c,-2280,0.004018834792077541
20161113_FIRE_bl-n-mobo-c,-2220,0.010625563561916351
20161113_FIRE_bl-n-mobo-c,-2160,0.012350261211395264
20161113_FIRE_bl-n-mobo-c,-2100,0.006633507087826729
20161113_FIRE_bl-n-mobo-c,-2040,0.01063739974051714
20161113_FIRE_bl-n-mobo-c,-1980,0.015251572243869305
20161113_FIRE_bl-n-mobo-c,-1920,0.008113615214824677
20161113_FIRE_bl-n-mobo-c,-1860,0.009082568809390068
20161113_FIRE_bl-n-mobo-c,-1800,0.00952928327023983
20161113_FIRE_bl-n-mobo-c,-1740,0.010422567836940289
20161113_FIRE_bl-n-mobo-c,-1680,0.01760132983326912
20161113_FIRE_bl-n-mobo-c,-1620,0.010442070662975311
20161113_FIRE_bl-n-mobo-c,-1560,0.021338514983654022
20161113_FIRE_bl-n-mobo-c,-1500,0.008642515167593956
20161113_FIRE_bl-n-mobo-c,-1440,0.019074279814958572
20161113_FIRE_bl-n-mobo-c,-1380,0.004865921102464199
20161113_FIRE_bl-n-mobo-c,-1320,0.0060724662616848946
20161113_FIRE_bl-n-mobo-c,-1260,0.013435267843306065
20161113_FIRE_bl-n-mobo-c,-1200,0.01107171643525362
20161113_FIRE_bl-n-mobo-c,-1140,0.006011446472257376
20161113_FIRE_bl-n-mobo-c,-1080,0.00958887580782175
20161113_FIRE_bl-n-mobo-c,-1020,0.011917779222130775
20161113_FIRE_bl-n-mobo-c,-960,0.012336489744484425
20161113_FIRE_bl-n-mobo-c,-900,0.007083806674927473
20161113_FIRE_bl-n-mobo-c,-840,0.009681131690740585
20161113_FIRE_bl-n-mobo-c,-780,0.006302474066615105
20161113_FIRE_bl-n-mobo-c,-720,0.015189861878752708
20161113_FIRE_bl-n-mobo-c,-660,0.009683839045464993
20161113_FIRE_bl-n-mobo-c,-600,0.004247566685080528
20161113_FIRE_bl-n-mobo-c,-540,0.01833105832338333
20161113_FIRE_bl-n-mobo-c,-480,0.00561558036133647
20161113_FIRE_bl-n-mobo-c,-420,0.024142682552337646
20161113_FIRE_bl-n-mobo-c,-360,0.02360764518380165
20161113_FIRE_bl-n-mobo-c,-300,0.008538644760847092
20161113_FIRE_bl-n-mobo-c,-240,0.013835553079843521
20161113_FIRE_bl-n-mobo-c,-180,0.028147462755441666
20161113_FIRE_bl-n-mobo-c,-120,0.012864498421549797
20161113_FIRE_bl-n-mobo-c,-60,0.014313028194010258
20161113_FIRE_bl-n-mobo-c,0,0.02136806957423687
20161113_FIRE_bl-n-mobo-c,60,0.022750258445739746
20161113_FIRE_bl-n-mobo-c,120,0.28431326150894165
20161113_FIRE_bl-n-mobo-c,180,0.4776454567909241
20161113_FIRE_bl-n-mobo-c,240,0.31937557458877563
20161113_FIRE_bl-n-mobo-c,300,0.06714731454849243
20161113_FIRE_bl-n-mobo-c,360,0.15337222814559937
20161113_FIRE_bl-n-mobo-c,420,0.3222786486148834
20161113_FIRE_bl-n-mobo-c,480,0.3856191635131836
20161113_FIRE_bl-n-mobo-c,540,0.28280988335609436
20161113_FIRE_bl-n-mobo-c,600,0.2524632513523102
20161113_FIRE_bl-n-mobo-c,660,0.05175620689988136
20161113_FIRE_bl-n-mobo-c,720,0.14579030871391296
20161113_FIRE_bl-n-mobo-c,780,0.22058723866939545
20161113_FIRE_bl-n-mobo-c,840,0.4508785605430603
20161113_FIRE_bl-n-mobo-c,900,0.219858780503273
20161113_FIRE_bl-n-mobo-c,960,0.5152873992919922
20161113_FIRE_bl-n-mobo-c,1020,0.611108124256134
20161113_FIRE_bl-n-mobo-c,1080,0.45909953117370605
20161113_FIRE_bl-n-mobo-c,1140,0.42225128412246704
20161113_FIRE_bl-n-mobo-c,1200,0.3497665524482727
20161113_FIRE_bl-n-mobo-c,1260,0.09922575205564499
20161113_FIRE_bl-n-mobo-c,1320,0.2243642359972
20161113_FIRE_bl-n-mobo-c,1380,0.1825515478849411
20161113_FIRE_bl-n-mobo-c,1440,0.42169228196144104
20161113_FIRE_bl-n-mobo-c,1500,0.29463842511177063
20161113_FIRE_bl-n-mobo-c,1560,0.2828007936477661
20161113_FIRE_bl-n-mobo-c,1620,0.0867028757929802
20161113_FIRE_bl-n-mobo-c,1680,0.46410393714904785
20161113_FIRE_bl-n-mobo-c,1740,0.2941597104072571
20161113_FIRE_bl-n-mobo-c,1800,0.4868927001953125
20161113_FIRE_bl-n-mobo-c,1860,0.5331851840019226
20161113_FIRE_bl-n-mobo-c,1920,0.485919326543808
20161113_FIRE_bl-n-mobo-c,1980,0.4199073314666748
20161113_FIRE_bl-n-mobo-c,2040,0.4220334589481354
20161113_FIRE_bl-n-mobo-c,2100,0.4516650438308716
20161113_FIRE_bl-n-mobo-c,2160,0.5638391971588135
20161113_FIRE_bl-n-mobo-c,2220,0.5106481313705444
20161113_FIRE_bl-n-mobo-c,2280,0.6272552609443665
20161113_FIRE_bl-n-mobo-c,2340,0.675121009349823
20161113_FIRE_bl-n-mobo-c,2400,0.478085458278656
20161113_FIRE_bm-n-mobo-c,-2400,0.0
20161113_FIRE_bm-n-mobo-c,-2340,0.02765016257762909
20161113_FIRE_bm-n-mobo-c,-2280,0.0032523784320801497
20161113_FIRE_bm-n-mobo-c,-2220,0.0010819645831361413
20161113_FIRE_bm-n-mobo-c,-2160,0.002009417163208127
20161113_FIRE_bm-n-mobo-c,-2100,0.0061322106048464775
20161113_FIRE_bm-n-mobo-c,-2040,0.0027825201395899057
20161113_FIRE_bm-n-mobo-c,-1980,0.0013893407303839922
20161113_FIRE_bm-n-mobo-c,-1920,0.002449703635647893
20161113_FIRE_bm-n-mobo-c,-1860,0.0027052732184529305
20161113_FIRE_bm-n-mobo-c,-1800,0.0017030506860464811
20161113_FIRE_bm-n-mobo-c,-1740,0.0035860585048794746
20161113_FIRE_bm-n-mobo-c,-1680,0.012547927908599377
20161113_FIRE_bm-n-mobo-c,-1620,0.005090536084026098
20161113_FIRE_bm-n-mobo-c,-1560,0.0075742690823972225
20161113_FIRE_bm-n-mobo-c,-1500,0.0035703869070857763
20161113_FIRE_bm-n-mobo-c,-1440,0.001279904623515904
20161113_FIRE_bm-n-mobo-c,-1380,0.004849598743021488
20161113_FIRE_bm-n-mobo-c,-1320,0.002600413514301181
20161113_FIRE_bm-n-mobo-c,-1260,0.0010703993029892445
20161113_FIRE_bm-n-mobo-c,-1200,0.009880662895739079
20161113_FIRE_bm-n-mobo-c,-1140,0.002596723148599267
20161113_FIRE_bm-n-mobo-c,-1080,0.002105131046846509
20161113_FIRE_bm-n-mobo-c,-1020,0.0028947927057743073
20161113_FIRE_bm-n-mobo-c,-960,0.005732676014304161
20161113_FIRE_bm-n-mobo-c,-900,0.002723464509472251
20161113_FIRE_bm-n-mobo-c,-840,0.0016563509125262499
20161113_FIRE_bm-n-mobo-c,-780,0.021716510877013206
20161113_FIRE_bm-n-mobo-c,-720,0.0036179947201162577
20161113_FIRE_bm-n-mobo-c,-660,0.0034080706536769867
20161113_FIRE_bm-n-mobo-c,-600,0.010450148954987526
20161113_FIRE_bm-n-mobo-c,-540,0.004655810538679361
20161113_FIRE_bm-n-mobo-c,-480,0.0018642446957528591
20161113_FIRE_bm-n-mobo-c,-420,0.0024880759883672
20161113_FIRE_bm-n-mobo-c,-360,0.006055018864572048
20161113_FIRE_bm-n-mobo-c,-300,0.00525742257013917
20161113_FIRE_bm-n-mobo-c,-240,0.007665431592613459
20161113_FIRE_bm-n-mobo-c,-180,0.005732083693146706
20161113_FIRE_bm-n-mobo-c,-120,0.0034490791149437428
20161113_FIRE_bm-n-mobo-c,-60,0.004289246629923582
20161113_FIRE_bm-n-mobo-c,0,0.00496864877641201
20161113_FIRE_bm-n-mobo-c,60,0.003767050802707672
20161113_FIRE_bm-n-mobo-c,120,0.006848141085356474
20161113_FIRE_bm-n-mobo-c,180,0.003690376877784729
20161113_FIRE_bm-n-mobo-c,240,0.003927859477698803
20161113_FIRE_bm-n-mobo-c,300,0.0010903084184974432
20161113_FIRE_bm-n-mobo-c,360,0.0034744145814329386
20161113_FIRE_bm-n-mobo-c,420,0.001436773338355124
20161113_FIRE_bm-n-mobo-c,480,0.0020552766509354115
20161113_FIRE_bm-n-mobo-c,540,0.005289682187139988
20161113_FIRE_bm-n-mobo-c,600,0.004808497149497271
20161113_FIRE_bm-n-mobo-c,660,0.001226028660312295
20161113_FIRE_bm-n-mobo-c,720,0.0034768707118928432
20161113_FIRE_bm-n-mobo-c,780,0.009582877159118652
20161113_FIRE_bm-n-mobo-c,840,0.005542829167097807
20161113_FIRE_bm-n-mobo-c,900,0.0043059783056378365
20161113_FIRE_bm-n-mobo-c,960,0.004563314374536276
20161113_FIRE_bm-n-mobo-c,1020,0.0031458281446248293
20161113_FIRE_bm-n-mobo-c,1080,0.0025816946290433407
20161113_FIRE_bm-n-mobo-c,1140,0.0019960287027060986
20161113_FIRE_bm-n-mobo-c,1200,0.005264791660010815
20161113_FIRE_bm-n-mobo-c,1260,0.0
20161113_FIRE_bm-n-mobo-c,1320,0.0171029195189476
20161113_FIRE_bm-n-mobo-c,1380,0.022593596950173378
20161113_FIRE_bm-n-mobo-c,1440,0.0389159619808197
20161113_FIRE_bm-n-mobo-c,1500,0.012977409176528454
20161113_FIRE_bm-n-mobo-c,1560,0.005870284046977758
20161113_FIRE_bm-n-mobo-c,1620,0.028528079390525818
20161113_FIRE_bm-n-mobo-c,1680,0.010627422481775284
20161113_FIRE_bm-n-mobo-c,1740,0.009249887429177761
20161113_FIRE_bm-n-mobo-c,1800,0.01861601695418358
20161113_FIRE_bm-n-mobo-c,1860,0.012825089506804943
20161113_FIRE_bm-n-mobo-c,1920,0.01055786944925785
20161113_FIRE_bm-n-mobo-c,1980,0.015119717456400394
20161113_FIRE_bm-n-mobo-c,2040,0.0036767548881471157
20161113_FIRE_bm-n-mobo-c,2100,0.013856139965355396
20161113_FIRE_bm-n-mobo-c,2160,0.0017973532667383552
20161113_FIRE_bm-n-mobo-c,2220,0.002192782238125801
20161113_FIRE_bm-n-mobo-c,2280,0.004784538410604
20161113_FIRE_bm-n-mobo-c,2340,0.002358444267883897
20161113_FIRE_bm-n-mobo-c,2400,0.0017236185958608985
20161113_FIRE_bm-w-mobo-c,-2400,0.0
20161113_FIRE_bm-w-mobo-c,-2340,0.0
20161113_FIRE_bm-w-mobo-c,-2280,0.0
20161113_FIRE_bm-w-mobo-c,-2220,0.0
20161113_FIRE_bm-w-mobo-c,-2160,0.0
20161113_FIRE_bm-w-mobo-c,-2100,0.0
20161113_FIRE_bm-w-mobo-c,-2040,0.0
20161113_FIRE_bm-w-mobo-c,-1980,0.0
20161113_FIRE_bm-w-mobo-c,-1920,0.0
20161113_FIRE_bm-w-mobo-c,-1860,0.0
20161113_FIRE_bm-w-mobo-c,-1800,0.0
20161113_FIRE_bm-w-mobo-c,-1740,0.0
20161113_FIRE_bm-w-mobo-c,-1680,0.013681200332939625
20161113_FIRE_bm-w-mobo-c,-1620,0.0
20161113_FIRE_bm-w-mobo-c,-1560,0.0
20161113_FIRE_bm-w-mobo-c,-1500,0.0
20161113_FIRE_bm-w-mobo-c,-1440,0.0
20161113_FIRE_bm-w-mobo-c,-1380,0.0
20161113_FIRE_bm-w-mobo-c,-1320,0.004480959381908178
20161113_FIRE_bm-w-mobo-c,-1260,0.0
20161113_FIRE_bm-w-mobo-c,-1200,0.0013286859029904008
20161113_FIRE_bm-w-mobo-c,-1140,0.0
20161113_FIRE_bm-w-mobo-c,-1080,0.0
20161113_FIRE_bm-w-mobo-c,-1020,0.0
20161113_FIRE_bm-w-mobo-c,-960,0.0
20161113_FIRE_bm-w-mobo-c,-900,0.0
20161113_FIRE_bm-w-mobo-c,-840,0.0012525133788585663
20161113_FIRE_bm-w-mobo-c,-780,0.0
20161113_FIRE_bm-w-mobo-c,-720,0.0
20161113_FIRE_bm-w-mobo-c,-660,0.002220526337623596
20161113_FIRE_bm-w-mobo-c,-600,0.0
20161113_FIRE_bm-w-mobo-c,-540,0.0
20161113_FIRE_bm-w-mobo-c,-480,0.0
20161113_FIRE_bm-w-mobo-c,-420,0.0
20161113_FIRE_bm-w-mobo-c,-360,0.0010210225591436028
20161113_FIRE_bm-w-mobo-c,-300,0.0
20161113_FIRE_bm-w-mobo-c,-240,0.0
20161113_FIRE_bm-w-mobo-c,-180,0.0
20161113_FIRE_bm-w-mobo-c,-120,0.0
20161113_FIRE_bm-w-mobo-c,-60,0.0
20161113_FIRE_bm-w-mobo-c,0,0.001954557839781046
20161113_FIRE_bm-w-mobo-c,60,0.0011494614882394671
20161113_FIRE_bm-w-mobo-c,120,0.0
20161113_FIRE_bm-w-mobo-c,180,0.0
20161113_FIRE_bm-w-mobo-c,240,0.001735351630486548
20161113_FIRE_bm-w-mobo-c,300,0.0014550761552527547
20161113_FIRE_bm-w-mobo-c,360,0.02926061674952507
20161113_FIRE_bm-w-mobo-c,420,0.11241912096738815
20161113_FIRE_bm-w-mobo-c,480,0.13044367730617523
20161113_FIRE_bm-w-mobo-c,540,0.2279966026544571
20161113_FIRE_bm-w-mobo-c,600,0.27303004264831543
20161113_FIRE_bm-w-mobo-c,660,0.2556372880935669
20161113_FIRE_bm-w-mobo-c,720,0.07932144403457642
20161113_FIRE_bm-w-mobo-c,780,0.3199222981929779
20161113_FIRE_bm-w-mobo-c,840,0.4754493534564972
20161113_FIRE_bm-w-mobo-c,900,0.45027709007263184
20161113_FIRE_bm-w-mobo-c,960,0.5434346199035645
20161113_FIRE_bm-w-mobo-c,1020,0.5277408361434937
20161113_FIRE_bm-w-mobo-c,1080,0.39510107040405273
20161113_FIRE_bm-w-mobo-c,1140,0.4543839693069458
20161113_FIRE_bm-w-mobo-c,1200,0.5331059098243713
20161113_FIRE_bm-w-mobo-c,1260,0.39072930812835693
20161113_FIRE_bm-w-mobo-c,1320,0.16225165128707886
20161113_FIRE_bm-w-mobo-c,1380,0.297578364610672
20161113_FIRE_bm-w-mobo-c,1440,0.2890963554382324
20161113_FIRE_bm-w-mobo-c,1500,0.08382803946733475
20161113_FIRE_bm-w-mobo-c,1560,0.04658561199903488
20161113_FIRE_bm-w-mobo-c,1620,0.06430738419294357
20161113_FIRE_bm-w-mobo-c,1680,0.01009185891598463
20161113_FIRE_bm-w-mobo-c,1740,0.016456324607133865
20161113_FIRE_bm-w-mobo-c,1800,0.04143422842025757
20161113_FIRE_bm-w-mobo-c,1860,0.04609993100166321
20161113_FIRE_bm-w-mobo-c,1920,0.013739671558141708
20161113_FIRE_bm-w-mobo-c,1980,0.017052724957466125
20161113_FIRE_bm-w-mobo-c,2040,0.004379508085548878
20161113_FIRE_bm-w-mobo-c,2100,0.10230904072523117
20161113_FIRE_bm-w-mobo-c,2160,0.20544594526290894
20161113_FIRE_bm-w-mobo-c,2220,0.14374127984046936
20161113_FIRE_bm-w-mobo-c,2280,0.037948451936244965
20161113_FIRE_bm-w-mobo-c,2340,0.02304024249315262
20161113_FIRE_bm-w-mobo-c,2400,0.14673316478729248
20170519_FIRE_rm-w-mobo-c,-2400,0.0
20170519_FIRE_rm-w-mobo-c,-2340,0.0
20170519_FIRE_rm-w-mobo-c,-2280,0.0
20170519_FIRE_rm-w-mobo-c,-2220,0.0
20170519_FIRE_rm-w-mobo-c,-2160,0.0
20170519_FIRE_rm-w-mobo-c,-2100,0.0
20170519_FIRE_rm-w-mobo-c,-2040,0.0
20170519_FIRE_rm-w-mobo-c,-1980,0.0
20170519_FIRE_rm-w-mobo-c,-1920,0.0
20170519_FIRE_rm-w-mobo-c,-1860,0.0
20170519_FIRE_rm-w-mobo-c,-1800,0.003293982706964016
20170519_FIRE_rm-w-mobo-c,-1740,0.023756545037031174
20170519_FIRE_rm-w-mobo-c,-1680,0.0
20170519_FIRE_rm-w-mobo-c,-1620,0.0
20170519_FIRE_rm-w-mobo-c,-1560,0.0
20170519_FIRE_rm-w-mobo-c,-1500,0.0
20170519_FIRE_rm-w-mobo-c,-1440,0.0
20170519_FIRE_rm-w-mobo-c,-1380,0.0
20170519_FIRE_rm-w-mobo-c,-1320,0.0
20170519_FIRE_rm-w-mobo-c,-1260,0.0
20170519_FIRE_rm-w-mobo-c,-1200,0.0
20170519_FIRE_rm-w-mobo-c,-1140,0.0
20170519_FIRE_rm-w-mobo-c,-1080,0.0
20170519_FIRE_rm-w-mobo-c,-1020,0.0010466314852237701
20170519_FIRE_rm-w-mobo-c,-960,0.0
20170519_FIRE_rm-w-mobo-c,-900,0.0
20170519_FIRE_rm-w-mobo-c,-840,0.0
20170519_FIRE_rm-w-mobo-c,-780,0.0
20170519_FIRE_rm-w-mobo-c,-720,0.0
20170519_FIRE_rm-w-mobo-c,-660,0.0
20170519_FIRE_rm-w-mobo-c,-600,0.0
20170519_FIRE_rm-w-mobo-c,-540,0.0
20170519_FIRE_rm-w-mobo-c,-480,0.0
20170519_FIRE_rm-w-mobo-c,-420,0.0
20170519_FIRE_rm-w-mobo-c,-360,0.0
20170519_FIRE_rm-w-mobo-c,-300,0.0
20170519_FIRE_rm-w-mobo-c,-240,0.0
20170519_FIRE_rm-w-mobo-c,-180,0.0
20170519_FIRE_rm-w-mobo-c,-120,0.0
20170519_FIRE_rm-w-mobo-c,-60,0.0
20170519_FIRE_rm-w-mobo-c,0,0.0
20170519_FIRE_rm-w-mobo-c,60,0.0
20170519_FIRE_rm-w-mobo-c,120,0.0
20170519_FIRE_rm-w-mobo-c,180,0.0
20170519_FIRE_rm-w-mobo-c,240,0.0
20170519_FIRE_rm-w-mobo-c,300,0.0
20170519_FIRE_rm-w-mobo-c,360,0.0
20170519_FIRE_rm-w-mobo-c,420,0.0
20170519_FIRE_rm-w-mobo-c,480,0.0
20170519_FIRE_rm-w-mobo-c,540,0.0
20170519_FIRE_rm-w-mobo-c,600,0.0
20170519_FIRE_rm-w-mobo-c,660,0.0
20170519_FIRE_rm-w-mobo-c,720,0.0
20170519_FIRE_rm-w-mobo-c,780,0.0012680660001933575
20170519_FIRE_rm-w-mobo-c,840,0.005729377269744873
20170519_FIRE_rm-w-mobo-c,900,0.008483907207846642
20170519_FIRE_rm-w-mobo-c,960,0.002205611439421773
20170519_FIRE_rm-w-mobo-c,1020,0.0
20170519_FIRE_rm-w-mobo-c,1080,0.00274844653904438
20170519_FIRE_rm-w-mobo-c,1140,0.03380315378308296
20170519_FIRE_rm-w-mobo-c,1200,0.25717511773109436
20170519_FIRE_rm-w-mobo-c,1260,0.28745049238204956
20170519_FIRE_rm-w-mobo-c,1320,0.1325296312570572
20170519_FIRE_rm-w-mobo-c,1380,0.19168604910373688
20170519_FIRE_rm-w-mobo-c,1440,0.0028291537892073393
20170519_FIRE_rm-w-mobo-c,1500,0.10299565643072128
20170519_FIRE_rm-w-mobo-c,1560,0.3784847855567932
20170519_FIRE_rm-w-mobo-c,1620,0.42239701747894287
20170519_FIRE_rm-w-mobo-c,1680,0.21062424778938293
20170519_FIRE_rm-w-mobo-c,1740,0.06409447640180588
20170519_FIRE_rm-w-mobo-c,1800,0.44834956526756287
20170519_FIRE_rm-w-mobo-c,1860,0.3767346739768982
20170519_FIRE_rm-w-mobo-c,1920,0.1391715705394745
20170519_FIRE_rm-w-mobo-c,1980,0.004992648493498564
20170519_FIRE_rm-w-mobo-c,2040,0.021463530138134956
20170519_FIRE_rm-w-mobo-c,2100,0.25762346386909485
20170519_FIRE_rm-w-mobo-c,2160,0.20818334817886353
20170519_FIRE_rm-w-mobo-c,2220,0.08894780278205872
20170519_FIRE_rm-w-mobo-c,2280,0.364465594291687
20170519_FIRE_rm-w-mobo-c,2340,0.2732602655887604
20170519_FIRE_rm-w-mobo-c,2400,0.20249922573566437
20170520_FIRE_lp-s-iqeye,-2400,0.0016017205780372024
20170520_FIRE_lp-s-iqeye,-2340,0.0
20170520_FIRE_lp-s-iqeye,-2280,0.0
20170520_FIRE_lp-s-iqeye,-2220,0.0
20170520_FIRE_lp-s-iqeye,-2160,0.0
20170520_FIRE_lp-s-iqeye,-2100,0.0
20170520_FIRE_lp-s-iqeye,-2040,0.0010596243664622307
20170520_FIRE_lp-s-iqeye,-1980,0.0
20170520_FIRE_lp-s-iqeye,-1920,0.0
20170520_FIRE_lp-s-iqeye,-1860,0.0
20170520_FIRE_lp-s-iqeye,-1800,0.0
20170520_FIRE_lp-s-iqeye,-1740,0.0
20170520_FIRE_lp-s-iqeye,-1680,0.0
20170520_FIRE_lp-s-iqeye,-1620,0.0
20170520_FIRE_lp-s-iqeye,-1560,0.0
20170520_FIRE_lp-s-iqeye,-1500,0.0
20170520_FIRE_lp-s-iqeye,-1440,0.0
20170520_FIRE_lp-s-iqeye,-1380,0.0
20170520_FIRE_lp-s-iqeye,-1320,0.0
20170520_FIRE_lp-s-iqeye,-1260,0.0016148369759321213
20170520_FIRE_lp-s-iqeye,-1200,0.0
20170520_FIRE_lp-s-iqeye,-1140,0.0
20170520_FIRE_lp-s-iqeye,-1080,0.0018998112063854933
20170520_FIRE_lp-s-iqeye,-1020,0.0025456969160586596
20170520_FIRE_lp-s-iqeye,-960,0.0017440610099583864
20170520_FIRE_lp-s-iqeye,-900,0.0
20170520_FIRE_lp-s-iqeye,-840,0.0
20170520_FIRE_lp-s-iqeye,-780,0.002900567837059498
20170520_FIRE_lp-s-iqeye,-720,0.005423467606306076
20170520_FIRE_lp-s-iqeye,-660,0.0012327806325629354
20170520_FIRE_lp-s-iqeye,-600,0.0018683510133996606
20170520_FIRE_lp-s-iqeye,-540,0.0
20170520_FIRE_lp-s-iqeye,-480,0.0
20170520_FIRE_lp-s-iqeye,-420,0.0014296473236754537
20170520_FIRE_lp-s-iqeye,-360,0.0019625392742455006
20170520_FIRE_lp-s-iqeye,-300,0.003358649555593729
20170520_FIRE_lp-s-iqeye,-240,0.0
20170520_FIRE_lp-s-iqeye,-180,0.0011417587520554662
20170520_FIRE_lp-s-iqeye,-120,0.0
20170520_FIRE_lp-s-iqeye,-60,0.0011696540750563145
20170520_FIRE_lp-s-iqeye,0,0.5209702849388123
20170520_FIRE_lp-s-iqeye,60,0.7399407029151917
20170520_FIRE_lp-s-iqeye,120,0.4904431402683258
20170520_FIRE_lp-s-iqeye,180,0.7862903475761414
20170520_FIRE_lp-s-iqeye,240,0.8231073617935181
20170520_FIRE_lp-s-iqeye,300,0.8779774904251099
20170520_FIRE_lp-s-iqeye,360,0.7543138265609741
20170520_FIRE_lp-s-iqeye,420,0.6056894063949585
20170520_FIRE_lp-s-iqeye,480,0.6955485343933105
20170520_FIRE_lp-s-iqeye,540,0.5094035267829895
20170520_FIRE_lp-s-iqeye,600,0.49513110518455505
20170520_FIRE_lp-s-iqeye,660,0.34927067160606384
20170520_FIRE_lp-s-iqeye,720,0.5483309626579285
20170520_FIRE_lp-s-iqeye,780,0.6228054165840149
20170520_FIRE_lp-s-iqeye,840,0.4185355603694916
20170520_FIRE_lp-s-iqeye,900,0.3258418142795563
20170520_FIRE_lp-s-iqeye,960,0.337248831987381
20170520_FIRE_lp-s-iqeye,1020,0.6102712750434875
20170520_FIRE_lp-s-iqeye,1080,0.19022397696971893
20170520_FIRE_lp-s-iqeye,1140,0.2847180962562561
20170520_FIRE_lp-s-iqeye,1200,0.48055437207221985
20170520_FIRE_lp-s-iqeye,1260,0.5079022645950317
20170520_FIRE_lp-s-iqeye,1320,0.47275984287261963
20170520_FIRE_lp-s-iqeye,1380,0.44458478689193726
20170520_FIRE_lp-s-iqeye,1440,0.3020138144493103
20170520_FIRE_lp-s-iqeye,1500,0.297978013753891
20170520_FIRE_lp-s-iqeye,1560,0.3515109419822693
20170520_FIRE_lp-s-iqeye,1620,0.3644680380821228
20170520_FIRE_lp-s-iqeye,1680,0.6191497445106506
20170520_FIRE_lp-s-iqeye,1740,0.31419211626052856
20170520_FIRE_lp-s-iqeye,1800,0.4305117726325989
20170520_FIRE_lp-s-iqeye,1860,0.40893906354904175
20170520_FIRE_lp-s-iqeye,1920,0.5281350612640381
20170520_FIRE_lp-s-iqeye,1980,0.45752689242362976
20170520_FIRE_lp-s-iqeye,2040,0.4181293845176697
20170520_FIRE_lp-s-iqeye,2100,0.7041276693344116
20170520_FIRE_lp-s-iqeye,2160,0.7046294212341309
20170520_FIRE_lp-s-iqeye,2220,0.5920592546463013
20170520_FIRE_lp-s-iqeye,2280,0.37018680572509766
20170520_FIRE_lp-s-iqeye,2340,0.1923525333404541
20170520_FIRE_lp-s-iqeye,2400,0.27248862385749817
20170520_FIRE_om-s-mobo-c,-840,0.06113852187991142
20170520_FIRE_om-s-mobo-c,-780,0.03969943895936012
20170520_FIRE_om-s-mobo-c,-720,0.04999418184161186
20170520_FIRE_om-s-mobo-c,-660,0.08160088956356049
20170520_FIRE_om-s-mobo-c,-600,0.0631425604224205
20170520_FIRE_om-s-mobo-c,-540,0.048517242074012756
20170520_FIRE_om-s-mobo-c,-480,0.008378095924854279
20170520_FIRE_om-s-mobo-c,-420,0.026684848591685295
20170520_FIRE_om-s-mobo-c,-360,0.038580410182476044
20170520_FIRE_om-s-mobo-c,-300,0.0601649284362793
20170520_FIRE_om-s-mobo-c,-240,0.02976474165916443
20170520_FIRE_om-s-mobo-c,-180,0.020002147182822227
20170520_FIRE_om-s-mobo-c,-120,0.030293980613350868
20170520_FIRE_om-s-mobo-c,-60,0.0466933511197567
20170520_FIRE_om-s-mobo-c,0,0.03450159728527069
20170520_FIRE_om-s-mobo-c,60,0.04246683046221733
20170520_FIRE_om-s-mobo-c,120,0.06544848531484604
20170520_FIRE_om-s-mobo-c,180,0.024355269968509674
20170520_FIRE_om-s-mobo-c,240,0.06130156293511391
20170520_FIRE_om-s-mobo-c,300,0.020228788256645203
20170520_FIRE_om-s-mobo-c,360,0.02732681669294834
20170520_FIRE_om-s-mobo-c,420,0.034940652549266815
20170520_FIRE_om-s-mobo-c,480,0.07860124111175537
20170520_FIRE_om-s-mobo-c,540,0.028959054499864578
20170520_FIRE_om-s-mobo-c,600,0.06854882091283798
20170520_FIRE_om-s-mobo-c,660,0.042575377970933914
20170520_FIRE_om-s-mobo-c,720,0.012721456587314606
20170520_FIRE_om-s-mobo-c,780,0.03480470925569534
20170520_FIRE_om-s-mobo-c,840,0.07738176733255386
20170520_FIRE_om-s-mobo-c,900,0.08465482294559479
20170520_FIRE_om-s-mobo-c,960,0.028521649539470673
20170520_FIRE_om-s-mobo-c,1020,0.014442482963204384
20170520_FIRE_om-s-mobo-c,1080,0.044474270194768906
20170520_FIRE_om-s-mobo-c,1140,0.06325830519199371
20170520_FIRE_om-s-mobo-c,1200,0.02983577735722065
20170520_FIRE_om-s-mobo-c,1260,0.050969332456588745
20170520_FIRE_om-s-mobo-c,1320,0.04123600572347641
20170520_FIRE_om-s-mobo-c,1380,0.0854860469698906
20170520_FIRE_om-s-mobo-c,1440,0.19613346457481384
20170520_FIRE_om-s-mobo-c,1500,0.08997560292482376
20170520_FIRE_om-s-mobo-c,1560,0.08960117399692535
20170520_FIRE_om-s-mobo-c,1620,0.18814025819301605
20170520_FIRE_om-s-mobo-c,1680,0.11413660645484924
20170520_FIRE_om-s-mobo-c,1740,0.09739714115858078
20170520_FIRE_om-s-mobo-c,1800,0.08614537864923477
20170520_FIRE_om-s-mobo-c,1860,0.07758944481611252
20170520_FIRE_om-s-mobo-c,1920,0.07724016159772873
20170520_FIRE_om-s-mobo-c,1980,0.08524978160858154
20170520_FIRE_om-s-mobo-c,2040,0.04952285811305046
20170520_FIRE_om-s-mobo-c,2100,0.039014894515275955
20170520_FIRE_om-s-mobo-c,2160,0.10756456851959229
20170520_FIRE_om-s-mobo-c,2220,0.05554652586579323
20170520_FIRE_om-s-mobo-c,2280,0.05647914484143257
20170520_FIRE_om-s-mobo-c,2340,0.12231384217739105
20170520_FIRE_om-s-mobo-c,2400,0.08304500579833984
20170520_FIRE_pi-s-mobo-c,-2400,0.0
20170520_FIRE_pi-s-mobo-c,-2340,0.0
20170520_FIRE_pi-s-mobo-c,-2280,0.0
20170520_FIRE_pi-s-mobo-c,-2220,0.0010503558441996574
20170520_FIRE_pi-s-mobo-c,-2160,0.0
20170520_FIRE_pi-s-mobo-c,-2100,0.0
20170520_FIRE_pi-s-mobo-c,-2040,0.0
20170520_FIRE_pi-s-mobo-c,-1980,0.001741405576467514
20170520_FIRE_pi-s-mobo-c,-1920,0.0
20170520_FIRE_pi-s-mobo-c,-1860,0.0
20170520_FIRE_pi-s-mobo-c,-1800,0.0
20170520_FIRE_pi-s-mobo-c,-1740,0.0
20170520_FIRE_pi-s-mobo-c,-1680,0.001729033188894391
20170520_FIRE_pi-s-mobo-c,-1620,0.0
20170520_FIRE_pi-s-mobo-c,-1560,0.0
20170520_FIRE_pi-s-mobo-c,-1500,0.0
20170520_FIRE_pi-s-mobo-c,-1440,0.0
20170520_FIRE_pi-s-mobo-c,-1380,0.0
20170520_FIRE_pi-s-mobo-c,-1320,0.0
20170520_FIRE_pi-s-mobo-c,-1260,0.0
20170520_FIRE_pi-s-mobo-c,-1200,0.0017441331874579191
20170520_FIRE_pi-s-mobo-c,-1140,0.0
20170520_FIRE_pi-s-mobo-c,-1080,0.0
20170520_FIRE_pi-s-mobo-c,-1020,0.0
20170520_FIRE_pi-s-mobo-c,-960,0.0
20170520_FIRE_pi-s-mobo-c,-900,0.0
20170520_FIRE_pi-s-mobo-c,-840,0.0
20170520_FIRE_pi-s-mobo-c,-780,0.0
20170520_FIRE_pi-s-mobo-c,-720,0.0
20170520_FIRE_pi-s-mobo-c,-660,0.0
20170520_FIRE_pi-s-mobo-c,-600,0.00893043540418148
20170520_FIRE_pi-s-mobo-c,-540,0.0
20170520_FIRE_pi-s-mobo-c,-480,0.0
20170520_FIRE_pi-s-mobo-c,-420,0.0
20170520_FIRE_pi-s-mobo-c,-360,0.0
20170520_FIRE_pi-s-mobo-c,-300,0.0
20170520_FIRE_pi-s-mobo-c,-240,0.0
20170520_FIRE_pi-s-mobo-c,-180,0.0011603758903220296
20170520_FIRE_pi-s-mobo-c,-120,0.0
20170520_FIRE_pi-s-mobo-c,-60,0.0
20170520_FIRE_pi-s-mobo-c,0,0.0
20170520_FIRE_pi-s-mobo-c,60,0.0
20170520_FIRE_pi-s-mobo-c,120,0.001740588340908289
20170520_FIRE_pi-s-mobo-c,180,0.0
20170520_FIRE_pi-s-mobo-c,240,0.0
20170520_FIRE_pi-s-mobo-c,300,0.0
20170520_FIRE_pi-s-mobo-c,360,0.0
20170520_FIRE_pi-s-mobo-c,420,0.0
20170520_FIRE_pi-s-mobo-c,480,0.0
20170520_FIRE_pi-s-mobo-c,540,0.0010792736429721117
20170520_FIRE_pi-s-mobo-c,600,0.0010968000860884786
20170520_FIRE_pi-s-mobo-c,660,0.0
20170520_FIRE_pi-s-mobo-c,720,0.0
20170520_FIRE_pi-s-mobo-c,780,0.0011261120671406388
20170520_FIRE_pi-s-mobo-c,840,0.0
20170520_FIRE_pi-s-mobo-c,900,0.0
20170520_FIRE_pi-s-mobo-c,960,0.0
20170520_FIRE_pi-s-mobo-c,1020,0.0
20170520_FIRE_pi-s-mobo-c,1080,0.0
20170520_FIRE_pi-s-mobo-c,1140,0.0
20170520_FIRE_pi-s-mobo-c,1200,0.0
20170520_FIRE_pi-s-mobo-c,1260,0.0014996135141700506
20170520_FIRE_pi-s-mobo-c,1320,0.0
20170520_FIRE_pi-s-mobo-c,1380,0.0
20170520_FIRE_pi-s-mobo-c,1440,0.0
20170520_FIRE_pi-s-mobo-c,1500,0.002052855445072055
20170520_FIRE_pi-s-mobo-c,1560,0.0014791538706049323
20170520_FIRE_pi-s-mobo-c,1620,0.0
20170520_FIRE_pi-s-mobo-c,1680,0.0010667298920452595
20170520_FIRE_pi-s-mobo-c,1740,0.0
20170520_FIRE_pi-s-mobo-c,1800,0.0
20170520_FIRE_pi-s-mobo-c,1860,0.0
20170520_FIRE_pi-s-mobo-c,1920,0.0
20170520_FIRE_pi-s-mobo-c,1980,0.0
20170520_FIRE_pi-s-mobo-c,2040,0.0
20170520_FIRE_pi-s-mobo-c,2100,0.0
20170520_FIRE_pi-s-mobo-c,2160,0.0
20170520_FIRE_pi-s-mobo-c,2220,0.0
20170520_FIRE_pi-s-mobo-c,2280,0.0
20170520_FIRE_pi-s-mobo-c,2340,0.0
20170520_FIRE_pi-s-mobo-c,2400,0.0012180099729448557
20170520_FIRE_pi-w-mobo-c,-2400,0.00523366266861558
20170520_FIRE_pi-w-mobo-c,-2340,0.004800979979336262
20170520_FIRE_pi-w-mobo-c,-2280,0.0037748790346086025
20170520_FIRE_pi-w-mobo-c,-2220,0.004767369944602251
20170520_FIRE_pi-w-mobo-c,-2160,0.002610683673992753
20170520_FIRE_pi-w-mobo-c,-2100,0.0021220017224550247
20170520_FIRE_pi-w-mobo-c,-2040,0.0016634626081213355
20170520_FIRE_pi-w-mobo-c,-1980,0.0
20170520_FIRE_pi-w-mobo-c,-1920,0.006392353679984808
20170520_FIRE_pi-w-mobo-c,-1860,0.0013040947960689664
20170520_FIRE_pi-w-mobo-c,-1800,0.0017939413664862514
20170520_FIRE_pi-w-mobo-c,-1740,0.0022924914956092834
20170520_FIRE_pi-w-mobo-c,-1680,0.00663934787735343
20170520_FIRE_pi-w-mobo-c,-1620,0.0015623167855665088
20170520_FIRE_pi-w-mobo-c,-1560,0.010158604942262173
20170520_FIRE_pi-w-mobo-c,-1500,0.00426753144711256
20170520_FIRE_pi-w-mobo-c,-1440,0.02390485256910324
20170520_FIRE_pi-w-mobo-c,-1380,0.0
20170520_FIRE_pi-w-mobo-c,-1320,0.005236784461885691
20170520_FIRE_pi-w-mobo-c,-1260,0.0036674176808446646
20170520_FIRE_pi-w-mobo-c,-1200,0.0
20170520_FIRE_pi-w-mobo-c,-1140,0.0013958131894469261
20170520_FIRE_pi-w-mobo-c,-1080,0.012619095854461193
20170520_FIRE_pi-w-mobo-c,-1020,0.0029172918293625116
20170520_FIRE_pi-w-mobo-c,-960,0.0
20170520_FIRE_pi-w-mobo-c,-900,0.0014110032934695482
20170520_FIRE_pi-w-mobo-c,-840,0.0
20170520_FIRE_pi-w-mobo-c,-780,0.0011814918834716082
20170520_FIRE_pi-w-mobo-c,-720,0.0
20170520_FIRE_pi-w-mobo-c,-660,0.0
20170520_FIRE_pi-w-mobo-c,-600,0.007134843617677689
20170520_FIRE_pi-w-mobo-c,-540,0.00112160702701658
20170520_FIRE_pi-w-mobo-c,-480,0.00352225499227643
20170520_FIRE_pi-w-mobo-c,-420,0.0016297324327751994
20170520_FIRE_pi-w-mobo-c,-360,0.0015112493420019746
20170520_FIRE_pi-w-mobo-c,-300,0.0013695263769477606
20170520_FIRE_pi-w-mobo-c,-240,0.0
20170520_FIRE_pi-w-mobo-c,-180,0.005176779348403215
20170520_FIRE_pi-w-mobo-c,-120,0.0015146731166169047
20170520_FIRE_pi-w-mobo-c,-60,0.004054243676364422
20170520_FIRE_pi-w-mobo-c,0,0.004895058460533619
20170520_FIRE_pi-w-mobo-c,60,0.0039334227330982685
20170520_FIRE_pi-w-mobo-c,120,0.0021175697911530733
20170520_FIRE_pi-w-mobo-c,180,0.0025000134482979774
20170520_FIRE_pi-w-mobo-c,240,0.002160655800253153
20170520_FIRE_pi-w-mobo-c,300,0.0
20170520_FIRE_pi-w-mobo-c,360,0.0
20170520_FIRE_pi-w-mobo-c,420,0.0
20170520_FIRE_pi-w-mobo-c,480,0.028185993432998657
20170520_FIRE_pi-w-mobo-c,540,0.45664212107658386
20170520_FIRE_pi-w-mobo-c,600,0.15249955654144287
20170520_FIRE_pi-w-mobo-c,660,0.3747962713241577
20170520_FIRE_pi-w-mobo-c,720,0.5371124744415283
20170520_FIRE_pi-w-mobo-c,780,0.24559101462364197
20170520_FIRE_pi-w-mobo-c,840,0.07871497422456741
20170520_FIRE_pi-w-mobo-c,900,0.13752202689647675
20170520_FIRE_pi-w-mobo-c,960,0.22751455008983612
20170520_FIRE_pi-w-mobo-c,1020,0.3526400327682495
20170520_FIRE_pi-w-mobo-c,1080,0.39916837215423584
20170520_FIRE_pi-w-mobo-c,1140,0.03492036461830139
20170520_FIRE_pi-w-mobo-c,1200,0.14873787760734558
20170520_FIRE_pi-w-mobo-c,1260,0.07132790982723236
20170520_FIRE_pi-w-mobo-c,1320,0.15145722031593323
20170520_FIRE_pi-w-mobo-c,1380,0.23714977502822876
20170520_FIRE_pi-w-mobo-c,1440,0.09918563812971115
20170520_FIRE_pi-w-mobo-c,1500,0.06032673269510269
20170520_FIRE_pi-w-mobo-c,1560,0.020462723448872566
20170520_FIRE_pi-w-mobo-c,1620,0.131263867020607
20170520_FIRE_pi-w-mobo-c,1680,0.38894402980804443
20170520_FIRE_pi-w-mobo-c,1740,0.388973206281662
20170520_FIRE_pi-w-mobo-c,1800,0.04135435074567795
20170520_FIRE_pi-w-mobo-c,1860,0.18347643315792084
20170520_FIRE_pi-w-mobo-c,1920,0.31441569328308105
20170520_FIRE_pi-w-mobo-c,1980,0.34380996227264404
20170520_FIRE_pi-w-mobo-c,2040,0.41046595573425293
20170520_FIRE_pi-w-mobo-c,2100,0.26249220967292786
20170520_FIRE_pi-w-mobo-c,2160,0.5364808440208435
20170520_FIRE_pi-w-mobo-c,2220,0.35703974962234497
20170520_FIRE_pi-w-mobo-c,2280,0.5812709331512451
20170520_FIRE_pi-w-mobo-c,2340,0.15557809174060822
20170520_FIRE_pi-w-mobo-c,2400,0.5138747096061707
20170609_FIRE_sm-n-mobo-c,-2400,0.0
20170609_FIRE_sm-n-mobo-c,-2340,0.0
20170609_FIRE_sm-n-mobo-c,-2280,0.0
20170609_FIRE_sm-n-mobo-c,-2220,0.0
20170609_FIRE_sm-n-mobo-c,-2160,0.0
20170609_FIRE_sm-n-mobo-c,-2100,0.0
20170609_FIRE_sm-n-mobo-c,-2040,0.0
20170609_FIRE_sm-n-mobo-c,-1980,0.0
20170609_FIRE_sm-n-mobo-c,-1920,0.0
20170609_FIRE_sm-n-mobo-c,-1860,0.0
20170609_FIRE_sm-n-mobo-c,-1800,0.0
20170609_FIRE_sm-n-mobo-c,-1740,0.0
20170609_FIRE_sm-n-mobo-c,-1680,0.001020400202833116
20170609_FIRE_sm-n-mobo-c,-1620,0.001511894864961505
20170609_FIRE_sm-n-mobo-c,-1560,0.0
20170609_FIRE_sm-n-mobo-c,-1500,0.0
20170609_FIRE_sm-n-mobo-c,-1440,0.0
20170609_FIRE_sm-n-mobo-c,-1380,0.0
20170609_FIRE_sm-n-mobo-c,-1320,0.0
20170609_FIRE_sm-n-mobo-c,-1260,0.0011111843632534146
20170609_FIRE_sm-n-mobo-c,-1200,0.0016626082360744476
20170609_FIRE_sm-n-mobo-c,-1140,0.0
20170609_FIRE_sm-n-mobo-c,-1080,0.0025514790322631598
20170609_FIRE_sm-n-mobo-c,-1020,0.0010330131044611335
20170609_FIRE_sm-n-mobo-c,-960,0.0
20170609_FIRE_sm-n-mobo-c,-900,0.0
20170609_FIRE_sm-n-mobo-c,-840,0.0
20170609_FIRE_sm-n-mobo-c,-780,0.0015085204504430294
20170609_FIRE_sm-n-mobo-c,-720,0.0
20170609_FIRE_sm-n-mobo-c,-660,0.0
20170609_FIRE_sm-n-mobo-c,-600,0.0
20170609_FIRE_sm-n-mobo-c,-540,0.0
20170609_FIRE_sm-n-mobo-c,-480,0.001002745470032096
20170609_FIRE_sm-n-mobo-c,-420,0.001272047171369195
20170609_FIRE_sm-n-mobo-c,-360,0.0
20170609_FIRE_sm-n-mobo-c,-300,0.0
20170609_FIRE_sm-n-mobo-c,-240,0.0
20170609_FIRE_sm-n-mobo-c,-180,0.0
20170609_FIRE_sm-n-mobo-c,-120,0.0
20170609_FIRE_sm-n-mobo-c,-60,0.0011124860029667616
20170609_FIRE_sm-n-mobo-c,0,0.0
20170609_FIRE_sm-n-mobo-c,60,0.001249071559868753
20170609_FIRE_sm-n-mobo-c,120,0.0
20170609_FIRE_sm-n-mobo-c,180,0.0
20170609_FIRE_sm-n-mobo-c,240,0.0
20170609_FIRE_sm-n-mobo-c,300,0.0
20170609_FIRE_sm-n-mobo-c,360,0.0027791031170636415
20170609_FIRE_sm-n-mobo-c,420,0.0
20170609_FIRE_sm-n-mobo-c,480,0.0011981119168922305
20170609_FIRE_sm-n-mobo-c,540,0.0013858698075637221
20170609_FIRE_sm-n-mobo-c,600,0.0019260287517681718
20170609_FIRE_sm-n-mobo-c,660,0.0019593103788793087
20170609_FIRE_sm-n-mobo-c,720,0.0014365467941388488
20170609_FIRE_sm-n-mobo-c,780,0.0014465736458078027
20170609_FIRE_sm-n-mobo-c,840,0.002845480339601636
20170609_FIRE_sm-n-mobo-c,900,0.0
20170609_FIRE_sm-n-mobo-c,960,0.0
20170609_FIRE_sm-n-mobo-c,1020,0.0
20170609_FIRE_sm-n-mobo-c,1080,0.0026528690941631794
20170609_FIRE_sm-n-mobo-c,1140,0.0011116607347503304
20170609_FIRE_sm-n-mobo-c,1200,0.0028817029669880867
20170609_FIRE_sm-n-mobo-c,1260,0.009393970482051373
20170609_FIRE_sm-n-mobo-c,1320,0.0
20170609_FIRE_sm-n-mobo-c,1380,0.0010552292224019766
20170609_FIRE_sm-n-mobo-c,1440,0.0
20170609_FIRE_sm-n-mobo-c,1500,0.0
20170609_FIRE_sm-n-mobo-c,1560,0.047235019505023956
20170609_FIRE_sm-n-mobo-c,1620,0.08780217170715332
20170609_FIRE_sm-n-mobo-c,1680,0.006114743184298277
20170609_FIRE_sm-n-mobo-c,1740,0.014737951569259167
20170609_FIRE_sm-n-mobo-c,1800,0.2519664764404297
20170609_FIRE_sm-n-mobo-c,1860,0.5111292004585266
20170609_FIRE_sm-n-mobo-c,1920,0.131576806306839
20170609_FIRE_sm-n-mobo-c,1980,0.45560556650161743
20170609_FIRE_sm-n-mobo-c,2040,0.6739731431007385
20170609_FIRE_sm-n-mobo-c,2100,0.6878862380981445
20170609_FIRE_sm-n-mobo-c,2160,0.6625539660453796
20170609_FIRE_sm-n-mobo-c,2220,0.6298208832740784
20170609_FIRE_sm-n-mobo-c,2280,0.6483685374259949
20170609_FIRE_sm-n-mobo-c,2340,0.21656115353107452
20170609_FIRE_sm-n-mobo-c,2400,0.7780782580375671
20170613_FIRE_bh-w-mobo-c,-2400,0.0016747803892940283
20170613_FIRE_bh-w-mobo-c,-2340,0.0012785333674401045
20170613_FIRE_bh-w-mobo-c,-2280,0.0020825692918151617
20170613_FIRE_bh-w-mobo-c,-2220,0.0
20170613_FIRE_bh-w-mobo-c,-2160,0.0013555889017879963
20170613_FIRE_bh-w-mobo-c,-2100,0.0017363546648994088
20170613_FIRE_bh-w-mobo-c,-2040,0.0025405080523341894
20170613_FIRE_bh-w-mobo-c,-1980,0.0018176601734012365
20170613_FIRE_bh-w-mobo-c,-1920,0.004138436634093523
20170613_FIRE_bh-w-mobo-c,-1860,0.002192532643675804
20170613_FIRE_bh-w-mobo-c,-1800,0.0021920977160334587
20170613_FIRE_bh-w-mobo-c,-1740,0.0021626739762723446
20170613_FIRE_bh-w-mobo-c,-1680,0.0028937358874827623
20170613_FIRE_bh-w-mobo-c,-1620,0.0
20170613_FIRE_bh-w-mobo-c,-1560,0.005615737289190292
20170613_FIRE_bh-w-mobo-c,-1500,0.001047055353410542
20170613_FIRE_bh-w-mobo-c,-1440,0.0011892811162397265
20170613_FIRE_bh-w-mobo-c,-1380,0.0012904450995847583
20170613_FIRE_bh-w-mobo-c,-1320,0.0020425061229616404
20170613_FIRE_bh-w-mobo-c,-1260,0.0019731130450963974
20170613_FIRE_bh-w-mobo-c,-1200,0.0
20170613_FIRE_bh-w-mobo-c,-1140,0.00153977214358747
20170613_FIRE_bh-w-mobo-c,-1080,0.0014157877303659916
20170613_FIRE_bh-w-mobo-c,-1020,0.0017757000168785453
20170613_FIRE_bh-w-mobo-c,-960,0.0014300503535196185
20170613_FIRE_bh-w-mobo-c,-900,0.0
20170613_FIRE_bh-w-mobo-c,-840,0.0
20170613_FIRE_bh-w-mobo-c,-780,0.0
20170613_FIRE_bh-w-mobo-c,-720,0.0013348578941076994
20170613_FIRE_bh-w-mobo-c,-660,0.0018975755665451288
20170613_FIRE_bh-w-mobo-c,-600,0.0017955671064555645
20170613_FIRE_bh-w-mobo-c,-540,0.0013481676578521729
20170613_FIRE_bh-w-mobo-c,-480,0.0025500948540866375
20170613_FIRE_bh-w-mobo-c,-420,0.0010532786836847663
20170613_FIRE_bh-w-mobo-c,-360,0.0014189347857609391
20170613_FIRE_bh-w-mobo-c,-300,0.0028441548347473145
20170613_FIRE_bh-w-mobo-c,-240,0.0
20170613_FIRE_bh-w-mobo-c,-180,0.0016645810101181269
20170613_FIRE_bh-w-mobo-c,-120,0.0012058583088219166
20170613_FIRE_bh-w-mobo-c,-60,0.0
20170613_FIRE_bh-w-mobo-c,0,0.0
20170613_FIRE_bh-w-mobo-c,60,0.0
20170613_FIRE_bh-w-mobo-c,120,0.0
20170613_FIRE_bh-w-mobo-c,180,0.0
20170613_FIRE_bh-w-mobo-c,240,0.0
20170613_FIRE_bh-w-mobo-c,300,0.0015509681543335319
20170613_FIRE_bh-w-mobo-c,360,0.001895755878649652
20170613_FIRE_bh-w-mobo-c,420,0.0015414446825161576
20170613_FIRE_bh-w-mobo-c,480,0.0
20170613_FIRE_bh-w-mobo-c,540,0.0
20170613_FIRE_bh-w-mobo-c,600,0.0
20170613_FIRE_bh-w-mobo-c,660,0.0
20170613_FIRE_bh-w-mobo-c,720,0.0
20170613_FIRE_bh-w-mobo-c,780,0.0
20170613_FIRE_bh-w-mobo-c,840,0.0
20170613_FIRE_bh-w-mobo-c,900,0.0
20170613_FIRE_bh-w-mobo-c,960,0.0
20170613_FIRE_bh-w-mobo-c,1020,0.0
20170613_FIRE_bh-w-mobo-c,1080,0.0
20170613_FIRE_bh-w-mobo-c,1140,0.0
20170613_FIRE_bh-w-mobo-c,1200,0.0
20170613_FIRE_bh-w-mobo-c,1260,0.0010656623635441065
20170613_FIRE_bh-w-mobo-c,1320,0.0
20170613_FIRE_bh-w-mobo-c,1380,0.0
20170613_FIRE_bh-w-mobo-c,1440,0.0
20170613_FIRE_bh-w-mobo-c,1500,0.0
20170613_FIRE_bh-w-mobo-c,1560,0.0
20170613_FIRE_bh-w-mobo-c,1620,0.0
20170613_FIRE_bh-w-mobo-c,1680,0.0
20170613_FIRE_bh-w-mobo-c,1740,0.0
20170613_FIRE_bh-w-mobo-c,1800,0.0
20170613_FIRE_bh-w-mobo-c,1860,0.0
20170613_FIRE_bh-w-mobo-c,1920,0.0015338887460529804
20170613_FIRE_bh-w-mobo-c,1980,0.0
20170613_FIRE_bh-w-mobo-c,2040,0.0
20170613_FIRE_bh-w-mobo-c,2100,0.0
20170613_FIRE_bh-w-mobo-c,2160,0.0
20170613_FIRE_bh-w-mobo-c,2220,0.0
20170613_FIRE_bh-w-mobo-c,2280,0.0027935965918004513
20170613_FIRE_bh-w-mobo-c,2340,0.0
20170613_FIRE_bh-w-mobo-c,2400,0.003126832190901041
20170613_FIRE_hp-n-mobo-c,-2400,0.0035534731578081846
20170613_FIRE_hp-n-mobo-c,-2340,0.0059013403952121735
20170613_FIRE_hp-n-mobo-c,-2280,0.005594202317297459
20170613_FIRE_hp-n-mobo-c,-2220,0.0
20170613_FIRE_hp-n-mobo-c,-2160,0.004289309494197369
20170613_FIRE_hp-n-mobo-c,-2100,0.010376055724918842
20170613_FIRE_hp-n-mobo-c,-2040,0.0
20170613_FIRE_hp-n-mobo-c,-1980,0.02720177173614502
20170613_FIRE_hp-n-mobo-c,-1920,0.002766591729596257
20170613_FIRE_hp-n-mobo-c,-1860,0.008196479640901089
20170613_FIRE_hp-n-mobo-c,-1800,0.007196952123194933
20170613_FIRE_hp-n-mobo-c,-1740,0.002373375929892063
20170613_FIRE_hp-n-mobo-c,-1680,0.0014140461571514606
20170613_FIRE_hp-n-mobo-c,-1620,0.003240466583520174
20170613_FIRE_hp-n-mobo-c,-1560,0.0040067387744784355
20170613_FIRE_hp-n-mobo-c,-1500,0.007277493830770254
20170613_FIRE_hp-n-mobo-c,-1440,0.005343593191355467
20170613_FIRE_hp-n-mobo-c,-1380,0.003143899841234088
20170613_FIRE_hp-n-mobo-c,-1320,0.012860138900578022
20170613_FIRE_hp-n-mobo-c,-1260,0.013806650415062904
20170613_FIRE_hp-n-mobo-c,-1200,0.0028999585192650557
20170613_FIRE_hp-n-mobo-c,-1140,0.008565085940063
20170613_FIRE_hp-n-mobo-c,-1080,0.012553618289530277
20170613_FIRE_hp-n-mobo-c,-1020,0.004090382717549801
20170613_FIRE_hp-n-mobo-c,-960,0.007238565944135189
20170613_FIRE_hp-n-mobo-c,-900,0.0
20170613_FIRE_hp-n-mobo-c,-840,0.0029372326098382473
20170613_FIRE_hp-n-mobo-c,-780,0.03680283576250076
20170613_FIRE_hp-n-mobo-c,-720,0.010339861735701561
20170613_FIRE_hp-n-mobo-c,-660,0.0
20170613_FIRE_hp-n-mobo-c,-600,0.0
20170613_FIRE_hp-n-mobo-c,-540,0.0
20170613_FIRE_hp-n-mobo-c,-480,0.015693482011556625
20170613_FIRE_hp-n-mobo-c,-420,0.0
20170613_FIRE_hp-n-mobo-c,-360,0.0
20170613_FIRE_hp-n-mobo-c,-300,0.0017992585198953748
20170613_FIRE_hp-n-mobo-c,-240,0.0
20170613_FIRE_hp-n-mobo-c,-180,0.0014644083566963673
20170613_FIRE_hp-n-mobo-c,-120,0.0011272239498794079
20170613_FIRE_hp-n-mobo-c,-60,0.003637218615040183
20170613_FIRE_hp-n-mobo-c,0,0.0
20170613_FIRE_hp-n-mobo-c,60,0.0017586823087185621
20170613_FIRE_hp-n-mobo-c,120,0.0018379626562818885
20170613_FIRE_hp-n-mobo-c,180,0.001129689859226346
20170613_FIRE_hp-n-mobo-c,240,0.034607309848070145
20170613_FIRE_hp-n-mobo-c,300,0.06503787636756897
20170613_FIRE_hp-n-mobo-c,360,0.00315535138361156
20170613_FIRE_hp-n-mobo-c,420,0.004083874635398388
20170613_FIRE_hp-n-mobo-c,480,0.28174689412117004
20170613_FIRE_hp-n-mobo-c,540,0.0030544244218617678
20170613_FIRE_hp-n-mobo-c,600,0.0048843068070709705
20170613_FIRE_hp-n-mobo-c,660,0.002376576652750373
20170613_FIRE_hp-n-mobo-c,720,0.05229831486940384
20170613_FIRE_hp-n-mobo-c,780,0.011499370448291302
20170613_FIRE_hp-n-mobo-c,840,0.015022119507193565
20170613_FIRE_hp-n-mobo-c,900,0.0
20170613_FIRE_hp-n-mobo-c,960,0.001254618400707841
20170613_FIRE_hp-n-mobo-c,1020,0.03665786236524582
20170613_FIRE_hp-n-mobo-c,1080,0.0011709426762536168
20170613_FIRE_hp-n-mobo-c,1140,0.0
20170613_FIRE_hp-n-mobo-c,1200,0.005097522865980864
20170613_FIRE_hp-n-mobo-c,1260,0.00207672081887722
20170613_FIRE_hp-n-mobo-c,1320,0.005743492394685745
20170613_FIRE_hp-n-mobo-c,1380,0.020377032458782196
20170613_FIRE_hp-n-mobo-c,1440,0.16865628957748413
20170613_FIRE_hp-n-mobo-c,1500,0.04415467381477356
20170613_FIRE_hp-n-mobo-c,1560,0.19347679615020752
20170613_FIRE_hp-n-mobo-c,1620,0.17830950021743774
20170613_FIRE_hp-n-mobo-c,1680,0.16468465328216553
20170613_FIRE_hp-n-mobo-c,1740,0.40892547369003296
20170613_FIRE_hp-n-mobo-c,1800,0.40568807721138
20170613_FIRE_hp-n-mobo-c,1860,0.41971105337142944
20170613_FIRE_hp-n-mobo-c,1920,0.07344624400138855
20170613_FIRE_hp-n-mobo-c,1980,0.12667588889598846
20170613_FIRE_hp-n-mobo-c,2040,0.26475009322166443
20170613_FIRE_hp-n-mobo-c,2100,0.39307931065559387
20170613_FIRE_hp-n-mobo-c,2160,0.40395107865333557
20170613_FIRE_hp-n-mobo-c,2220,0.45853981375694275
20170613_FIRE_hp-n-mobo-c,2280,0.016731755807995796
20170613_FIRE_hp-n-mobo-c,2340,0.0077081904746592045
20170613_FIRE_hp-n-mobo-c,2400,0.023232130333781242
20170625_BBM_bm-n-mobo,-2400,0.0
20170625_BBM_bm-n-mobo,-2340,0.0019381034653633833
20170625_BBM_bm-n-mobo,-2280,0.001760561834089458
20170625_BBM_bm-n-mobo,-2220,0.0
20170625_BBM_bm-n-mobo,-2160,0.0
20170625_BBM_bm-n-mobo,-2100,0.0
20170625_BBM_bm-n-mobo,-2040,0.0
20170625_BBM_bm-n-mobo,-1980,0.004531031474471092
20170625_BBM_bm-n-mobo,-1920,0.002907713409513235
20170625_BBM_bm-n-mobo,-1860,0.0
20170625_BBM_bm-n-mobo,-1800,0.0
20170625_BBM_bm-n-mobo,-1740,0.0
20170625_BBM_bm-n-mobo,-1680,0.01215308252722025
20170625_BBM_bm-n-mobo,-1620,0.0
20170625_BBM_bm-n-mobo,-1560,0.0232462827116251
20170625_BBM_bm-n-mobo,-1500,0.0031271071638911963
20170625_BBM_bm-n-mobo,-1440,0.00206188578158617
20170625_BBM_bm-n-mobo,-1380,0.0014758789911866188
20170625_BBM_bm-n-mobo,-1320,0.013563284650444984
20170625_BBM_bm-n-mobo,-1260,0.0014660409651696682
20170625_BBM_bm-n-mobo,-1200,0.0
20170625_BBM_bm-n-mobo,-1140,0.0011865382548421621
20170625_BBM_bm-n-mobo,-1080,0.00771926436573267
20170625_BBM_bm-n-mobo,-1020,0.0041020638309419155
20170625_BBM_bm-n-mobo,-960,0.001569954794831574
20170625_BBM_bm-n-mobo,-900,0.0016848054947331548
20170625_BBM_bm-n-mobo,-840,0.002228324068710208
20170625_BBM_bm-n-mobo,-780,0.0
20170625_BBM_bm-n-mobo,-720,0.007999648340046406
20170625_BBM_bm-n-mobo,-660,0.00185075169429183
20170625_BBM_bm-n-mobo,-600,0.0035425538662821054
20170625_BBM_bm-n-mobo,-540,0.0048760767094790936
20170625_BBM_bm-n-mobo,-480,0.0
20170625_BBM_bm-n-mobo,-420,0.0
20170625_BBM_bm-n-mobo,-360,0.0027304915711283684
20170625_BBM_bm-n-mobo,-300,0.0
20170625_BBM_bm-n-mobo,-240,0.0
20170625_BBM_bm-n-mobo,-180,0.0015322676626965404
20170625_BBM_bm-n-mobo,-120,0.0048591881059110165
20170625_BBM_bm-n-mobo,-60,0.00821774173527956
20170625_BBM_bm-n-mobo,0,0.0016114203026518226
20170625_BBM_bm-n-mobo,60,0.002418332267552614
20170625_BBM_bm-n-mobo,120,0.004577426239848137
20170625_BBM_bm-n-mobo,180,0.001590630621649325
20170625_BBM_bm-n-mobo,240,0.004514931235462427
20170625_BBM_bm-n-mobo,300,0.008738541975617409
20170625_BBM_bm-n-mobo,360,0.001700445543974638
20170625_BBM_bm-n-mobo,420,0.05177711322903633
20170625_BBM_bm-n-mobo,480,0.7576708793640137
20170625_BBM_bm-n-mobo,540,0.21346086263656616
20170625_BBM_bm-n-mobo,600,0.24272193014621735
20170625_BBM_bm-n-mobo,660,0.33924147486686707
20170625_BBM_bm-n-mobo,720,0.49864813685417175
20170625_BBM_bm-n-mobo,780,0.28096532821655273
20170625_BBM_bm-n-mobo,840,0.5488858222961426
20170625_BBM_bm-n-mobo,900,0.7648922204971313
20170625_BBM_bm-n-mobo,960,0.2914198637008667
20170625_BBM_bm-n-mobo,1020,0.7633605003356934
20170625_BBM_bm-n-mobo,1080,0.12815852463245392
20170625_BBM_bm-n-mobo,1140,0.7633714079856873
20170625_BBM_bm-n-mobo,1200,0.5606328845024109
20170625_BBM_bm-n-mobo,1260,0.30723291635513306
20170625_BBM_bm-n-mobo,1320,0.7539107203483582
20170625_BBM_bm-n-mobo,1380,0.5812206864356995
20170625_BBM_bm-n-mobo,1440,0.41068893671035767
20170625_BBM_bm-n-mobo,1500,0.5565482378005981
20170625_BBM_bm-n-mobo,1560,0.49095532298088074
20170625_BBM_bm-n-mobo,1620,0.8632810115814209
20170625_BBM_bm-n-mobo,1680,0.33181649446487427
20170625_BBM_bm-n-mobo,1740,0.87333744764328
20170625_BBM_bm-n-mobo,1800,0.39553800225257874
20170625_BBM_bm-n-mobo,1860,0.3976036310195923
20170625_BBM_bm-n-mobo,1920,0.48130759596824646
20170625_BBM_bm-n-mobo,1980,0.6066830158233643
20170625_BBM_bm-n-mobo,2040,0.4398769438266754
20170625_BBM_bm-n-mobo,2100,0.24319957196712494
20170625_BBM_bm-n-mobo,2160,0.44613325595855713
20170625_BBM_bm-n-mobo,2220,0.5205004811286926
20170625_BBM_bm-n-mobo,2280,0.4328436553478241
20170625_BBM_bm-n-mobo,2340,0.31280291080474854
20170625_BBM_bm-n-mobo,2400,0.3693851828575134
20170625_FIRE_mg-s-iqeye,-2400,0.26685404777526855
20170625_FIRE_mg-s-iqeye,-2340,0.25393643975257874
20170625_FIRE_mg-s-iqeye,-2280,0.22585837543010712
20170625_FIRE_mg-s-iqeye,-2220,0.27255603671073914
20170625_FIRE_mg-s-iqeye,-2160,0.13161757588386536
20170625_FIRE_mg-s-iqeye,-2100,0.2696840167045593
20170625_FIRE_mg-s-iqeye,-2040,0.1975618153810501
20170625_FIRE_mg-s-iqeye,-1980,0.11990780383348465
20170625_FIRE_mg-s-iqeye,-1920,0.13764147460460663
20170625_FIRE_mg-s-iqeye,-1860,0.17773404717445374
20170625_FIRE_mg-s-iqeye,-1800,0.25369158387184143
20170625_FIRE_mg-s-iqeye,-1740,0.18494689464569092
20170625_FIRE_mg-s-iqeye,-1680,0.20191256701946259
20170625_FIRE_mg-s-iqeye,-1620,0.22367899119853973
20170625_FIRE_mg-s-iqeye,-1560,0.17362859845161438
20170625_FIRE_mg-s-iqeye,-1500,0.12942539155483246
20170625_FIRE_mg-s-iqeye,-1440,0.16785967350006104
20170625_FIRE_mg-s-iqeye,-1380,0.26496073603630066
20170625_FIRE_mg-s-iqeye,-1320,0.2065618634223938
20170625_FIRE_mg-s-iqeye,-1260,0.17998817563056946
20170625_FIRE_mg-s-iqeye,-1200,0.1802072376012802
20170625_FIRE_mg-s-iqeye,-1140,0.23598794639110565
20170625_FIRE_mg-s-iqeye,-1080,0.23626740276813507
20170625_FIRE_mg-s-iqeye,-1020,0.23725414276123047
20170625_FIRE_mg-s-iqeye,-960,0.24596044421195984
20170625_FIRE_mg-s-iqeye,-900,0.2068396359682083
20170625_FIRE_mg-s-iqeye,-840,0.22651493549346924
20170625_FIRE_mg-s-iqeye,-780,0.2475004494190216
20170625_FIRE_mg-s-iqeye,-720,0.2019662857055664
20170625_FIRE_mg-s-iqeye,-660,0.24074684083461761
20170625_FIRE_mg-s-iqeye,-600,0.3741714358329773
20170625_FIRE_mg-s-iqeye,-540,0.24100862443447113
20170625_FIRE_mg-s-iqeye,-480,0.25913459062576294
20170625_FIRE_mg-s-iqeye,-420,0.23150460422039032
20170625_FIRE_mg-s-iqeye,-360,0.2760075330734253
20170625_FIRE_mg-s-iqeye,-300,0.24379359185695648
20170625_FIRE_mg-s-iqeye,-240,0.19904878735542297
20170625_FIRE_mg-s-iqeye,-180,0.3231522738933563
20170625_FIRE_mg-s-iqeye,-120,0.28653237223625183
20170625_FIRE_mg-s-iqeye,-60,0.23527899384498596
20170625_FIRE_mg-s-iqeye,0,0.21008946001529694
20170625_FIRE_mg-s-iqeye,60,0.29904869198799133
20170625_FIRE_mg-s-iqeye,120,0.3036610186100006
20170625_FIRE_mg-s-iqeye,180,0.32304510474205017
20170625_FIRE_mg-s-iqeye,240,0.3533518612384796
20170625_FIRE_mg-s-iqeye,300,0.1396874636411667
20170625_FIRE_mg-s-iqeye,360,0.17664851248264313
20170625_FIRE_mg-s-iqeye,420,0.24533189833164215
20170625_FIRE_mg-s-iqeye,480,0.25726282596588135
20170625_FIRE_mg-s-iqeye,540,0.24842362105846405
20170625_FIRE_mg-s-iqeye,600,0.3079965114593506
20170625_FIRE_mg-s-iqeye,660,0.22889235615730286
20170625_FIRE_mg-s-iqeye,720,0.2766764163970947
20170625_FIRE_mg-s-iqeye,780,0.17114634811878204
20170625_FIRE_mg-s-iqeye,840,0.5007975101470947
20170625_FIRE_mg-s-iqeye,900,0.1796349138021469
20170625_FIRE_mg-s-iqeye,960,0.1766272485256195
20170625_FIRE_mg-s-iqeye,1020,0.23201152682304382
20170625_FIRE_mg-s-iqeye,1080,0.23749025166034698
20170625_FIRE_mg-s-iqeye,1140,0.3000175654888153
20170625_FIRE_mg-s-iqeye,1200,0.30976828932762146
20170625_FIRE_mg-s-iqeye,1260,0.7746058702468872
20170625_FIRE_mg-s-iqeye,1320,0.46966880559921265
20170625_FIRE_mg-s-iqeye,1380,0.5986298322677612
20170625_FIRE_mg-s-iqeye,1440,0.6052188277244568
20170625_FIRE_mg-s-iqeye,1500,0.22401338815689087
20170625_FIRE_mg-s-iqeye,1560,0.7281560301780701
20170625_FIRE_mg-s-iqeye,1620,0.6561272144317627
20170625_FIRE_mg-s-iqeye,1680,0.20418797433376312
20170625_FIRE_mg-s-iqeye,1740,0.7945787906646729
20170625_FIRE_mg-s-iqeye,1800,0.7267553806304932
20170625_FIRE_mg-s-iqeye,1860,0.18622656166553497
20170625_FIRE_mg-s-iqeye,1920,0.7834203839302063
20170625_FIRE_mg-s-iqeye,1980,0.7753986716270447
20170625_FIRE_mg-s-iqeye,2040,0.7585384249687195
20170625_FIRE_mg-s-iqeye,2100,0.6744215488433838
20170625_FIRE_mg-s-iqeye,2160,0.5985110998153687
20170625_FIRE_mg-s-iqeye,2220,0.7498334050178528
20170625_FIRE_mg-s-iqeye,2280,0.7567977905273438
20170625_FIRE_mg-s-iqeye,2340,0.21710889041423798
20170625_FIRE_mg-s-iqeye,2400,0.5099783539772034
20170627_FIRE_lp-n-iqeye,-2400,0.0027061018627136946
20170627_FIRE_lp-n-iqeye,-2340,0.0016651595942676067
20170627_FIRE_lp-n-iqeye,-2280,0.01294456422328949
20170627_FIRE_lp-n-iqeye,-2220,0.0033510143402963877
20170627_FIRE_lp-n-iqeye,-2160,0.00200098380446434
20170627_FIRE_lp-n-iqeye,-2100,0.005559976678341627
20170627_FIRE_lp-n-iqeye,-2040,0.0018090353114530444
20170627_FIRE_lp-n-iqeye,-1980,0.0035647337790578604
20170627_FIRE_lp-n-iqeye,-1920,0.0
20170627_FIRE_lp-n-iqeye,-1860,0.002996979281306267
20170627_FIRE_lp-n-iqeye,-1800,0.011934799142181873
20170627_FIRE_lp-n-iqeye,-1740,0.00109659053850919
20170627_FIRE_lp-n-iqeye,-1680,0.003294081427156925
20170627_FIRE_lp-n-iqeye,-1620,0.0015907010529190302
20170627_FIRE_lp-n-iqeye,-1560,0.003270760178565979
20170627_FIRE_lp-n-iqeye,-1500,0.0016783110331743956
20170627_FIRE_lp-n-iqeye,-1440,0.0
20170627_FIRE_lp-n-iqeye,-1380,0.002481443341821432
20170627_FIRE_lp-n-iqeye,-1320,0.0
20170627_FIRE_lp-n-iqeye,-1260,0.002740286523476243
20170627_FIRE_lp-n-iqeye,-1200,0.0029721176251769066
20170627_FIRE_lp-n-iqeye,-1140,0.0027368729934096336
20170627_FIRE_lp-n-iqeye,-1080,0.00541003467515111
20170627_FIRE_lp-n-iqeye,-1020,0.0014030400197952986
20170627_FIRE_lp-n-iqeye,-960,0.002640802413225174
20170627_FIRE_lp-n-iqeye,-900,0.0013638564851135015
20170627_FIRE_lp-n-iqeye,-840,0.010355589911341667
20170627_FIRE_lp-n-iqeye,-780,0.005790828261524439
20170627_FIRE_lp-n-iqeye,-720,0.008848684839904308
20170627_FIRE_lp-n-iqeye,-660,0.0045706285163760185
20170627_FIRE_lp-n-iqeye,-600,0.009175260551273823
20170627_FIRE_lp-n-iqeye,-540,0.002615126548334956
20170627_FIRE_lp-n-iqeye,-480,0.003021459560841322
20170627_FIRE_lp-n-iqeye,-420,0.004855532199144363
20170627_FIRE_lp-n-iqeye,-360,0.008453065529465675
20170627_FIRE_lp-n-iqeye,-300,0.009023626334965229
20170627_FIRE_lp-n-iqeye,-240,0.005450362805277109
20170627_FIRE_lp-n-iqeye,-180,0.002959565259516239
20170627_FIRE_lp-n-iqeye,-120,0.003911689855158329
20170627_FIRE_lp-n-iqeye,-60,0.00144616246689111
20170627_FIRE_lp-n-iqeye,0,0.0018152715638279915
20170627_FIRE_lp-n-iqeye,60,0.011084197089076042
20170627_FIRE_lp-n-iqeye,120,0.00472436985000968
20170627_FIRE_lp-n-iqeye,180,0.006187548395246267
20170627_FIRE_lp-n-iqeye,240,0.004352194257080555
20170627_FIRE_lp-n-iqeye,300,0.003093818901106715
20170627_FIRE_lp-n-iqeye,360,0.0023106324952095747
20170627_FIRE_lp-n-iqeye,420,0.0053613451309502125
20170627_FIRE_lp-n-iqeye,480,0.00319100683555007
20170627_FIRE_lp-n-iqeye,540,0.0021561915054917336
20170627_FIRE_lp-n-iqeye,600,0.0066678510047495365
20170627_FIRE_lp-n-iqeye,660,0.0015608803369104862
20170627_FIRE_lp-n-iqeye,720,0.0024502291344106197
20170627_FIRE_lp-n-iqeye,780,0.00852848682552576
20170627_FIRE_lp-n-iqeye,840,0.0070787169970571995
20170627_FIRE_lp-n-iqeye,900,0.001458818675018847
20170627_FIRE_lp-n-iqeye,960,0.00290283071808517
20170627_FIRE_lp-n-iqeye,1020,0.002906324341893196
20170627_FIRE_lp-n-iqeye,1080,0.004085108172148466
20170627_FIRE_lp-n-iqeye,1140,0.005613719113171101
20170627_FIRE_lp-n-iqeye,1200,0.0035365531221032143
20170627_FIRE_lp-n-iqeye,1260,0.014557329937815666
20170627_FIRE_lp-n-iqeye,1320,0.011198150925338268
20170627_FIRE_lp-n-iqeye,1380,0.016498733311891556
20170627_FIRE_lp-n-iqeye,1440,0.009320974349975586
20170627_FIRE_lp-n-iqeye,1500,0.004433958791196346
20170627_FIRE_lp-n-iqeye,1560,0.008139016106724739
20170627_FIRE_lp-n-iqeye,1620,0.004099082201719284
20170627_FIRE_lp-n-iqeye,1680,0.01094121765345335
20170627_FIRE_lp-n-iqeye,1740,0.00990795623511076
20170627_FIRE_lp-n-iqeye,1800,0.0055740149691700935
20170627_FIRE_lp-n-iqeye,1860,0.0019096850883215666
20170627_FIRE_lp-n-iqeye,1920,0.030512116849422455
20170627_FIRE_lp-n-iqeye,1980,0.0047587621957063675
20170627_FIRE_lp-n-iqeye,2040,0.03210249915719032
20170627_FIRE_lp-n-iqeye,2100,0.02020198665559292
20170627_FIRE_lp-n-iqeye,2160,0.0027249243576079607
20170627_FIRE_lp-n-iqeye,2220,0.011252744123339653
20170627_FIRE_lp-n-iqeye,2280,0.025313718244433403
20170627_FIRE_lp-n-iqeye,2340,0.005932975560426712
20170627_FIRE_lp-n-iqeye,2400,0.004268341697752476
20170627_FIRE_om-e-mobo-c,-2400,0.08494041115045547
20170627_FIRE_om-e-mobo-c,-2340,0.29602503776550293
20170627_FIRE_om-e-mobo-c,-2280,0.2648046910762787
20170627_FIRE_om-e-mobo-c,-2220,0.283610463142395
20170627_FIRE_om-e-mobo-c,-2160,0.2052341252565384
20170627_FIRE_om-e-mobo-c,-2100,0.29365989565849304
20170627_FIRE_om-e-mobo-c,-2040,0.1847742646932602
20170627_FIRE_om-e-mobo-c,-1980,0.2396460324525833
20170627_FIRE_om-e-mobo-c,-1920,0.2651143968105316
20170627_FIRE_om-e-mobo-c,-1860,0.3771844804286957
20170627_FIRE_om-e-mobo-c,-1800,0.38653621077537537
20170627_FIRE_om-e-mobo-c,-1740,0.2993471324443817
20170627_FIRE_om-e-mobo-c,-1680,0.2786983847618103
20170627_FIRE_om-e-mobo-c,-1620,0.3296022117137909
20170627_FIRE_om-e-mobo-c,-1560,0.17871926724910736
20170627_FIRE_om-e-mobo-c,-1500,0.24653109908103943
20170627_FIRE_om-e-mobo-c,-1440,0.21289335191249847
20170627_FIRE_om-e-mobo-c,-1380,0.1601952314376831
20170627_FIRE_om-e-mobo-c,-1320,0.1726733148097992
20170627_FIRE_om-e-mobo-c,-1260,0.20433945953845978
20170627_FIRE_om-e-mobo-c,-1200,0.05287785455584526
20170627_FIRE_om-e-mobo-c,-1140,0.05586985871195793
20170627_FIRE_om-e-mobo-c,-1080,0.02348742075264454
20170627_FIRE_om-e-mobo-c,-1020,0.025116564705967903
20170627_FIRE_om-e-mobo-c,-960,0.04814356565475464
20170627_FIRE_om-e-mobo-c,-900,0.0014648532960563898
20170627_FIRE_om-e-mobo-c,-840,0.0018906865734606981
20170627_FIRE_om-e-mobo-c,-780,0.004603900481015444
20170627_FIRE_om-e-mobo-c,-720,0.004407938569784164
20170627_FIRE_om-e-mobo-c,-660,0.0026777249295264482
20170627_FIRE_om-e-mobo-c,-600,0.0039434246718883514
20170627_FIRE_om-e-mobo-c,-540,0.0
20170627_FIRE_om-e-mobo-c,-480,0.0
20170627_FIRE_om-e-mobo-c,-420,0.0
20170627_FIRE_om-e-mobo-c,-360,0.0028371221851557493
20170627_FIRE_om-e-mobo-c,-300,0.0
20170627_FIRE_om-e-mobo-c,-240,0.001371998805552721
20170627_FIRE_om-e-mobo-c,-180,0.0
20170627_FIRE_om-e-mobo-c,-120,0.0
20170627_FIRE_om-e-mobo-c,-60,0.0
20170627_FIRE_om-e-mobo-c,0,0.01162930391728878
20170627_FIRE_om-e-mobo-c,60,0.03206188976764679
20170627_FIRE_om-e-mobo-c,120,0.060815904289484024
20170627_FIRE_om-e-mobo-c,180,0.0
20170627_FIRE_om-e-mobo-c,240,0.009361871518194675
20170627_FIRE_om-e-mobo-c,300,0.013194517232477665
20170627_FIRE_om-e-mobo-c,360,0.004232457838952541
20170627_FIRE_om-e-mobo-c,420,0.0035455075558274984
20170627_FIRE_om-e-mobo-c,480,0.11224199086427689
20170627_FIRE_om-e-mobo-c,540,0.30351075530052185
20170627_FIRE_om-e-mobo-c,600,0.5735370516777039
20170627_FIRE_om-e-mobo-c,660,0.35640424489974976
20170627_FIRE_om-e-mobo-c,720,0.3089534640312195
20170627_FIRE_om-e-mobo-c,780,0.06521584838628769
20170627_FIRE_om-e-mobo-c,840,0.08351129293441772
20170627_FIRE_om-e-mobo-c,900,0.10456104576587677
20170627_FIRE_om-e-mobo-c,960,0.04197744280099869
20170627_FIRE_om-e-mobo-c,1020,0.02906166762113571
20170627_FIRE_om-e-mobo-c,1080,0.08840785175561905
20170627_FIRE_om-e-mobo-c,1140,0.0529211089015007
20170627_FIRE_om-e-mobo-c,1200,0.05167597532272339
20170627_FIRE_om-e-mobo-c,1260,0.0040470086969435215
20170627_FIRE_om-e-mobo-c,1320,0.0012345855357125401
20170627_FIRE_om-e-mobo-c,1380,0.0
20170627_FIRE_om-e-mobo-c,1440,0.0
20170627_FIRE_om-e-mobo-c,1500,0.0
20170627_FIRE_om-e-mobo-c,1560,0.004278856795281172
20170627_FIRE_om-e-mobo-c,1620,0.0
20170627_FIRE_om-e-mobo-c,1680,0.0025517400354146957
20170627_FIRE_om-e-mobo-c,1740,0.0
20170627_FIRE_om-e-mobo-c,1800,0.0
20170627_FIRE_om-e-mobo-c,1860,0.0
20170627_FIRE_om-e-mobo-c,1920,0.0
20170627_FIRE_om-e-mobo-c,1980,0.0
20170627_FIRE_om-e-mobo-c,2040,0.0027178984601050615
20170627_FIRE_om-e-mobo-c,2100,0.0016522587975487113
20170627_FIRE_om-e-mobo-c,2160,0.0
20170627_FIRE_om-e-mobo-c,2220,0.0
20170627_FIRE_om-e-mobo-c,2280,0.0
20170627_FIRE_om-e-mobo-c,2340,0.0
20170627_FIRE_om-e-mobo-c,2400,0.0
20170708_Whittier_syp-n-mobo-c,-2400,0.0018152343109250069
20170708_Whittier_syp-n-mobo-c,-2340,0.002229422563686967
20170708_Whittier_syp-n-mobo-c,-2280,0.003852881258353591
20170708_Whittier_syp-n-mobo-c,-2220,0.0041672233492136
20170708_Whittier_syp-n-mobo-c,-2160,0.0032332574483007193
20170708_Whittier_syp-n-mobo-c,-2100,0.0017919435631483793
20170708_Whittier_syp-n-mobo-c,-2040,0.004722213372588158
20170708_Whittier_syp-n-mobo-c,-1980,0.005106095690280199
20170708_Whittier_syp-n-mobo-c,-1920,0.007623402867466211
20170708_Whittier_syp-n-mobo-c,-1860,0.004745141137391329
20170708_Whittier_syp-n-mobo-c,-1800,0.0028579754289239645
20170708_Whittier_syp-n-mobo-c,-1740,0.0025365850888192654
20170708_Whittier_syp-n-mobo-c,-1680,0.0026149707846343517
20170708_Whittier_syp-n-mobo-c,-1620,0.004880840890109539
20170708_Whittier_syp-n-mobo-c,-1560,0.005567788612097502
20170708_Whittier_syp-n-mobo-c,-1500,0.002494056010618806
20170708_Whittier_syp-n-mobo-c,-1440,0.002438080031424761
20170708_Whittier_syp-n-mobo-c,-1380,0.0021819460671395063
20170708_Whittier_syp-n-mobo-c,-1320,0.1046515479683876
20170708_Whittier_syp-n-mobo-c,-1260,0.006587848998606205
20170708_Whittier_syp-n-mobo-c,-1200,0.008167500607669353
20170708_Whittier_syp-n-mobo-c,-1140,0.004133228212594986
20170708_Whittier_syp-n-mobo-c,-1080,0.0026299685705453157
20170708_Whittier_syp-n-mobo-c,-1020,0.0014180944999679923
20170708_Whittier_syp-n-mobo-c,-960,0.002698497846722603
20170708_Whittier_syp-n-mobo-c,-900,0.002000111620873213
20170708_Whittier_syp-n-mobo-c,-840,0.0017868340946733952
20170708_Whittier_syp-n-mobo-c,-780,0.004905456677079201
20170708_Whittier_syp-n-mobo-c,-720,0.006302103865891695
20170708_Whittier_syp-n-mobo-c,-660,0.0060471585020422935
20170708_Whittier_syp-n-mobo-c,-600,0.0035025780089199543
20170708_Whittier_syp-n-mobo-c,-540,0.005402388982474804
20170708_Whittier_syp-n-mobo-c,-480,0.004595302976667881
20170708_Whittier_syp-n-mobo-c,-420,0.005050786305218935
20170708_Whittier_syp-n-mobo-c,-360,0.0023227338679134846
20170708_Whittier_syp-n-mobo-c,-300,0.0031615367624908686
20170708_Whittier_syp-n-mobo-c,-240,0.004627629183232784
20170708_Whittier_syp-n-mobo-c,-180,0.002876037498936057
20170708_Whittier_syp-n-mobo-c,-120,0.007550970651209354
20170708_Whittier_syp-n-mobo-c,-60,0.006526363082230091
20170708_Whittier_syp-n-mobo-c,0,0.006703078746795654
20170708_Whittier_syp-n-mobo-c,60,0.0026382491923868656
20170708_Whittier_syp-n-mobo-c,120,0.0032571277115494013
20170708_Whittier_syp-n-mobo-c,180,0.003350141691043973
20170708_Whittier_syp-n-mobo-c,240,0.4460374116897583
20170708_Whittier_syp-n-mobo-c,300,0.2901749014854431
20170708_Whittier_syp-n-mobo-c,360,0.5405663251876831
20170708_Whittier_syp-n-mobo-c,420,0.3914504647254944
20170708_Whittier_syp-n-mobo-c,480,0.5762783885002136
20170708_Whittier_syp-n-mobo-c,540,0.4814492464065552
20170708_Whittier_syp-n-mobo-c,600,0.477760910987854
20170708_Whittier_syp-n-mobo-c,660,0.5322217345237732
20170708_Whittier_syp-n-mobo-c,720,0.3098432421684265
20170708_Whittier_syp-n-mobo-c,780,0.031767837703228
20170708_Whittier_syp-n-mobo-c,840,0.30219873785972595
20170708_Whittier_syp-n-mobo-c,900,0.10820372402667999
20170708_Whittier_syp-n-mobo-c,960,0.17702209949493408
20170708_Whittier_syp-n-mobo-c,1020,0.22728003561496735
20170708_Whittier_syp-n-mobo-c,1080,0.46346795558929443
20170708_Whittier_syp-n-mobo-c,1140,0.5369557738304138
20170708_Whittier_syp-n-mobo-c,1200,0.2804608941078186
20170708_Whittier_syp-n-mobo-c,1260,0.20329348742961884
20170708_Whittier_syp-n-mobo-c,1320,0.27319005131721497
20170708_Whittier_syp-n-mobo-c,1380,0.024677516892552376
20170708_Whittier_syp-n-mobo-c,1440,0.04324457049369812
20170708_Whittier_syp-n-mobo-c,1500,0.23118074238300323
20170708_Whittier_syp-n-mobo-c,1560,0.20742009580135345
20170708_Whittier_syp-n-mobo-c,1620,0.127786323428154
20170708_Whittier_syp-n-mobo-c,1680,0.1907172054052353
20170708_Whittier_syp-n-mobo-c,1740,0.058451224118471146
20170708_Whittier_syp-n-mobo-c,1800,0.09933555871248245
20170708_Whittier_syp-n-mobo-c,1860,0.045596543699502945
20170708_Whittier_syp-n-mobo-c,1920,0.021113816648721695
20170708_Whittier_syp-n-mobo-c,1980,0.0435577891767025
20170708_Whittier_syp-n-mobo-c,2040,0.01719852164387703
20170708_Whittier_syp-n-mobo-c,2100,0.5648019313812256
20170708_Whittier_syp-n-mobo-c,2160,0.03221539780497551
20170708_Whittier_syp-n-mobo-c,2220,0.10242248326539993
20170708_Whittier_syp-n-mobo-c,2280,0.4328148663043976
20170708_Whittier_syp-n-mobo-c,2340,0.008751219138503075
20170708_Whittier_syp-n-mobo-c,2400,0.6408161520957947
20170708_Whittier_syp-n-mobo-m,-2399,0.1397685706615448
20170708_Whittier_syp-n-mobo-m,-2339,0.08245720714330673
20170708_Whittier_syp-n-mobo-m,-2279,0.13376851379871368
20170708_Whittier_syp-n-mobo-m,-2219,0.09557516872882843
20170708_Whittier_syp-n-mobo-m,-2159,0.14985765516757965
20170708_Whittier_syp-n-mobo-m,-2099,0.4874763488769531
20170708_Whittier_syp-n-mobo-m,-2039,0.10471414029598236
20170708_Whittier_syp-n-mobo-m,-1979,0.12833628058433533
20170708_Whittier_syp-n-mobo-m,-1919,0.09337509423494339
20170708_Whittier_syp-n-mobo-m,-1859,0.1204395666718483
20170708_Whittier_syp-n-mobo-m,-1799,0.0810837671160698
20170708_Whittier_syp-n-mobo-m,-1739,0.10233495384454727
20170708_Whittier_syp-n-mobo-m,-1679,0.12290294468402863
20170708_Whittier_syp-n-mobo-m,-1619,0.108791783452034
20170708_Whittier_syp-n-mobo-m,-1559,0.09736163169145584
20170708_Whittier_syp-n-mobo-m,-1499,0.16264048218727112
20170708_Whittier_syp-n-mobo-m,-1439,0.1364089399576187
20170708_Whittier_syp-n-mobo-m,-1379,0.11978460848331451
20170708_Whittier_syp-n-mobo-m,-1319,0.12964577972888947
20170708_Whittier_syp-n-mobo-m,-1259,0.15772496163845062
20170708_Whittier_syp-n-mobo-m,-1199,0.09242232888936996
20170708_Whittier_syp-n-mobo-m,-1139,0.08974332362413406
20170708_Whittier_syp-n-mobo-m,-1079,0.15278048813343048
20170708_Whittier_syp-n-mobo-m,-1019,0.10958865284919739
20170708_Whittier_syp-n-mobo-m,-959,0.14463366568088531
20170708_Whittier_syp-n-mobo-m,-899,0.09322545677423477
20170708_Whittier_syp-n-mobo-m,-839,0.09138143062591553
20170708_Whittier_syp-n-mobo-m,-779,0.07147625088691711
20170708_Whittier_syp-n-mobo-m,-719,0.11055416613817215
20170708_Whittier_syp-n-mobo-m,-659,0.11906871199607849
20170708_Whittier_syp-n-mobo-m,-599,0.06553532928228378
20170708_Whittier_syp-n-mobo-m,-539,0.10531659424304962
20170708_Whittier_syp-n-mobo-m,-479,0.13229778409004211
20170708_Whittier_syp-n-mobo-m,-419,0.08939989656209946
20170708_Whittier_syp-n-mobo-m,-359,0.1065223291516304
20170708_Whittier_syp-n-mobo-m,-299,0.13651514053344727
20170708_Whittier_syp-n-mobo-m,-239,0.11729854345321655
20170708_Whittier_syp-n-mobo-m,-179,0.10007374733686447
20170708_Whittier_syp-n-mobo-m,-119,0.1503736972808838
20170708_Whittier_syp-n-mobo-m,-59,0.2067302167415619
20170708_Whittier_syp-n-mobo-m,1,0.22335782647132874
20170708_Whittier_syp-n-mobo-m,61,0.20924460887908936
20170708_Whittier_syp-n-mobo-m,121,0.2133895605802536
20170708_Whittier_syp-n-mobo-m,181,0.10250880569219589
20170708_Whittier_syp-n-mobo-m,241,0.14854581654071808
20170708_Whittier_syp-n-mobo-m,301,0.4639590084552765
20170708_Whittier_syp-n-mobo-m,361,0.17506933212280273
20170708_Whittier_syp-n-mobo-m,421,0.113057941198349
20170708_Whittier_syp-n-mobo-m,481,0.24482515454292297
20170708_Whittier_syp-n-mobo-m,541,0.18476758897304535
20170708_Whittier_syp-n-mobo-m,601,0.3307534158229828
20170708_Whittier_syp-n-mobo-m,661,0.36234667897224426
20170708_Whittier_syp-n-mobo-m,721,0.26576316356658936
20170708_Whittier_syp-n-mobo-m,781,0.15207816660404205
20170708_Whittier_syp-n-mobo-m,841,0.23393012583255768
20170708_Whittier_syp-n-mobo-m,901,0.4920865297317505
20170708_Whittier_syp-n-mobo-m,961,0.28757718205451965
20170708_Whittier_syp-n-mobo-m,1021,0.44469720125198364
20170708_Whittier_syp-n-mobo-m,1081,0.4706249237060547
20170708_Whittier_syp-n-mobo-m,1141,0.42338886857032776
20170708_Whittier_syp-n-mobo-m,1201,0.3594744801521301
20170708_Whittier_syp-n-mobo-m,1261,0.37672629952430725
20170708_Whittier_syp-n-mobo-m,1321,0.2886327803134918
20170708_Whittier_syp-n-mobo-m,1381,0.2712990641593933
20170708_Whittier_syp-n-mobo-m,1441,0.20500321686267853
20170708_Whittier_syp-n-mobo-m,1501,0.41800883412361145
20170708_Whittier_syp-n-mobo-m,1561,0.3521941006183624
20170708_Whittier_syp-n-mobo-m,1621,0.43857908248901367
20170708_Whittier_syp-n-mobo-m,1681,0.5180059671401978
20170708_Whittier_syp-n-mobo-m,1741,0.4623661935329437
20170708_Whittier_syp-n-mobo-m,1801,0.4506929814815521
20170708_Whittier_syp-n-mobo-m,1861,0.28011801838874817
20170708_Whittier_syp-n-mobo-m,1921,0.4560733735561371
20170708_Whittier_syp-n-mobo-m,1981,0.45495298504829407
20170708_Whittier_syp-n-mobo-m,2041,0.32749614119529724
20170708_Whittier_syp-n-mobo-m,2101,0.3025464117527008
20170708_Whittier_syp-n-mobo-m,2161,0.36440369486808777
20170708_Whittier_syp-n-mobo-m,2221,0.245729461312294
20170708_Whittier_syp-n-mobo-m,2281,0.4343036413192749
20170708_Whittier_syp-n-mobo-m,2341,0.26983821392059326
20170711_FIRE_bl-e-mobo-c,-2400,0.0
20170711_FIRE_bl-e-mobo-c,-2340,0.0
20170711_FIRE_bl-e-mobo-c,-2280,0.0
20170711_FIRE_bl-e-mobo-c,-2220,0.0
20170711_FIRE_bl-e-mobo-c,-2160,0.0
20170711_FIRE_bl-e-mobo-c,-2100,0.0
20170711_FIRE_bl-e-mobo-c,-2040,0.0
20170711_FIRE_bl-e-mobo-c,-1980,0.0
20170711_FIRE_bl-e-mobo-c,-1920,0.0
20170711_FIRE_bl-e-mobo-c,-1860,0.0
20170711_FIRE_bl-e-mobo-c,-1800,0.0
20170711_FIRE_bl-e-mobo-c,-1740,0.0
20170711_FIRE_bl-e-mobo-c,-1680,0.0
20170711_FIRE_bl-e-mobo-c,-1620,0.0
20170711_FIRE_bl-e-mobo-c,-1560,0.0
20170711_FIRE_bl-e-mobo-c,-1500,0.0
20170711_FIRE_bl-e-mobo-c,-1440,0.0
20170711_FIRE_bl-e-mobo-c,-1380,0.0
20170711_FIRE_bl-e-mobo-c,-1320,0.0
20170711_FIRE_bl-e-mobo-c,-1260,0.0
20170711_FIRE_bl-e-mobo-c,-1200,0.0
20170711_FIRE_bl-e-mobo-c,-1140,0.0
20170711_FIRE_bl-e-mobo-c,-1080,0.0
20170711_FIRE_bl-e-mobo-c,-1020,0.0
20170711_FIRE_bl-e-mobo-c,-960,0.0
20170711_FIRE_bl-e-mobo-c,-900,0.0
20170711_FIRE_bl-e-mobo-c,-840,0.0
20170711_FIRE_bl-e-mobo-c,-780,0.0
20170711_FIRE_bl-e-mobo-c,-720,0.0
20170711_FIRE_bl-e-mobo-c,-660,0.0
20170711_FIRE_bl-e-mobo-c,-600,0.0
20170711_FIRE_bl-e-mobo-c,-540,0.0
20170711_FIRE_bl-e-mobo-c,-480,0.0
20170711_FIRE_bl-e-mobo-c,-420,0.0
20170711_FIRE_bl-e-mobo-c,-360,0.0
20170711_FIRE_bl-e-mobo-c,-300,0.0
20170711_FIRE_bl-e-mobo-c,-240,0.0
20170711_FIRE_bl-e-mobo-c,-180,0.0
20170711_FIRE_bl-e-mobo-c,-120,0.0
20170711_FIRE_bl-e-mobo-c,-60,0.0
20170711_FIRE_bl-e-mobo-c,0,0.0
20170711_FIRE_bl-e-mobo-c,60,0.0
20170711_FIRE_bl-e-mobo-c,120,0.0
20170711_FIRE_bl-e-mobo-c,180,0.0
20170711_FIRE_bl-e-mobo-c,240,0.0
20170711_FIRE_bl-e-mobo-c,300,0.010761669836938381
20170711_FIRE_bl-e-mobo-c,360,0.16354048252105713
20170711_FIRE_bl-e-mobo-c,420,0.0030739286448806524
20170711_FIRE_bl-e-mobo-c,480,0.004296392202377319
20170711_FIRE_bl-e-mobo-c,540,0.37959346175193787
20170711_FIRE_bl-e-mobo-c,600,0.09618156403303146
20170711_FIRE_bl-e-mobo-c,660,0.01934041827917099
20170711_FIRE_bl-e-mobo-c,720,0.006789456121623516
20170711_FIRE_bl-e-mobo-c,780,0.5591514706611633
20170711_FIRE_bl-e-mobo-c,840,0.3688928484916687
20170711_FIRE_bl-e-mobo-c,900,0.07632702589035034
20170711_FIRE_bl-e-mobo-c,960,0.09916304051876068
20170711_FIRE_bl-e-mobo-c,1020,0.38782957196235657
20170711_FIRE_bl-e-mobo-c,1080,0.035966429859399796
20170711_FIRE_bl-e-mobo-c,1140,0.038398049771785736
20170711_FIRE_bl-e-mobo-c,1200,0.03732234984636307
20170711_FIRE_bl-e-mobo-c,1260,0.2439383864402771
20170711_FIRE_bl-e-mobo-c,1320,0.1672080010175705
20170711_FIRE_bl-e-mobo-c,1380,0.10407741367816925
20170711_FIRE_bl-e-mobo-c,1440,0.1130106970667839
20170711_FIRE_bl-e-mobo-c,1500,0.04290209710597992
20170711_FIRE_bl-e-mobo-c,1560,0.031008800491690636
20170711_FIRE_bl-e-mobo-c,1620,0.13821622729301453
20170711_FIRE_bl-e-mobo-c,1680,0.04278860241174698
20170711_FIRE_bl-e-mobo-c,1740,0.027158230543136597
20170711_FIRE_bl-e-mobo-c,1800,0.027964502573013306
20170711_FIRE_bl-e-mobo-c,1860,0.3314714729785919
20170711_FIRE_bl-e-mobo-c,1920,0.2964607775211334
20170711_FIRE_bl-e-mobo-c,1980,0.17257313430309296
20170711_FIRE_bl-e-mobo-c,2040,0.23027844727039337
20170711_FIRE_bl-e-mobo-c,2100,0.2313593477010727
20170711_FIRE_bl-e-mobo-c,2160,0.35502803325653076
20170711_FIRE_bl-e-mobo-c,2220,0.053502388298511505
20170711_FIRE_bl-e-mobo-c,2280,0.05890405923128128
20170711_FIRE_bl-e-mobo-c,2340,0.21342790126800537
20170711_FIRE_bl-e-mobo-c,2400,0.047987621277570724
20170711_FIRE_bl-s-mobo-c,-2400,0.0
20170711_FIRE_bl-s-mobo-c,-2340,0.0
20170711_FIRE_bl-s-mobo-c,-2280,0.0
20170711_FIRE_bl-s-mobo-c,-2220,0.0
20170711_FIRE_bl-s-mobo-c,-2160,0.0
20170711_FIRE_bl-s-mobo-c,-2100,0.0
20170711_FIRE_bl-s-mobo-c,-2040,0.0
20170711_FIRE_bl-s-mobo-c,-1980,0.0
20170711_FIRE_bl-s-mobo-c,-1920,0.0
20170711_FIRE_bl-s-mobo-c,-1860,0.0
20170711_FIRE_bl-s-mobo-c,-1800,0.0
20170711_FIRE_bl-s-mobo-c,-1740,0.0
20170711_FIRE_bl-s-mobo-c,-1680,0.0
20170711_FIRE_bl-s-mobo-c,-1620,0.0
20170711_FIRE_bl-s-mobo-c,-1560,0.0
20170711_FIRE_bl-s-mobo-c,-1500,0.0
20170711_FIRE_bl-s-mobo-c,-1440,0.0
20170711_FIRE_bl-s-mobo-c,-1380,0.0
20170711_FIRE_bl-s-mobo-c,-1320,0.0
20170711_FIRE_bl-s-mobo-c,-1260,0.0
20170711_FIRE_bl-s-mobo-c,-1200,0.0
20170711_FIRE_bl-s-mobo-c,-1140,0.0
20170711_FIRE_bl-s-mobo-c,-1080,0.0
20170711_FIRE_bl-s-mobo-c,-1020,0.0
20170711_FIRE_bl-s-mobo-c,-960,0.0
20170711_FIRE_bl-s-mobo-c,-900,0.0
20170711_FIRE_bl-s-mobo-c,-840,0.0
20170711_FIRE_bl-s-mobo-c,-780,0.0
20170711_FIRE_bl-s-mobo-c,-720,0.0
20170711_FIRE_bl-s-mobo-c,-660,0.0
20170711_FIRE_bl-s-mobo-c,-600,0.0
20170711_FIRE_bl-s-mobo-c,-540,0.0
20170711_FIRE_bl-s-mobo-c,-480,0.0
20170711_FIRE_bl-s-mobo-c,-420,0.0
20170711_FIRE_bl-s-mobo-c,-360,0.0
20170711_FIRE_bl-s-mobo-c,-300,0.0
20170711_FIRE_bl-s-mobo-c,-240,0.0
20170711_FIRE_bl-s-mobo-c,-180,0.0
20170711_FIRE_bl-s-mobo-c,-120,0.0
20170711_FIRE_bl-s-mobo-c,-60,0.0
20170711_FIRE_bl-s-mobo-c,0,0.0
20170711_FIRE_bl-s-mobo-c,60,0.0
20170711_FIRE_bl-s-mobo-c,120,0.0
20170711_FIRE_bl-s-mobo-c,180,0.0
20170711_FIRE_bl-s-mobo-c,240,0.0
20170711_FIRE_bl-s-mobo-c,300,0.0
20170711_FIRE_bl-s-mobo-c,360,0.0
20170711_FIRE_bl-s-mobo-c,420,0.00549315195530653
20170711_FIRE_bl-s-mobo-c,480,0.2463628351688385
20170711_FIRE_bl-s-mobo-c,540,0.0
20170711_FIRE_bl-s-mobo-c,600,0.0
20170711_FIRE_bl-s-mobo-c,660,0.0
20170711_FIRE_bl-s-mobo-c,720,0.5506789684295654
20170711_FIRE_bl-s-mobo-c,780,0.18402594327926636
20170711_FIRE_bl-s-mobo-c,840,0.18773169815540314
20170711_FIRE_bl-s-mobo-c,900,0.19985848665237427
20170711_FIRE_bl-s-mobo-c,960,0.20876356959342957
20170711_FIRE_bl-s-mobo-c,1020,0.010097024030983448
20170711_FIRE_bl-s-mobo-c,1080,0.024589557200670242
20170711_FIRE_bl-s-mobo-c,1140,0.019102877005934715
20170711_FIRE_bl-s-mobo-c,1200,0.22958143055438995
20170711_FIRE_bl-s-mobo-c,1260,0.17887653410434723
20170711_FIRE_bl-s-mobo-c,1320,0.1290234476327896
20170711_FIRE_bl-s-mobo-c,1380,0.09711339324712753
20170711_FIRE_bl-s-mobo-c,1440,0.011772366240620613
20170711_FIRE_bl-s-mobo-c,1500,0.1109192967414856
20170711_FIRE_bl-s-mobo-c,1560,0.1405043751001358
20170711_FIRE_bl-s-mobo-c,1620,0.0
20170711_FIRE_bl-s-mobo-c,1680,0.04112422466278076
20170711_FIRE_bl-s-mobo-c,1740,0.24969227612018585
20170711_FIRE_bl-s-mobo-c,1800,0.36730265617370605
20170711_FIRE_bl-s-mobo-c,1860,0.15889209508895874
20170711_FIRE_bl-s-mobo-c,1920,0.2771640717983246
20170711_FIRE_bl-s-mobo-c,1980,0.27139008045196533
20170711_FIRE_bl-s-mobo-c,2040,0.03421037271618843
20170711_FIRE_bl-s-mobo-c,2100,0.023193558678030968
20170711_FIRE_bl-s-mobo-c,2160,0.017404329031705856
20170711_FIRE_bl-s-mobo-c,2220,0.4963202178478241
20170711_FIRE_bl-s-mobo-c,2280,0.2579211890697479
20170711_FIRE_bl-s-mobo-c,2340,0.2774176001548767
20170711_FIRE_bl-s-mobo-c,2400,0.1498965471982956
20170711_FIRE_bm-s-mobo-c,-2400,0.04867800697684288
20170711_FIRE_bm-s-mobo-c,-2340,0.13400638103485107
20170711_FIRE_bm-s-mobo-c,-2280,0.15646547079086304
20170711_FIRE_bm-s-mobo-c,-2220,0.0932399332523346
20170711_FIRE_bm-s-mobo-c,-2160,0.31194737553596497
20170711_FIRE_bm-s-mobo-c,-2100,0.07880260795354843
20170711_FIRE_bm-s-mobo-c,-2040,0.26782503724098206
20170711_FIRE_bm-s-mobo-c,-1980,0.07665468752384186
20170711_FIRE_bm-s-mobo-c,-1920,0.11103387176990509
20170711_FIRE_bm-s-mobo-c,-1860,0.04501860588788986
20170711_FIRE_bm-s-mobo-c,-1800,0.11784117668867111
20170711_FIRE_bm-s-mobo-c,-1740,0.13226838409900665
20170711_FIRE_bm-s-mobo-c,-1680,0.11462799459695816
20170711_FIRE_bm-s-mobo-c,-1620,0.052859313786029816
20170711_FIRE_bm-s-mobo-c,-1560,0.07462206482887268
20170711_FIRE_bm-s-mobo-c,-1500,0.32748037576675415
20170711_FIRE_bm-s-mobo-c,-1440,0.17399796843528748
20170711_FIRE_bm-s-mobo-c,-1380,0.07845783978700638
20170711_FIRE_bm-s-mobo-c,-1320,0.18032008409500122
20170711_FIRE_bm-s-mobo-c,-1260,0.10656213760375977
20170711_FIRE_bm-s-mobo-c,-1200,0.1547444760799408
20170711_FIRE_bm-s-mobo-c,-1140,0.11734381318092346
20170711_FIRE_bm-s-mobo-c,-1080,0.15463052690029144
20170711_FIRE_bm-s-mobo-c,-1020,0.10995462536811829
20170711_FIRE_bm-s-mobo-c,-960,0.13730013370513916
20170711_FIRE_bm-s-mobo-c,-900,0.278940886259079
20170711_FIRE_bm-s-mobo-c,-840,0.0819234624505043
20170711_FIRE_bm-s-mobo-c,-780,0.10531874746084213
20170711_FIRE_bm-s-mobo-c,-720,0.11271645873785019
20170711_FIRE_bm-s-mobo-c,-660,0.09682490676641464
20170711_FIRE_bm-s-mobo-c,-600,0.2750561237335205
20170711_FIRE_bm-s-mobo-c,-540,0.12763141095638275
20170711_FIRE_bm-s-mobo-c,-480,0.13652394711971283
20170711_FIRE_bm-s-mobo-c,-420,0.1220918819308281
20170711_FIRE_bm-s-mobo-c,-360,0.17635637521743774
20170711_FIRE_bm-s-mobo-c,-300,0.12020900100469589
20170711_FIRE_bm-s-mobo-c,-240,0.15442650020122528
20170711_FIRE_bm-s-mobo-c,-180,0.1398322433233261
20170711_FIRE_bm-s-mobo-c,-120,0.15213319659233093
20170711_FIRE_bm-s-mobo-c,-60,0.2728841304779053
20170711_FIRE_bm-s-mobo-c,0,0.2608579099178314
20170711_FIRE_bm-s-mobo-c,60,0.20835930109024048
20170711_FIRE_bm-s-mobo-c,120,0.17505429685115814
20170711_FIRE_bm-s-mobo-c,180,0.19226840138435364
20170711_FIRE_bm-s-mobo-c,240,0.18230439722537994
20170711_FIRE_bm-s-mobo-c,300,0.17809002101421356
20170711_FIRE_bm-s-mobo-c,360,0.25285688042640686
20170711_FIRE_bm-s-mobo-c,420,0.3162073791027069
20170711_FIRE_bm-s-mobo-c,480,0.3228743374347687
20170711_FIRE_bm-s-mobo-c,540,0.36936014890670776
20170711_FIRE_bm-s-mobo-c,600,0.26620617508888245
20170711_FIRE_bm-s-mobo-c,660,0.5545492768287659
20170711_FIRE_bm-s-mobo-c,720,0.4089953601360321
20170711_FIRE_bm-s-mobo-c,780,0.36882203817367554
20170711_FIRE_bm-s-mobo-c,840,0.2095176726579666
20170711_FIRE_bm-s-mobo-c,900,0.19897578656673431
20170711_FIRE_bm-s-mobo-c,960,0.35692596435546875
20170711_FIRE_bm-s-mobo-c,1020,0.2777647376060486
20170711_FIRE_bm-s-mobo-c,1080,0.25335562229156494
20170711_FIRE_bm-s-mobo-c,1140,0.2715616822242737
20170711_FIRE_bm-s-mobo-c,1200,0.24103641510009766
20170711_FIRE_bm-s-mobo-c,1260,0.21491524577140808
20170711_FIRE_bm-s-mobo-c,1320,0.2182580828666687
20170711_FIRE_bm-s-mobo-c,1380,0.18068061769008636
20170711_FIRE_sdsc-e-mobo-c,-2400,0.0011551534989848733
20170711_FIRE_sdsc-e-mobo-c,-2340,0.005700866691768169
20170711_FIRE_sdsc-e-mobo-c,-2280,0.0
20170711_FIRE_sdsc-e-mobo-c,-2220,0.0019481166964396834
20170711_FIRE_sdsc-e-mobo-c,-2160,0.001963479910045862
20170711_FIRE_sdsc-e-mobo-c,-2100,0.0017169170314446092
20170711_FIRE_sdsc-e-mobo-c,-2040,0.0023757177405059338
20170711_FIRE_sdsc-e-mobo-c,-1980,0.0012439460260793567
20170711_FIRE_sdsc-e-mobo-c,-1920,0.0037392054218798876
20170711_FIRE_sdsc-e-mobo-c,-1860,0.0023848144337534904
20170711_FIRE_sdsc-e-mobo-c,-1800,0.0012948587536811829
20170711_FIRE_sdsc-e-mobo-c,-1740,0.004905556794255972
20170711_FIRE_sdsc-e-mobo-c,-1680,0.0024506126064807177
20170711_FIRE_sdsc-e-mobo-c,-1620,0.0013610032619908452
20170711_FIRE_sdsc-e-mobo-c,-1560,0.003269603941589594
20170711_FIRE_sdsc-e-mobo-c,-1500,0.0020039586815983057
20170711_FIRE_sdsc-e-mobo-c,-1440,0.002229935023933649
20170711_FIRE_sdsc-e-mobo-c,-1380,0.0013204914284870028
20170711_FIRE_sdsc-e-mobo-c,-1320,0.0018797277007251978
20170711_FIRE_sdsc-e-mobo-c,-1260,0.0021040095016360283
20170711_FIRE_sdsc-e-mobo-c,-1200,0.0017925124848261476
20170711_FIRE_sdsc-e-mobo-c,-1140,0.016061382368206978
20170711_FIRE_sdsc-e-mobo-c,-1080,0.00801548920571804
20170711_FIRE_sdsc-e-mobo-c,-1020,0.0015889520291239023
20170711_FIRE_sdsc-e-mobo-c,-960,0.00571140693500638
20170711_FIRE_sdsc-e-mobo-c,-900,0.0024720479268580675
20170711_FIRE_sdsc-e-mobo-c,-840,0.0014435359044000506
20170711_FIRE_sdsc-e-mobo-c,-780,0.0016602885443717241
20170711_FIRE_sdsc-e-mobo-c,-720,0.014980028383433819
20170711_FIRE_sdsc-e-mobo-c,-660,0.009274058043956757
20170711_FIRE_sdsc-e-mobo-c,-600,0.0025601789820939302
20170711_FIRE_sdsc-e-mobo-c,-540,0.024805011227726936
20170711_FIRE_sdsc-e-mobo-c,-480,0.006004808470606804
20170711_FIRE_sdsc-e-mobo-c,-420,0.005454815924167633
20170711_FIRE_sdsc-e-mobo-c,-360,0.008760319091379642
20170711_FIRE_sdsc-e-mobo-c,-300,0.009302021004259586
20170711_FIRE_sdsc-e-mobo-c,-240,0.020438289269804955
20170711_FIRE_sdsc-e-mobo-c,-180,0.005512639880180359
20170711_FIRE_sdsc-e-mobo-c,-120,0.004280368331819773
20170711_FIRE_sdsc-e-mobo-c,-60,0.00826789066195488
20170711_FIRE_sdsc-e-mobo-c,0,0.003054145723581314
20170711_FIRE_sdsc-e-mobo-c,60,0.011550361290574074
20170711_FIRE_sdsc-e-mobo-c,120,0.004435794427990913
20170711_FIRE_sdsc-e-mobo-c,180,0.008057523518800735
20170711_FIRE_sdsc-e-mobo-c,240,0.0029758838936686516
20170711_FIRE_sdsc-e-mobo-c,300,0.008399161510169506
20170711_FIRE_sdsc-e-mobo-c,360,0.003778269747272134
20170711_FIRE_sdsc-e-mobo-c,420,0.0031993126031011343
20170711_FIRE_sdsc-e-mobo-c,480,0.002146831713616848
20170711_FIRE_sdsc-e-mobo-c,540,0.0017505584983155131
20170711_FIRE_sdsc-e-mobo-c,600,0.004706618841737509
20170711_FIRE_sdsc-e-mobo-c,660,0.001842665602453053
20170711_FIRE_sdsc-e-mobo-c,720,0.002010724041610956
20170711_FIRE_sdsc-e-mobo-c,780,0.0
20170711_FIRE_sdsc-e-mobo-c,840,0.0
20170711_FIRE_sdsc-e-mobo-c,900,0.0023020829539746046
20170711_FIRE_sdsc-e-mobo-c,960,0.0
20170711_FIRE_sdsc-e-mobo-c,1020,0.0022618339862674475
20170711_FIRE_sdsc-e-mobo-c,1080,0.0015229101991280913
20170711_FIRE_sdsc-e-mobo-c,1140,0.0
20170711_FIRE_sdsc-e-mobo-c,1200,0.002292792545631528
20170711_FIRE_sdsc-e-mobo-c,1260,0.002523924922570586
20170711_FIRE_sdsc-e-mobo-c,1320,0.0
20170711_FIRE_sdsc-e-mobo-c,1380,0.0014261907199397683
20170711_FIRE_sdsc-e-mobo-c,1440,0.0
20170711_FIRE_sdsc-e-mobo-c,1500,0.0018599897157400846
20170711_FIRE_sdsc-e-mobo-c,1560,0.001451121992431581
20170711_FIRE_sdsc-e-mobo-c,1620,0.0022317785769701004
20170711_FIRE_sdsc-e-mobo-c,1680,0.0
20170711_FIRE_sdsc-e-mobo-c,1740,0.001218424760736525
20170711_FIRE_sdsc-e-mobo-c,1800,0.0
20170711_FIRE_sdsc-e-mobo-c,1860,0.0
20170711_FIRE_sdsc-e-mobo-c,1920,0.0
20170711_FIRE_sdsc-e-mobo-c,1980,0.0010409173555672169
20170711_FIRE_sdsc-e-mobo-c,2040,0.0
20170711_FIRE_sdsc-e-mobo-c,2100,0.0
20170711_FIRE_sdsc-e-mobo-c,2160,0.0
20170711_FIRE_sdsc-e-mobo-c,2220,0.0
20170711_FIRE_sdsc-e-mobo-c,2280,0.0
20170711_FIRE_sdsc-e-mobo-c,2340,0.0
20170711_FIRE_sdsc-e-mobo-c,2400,0.0
20170711_FIRE_sm-n-mobo-c,-2400,0.004939693491905928
20170711_FIRE_sm-n-mobo-c,-2340,0.0031361698638647795
20170711_FIRE_sm-n-mobo-c,-2280,0.0015928054926916957
20170711_FIRE_sm-n-mobo-c,-2220,0.002854513470083475
20170711_FIRE_sm-n-mobo-c,-2160,0.0030816642101854086
20170711_FIRE_sm-n-mobo-c,-2100,0.0012671538861468434
20170711_FIRE_sm-n-mobo-c,-2040,0.0
20170711_FIRE_sm-n-mobo-c,-1980,0.0017426850972697139
20170711_FIRE_sm-n-mobo-c,-1920,0.0023375011514872313
20170711_FIRE_sm-n-mobo-c,-1860,0.004129683133214712
20170711_FIRE_sm-n-mobo-c,-1800,0.002450859872624278
20170711_FIRE_sm-n-mobo-c,-1740,0.002728900173678994
20170711_FIRE_sm-n-mobo-c,-1680,0.005974969826638699
20170711_FIRE_sm-n-mobo-c,-1620,0.003403956536203623
20170711_FIRE_sm-n-mobo-c,-1560,0.001153580960817635
20170711_FIRE_sm-n-mobo-c,-1500,0.0012353254714980721
20170711_FIRE_sm-n-mobo-c,-1440,0.0
20170711_FIRE_sm-n-mobo-c,-1380,0.0010638665407896042
20170711_FIRE_sm-n-mobo-c,-1320,0.0023539538960903883
20170711_FIRE_sm-n-mobo-c,-1260,0.0011057815281674266
20170711_FIRE_sm-n-mobo-c,-1200,0.0026168706826865673
20170711_FIRE_sm-n-mobo-c,-1140,0.0019798355642706156
20170711_FIRE_sm-n-mobo-c,-1080,0.001736822654493153
20170711_FIRE_sm-n-mobo-c,-1020,0.0
20170711_FIRE_sm-n-mobo-c,-960,0.0015489313518628478
20170711_FIRE_sm-n-mobo-c,-900,0.005047614220529795
20170711_FIRE_sm-n-mobo-c,-840,0.001039414550177753
20170711_FIRE_sm-n-mobo-c,-780,0.0038712145760655403
20170711_FIRE_sm-n-mobo-c,-720,0.0010232573840767145
20170711_FIRE_sm-n-mobo-c,-660,0.0057138362899422646
20170711_FIRE_sm-n-mobo-c,-600,0.002851056167855859
20170711_FIRE_sm-n-mobo-c,-540,0.0028548312839120626
20170711_FIRE_sm-n-mobo-c,-480,0.003214282216504216
20170711_FIRE_sm-n-mobo-c,-420,0.0024578904267400503
20170711_FIRE_sm-n-mobo-c,-360,0.004703483544290066
20170711_FIRE_sm-n-mobo-c,-300,0.006507983431220055
20170711_FIRE_sm-n-mobo-c,-240,0.0014665750786662102
20170711_FIRE_sm-n-mobo-c,-180,0.0031926485244184732
20170711_FIRE_sm-n-mobo-c,-120,0.0016381837194785476
20170711_FIRE_sm-n-mobo-c,-60,0.00471845455467701
20170711_FIRE_sm-n-mobo-c,0,0.002969723427668214
20170711_FIRE_sm-n-mobo-c,60,0.002363442210480571
20170711_FIRE_sm-n-mobo-c,120,0.00356556405313313
20170711_FIRE_sm-n-mobo-c,180,0.0012057682033628225
20170711_FIRE_sm-n-mobo-c,240,0.009336178191006184
20170711_FIRE_sm-n-mobo-c,300,0.23994944989681244
20170711_FIRE_sm-n-mobo-c,360,0.23397673666477203
20170711_FIRE_sm-n-mobo-c,420,0.6049327850341797
20170711_FIRE_sm-n-mobo-c,480,0.18206515908241272
20170711_FIRE_sm-n-mobo-c,540,0.48776745796203613
20170711_FIRE_sm-n-mobo-c,600,0.39774879813194275
20170711_FIRE_sm-n-mobo-c,660,0.2552225887775421
20170711_FIRE_sm-n-mobo-c,720,0.02240368165075779
20170711_FIRE_sm-n-mobo-c,780,0.08587083965539932
20170711_FIRE_sm-n-mobo-c,840,0.021665537729859352
20170711_FIRE_sm-n-mobo-c,900,0.07467209547758102
20170711_FIRE_sm-n-mobo-c,960,0.062174148857593536
20170711_FIRE_sm-n-mobo-c,1020,0.04133391007781029
20170711_FIRE_sm-n-mobo-c,1080,0.010664292611181736
20170711_FIRE_sm-n-mobo-c,1140,0.09827002137899399
20170711_FIRE_sm-n-mobo-c,1200,0.18111693859100342
20170711_FIRE_sm-n-mobo-c,1260,0.14600969851016998
20170711_FIRE_sm-n-mobo-c,1320,0.43668603897094727
20170711_FIRE_sm-n-mobo-c,1380,0.1387050449848175
20170711_FIRE_sm-n-mobo-c,1440,0.45048555731773376
20170711_FIRE_sm-n-mobo-c,1500,0.5886568427085876
20170711_FIRE_sm-n-mobo-c,1560,0.13044898211956024
20170711_FIRE_sm-n-mobo-c,1620,0.07421167939901352
20170711_FIRE_sm-n-mobo-c,1680,0.22369375824928284
20170711_FIRE_sm-n-mobo-c,1740,0.38791337609291077
20170711_FIRE_sm-n-mobo-c,1800,0.5791504979133606
20170711_FIRE_sm-n-mobo-c,1860,0.46137914061546326
20170711_FIRE_sm-n-mobo-c,1920,0.4239545166492462
20170711_FIRE_sm-n-mobo-c,1980,0.6398833394050598
20170711_FIRE_sm-n-mobo-c,2040,0.41309165954589844
20170711_FIRE_sm-n-mobo-c,2100,0.06356662511825562
20170711_FIRE_sm-n-mobo-c,2160,0.09163341671228409
20170711_FIRE_sm-n-mobo-c,2220,0.14507555961608887
20170711_FIRE_sm-n-mobo-c,2280,0.1060136929154396
20170711_FIRE_sm-n-mobo-c,2340,0.23815809190273285
20170711_FIRE_sm-n-mobo-c,2400,0.2689776122570038
20170713_FIRE_smer-tcs8-mobo-c,-2400,0.005051874089986086
20170713_FIRE_smer-tcs8-mobo-c,-2340,0.012236887589097023
20170713_FIRE_smer-tcs8-mobo-c,-2280,0.0018273122841492295
20170713_FIRE_smer-tcs8-mobo-c,-2220,0.005213938653469086
20170713_FIRE_smer-tcs8-mobo-c,-2160,0.0
20170713_FIRE_smer-tcs8-mobo-c,-2100,0.0014378806808963418
20170713_FIRE_smer-tcs8-mobo-c,-2040,0.0010224856669083238
20170713_FIRE_smer-tcs8-mobo-c,-1980,0.0054060714319348335
20170713_FIRE_smer-tcs8-mobo-c,-1920,0.0010745462495833635
20170713_FIRE_smer-tcs8-mobo-c,-1860,0.01837957091629505
20170713_FIRE_smer-tcs8-mobo-c,-1800,0.0034993526060134172
20170713_FIRE_smer-tcs8-mobo-c,-1740,0.0016948903212323785
20170713_FIRE_smer-tcs8-mobo-c,-1680,0.009030872955918312
20170713_FIRE_smer-tcs8-mobo-c,-1620,0.022460754960775375
20170713_FIRE_smer-tcs8-mobo-c,-1560,0.005280026234686375
20170713_FIRE_smer-tcs8-mobo-c,-1500,0.0011508935131132603
20170713_FIRE_smer-tcs8-mobo-c,-1440,0.024315908551216125
20170713_FIRE_smer-tcs8-mobo-c,-1380,0.008347880095243454
20170713_FIRE_smer-tcs8-mobo-c,-1320,0.005960218608379364
20170713_FIRE_smer-tcs8-mobo-c,-1260,0.001984334783628583
20170713_FIRE_smer-tcs8-mobo-c,-1200,0.014109890908002853
20170713_FIRE_smer-tcs8-mobo-c,-1140,0.0014464497799053788
20170713_FIRE_smer-tcs8-mobo-c,-1080,0.0016111386939883232
20170713_FIRE_smer-tcs8-mobo-c,-1020,0.014779726974666119
20170713_FIRE_smer-tcs8-mobo-c,-960,0.008093159645795822
20170713_FIRE_smer-tcs8-mobo-c,-900,0.020848389714956284
20170713_FIRE_smer-tcs8-mobo-c,-840,0.0019691039342433214
20170713_FIRE_smer-tcs8-mobo-c,-780,0.0033198201563209295
20170713_FIRE_smer-tcs8-mobo-c,-720,0.014925490133464336
20170713_FIRE_smer-tcs8-mobo-c,-660,0.002887946553528309
20170713_FIRE_smer-tcs8-mobo-c,-600,0.00158327491953969
20170713_FIRE_smer-tcs8-mobo-c,-540,0.0036849509924650192
20170713_FIRE_smer-tcs8-mobo-c,-480,0.00364685314707458
20170713_FIRE_smer-tcs8-mobo-c,-420,0.004688906949013472
20170713_FIRE_smer-tcs8-mobo-c,-360,0.008220731280744076
20170713_FIRE_smer-tcs8-mobo-c,-300,0.004863130394369364
20170713_FIRE_smer-tcs8-mobo-c,-240,0.0052503920160233974
20170713_FIRE_smer-tcs8-mobo-c,-180,0.0025176648050546646
20170713_FIRE_smer-tcs8-mobo-c,-120,0.002065422013401985
20170713_FIRE_smer-tcs8-mobo-c,-60,0.0020835616160184145
20170713_FIRE_smer-tcs8-mobo-c,0,0.0022968833800405264
20170713_FIRE_smer-tcs8-mobo-c,60,0.0056947157718241215
20170713_FIRE_smer-tcs8-mobo-c,120,0.0044518145732581615
20170713_FIRE_smer-tcs8-mobo-c,180,0.0010223473655059934
20170713_FIRE_smer-tcs8-mobo-c,240,0.003920305520296097
20170713_FIRE_smer-tcs8-mobo-c,300,0.008411776274442673
20170713_FIRE_smer-tcs8-mobo-c,360,0.008005515672266483
20170713_FIRE_smer-tcs8-mobo-c,420,0.042640652507543564
20170713_FIRE_smer-tcs8-mobo-c,480,0.10563049465417862
20170713_FIRE_smer-tcs8-mobo-c,540,0.08475574851036072
20170713_FIRE_smer-tcs8-mobo-c,600,0.10530955344438553
20170713_FIRE_smer-tcs8-mobo-c,660,0.11315246671438217
20170713_FIRE_smer-tcs8-mobo-c,720,0.028926942497491837
20170713_FIRE_smer-tcs8-mobo-c,780,0.0270469319075346
20170713_FIRE_smer-tcs8-mobo-c,840,0.023855051025748253
20170713_FIRE_smer-tcs8-mobo-c,900,0.006218321621417999
20170713_FIRE_smer-tcs8-mobo-c,960,0.014956890605390072
20170713_FIRE_smer-tcs8-mobo-c,1020,0.04404227435588837
20170713_FIRE_smer-tcs8-mobo-c,1080,0.009447349235415459
20170713_FIRE_smer-tcs8-mobo-c,1140,0.02073892019689083
20170713_FIRE_smer-tcs8-mobo-c,1200,0.006012354977428913
20170713_FIRE_smer-tcs8-mobo-c,1260,0.003350385231897235
20170713_FIRE_smer-tcs8-mobo-c,1320,0.0022236451040953398
20170713_FIRE_smer-tcs8-mobo-c,1380,0.0014730814145877957
20170713_FIRE_smer-tcs8-mobo-c,1440,0.0031115086749196053
20170713_FIRE_smer-tcs8-mobo-c,1500,0.009808427654206753
20170713_FIRE_smer-tcs8-mobo-c,1560,0.008645542897284031
20170713_FIRE_smer-tcs8-mobo-c,1620,0.0010455666342750192
20170713_FIRE_smer-tcs8-mobo-c,1680,0.003616482485085726
20170713_FIRE_smer-tcs8-mobo-c,1740,0.004207724705338478
20170713_FIRE_smer-tcs8-mobo-c,1800,0.007242785766720772
20170713_FIRE_smer-tcs8-mobo-c,1860,0.005299774929881096
20170713_FIRE_smer-tcs8-mobo-c,1920,0.00556558184325695
20170713_FIRE_smer-tcs8-mobo-c,1980,0.002407035557553172
20170713_FIRE_smer-tcs8-mobo-c,2040,0.003598147304728627
20170713_FIRE_smer-tcs8-mobo-c,2100,0.0023197478149086237
20170713_FIRE_smer-tcs8-mobo-c,2160,0.0040637776255607605
20170722_FIRE_bm-n-mobo-c,-2400,0.0013899111654609442
20170722_FIRE_bm-n-mobo-c,-2340,0.0011219115694984794
20170722_FIRE_bm-n-mobo-c,-2280,0.0019202908733859658
20170722_FIRE_bm-n-mobo-c,-2220,0.001564163831062615
20170722_FIRE_bm-n-mobo-c,-2160,0.0019378194119781256
20170722_FIRE_bm-n-mobo-c,-2100,0.0033757665660232306
20170722_FIRE_bm-n-mobo-c,-2040,0.001152092358097434
20170722_FIRE_bm-n-mobo-c,-1980,0.0022102156654000282
20170722_FIRE_bm-n-mobo-c,-1920,0.0014261016622185707
20170722_FIRE_bm-n-mobo-c,-1860,0.002184921409934759
20170722_FIRE_bm-n-mobo-c,-1800,0.0
20170722_FIRE_bm-n-mobo-c,-1740,0.0012446785112842917
20170722_FIRE_bm-n-mobo-c,-1680,0.0016463168431073427
20170722_FIRE_bm-n-mobo-c,-1620,0.00352614838629961
20170722_FIRE_bm-n-mobo-c,-1560,0.003267489606514573
20170722_FIRE_bm-n-mobo-c,-1500,0.0020754465367645025
20170722_FIRE_bm-n-mobo-c,-1440,0.0020334115251898766
20170722_FIRE_bm-n-mobo-c,-1380,0.0026711025275290012
20170722_FIRE_bm-n-mobo-c,-1320,0.0023672678507864475
20170722_FIRE_bm-n-mobo-c,-1260,0.0023745561484247446
20170722_FIRE_bm-n-mobo-c,-1200,0.00423775240778923
20170722_FIRE_bm-n-mobo-c,-1140,0.006933612748980522
20170722_FIRE_bm-n-mobo-c,-1080,0.0027413652278482914
20170722_FIRE_bm-n-mobo-c,-1020,0.004644162021577358
20170722_FIRE_bm-n-mobo-c,-960,0.002726759761571884
20170722_FIRE_bm-n-mobo-c,-900,0.002036122605204582
20170722_FIRE_bm-n-mobo-c,-840,0.004053850658237934
20170722_FIRE_bm-n-mobo-c,-780,0.008152677677571774
20170722_FIRE_bm-n-mobo-c,-720,0.003591479267925024
20170722_FIRE_bm-n-mobo-c,-660,0.00872577540576458
20170722_FIRE_bm-n-mobo-c,-600,0.0034917169250547886
20170722_FIRE_bm-n-mobo-c,-540,0.006107763387262821
20170722_FIRE_bm-n-mobo-c,-480,0.005390781909227371
20170722_FIRE_bm-n-mobo-c,-420,0.002926125191152096
20170722_FIRE_bm-n-mobo-c,-360,0.002127713290974498
20170722_FIRE_bm-n-mobo-c,-300,0.0024609810207039118
20170722_FIRE_bm-n-mobo-c,-240,0.01025638822466135
20170722_FIRE_bm-n-mobo-c,-180,0.0010535286273807287
20170722_FIRE_bm-n-mobo-c,-120,0.005196713842451572
20170722_FIRE_bm-n-mobo-c,-60,0.010918273590505123
20170722_FIRE_bm-n-mobo-c,0,0.010423019528388977
20170722_FIRE_bm-n-mobo-c,60,0.006716563366353512
20170722_FIRE_bm-n-mobo-c,120,0.008184398524463177
20170722_FIRE_bm-n-mobo-c,180,0.0039314148016273975
20170722_FIRE_bm-n-mobo-c,240,0.0013075504684820771
20170722_FIRE_bm-n-mobo-c,300,0.0
20170722_FIRE_bm-n-mobo-c,360,0.006434876471757889
20170722_FIRE_bm-n-mobo-c,420,0.0026344978250563145
20170722_FIRE_bm-n-mobo-c,480,0.0014627052005380392
20170722_FIRE_bm-n-mobo-c,540,0.0010316185653209686
20170722_FIRE_bm-n-mobo-c,600,0.0020728656090795994
20170722_FIRE_bm-n-mobo-c,660,0.0012302363757044077
20170722_FIRE_bm-n-mobo-c,720,0.0026599864941090345
20170722_FIRE_bm-n-mobo-c,780,0.004785766825079918
20170722_FIRE_bm-n-mobo-c,840,0.003001610515639186
20170722_FIRE_bm-n-mobo-c,900,0.0032192387152463198
20170722_FIRE_bm-n-mobo-c,960,0.0044716475531458855
20170722_FIRE_bm-n-mobo-c,1020,0.0010464554652571678
20170722_FIRE_bm-n-mobo-c,1080,0.004950982518494129
20170722_FIRE_bm-n-mobo-c,1140,0.0012610735138878226
20170722_FIRE_bm-n-mobo-c,1200,0.01004707906395197
20170722_FIRE_bm-n-mobo-c,1260,0.0017697748262435198
20170722_FIRE_bm-n-mobo-c,1320,0.003773622214794159
20170722_FIRE_bm-n-mobo-c,1380,0.0018511888338252902
20170722_FIRE_bm-n-mobo-c,1440,0.0012050035875290632
20170722_FIRE_bm-n-mobo-c,1500,0.0030093861278146505
20170722_FIRE_bm-n-mobo-c,1560,0.0010138056240975857
20170722_FIRE_bm-n-mobo-c,1620,0.0
20170722_FIRE_bm-n-mobo-c,1680,0.001581933000124991
20170722_FIRE_bm-n-mobo-c,1740,0.00469329534098506
20170722_FIRE_bm-n-mobo-c,1800,0.002466313075274229
20170722_FIRE_bm-n-mobo-c,1860,0.0011863737599924207
20170722_FIRE_bm-n-mobo-c,1920,0.0012592246057465672
20170722_FIRE_bm-n-mobo-c,1980,0.004139572847634554
20170722_FIRE_bm-n-mobo-c,2040,0.0011253614211454988
20170722_FIRE_bm-n-mobo-c,2100,0.0
20170722_FIRE_bm-n-mobo-c,2160,0.0
20170722_FIRE_bm-n-mobo-c,2220,0.005147765856236219
20170722_FIRE_bm-n-mobo-c,2280,0.0
20170722_FIRE_bm-n-mobo-c,2340,0.0012166452361270785
20170722_FIRE_bm-n-mobo-c,2400,0.001294130110181868
