sequence,offset,max_conf
20160604_FIRE_rm-n-mobo-c,-2400,0.017025921493768692
20160604_FIRE_rm-n-mobo-c,-2340,0.02202789857983589
20160604_FIRE_rm-n-mobo-c,-2280,0.020140642300248146
20160604_FIRE_rm-n-mobo-c,-2220,0.030267691239714622
20160604_FIRE_rm-n-mobo-c,-2160,0.04422774538397789
20160604_FIRE_rm-n-mobo-c,-2100,0.025452500209212303
20160604_FIRE_rm-n-mobo-c,-2040,0.03506530821323395
20160604_FIRE_rm-n-mobo-c,-1980,0.027504807338118553
20160604_FIRE_rm-n-mobo-c,-1920,0.04367094114422798
20160604_FIRE_rm-n-mobo-c,-1860,0.03552820906043053
20160604_FIRE_rm-n-mobo-c,-1800,0.022833045572042465
20160604_FIRE_rm-n-mobo-c,-1740,0.03227938711643219
20160604_FIRE_rm-n-mobo-c,-1680,0.0344214104115963
20160604_FIRE_rm-n-mobo-c,-1620,0.050708234310150146
20160604_FIRE_rm-n-mobo-c,-1560,0.03383670747280121
20160604_FIRE_rm-n-mobo-c,-1500,0.04643024131655693
20160604_FIRE_rm-n-mobo-c,-1440,0.04439247399568558
20160604_FIRE_rm-n-mobo-c,-1380,0.021245919167995453
20160604_FIRE_rm-n-mobo-c,-1320,0.0415036715567112
20160604_FIRE_rm-n-mobo-c,-1260,0.04850652441382408
20160604_FIRE_rm-n-mobo-c,-1200,0.05958055332303047
20160604_FIRE_rm-n-mobo-c,-1140,0.05665619671344757
20160604_FIRE_rm-n-mobo-c,-1080,0.05874441936612129
20160604_FIRE_rm-n-mobo-c,-1020,0.038943711668252945
20160604_FIRE_rm-n-mobo-c,-960,0.038082417100667953
20160604_FIRE_rm-n-mobo-c,-900,0.035407040268182755
20160604_FIRE_rm-n-mobo-c,-840,0.17556428909301758
20160604_FIRE_rm-n-mobo-c,-780,0.07097554206848145
20160604_FIRE_rm-n-mobo-c,-720,0.03504832834005356
20160604_FIRE_rm-n-mobo-c,-660,0.05182024836540222
20160604_FIRE_rm-n-mobo-c,-600,0.07643255591392517
20160604_FIRE_rm-n-mobo-c,-540,0.05485887825489044
20160604_FIRE_rm-n-mobo-c,-480,0.04421801120042801
20160604_FIRE_rm-n-mobo-c,-420,0.08365907520055771
20160604_FIRE_rm-n-mobo-c,-360,0.021732453256845474
20160604_FIRE_rm-n-mobo-c,-300,0.1785537302494049
20160604_FIRE_rm-n-mobo-c,-240,0.026076670736074448
20160604_FIRE_rm-n-mobo-c,-180,0.14435669779777527
20160604_FIRE_rm-n-mobo-c,-120,0.12052931636571884
20160604_FIRE_rm-n-mobo-c,-60,0.08691039681434631
20160604_FIRE_rm-n-mobo-c,0,0.28585726022720337
20160604_FIRE_rm-n-mobo-c,60,0.37412163615226746
20160604_FIRE_rm-n-mobo-c,120,0.5689484477043152
20160604_FIRE_rm-n-mobo-c,180,0.6298617720603943
20160604_FIRE_rm-n-mobo-c,240,0.16228044033050537
20160604_FIRE_rm-n-mobo-c,300,0.14485250413417816
20160604_FIRE_rm-n-mobo-c,360,0.1816781908273697
20160604_FIRE_rm-n-mobo-c,420,0.09694172441959381
20160604_FIRE_rm-n-mobo-c,480,0.03656351938843727
20160604_FIRE_rm-n-mobo-c,540,0.04430026933550835
20160604_FIRE_rm-n-mobo-c,600,0.09046821296215057
20160604_FIRE_rm-n-mobo-c,660,0.364528089761734
20160604_FIRE_rm-n-mobo-c,720,0.17877401411533356
20160604_FIRE_rm-n-mobo-c,780,0.36186835169792175
20160604_FIRE_rm-n-mobo-c,840,0.334428071975708
20160604_FIRE_rm-n-mobo-c,900,0.24516795575618744
20160604_FIRE_rm-n-mobo-c,960,0.05274505540728569
20160604_FIRE_rm-n-mobo-c,1020,0.036699358373880386
20160604_FIRE_rm-n-mobo-c,1080,0.05667141452431679
20160604_FIRE_rm-n-mobo-c,1140,0.24975591897964478
20160604_FIRE_rm-n-mobo-c,1200,0.08937282115221024
20160604_FIRE_rm-n-mobo-c,1260,0.21376536786556244
20160604_FIRE_rm-n-mobo-c,1320,0.19248168170452118
20160604_FIRE_rm-n-mobo-c,1380,0.09043670445680618
20160604_FIRE_rm-n-mobo-c,1440,0.15401294827461243
20160604_FIRE_rm-n-mobo-c,1500,0.1364775151014328
20160604_FIRE_rm-n-mobo-c,1560,0.37652966380119324
20160604_FIRE_rm-n-mobo-c,1620,0.3332553505897522
20160604_FIRE_rm-n-mobo-c,1680,0.3133060932159424
20160604_FIRE_rm-n-mobo-c,1740,0.20410554111003876
20160604_FIRE_rm-n-mobo-c,1800,0.31197744607925415
20160604_FIRE_rm-n-mobo-c,1860,0.4240538477897644
20160604_FIRE_rm-n-mobo-c,1920,0.17735236883163452
20160604_FIRE_rm-n-mobo-c,1980,0.2885127067565918
20160604_FIRE_rm-n-mobo-c,2040,0.24164420366287231
20160604_FIRE_rm-n-mobo-c,2100,0.13941732048988342
20160604_FIRE_rm-n-mobo-c,2160,0.028979502618312836
20160604_FIRE_rm-n-mobo-c,2220,0.07069731503725052
20160604_FIRE_rm-n-mobo-c,2280,0.07300085574388504
20160604_FIRE_rm-n-mobo-c,2340,0.21174152195453644
20160604_FIRE_rm-n-mobo-c,2400,0.04907621815800667
20160604_FIRE_smer-tcs3-mobo-c,-2400,0.07903497666120529
20160604_FIRE_smer-tcs3-mobo-c,-2340,0.03110043704509735
20160604_FIRE_smer-tcs3-mobo-c,-2280,0.11406584829092026
20160604_FIRE_smer-tcs3-mobo-c,-2220,0.026052074506878853
20160604_FIRE_smer-tcs3-mobo-c,-2160,0.05201633274555206
20160604_FIRE_smer-tcs3-mobo-c,-2100,0.061113178730010986
20160604_FIRE_smer-tcs3-mobo-c,-2040,0.11711223423480988
20160604_FIRE_smer-tcs3-mobo-c,-1980,0.10680435597896576
20160604_FIRE_smer-tcs3-mobo-c,-1920,0.032054610550403595
20160604_FIRE_smer-tcs3-mobo-c,-1860,0.039841748774051666
20160604_FIRE_smer-tcs3-mobo-c,-1800,0.08497342467308044
20160604_FIRE_smer-tcs3-mobo-c,-1740,0.11164606362581253
20160604_FIRE_smer-tcs3-mobo-c,-1680,0.06264125555753708
20160604_FIRE_smer-tcs3-mobo-c,-1620,0.07279017567634583
20160604_FIRE_smer-tcs3-mobo-c,-1560,0.02178853377699852
20160604_FIRE_smer-tcs3-mobo-c,-1500,0.03429334610700607
20160604_FIRE_smer-tcs3-mobo-c,-1440,0.040010642260313034
20160604_FIRE_smer-tcs3-mobo-c,-1380,0.10076994448900223
20160604_FIRE_smer-tcs3-mobo-c,-1320,0.03266981989145279
20160604_FIRE_smer-tcs3-mobo-c,-1260,0.030543237924575806
20160604_FIRE_smer-tcs3-mobo-c,-1200,0.0609627291560173
20160604_FIRE_smer-tcs3-mobo-c,-1140,0.023597249761223793
20160604_FIRE_smer-tcs3-mobo-c,-1080,0.10856050997972488
20160604_FIRE_smer-tcs3-mobo-c,-1020,0.06275666505098343
20160604_FIRE_smer-tcs3-mobo-c,-960,0.03838934376835823
20160604_FIRE_smer-tcs3-mobo-c,-900,0.05207204818725586
20160604_FIRE_smer-tcs3-mobo-c,-840,0.07892657816410065
20160604_FIRE_smer-tcs3-mobo-c,-780,0.06531103700399399
20160604_FIRE_smer-tcs3-mobo-c,-720,0.04945807531476021
20160604_FIRE_smer-tcs3-mobo-c,-660,0.02154221571981907
20160604_FIRE_smer-tcs3-mobo-c,-600,0.09675687551498413
20160604_FIRE_smer-tcs3-mobo-c,-540,0.03130679950118065
20160604_FIRE_smer-tcs3-mobo-c,-480,0.08117154985666275
20160604_FIRE_smer-tcs3-mobo-c,-420,0.044787194579839706
20160604_FIRE_smer-tcs3-mobo-c,-360,0.07792539149522781
20160604_FIRE_smer-tcs3-mobo-c,-300,0.05120757967233658
20160604_FIRE_smer-tcs3-mobo-c,-240,0.07220172137022018
20160604_FIRE_smer-tcs3-mobo-c,-180,0.12848632037639618
20160604_FIRE_smer-tcs3-mobo-c,-120,0.0778232142329216
20160604_FIRE_smer-tcs3-mobo-c,-60,0.09378684312105179
20160604_FIRE_smer-tcs3-mobo-c,0,0.5592023730278015
20160604_FIRE_smer-tcs3-mobo-c,60,0.771183431148529
20160604_FIRE_smer-tcs3-mobo-c,120,0.7771888375282288
20160604_FIRE_smer-tcs3-mobo-c,180,0.7949283123016357
20160604_FIRE_smer-tcs3-mobo-c,240,0.26094552874565125
20160604_FIRE_smer-tcs3-mobo-c,300,0.21507883071899414
20160604_FIRE_smer-tcs3-mobo-c,360,0.34384214878082275
20160604_FIRE_smer-tcs3-mobo-c,420,0.07936842739582062
20160604_FIRE_smer-tcs3-mobo-c,480,0.08183854818344116
20160604_FIRE_smer-tcs3-mobo-c,540,0.09909436851739883
20160604_FIRE_smer-tcs3-mobo-c,600,0.25638091564178467
20160604_FIRE_smer-tcs3-mobo-c,660,0.18037861585617065
20160604_FIRE_smer-tcs3-mobo-c,720,0.16017666459083557
20160604_FIRE_smer-tcs3-mobo-c,780,0.2798120677471161
20160604_FIRE_smer-tcs3-mobo-c,840,0.12813273072242737
20160604_FIRE_smer-tcs3-mobo-c,900,0.2109578400850296
20160604_FIRE_smer-tcs3-mobo-c,960,0.09064114838838577
20160604_FIRE_smer-tcs3-mobo-c,1020,0.22501374781131744
20160604_FIRE_smer-tcs3-mobo-c,1080,0.06171905994415283
20160604_FIRE_smer-tcs3-mobo-c,1140,0.1660463809967041
20160604_FIRE_smer-tcs3-mobo-c,1200,0.13113388419151306
20160604_FIRE_smer-tcs3-mobo-c,1260,0.1502416580915451
20160604_FIRE_smer-tcs3-mobo-c,1320,0.10613487660884857
20160604_FIRE_smer-tcs3-mobo-c,1380,0.11485471576452255
20160604_FIRE_smer-tcs3-mobo-c,1440,0.10449284315109253
20160604_FIRE_smer-tcs3-mobo-c,1500,0.08495103567838669
20160604_FIRE_smer-tcs3-mobo-c,1560,0.059427451342344284
20160604_FIRE_smer-tcs3-mobo-c,1620,0.1124713271856308
20160604_FIRE_smer-tcs3-mobo-c,1680,0.5763998031616211
20160604_FIRE_smer-tcs3-mobo-c,1740,0.1365252286195755
20160604_FIRE_smer-tcs3-mobo-c,1800,0.06161066144704819
20160604_FIRE_smer-tcs3-mobo-c,1860,0.05095640569925308
20160604_FIRE_smer-tcs3-mobo-c,1920,0.030021226033568382
20160604_FIRE_smer-tcs3-mobo-c,1980,0.12376205623149872
20160604_FIRE_smer-tcs3-mobo-c,2040,0.06508785486221313
20160604_FIRE_smer-tcs3-mobo-c,2100,0.06391637772321701
20160604_FIRE_smer-tcs3-mobo-c,2160,0.08077695220708847
20160604_FIRE_smer-tcs3-mobo-c,2220,0.10512639582157135
20160604_FIRE_smer-tcs3-mobo-c,2280,0.11071143299341202
20160604_FIRE_smer-tcs3-mobo-c,2340,0.26684674620628357
20160604_FIRE_smer-tcs3-mobo-c,2400,0.042025886476039886
20160619_FIRE_lp-e-iqeye,-2400,0.038311660289764404
20160619_FIRE_lp-e-iqeye,-2280,0.06366579979658127
20160619_FIRE_lp-e-iqeye,-2160,0.08794307708740234
20160619_FIRE_lp-e-iqeye,-2040,0.022663801908493042
20160619_FIRE_lp-e-iqeye,-1920,0.05015771836042404
20160619_FIRE_lp-e-iqeye,-1800,0.07610873878002167
20160619_FIRE_lp-e-iqeye,-1680,0.052306633442640305
20160619_FIRE_lp-e-iqeye,-1560,0.027601446956396103
20160619_FIRE_lp-e-iqeye,-1440,0.06691359728574753
20160619_FIRE_lp-e-iqeye,-1320,0.07460971921682358
20160619_FIRE_lp-e-iqeye,-1200,0.04636629298329353
20160619_FIRE_lp-e-iqeye,-1080,0.1127224713563919
20160619_FIRE_lp-e-iqeye,-960,0.05023594945669174
20160619_FIRE_lp-e-iqeye,-840,0.048963628709316254
20160619_FIRE_lp-e-iqeye,-720,0.04937629774212837
20160619_FIRE_lp-e-iqeye,-600,0.09086472541093826
20160619_FIRE_lp-e-iqeye,-480,0.08783799409866333
20160619_FIRE_lp-e-iqeye,-360,0.06237770617008209
20160619_FIRE_lp-e-iqeye,-240,0.039897073060274124
20160619_FIRE_lp-e-iqeye,-120,0.04289212077856064
20160619_FIRE_lp-e-iqeye,0,0.02074267342686653
20160619_FIRE_lp-e-iqeye,120,0.05925029143691063
20160619_FIRE_lp-e-iqeye,240,0.36431020498275757
20160619_FIRE_lp-e-iqeye,360,0.34287229180336
20160619_FIRE_lp-e-iqeye,480,0.544527530670166
20160619_FIRE_lp-e-iqeye,600,0.4457019865512848
20160619_FIRE_lp-e-iqeye,720,0.5448759198188782
20160619_FIRE_lp-e-iqeye,840,0.3757968544960022
20160619_FIRE_lp-e-iqeye,960,0.46086061000823975
20160619_FIRE_lp-e-iqeye,1080,0.11669401079416275
20160619_FIRE_lp-e-iqeye,1200,0.5221533179283142
20160619_FIRE_lp-e-iqeye,1320,0.27279168367385864
20160619_FIRE_lp-e-iqeye,1440,0.4185200333595276
20160619_FIRE_lp-e-iqeye,1560,0.6363618969917297
20160619_FIRE_lp-e-iqeye,1680,0.8311938643455505
20160619_FIRE_lp-e-iqeye,1800,0.6219975352287292
20160619_FIRE_lp-e-iqeye,1920,0.459301233291626
20160619_FIRE_lp-e-iqeye,2040,0.11084045469760895
20160619_FIRE_lp-e-iqeye,2160,0.08038679510354996
20160619_FIRE_lp-e-iqeye,2280,0.07225620001554489
20160619_FIRE_lp-e-iqeye,2400,0.29034626483917236
20160619_FIRE_om-e-mobo-c,-2400,0.002924516098573804
20160619_FIRE_om-e-mobo-c,-2340,0.0033197226002812386
20160619_FIRE_om-e-mobo-c,-2280,0.0062960474751889706
20160619_FIRE_om-e-mobo-c,-2220,0.004025815054774284
20160619_FIRE_om-e-mobo-c,-2160,0.01717950962483883
20160619_FIRE_om-e-mobo-c,-2100,0.022686177864670753
20160619_FIRE_om-e-mobo-c,-2040,0.022646840661764145
20160619_FIRE_om-e-mobo-c,-1980,0.00480680912733078
20160619_FIRE_om-e-mobo-c,-1920,0.006093939766287804
20160619_FIRE_om-e-mobo-c,-1860,0.009852856397628784
20160619_FIRE_om-e-mobo-c,-1800,0.006017435807734728
20160619_FIRE_om-e-mobo-c,-1740,0.009180785156786442
20160619_FIRE_om-e-mobo-c,-1680,0.02795337699353695
20160619_FIRE_om-e-mobo-c,-1620,0.08890291303396225
20160619_FIRE_om-e-mobo-c,-1560,0.031016835942864418
20160619_FIRE_om-e-mobo-c,-1500,0.00990783516317606
20160619_FIRE_om-e-mobo-c,-1440,0.004128681030124426
20160619_FIRE_om-e-mobo-c,-1380,0.006777806673198938
20160619_FIRE_om-e-mobo-c,-1320,0.00305700721219182
20160619_FIRE_om-e-mobo-c,-1260,0.022878387942910194
20160619_FIRE_om-e-mobo-c,-1200,0.0168923307210207
20160619_FIRE_om-e-mobo-c,-1140,0.010194176807999611
20160619_FIRE_om-e-mobo-c,-1080,0.006456536240875721
20160619_FIRE_om-e-mobo-c,-1020,0.005544932093471289
20160619_FIRE_om-e-mobo-c,-960,0.013890362344682217
20160619_FIRE_om-e-mobo-c,-900,0.008185671642422676
20160619_FIRE_om-e-mobo-c,-840,0.012768416665494442
20160619_FIRE_om-e-mobo-c,-780,0.01078339759260416
20160619_FIRE_om-e-mobo-c,-720,0.004317778162658215
20160619_FIRE_om-e-mobo-c,-660,0.0039370097219944
20160619_FIRE_om-e-mobo-c,-600,0.004133938811719418
20160619_FIRE_om-e-mobo-c,-540,0.006849127355962992
20160619_FIRE_om-e-mobo-c,-480,0.02786877192556858
20160619_FIRE_om-e-mobo-c,-420,0.00970552396029234
20160619_FIRE_om-e-mobo-c,-360,0.019177787005901337
20160619_FIRE_om-e-mobo-c,-300,0.0654481053352356
20160619_FIRE_om-e-mobo-c,-240,0.03912675380706787
20160619_FIRE_om-e-mobo-c,-180,0.008350548334419727
20160619_FIRE_om-e-mobo-c,-120,0.017988361418247223
20160619_FIRE_om-e-mobo-c,-60,0.004683834034949541
20160619_FIRE_om-e-mobo-c,0,0.020016996189951897
20160619_FIRE_om-e-mobo-c,60,0.020361661911010742
20160619_FIRE_om-e-mobo-c,120,0.08209459483623505
20160619_FIRE_om-e-mobo-c,180,0.03521309792995453
20160619_FIRE_om-e-mobo-c,240,0.1520824134349823
20160619_FIRE_om-e-mobo-c,300,0.5876267552375793
20160619_FIRE_om-e-mobo-c,360,0.8390594124794006
20160619_FIRE_om-e-mobo-c,420,0.8290315270423889
20160619_FIRE_om-e-mobo-c,480,0.5296537280082703
20160619_FIRE_om-e-mobo-c,540,0.44940075278282166
20160619_FIRE_om-e-mobo-c,600,0.6572462916374207
20160619_FIRE_om-e-mobo-c,660,0.679928183555603
20160619_FIRE_om-e-mobo-c,720,0.6897909045219421
20160619_FIRE_om-e-mobo-c,780,0.6320246458053589
20160619_FIRE_om-e-mobo-c,840,0.5687347054481506
20160619_FIRE_om-e-mobo-c,900,0.4573935270309448
20160619_FIRE_om-e-mobo-c,960,0.6390485763549805
20160619_FIRE_om-e-mobo-c,1020,0.5388858318328857
20160619_FIRE_om-e-mobo-c,1080,0.29675036668777466
20160619_FIRE_om-e-mobo-c,1140,0.3330037593841553
20160619_FIRE_om-e-mobo-c,1200,0.7063115239143372
20160619_FIRE_om-e-mobo-c,1260,0.6793210506439209
20160619_FIRE_om-e-mobo-c,1320,0.7046543955802917
20160619_FIRE_om-e-mobo-c,1380,0.6069939732551575
20160619_FIRE_om-e-mobo-c,1440,0.8343919515609741
20160619_FIRE_om-e-mobo-c,1500,0.7224069237709045
20160619_FIRE_om-e-mobo-c,1560,0.6931062936782837
20160619_FIRE_om-e-mobo-c,1620,0.7332543730735779
20160619_FIRE_om-e-mobo-c,1680,0.6472126245498657
20160619_FIRE_om-e-mobo-c,1740,0.5348349213600159
20160619_FIRE_om-e-mobo-c,1800,0.5346530079841614
20160619_FIRE_om-e-mobo-c,1860,0.6649745106697083
20160619_FIRE_om-e-mobo-c,1920,0.5707278847694397
20160619_FIRE_om-e-mobo-c,1980,0.671058714389801
20160619_FIRE_om-e-mobo-c,2040,0.737606942653656
20160619_FIRE_om-e-mobo-c,2100,0.7909086346626282
20160619_FIRE_om-e-mobo-c,2160,0.7026519775390625
20160619_FIRE_om-e-mobo-c,2220,0.6768746376037598
20160619_FIRE_om-e-mobo-c,2280,0.5838356018066406
20160619_FIRE_om-e-mobo-c,2340,0.6161502003669739
20160619_FIRE_om-e-mobo-c,2400,0.5560765862464905
20160619_FIRE_pi-s-mobo-c,-2400,0.027555610984563828
20160619_FIRE_pi-s-mobo-c,-2340,0.02263869345188141
20160619_FIRE_pi-s-mobo-c,-2280,0.01378163043409586
20160619_FIRE_pi-s-mobo-c,-2220,0.04379776865243912
20160619_FIRE_pi-s-mobo-c,-2160,0.11953780800104141
20160619_FIRE_pi-s-mobo-c,-2100,0.2592604160308838
20160619_FIRE_pi-s-mobo-c,-2040,0.16114561259746552
20160619_FIRE_pi-s-mobo-c,-1980,0.20524773001670837
20160619_FIRE_pi-s-mobo-c,-1920,0.061594750732183456
20160619_FIRE_pi-s-mobo-c,-1860,0.43500077724456787
20160619_FIRE_pi-s-mobo-c,-1800,0.03880953788757324
20160619_FIRE_pi-s-mobo-c,-1740,0.0996466800570488
20160619_FIRE_pi-s-mobo-c,-1680,0.04516144469380379
20160619_FIRE_pi-s-mobo-c,-1620,0.05241796001791954
20160619_FIRE_pi-s-mobo-c,-1560,0.04685226082801819
20160619_FIRE_pi-s-mobo-c,-1500,0.024418001994490623
20160619_FIRE_pi-s-mobo-c,-1440,0.06547056138515472
20160619_FIRE_pi-s-mobo-c,-1380,0.08768316358327866
20160619_FIRE_pi-s-mobo-c,-1320,0.027040554210543633
20160619_FIRE_pi-s-mobo-c,-1260,0.10605552047491074
20160619_FIRE_pi-s-mobo-c,-1200,0.07903122156858444
20160619_FIRE_pi-s-mobo-c,-1140,0.02292877994477749
20160619_FIRE_pi-s-mobo-c,-1080,0.016231955960392952
20160619_FIRE_pi-s-mobo-c,-1020,0.0362260639667511
20160619_FIRE_pi-s-mobo-c,-960,0.05601253733038902
20160619_FIRE_pi-s-mobo-c,-900,0.03911454975605011
20160619_FIRE_pi-s-mobo-c,-840,0.07907257229089737
20160619_FIRE_pi-s-mobo-c,-780,0.09206546097993851
20160619_FIRE_pi-s-mobo-c,-720,0.03163320943713188
20160619_FIRE_pi-s-mobo-c,-660,0.012864019721746445
20160619_FIRE_pi-s-mobo-c,-600,0.026090947911143303
20160619_FIRE_pi-s-mobo-c,-540,0.11126308143138885
20160619_FIRE_pi-s-mobo-c,-480,0.046552419662475586
20160619_FIRE_pi-s-mobo-c,-420,0.09393487125635147
20160619_FIRE_pi-s-mobo-c,-360,0.03783901035785675
20160619_FIRE_pi-s-mobo-c,-300,0.030410613864660263
20160619_FIRE_pi-s-mobo-c,-240,0.040977247059345245
20160619_FIRE_pi-s-mobo-c,-180,0.06492900848388672
20160619_FIRE_pi-s-mobo-c,-120,0.02453756146132946
20160619_FIRE_pi-s-mobo-c,-60,0.025145260617136955
20160619_FIRE_pi-s-mobo-c,0,0.010489883832633495
20160619_FIRE_pi-s-mobo-c,60,0.01420290395617485
20160619_FIRE_pi-s-mobo-c,120,0.03840349242091179
20160619_FIRE_pi-s-mobo-c,180,0.020973164588212967
20160619_FIRE_pi-s-mobo-c,240,0.01746092177927494
20160619_FIRE_pi-s-mobo-c,300,0.05312296375632286
20160619_FIRE_pi-s-mobo-c,360,0.03174670413136482
20160619_FIRE_pi-s-mobo-c,420,0.034546591341495514
20160619_FIRE_pi-s-mobo-c,480,0.0213113185018301
20160619_FIRE_pi-s-mobo-c,540,0.008745313622057438
20160619_FIRE_pi-s-mobo-c,600,0.005985837429761887
20160619_FIRE_pi-s-mobo-c,660,0.005692061968147755
20160619_FIRE_pi-s-mobo-c,720,0.03094620071351528
20160619_FIRE_pi-s-mobo-c,780,0.010937957093119621
20160619_FIRE_pi-s-mobo-c,840,0.029134534299373627
20160619_FIRE_pi-s-mobo-c,900,0.8185976147651672
20160619_FIRE_pi-s-mobo-c,960,0.6421398520469666
20160619_FIRE_pi-s-mobo-c,1020,0.10562658309936523
20160619_FIRE_pi-s-mobo-c,1080,0.10159575939178467
20160619_FIRE_pi-s-mobo-c,1140,0.005704654846340418
20160619_FIRE_pi-s-mobo-c,1200,0.420134961605072
20160619_FIRE_pi-s-mobo-c,1260,0.2262718230485916
20160619_FIRE_pi-s-mobo-c,1320,0.02732717990875244
20160619_FIRE_pi-s-mobo-c,1380,0.014850723557174206
20160619_FIRE_pi-s-mobo-c,1440,0.035817332565784454
20160619_FIRE_pi-s-mobo-c,1500,0.018290750682353973
20160619_FIRE_pi-s-mobo-c,1560,0.014687731862068176
20160619_FIRE_pi-s-mobo-c,1620,0.31961485743522644
20160619_FIRE_pi-s-mobo-c,1680,0.13590136170387268
20160619_FIRE_pi-s-mobo-c,1740,0.033848464488983154
20160619_FIRE_pi-s-mobo-c,1800,0.044058676809072495
20160619_FIRE_pi-s-mobo-c,1860,0.046865060925483704
20160619_FIRE_pi-s-mobo-c,1920,0.06713827699422836
20160619_FIRE_pi-s-mobo-c,1980,0.09464948624372482
20160619_FIRE_pi-s-mobo-c,2040,0.020438766106963158
20160619_FIRE_pi-s-mobo-c,2100,0.00824638269841671
20160619_FIRE_pi-s-mobo-c,2160,0.031090732663869858
20160619_FIRE_pi-s-mobo-c,2220,0.015418225899338722
20160619_FIRE_pi-s-mobo-c,2280,0.01982790045440197
20160619_FIRE_pi-s-mobo-c,2340,0.02614152804017067
20160619_FIRE_pi-s-mobo-c,2400,0.022811435163021088
20160711_FIRE_ml-n-mobo-c,-2400,0.010705254971981049
20160711_FIRE_ml-n-mobo-c,-2340,0.005158242769539356
20160711_FIRE_ml-n-mobo-c,-2280,0.008725750260055065
20160711_FIRE_ml-n-mobo-c,-2220,0.009968923404812813
20160711_FIRE_ml-n-mobo-c,-2160,0.011225110851228237
20160711_FIRE_ml-n-mobo-c,-2100,0.010291428305208683
20160711_FIRE_ml-n-mobo-c,-2040,0.013126409612596035
20160711_FIRE_ml-n-mobo-c,-1980,0.005430256947875023
20160711_FIRE_ml-n-mobo-c,-1920,0.007323686499148607
20160711_FIRE_ml-n-mobo-c,-1860,0.004800355993211269
20160711_FIRE_ml-n-mobo-c,-1800,0.014304062351584435
20160711_FIRE_ml-n-mobo-c,-1740,0.0166883897036314
20160711_FIRE_ml-n-mobo-c,-1680,0.010443445295095444
20160711_FIRE_ml-n-mobo-c,-1620,0.008061537519097328
20160711_FIRE_ml-n-mobo-c,-1560,0.012978190556168556
20160711_FIRE_ml-n-mobo-c,-1500,0.016107339411973953
20160711_FIRE_ml-n-mobo-c,-1440,0.023944146931171417
20160711_FIRE_ml-n-mobo-c,-1380,0.008650056086480618
20160711_FIRE_ml-n-mobo-c,-1320,0.012216162867844105
20160711_FIRE_ml-n-mobo-c,-1260,0.008060546591877937
20160711_FIRE_ml-n-mobo-c,-1200,0.005986274220049381
20160711_FIRE_ml-n-mobo-c,-1140,0.0062988824211061
20160711_FIRE_ml-n-mobo-c,-1080,0.005577354226261377
20160711_FIRE_ml-n-mobo-c,-1020,0.012172359973192215
20160711_FIRE_ml-n-mobo-c,-960,0.016474362462759018
20160711_FIRE_ml-n-mobo-c,-900,0.017629295587539673
20160711_FIRE_ml-n-mobo-c,-840,0.006181156728416681
20160711_FIRE_ml-n-mobo-c,-780,0.015421670861542225
20160711_FIRE_ml-n-mobo-c,-720,0.007729453966021538
20160711_FIRE_ml-n-mobo-c,-660,0.01082201674580574
20160711_FIRE_ml-n-mobo-c,-600,0.013105559162795544
20160711_FIRE_ml-n-mobo-c,-540,0.008206219412386417
20160711_FIRE_ml-n-mobo-c,-480,0.01217853743582964
20160711_FIRE_ml-n-mobo-c,-420,0.008653360418975353
20160711_FIRE_ml-n-mobo-c,-360,0.01325415913015604
20160711_FIRE_ml-n-mobo-c,-300,0.01029138918966055
20160711_FIRE_ml-n-mobo-c,-240,0.016248730942606926
20160711_FIRE_ml-n-mobo-c,-180,0.012811272405087948
20160711_FIRE_ml-n-mobo-c,-120,0.013523341156542301
20160711_FIRE_ml-n-mobo-c,-60,0.011461365967988968
20160711_FIRE_ml-n-mobo-c,0,0.017601288855075836
20160711_FIRE_ml-n-mobo-c,60,0.019001657143235207
20160711_FIRE_ml-n-mobo-c,120,0.009166308678686619
20160711_FIRE_ml-n-mobo-c,180,0.018526889383792877
20160711_FIRE_ml-n-mobo-c,240,0.02285674773156643
20160711_FIRE_ml-n-mobo-c,300,0.013132142834365368
20160711_FIRE_ml-n-mobo-c,360,0.029698563739657402
20160711_FIRE_ml-n-mobo-c,420,0.017102133482694626
20160711_FIRE_ml-n-mobo-c,480,0.010669177398085594
20160711_FIRE_ml-n-mobo-c,540,0.00955326110124588
20160711_FIRE_ml-n-mobo-c,600,0.017519567161798477
20160711_FIRE_ml-n-mobo-c,660,0.0064546093344688416
20160711_FIRE_ml-n-mobo-c,720,0.3016480505466461
20160711_FIRE_ml-n-mobo-c,780,0.028328469023108482
20160711_FIRE_ml-n-mobo-c,840,0.01857258751988411
20160711_FIRE_ml-n-mobo-c,900,0.03015829063951969
20160711_FIRE_ml-n-mobo-c,960,0.009017858654260635
20160711_FIRE_ml-n-mobo-c,1020,0.015123056247830391
20160711_FIRE_ml-n-mobo-c,1080,0.018644358962774277
20160711_FIRE_ml-n-mobo-c,1140,0.006473335903137922
20160711_FIRE_ml-n-mobo-c,1200,0.015917189419269562
20160711_FIRE_ml-n-mobo-c,1260,0.011003753170371056
20160711_FIRE_ml-n-mobo-c,1320,0.008137984201312065
20160711_FIRE_ml-n-mobo-c,1380,0.016848498955368996
20160711_FIRE_ml-n-mobo-c,1440,0.013908897526562214
20160711_FIRE_ml-n-mobo-c,1500,0.011912809684872627
20160711_FIRE_ml-n-mobo-c,1560,0.033524688333272934
20160711_FIRE_ml-n-mobo-c,1620,0.023096175864338875
20160711_FIRE_ml-n-mobo-c,1680,0.016638383269309998
20160711_FIRE_ml-n-mobo-c,1740,0.019437316805124283
20160711_FIRE_ml-n-mobo-c,1800,0.018059080466628075
20160711_FIRE_ml-n-mobo-c,1860,0.02108541876077652
20160711_FIRE_ml-n-mobo-c,1920,0.02882474660873413
20160711_FIRE_ml-n-mobo-c,1980,0.03490203619003296
20160711_FIRE_ml-n-mobo-c,2040,0.020340323448181152
20160711_FIRE_ml-n-mobo-c,2100,0.014128502458333969
20160711_FIRE_ml-n-mobo-c,2160,0.013467946089804173
20160711_FIRE_ml-n-mobo-c,2220,0.020917359739542007
20160711_FIRE_ml-n-mobo-c,2280,0.011032622307538986
20160711_FIRE_ml-n-mobo-c,2340,0.012371695600450039
20160711_FIRE_ml-n-mobo-c,2400,0.028662078082561493
20160718_FIRE_lp-n-iqeye,-2400,0.12083613872528076
20160718_FIRE_lp-n-iqeye,-2280,0.1878473162651062
20160718_FIRE_lp-n-iqeye,-2160,0.11138555407524109
20160718_FIRE_lp-n-iqeye,-2040,0.06741943210363388
20160718_FIRE_lp-n-iqeye,-1920,0.15002493560314178
20160718_FIRE_lp-n-iqeye,-1800,0.09698332846164703
20160718_FIRE_lp-n-iqeye,-1680,0.08305414021015167
20160718_FIRE_lp-n-iqeye,-1560,0.04843210056424141
20160718_FIRE_lp-n-iqeye,-1440,0.06504268944263458
20160718_FIRE_lp-n-iqeye,-1320,0.07868167012929916
20160718_FIRE_lp-n-iqeye,-1200,0.04593246802687645
20160718_FIRE_lp-n-iqeye,-1080,0.06866751611232758
20160718_FIRE_lp-n-iqeye,-960,0.0409458726644516
20160718_FIRE_lp-n-iqeye,-840,0.08136265724897385
20160718_FIRE_lp-n-iqeye,-720,0.019597340375185013
20160718_FIRE_lp-n-iqeye,-600,0.04883689433336258
20160718_FIRE_lp-n-iqeye,-480,0.09088357537984848
20160718_FIRE_lp-n-iqeye,-360,0.06745952367782593
20160718_FIRE_lp-n-iqeye,-240,0.19108884036540985
20160718_FIRE_lp-n-iqeye,-120,0.05574476718902588
20160718_FIRE_lp-n-iqeye,0,0.05529677867889404
20160718_FIRE_lp-n-iqeye,120,0.03447464480996132
20160718_FIRE_lp-n-iqeye,240,0.016904767602682114
20160718_FIRE_lp-n-iqeye,360,0.03741129860281944
20160718_FIRE_lp-n-iqeye,480,0.0846780315041542
20160718_FIRE_lp-n-iqeye,600,0.6746547222137451
20160718_FIRE_lp-n-iqeye,720,0.7352887392044067
20160718_FIRE_lp-n-iqeye,840,0.5589113235473633
20160718_FIRE_lp-n-iqeye,960,0.20056624710559845
20160718_FIRE_lp-n-iqeye,1080,0.41827845573425293
20160718_FIRE_lp-n-iqeye,1200,0.46059760451316833
20160718_FIRE_lp-n-iqeye,1320,0.0667017251253128
20160718_FIRE_lp-n-iqeye,1440,0.04828301817178726
20160718_FIRE_lp-n-iqeye,1560,0.08455467224121094
20160718_FIRE_lp-n-iqeye,1680,0.05082089453935623
20160718_FIRE_lp-n-iqeye,1800,0.09052879363298416
20160718_FIRE_lp-n-iqeye,1920,0.08375752717256546
20160718_FIRE_lp-n-iqeye,2040,0.06598274409770966
20160718_FIRE_lp-n-iqeye,2160,0.06911389529705048
20160718_FIRE_lp-n-iqeye,2280,0.09698304533958435
20160718_FIRE_lp-n-iqeye,2400,0.18494850397109985
20160718_FIRE_mg-s-iqeye,-2400,0.14524875581264496
20160718_FIRE_mg-s-iqeye,-2280,0.039274293929338455
20160718_FIRE_mg-s-iqeye,-2160,0.1655704379081726
20160718_FIRE_mg-s-iqeye,-2040,0.4699578285217285
20160718_FIRE_mg-s-iqeye,-1920,0.24295516312122345
20160718_FIRE_mg-s-iqeye,-1800,0.24760349094867706
20160718_FIRE_mg-s-iqeye,-1680,0.31047651171684265
20160718_FIRE_mg-s-iqeye,-1560,0.06384089589118958
20160718_FIRE_mg-s-iqeye,-1440,0.3745138645172119
20160718_FIRE_mg-s-iqeye,-1320,0.31580284237861633
20160718_FIRE_mg-s-iqeye,-1200,0.14358948171138763
20160718_FIRE_mg-s-iqeye,-1080,0.023269176483154297
20160718_FIRE_mg-s-iqeye,-960,0.1030738353729248
20160718_FIRE_mg-s-iqeye,-840,0.10825344920158386
20160718_FIRE_mg-s-iqeye,-720,0.05193686485290527
20160718_FIRE_mg-s-iqeye,-600,0.0883021131157875
20160718_FIRE_mg-s-iqeye,-480,0.045194003731012344
20160718_FIRE_mg-s-iqeye,-360,0.18225780129432678
20160718_FIRE_mg-s-iqeye,-240,0.1912384331226349
20160718_FIRE_mg-s-iqeye,-120,0.038053520023822784
20160718_FIRE_mg-s-iqeye,0,0.13016930222511292
20160718_FIRE_mg-s-iqeye,120,0.08922668546438217
20160718_FIRE_mg-s-iqeye,240,0.13795557618141174
20160718_FIRE_mg-s-iqeye,360,0.03147612139582634
20160718_FIRE_mg-s-iqeye,480,0.09366707503795624
20160718_FIRE_mg-s-iqeye,600,0.23732607066631317
20160718_FIRE_mg-s-iqeye,720,0.6267494559288025
20160718_FIRE_mg-s-iqeye,840,0.8368301391601562
20160718_FIRE_mg-s-iqeye,960,0.8480636477470398
20160718_FIRE_mg-s-iqeye,1080,0.7843477725982666
20160718_FIRE_mg-s-iqeye,1200,0.8058875799179077
20160718_FIRE_mg-s-iqeye,1320,0.6648654937744141
20160718_FIRE_mg-s-iqeye,1440,0.8192655444145203
20160718_FIRE_mg-s-iqeye,1560,0.8363672494888306
20160718_FIRE_mg-s-iqeye,1680,0.7733431458473206
20160718_FIRE_mg-s-iqeye,1800,0.6946634650230408
20160718_FIRE_mg-s-iqeye,1920,0.5777366757392883
20160718_FIRE_mg-s-iqeye,2040,0.7545912265777588
20160718_FIRE_mg-s-iqeye,2160,0.7835774421691895
20160718_FIRE_mg-s-iqeye,2280,0.6618906259536743
20160718_FIRE_mg-s-iqeye,2400,0.34144288301467896
20160718_FIRE_mw-e-mobo-c,-2400,0.1107434630393982
20160718_FIRE_mw-e-mobo-c,-2340,0.04187135770916939
20160718_FIRE_mw-e-mobo-c,-2280,0.06530585885047913
20160718_FIRE_mw-e-mobo-c,-2220,0.020183149725198746
20160718_FIRE_mw-e-mobo-c,-2160,0.10214939713478088
20160718_FIRE_mw-e-mobo-c,-2100,0.031582433730363846
20160718_FIRE_mw-e-mobo-c,-2040,0.08501588553190231
20160718_FIRE_mw-e-mobo-c,-1980,0.04549252986907959
20160718_FIRE_mw-e-mobo-c,-1920,0.022131670266389847
20160718_FIRE_mw-e-mobo-c,-1860,0.027468467131257057
20160718_FIRE_mw-e-mobo-c,-1800,0.07051635533571243
20160718_FIRE_mw-e-mobo-c,-1740,0.06770627945661545
20160718_FIRE_mw-e-mobo-c,-1680,0.0198164451867342
20160718_FIRE_mw-e-mobo-c,-1620,0.02851884253323078
20160718_FIRE_mw-e-mobo-c,-1560,0.045112244784832
20160718_FIRE_mw-e-mobo-c,-1500,0.018955975770950317
20160718_FIRE_mw-e-mobo-c,-1440,0.02410847507417202
20160718_FIRE_mw-e-mobo-c,-1380,0.014255952090024948
20160718_FIRE_mw-e-mobo-c,-1320,0.0382588766515255
20160718_FIRE_mw-e-mobo-c,-1260,0.050421103835105896
20160718_FIRE_mw-e-mobo-c,-1200,0.06650693714618683
20160718_FIRE_mw-e-mobo-c,-1140,0.02012886293232441
20160718_FIRE_mw-e-mobo-c,-1080,0.04078762233257294
20160718_FIRE_mw-e-mobo-c,-1020,0.04123967885971069
20160718_FIRE_mw-e-mobo-c,-960,0.034714676439762115
20160718_FIRE_mw-e-mobo-c,-900,0.04175836965441704
20160718_FIRE_mw-e-mobo-c,-840,0.04013301059603691
20160718_FIRE_mw-e-mobo-c,-780,0.02664054185152054
20160718_FIRE_mw-e-mobo-c,-720,0.05169588699936867
20160718_FIRE_mw-e-mobo-c,-660,0.02843911573290825
20160718_FIRE_mw-e-mobo-c,-600,0.12389387935400009
20160718_FIRE_mw-e-mobo-c,-540,0.03919157758355141
20160718_FIRE_mw-e-mobo-c,-480,0.039907705038785934
20160718_FIRE_mw-e-mobo-c,-420,0.029808975756168365
20160718_FIRE_mw-e-mobo-c,-360,0.042028751224279404
20160718_FIRE_mw-e-mobo-c,-300,0.10745389014482498
20160718_FIRE_mw-e-mobo-c,-240,0.02822425775229931
20160718_FIRE_mw-e-mobo-c,-180,0.028191473335027695
20160718_FIRE_mw-e-mobo-c,-120,0.052734024822711945
20160718_FIRE_mw-e-mobo-c,-60,0.0210733599960804
20160718_FIRE_mw-e-mobo-c,0,0.05718081071972847
20160718_FIRE_mw-e-mobo-c,60,0.06207377463579178
20160718_FIRE_mw-e-mobo-c,120,0.014723127707839012
20160718_FIRE_mw-e-mobo-c,180,0.07102875411510468
20160718_FIRE_mw-e-mobo-c,240,0.03168774023652077
20160718_FIRE_mw-e-mobo-c,300,0.013036665506660938
20160718_FIRE_mw-e-mobo-c,360,0.05208583176136017
20160718_FIRE_mw-e-mobo-c,420,0.03748353570699692
20160718_FIRE_mw-e-mobo-c,480,0.05629025027155876
20160718_FIRE_mw-e-mobo-c,540,0.03825826942920685
20160718_FIRE_mw-e-mobo-c,600,0.3384714126586914
20160718_FIRE_mw-e-mobo-c,660,0.09991580247879028
20160718_FIRE_mw-e-mobo-c,720,0.01828300766646862
20160718_FIRE_mw-e-mobo-c,780,0.13377131521701813
20160718_FIRE_mw-e-mobo-c,840,0.41092097759246826
20160718_FIRE_mw-e-mobo-c,900,0.6547291278839111
20160718_FIRE_mw-e-mobo-c,960,0.1442238688468933
20160718_FIRE_mw-e-mobo-c,1020,0.34465092420578003
20160718_FIRE_mw-e-mobo-c,1080,0.4666483402252197
20160718_FIRE_mw-e-mobo-c,1140,0.2813621163368225
20160718_FIRE_mw-e-mobo-c,1200,0.3828771114349365
20160718_FIRE_mw-e-mobo-c,1260,0.6231330037117004
20160718_FIRE_mw-e-mobo-c,1320,0.6253634691238403
20160718_FIRE_mw-e-mobo-c,1380,0.6898750066757202
20160718_FIRE_mw-e-mobo-c,1440,0.5698972940444946
20160718_FIRE_mw-e-mobo-c,1500,0.25693246722221375
20160718_FIRE_mw-e-mobo-c,1560,0.3688620626926422
20160718_FIRE_mw-e-mobo-c,1620,0.19606401026248932
20160718_FIRE_mw-e-mobo-c,1680,0.4520456790924072
20160718_FIRE_mw-e-mobo-c,1740,0.3587871193885803
20160718_FIRE_mw-e-mobo-c,1800,0.09169206768274307
20160718_FIRE_mw-e-mobo-c,1860,0.23602664470672607
20160718_FIRE_mw-e-mobo-c,1920,0.03546915948390961
20160718_FIRE_mw-e-mobo-c,1980,0.12766346335411072
20160718_FIRE_mw-e-mobo-c,2040,0.014812981709837914
20160718_FIRE_mw-e-mobo-c,2100,0.04240508750081062
20160718_FIRE_mw-e-mobo-c,2160,0.01542829629033804
20160718_FIRE_mw-e-mobo-c,2220,0.01268489845097065
20160718_FIRE_mw-e-mobo-c,2280,0.021486330777406693
20160718_FIRE_mw-e-mobo-c,2340,0.053462203592061996
20160718_FIRE_mw-e-mobo-c,2400,0.04418076202273369
20160722_FIRE_mg-s-iqeye,-2400,0.25922077894210815
20160722_FIRE_mg-s-iqeye,-2280,0.21069413423538208
20160722_FIRE_mg-s-iqeye,-2160,0.058981914073228836
20160722_FIRE_mg-s-iqeye,-2040,0.10530641674995422
20160722_FIRE_mg-s-iqeye,-1920,0.02227398194372654
20160722_FIRE_mg-s-iqeye,-1800,0.15560878813266754
20160722_FIRE_mg-s-iqeye,-1680,0.01457027718424797
20160722_FIRE_mg-s-iqeye,-1560,0.03586585819721222
20160722_FIRE_mg-s-iqeye,-1440,0.1546013504266739
20160722_FIRE_mg-s-iqeye,-1320,0.045494068413972855
20160722_FIRE_mg-s-iqeye,-1200,0.13437972962856293
20160722_FIRE_mg-s-iqeye,-1080,0.010539354756474495
20160722_FIRE_mg-s-iqeye,-960,0.022690080106258392
20160722_FIRE_mg-s-iqeye,-840,0.1558566838502884
20160722_FIRE_mg-s-iqeye,-720,0.06480371206998825
20160722_FIRE_mg-s-iqeye,-600,0.06901279836893082
20160722_FIRE_mg-s-iqeye,-480,0.01435765065252781
20160722_FIRE_mg-s-iqeye,-360,0.05349280312657356
20160722_FIRE_mg-s-iqeye,-240,0.21312060952186584
20160722_FIRE_mg-s-iqeye,-120,0.03431157395243645
20160722_FIRE_mg-s-iqeye,0,0.004346195608377457
20160722_FIRE_mg-s-iqeye,120,0.0036839237436652184
20160722_FIRE_mg-s-iqeye,240,0.14100171625614166
20160722_FIRE_mg-s-iqeye,360,0.10217440873384476
20160722_FIRE_mg-s-iqeye,480,0.17016735672950745
20160722_FIRE_mg-s-iqeye,600,0.09209675341844559
20160722_FIRE_mg-s-iqeye,720,0.14739254117012024
20160722_FIRE_mg-s-iqeye,840,0.09747916460037231
20160722_FIRE_mg-s-iqeye,960,0.19340217113494873
20160722_FIRE_mg-s-iqeye,1080,0.2083228975534439
20160722_FIRE_mg-s-iqeye,1200,0.08750191330909729
20160722_FIRE_mg-s-iqeye,1320,0.018772363662719727
20160722_FIRE_mg-s-iqeye,1440,0.05321759730577469
20160722_FIRE_mg-s-iqeye,1560,0.022158373147249222
20160722_FIRE_mg-s-iqeye,1680,0.061892569065093994
20160722_FIRE_mg-s-iqeye,1800,0.09083624929189682
20160722_FIRE_mg-s-iqeye,1920,0.1402639001607895
20160722_FIRE_mg-s-iqeye,2040,0.1112629845738411
20160722_FIRE_mg-s-iqeye,2160,0.15437252819538116
20160722_FIRE_mg-s-iqeye,2280,0.1699938327074051
20160722_FIRE_mg-s-iqeye,2400,0.197687566280365
20160722_FIRE_mw-e-mobo-c,-2400,0.016663117334246635
20160722_FIRE_mw-e-mobo-c,-2340,0.026950594037771225
20160722_FIRE_mw-e-mobo-c,-2280,0.031519751995801926
20160722_FIRE_mw-e-mobo-c,-2220,0.021453222259879112
20160722_FIRE_mw-e-mobo-c,-2160,0.018516825512051582
20160722_FIRE_mw-e-mobo-c,-2100,0.02844608575105667
20160722_FIRE_mw-e-mobo-c,-2040,0.028440427035093307
20160722_FIRE_mw-e-mobo-c,-1980,0.01396279875189066
20160722_FIRE_mw-e-mobo-c,-1920,0.01739542745053768
20160722_FIRE_mw-e-mobo-c,-1860,0.037251874804496765
20160722_FIRE_mw-e-mobo-c,-1800,0.02901533804833889
20160722_FIRE_mw-e-mobo-c,-1740,0.028868725523352623
20160722_FIRE_mw-e-mobo-c,-1680,0.04086916893720627
20160722_FIRE_mw-e-mobo-c,-1620,0.026107236742973328
20160722_FIRE_mw-e-mobo-c,-1560,0.02617598883807659
20160722_FIRE_mw-e-mobo-c,-1500,0.020306378602981567
20160722_FIRE_mw-e-mobo-c,-1440,0.03533518686890602
20160722_FIRE_mw-e-mobo-c,-1380,0.027555814012885094
20160722_FIRE_mw-e-mobo-c,-1320,0.08598312735557556
20160722_FIRE_mw-e-mobo-c,-1260,0.02417716011404991
20160722_FIRE_mw-e-mobo-c,-1200,0.04508337005972862
20160722_FIRE_mw-e-mobo-c,-1140,0.08083008229732513
20160722_FIRE_mw-e-mobo-c,-1080,0.04058202728629112
20160722_FIRE_mw-e-mobo-c,-1020,0.03462643176317215
20160722_FIRE_mw-e-mobo-c,-960,0.03146538883447647
20160722_FIRE_mw-e-mobo-c,-900,0.031246010214090347
20160722_FIRE_mw-e-mobo-c,-840,0.027782971039414406
20160722_FIRE_mw-e-mobo-c,-780,0.03132004663348198
20160722_FIRE_mw-e-mobo-c,-720,0.019500453025102615
20160722_FIRE_mw-e-mobo-c,-660,0.02913912571966648
20160722_FIRE_mw-e-mobo-c,-600,0.026580285280942917
20160722_FIRE_mw-e-mobo-c,-540,0.013148120604455471
20160722_FIRE_mw-e-mobo-c,-480,0.015184256248176098
20160722_FIRE_mw-e-mobo-c,-420,0.014629185199737549
20160722_FIRE_mw-e-mobo-c,-360,0.03287585452198982
20160722_FIRE_mw-e-mobo-c,-300,0.023829061537981033
20160722_FIRE_mw-e-mobo-c,-240,0.026539603248238564
20160722_FIRE_mw-e-mobo-c,-180,0.04535631835460663
20160722_FIRE_mw-e-mobo-c,-120,0.027806460857391357
20160722_FIRE_mw-e-mobo-c,-60,0.03196077421307564
20160722_FIRE_mw-e-mobo-c,0,0.054421667009592056
20160722_FIRE_mw-e-mobo-c,60,0.07144105434417725
20160722_FIRE_mw-e-mobo-c,120,0.039811279624700546
20160722_FIRE_mw-e-mobo-c,180,0.020658893510699272
20160722_FIRE_mw-e-mobo-c,240,0.026343388482928276
20160722_FIRE_mw-e-mobo-c,300,0.037750259041786194
20160722_FIRE_mw-e-mobo-c,360,0.04674721136689186
20160722_FIRE_mw-e-mobo-c,420,0.05075225606560707
20160722_FIRE_mw-e-mobo-c,480,0.5952322483062744
20160722_FIRE_mw-e-mobo-c,540,0.0600108727812767
20160722_FIRE_mw-e-mobo-c,600,0.3244425058364868
20160722_FIRE_mw-e-mobo-c,660,0.3113788962364197
20160722_FIRE_mw-e-mobo-c,720,0.7755624651908875
20160722_FIRE_mw-e-mobo-c,780,0.8160112500190735
20160722_FIRE_mw-e-mobo-c,840,0.667156994342804
20160722_FIRE_mw-e-mobo-c,900,0.6498692035675049
20160722_FIRE_mw-e-mobo-c,960,0.6163328886032104
20160722_FIRE_mw-e-mobo-c,1020,0.45131567120552063
20160722_FIRE_mw-e-mobo-c,1080,0.7428526282310486
20160722_FIRE_mw-e-mobo-c,1140,0.7292927503585815
20160722_FIRE_mw-e-mobo-c,1200,0.7301201820373535
20160722_FIRE_mw-e-mobo-c,1260,0.7595895528793335
20160722_FIRE_mw-e-mobo-c,1320,0.613835334777832
20160722_FIRE_mw-e-mobo-c,1380,0.40339699387550354
20160722_FIRE_mw-e-mobo-c,1440,0.37945225834846497
20160722_FIRE_mw-e-mobo-c,1500,0.16948789358139038
20160722_FIRE_mw-e-mobo-c,1560,0.728278398513794
20160722_FIRE_mw-e-mobo-c,1620,0.7270306944847107
20160722_FIRE_mw-e-mobo-c,1680,0.812874972820282
20160722_FIRE_mw-e-mobo-c,1740,0.8128979206085205
20160722_FIRE_mw-e-mobo-c,1800,0.5634775757789612
20160722_FIRE_mw-e-mobo-c,1860,0.827597439289093
20160722_FIRE_mw-e-mobo-c,1920,0.8344794511795044
20160722_FIRE_mw-e-mobo-c,1980,0.9109649658203125
20160722_FIRE_mw-e-mobo-c,2040,0.8847603797912598
20160722_FIRE_mw-e-mobo-c,2100,0.5811783075332642
20160722_FIRE_mw-e-mobo-c,2160,0.7063726186752319
20160722_FIRE_mw-e-mobo-c,2220,0.8433709144592285
20160722_FIRE_mw-e-mobo-c,2280,0.6257568597793579
20160722_FIRE_mw-e-mobo-c,2340,0.5739620327949524
20160722_FIRE_mw-e-mobo-c,2400,0.4321019947528839
20161113_FIRE_bl-n-mobo-c,-2400,0.018863296136260033
20161113_FIRE_bl-n-mobo-c,-2340,0.05753406882286072
20161113_FIRE_bl-n-mobo-c,-2280,0.01790628954768181
20161113_FIRE_bl-n-mobo-c,-2220,0.023583438247442245
20161113_FIRE_bl-n-mobo-c,-2160,0.0786963626742363
20161113_FIRE_bl-n-mobo-c,-2100,0.02975311316549778
20161113_FIRE_bl-n-mobo-c,-2040,0.023775607347488403
20161113_FIRE_bl-n-mobo-c,-1980,0.020500782877206802
20161113_FIRE_bl-n-mobo-c,-1920,0.014987100847065449
20161113_FIRE_bl-n-mobo-c,-1860,0.02651926502585411
20161113_FIRE_bl-n-mobo-c,-1800,0.030134126543998718
20161113_FIRE_bl-n-mobo-c,-1740,0.013683323748409748
20161113_FIRE_bl-n-mobo-c,-1680,0.05252993106842041
20161113_FIRE_bl-n-mobo-c,-1620,0.014166130684316158
20161113_FIRE_bl-n-mobo-c,-1560,0.06489917635917664
20161113_FIRE_bl-n-mobo-c,-1500,0.016094543039798737
20161113_FIRE_bl-n-mobo-c,-1440,0.030929431319236755
20161113_FIRE_bl-n-mobo-c,-1380,0.146480992436409
20161113_FIRE_bl-n-mobo-c,-1320,0.02836132049560547
20161113_FIRE_bl-n-mobo-c,-1260,0.02504108101129532
20161113_FIRE_bl-n-mobo-c,-1200,0.018651681020855904
20161113_FIRE_bl-n-mobo-c,-1140,0.031204616650938988
20161113_FIRE_bl-n-mobo-c,-1080,0.012939082458615303
20161113_FIRE_bl-n-mobo-c,-1020,0.022943032905459404
20161113_FIRE_bl-n-mobo-c,-960,0.26993390917778015
20161113_FIRE_bl-n-mobo-c,-900,0.014557103626430035
20161113_FIRE_bl-n-mobo-c,-840,0.031412310898303986
20161113_FIRE_bl-n-mobo-c,-780,0.03184708207845688
20161113_FIRE_bl-n-mobo-c,-720,0.018677663058042526
20161113_FIRE_bl-n-mobo-c,-660,0.009631386958062649
20161113_FIRE_bl-n-mobo-c,-600,0.018602322787046432
20161113_FIRE_bl-n-mobo-c,-540,0.016051974147558212
20161113_FIRE_bl-n-mobo-c,-480,0.024599755182862282
20161113_FIRE_bl-n-mobo-c,-420,0.03236998990178108
20161113_FIRE_bl-n-mobo-c,-360,0.04140825569629669
20161113_FIRE_bl-n-mobo-c,-300,0.016365977004170418
20161113_FIRE_bl-n-mobo-c,-240,0.033302199095487595
20161113_FIRE_bl-n-mobo-c,-180,0.028030220419168472
20161113_FIRE_bl-n-mobo-c,-120,0.004980974365025759
20161113_FIRE_bl-n-mobo-c,-60,0.009996180422604084
20161113_FIRE_bl-n-mobo-c,0,0.015398944728076458
20161113_FIRE_bl-n-mobo-c,60,0.020129691809415817
20161113_FIRE_bl-n-mobo-c,120,0.16731876134872437
20161113_FIRE_bl-n-mobo-c,180,0.4359903931617737
20161113_FIRE_bl-n-mobo-c,240,0.2925356924533844
20161113_FIRE_bl-n-mobo-c,300,0.12195269763469696
20161113_FIRE_bl-n-mobo-c,360,0.1575545072555542
20161113_FIRE_bl-n-mobo-c,420,0.25693148374557495
20161113_FIRE_bl-n-mobo-c,480,0.24728158116340637
20161113_FIRE_bl-n-mobo-c,540,0.21881051361560822
20161113_FIRE_bl-n-mobo-c,600,0.4711601436138153
20161113_FIRE_bl-n-mobo-c,660,0.12217380851507187
20161113_FIRE_bl-n-mobo-c,720,0.21732600033283234
20161113_FIRE_bl-n-mobo-c,780,0.2219141721725464
20161113_FIRE_bl-n-mobo-c,840,0.34051793813705444
20161113_FIRE_bl-n-mobo-c,900,0.3680570423603058
20161113_FIRE_bl-n-mobo-c,960,0.5417150855064392
20161113_FIRE_bl-n-mobo-c,1020,0.6124329566955566
20161113_FIRE_bl-n-mobo-c,1080,0.37087926268577576
20161113_FIRE_bl-n-mobo-c,1140,0.4901500344276428
20161113_FIRE_bl-n-mobo-c,1200,0.6090635061264038
20161113_FIRE_bl-n-mobo-c,1260,0.47063860297203064
20161113_FIRE_bl-n-mobo-c,1320,0.5338414311408997
20161113_FIRE_bl-n-mobo-c,1380,0.6077295541763306
20161113_FIRE_bl-n-mobo-c,1440,0.27399060130119324
20161113_FIRE_bl-n-mobo-c,1500,0.3619338870048523
20161113_FIRE_bl-n-mobo-c,1560,0.18062888085842133
20161113_FIRE_bl-n-mobo-c,1620,0.2905832827091217
20161113_FIRE_bl-n-mobo-c,1680,0.31128188967704773
20161113_FIRE_bl-n-mobo-c,1740,0.2814241349697113
20161113_FIRE_bl-n-mobo-c,1800,0.3546683192253113
20161113_FIRE_bl-n-mobo-c,1860,0.28433841466903687
20161113_FIRE_bl-n-mobo-c,1920,0.5101475715637207
20161113_FIRE_bl-n-mobo-c,1980,0.5008745193481445
20161113_FIRE_bl-n-mobo-c,2040,0.5122191309928894
20161113_FIRE_bl-n-mobo-c,2100,0.3341357707977295
20161113_FIRE_bl-n-mobo-c,2160,0.6833058595657349
20161113_FIRE_bl-n-mobo-c,2220,0.49588459730148315
20161113_FIRE_bl-n-mobo-c,2280,0.7732469439506531
20161113_FIRE_bl-n-mobo-c,2340,0.8188583850860596
20161113_FIRE_bl-n-mobo-c,2400,0.7117568850517273
20161113_FIRE_bm-n-mobo-c,-2400,0.04217223450541496
20161113_FIRE_bm-n-mobo-c,-2340,0.027774948626756668
20161113_FIRE_bm-n-mobo-c,-2280,0.037374600768089294
20161113_FIRE_bm-n-mobo-c,-2220,0.021850641816854477
20161113_FIRE_bm-n-mobo-c,-2160,0.043693412095308304
20161113_FIRE_bm-n-mobo-c,-2100,0.03624510020017624
20161113_FIRE_bm-n-mobo-c,-2040,0.04411908984184265
20161113_FIRE_bm-n-mobo-c,-1980,0.02685932256281376
20161113_FIRE_bm-n-mobo-c,-1920,0.3473239243030548
20161113_FIRE_bm-n-mobo-c,-1860,0.23678117990493774
20161113_FIRE_bm-n-mobo-c,-1800,0.03449861332774162
20161113_FIRE_bm-n-mobo-c,-1740,0.05391788110136986
20161113_FIRE_bm-n-mobo-c,-1680,0.041246410459280014
20161113_FIRE_bm-n-mobo-c,-1620,0.2246316373348236
20161113_FIRE_bm-n-mobo-c,-1560,0.02966970019042492
20161113_FIRE_bm-n-mobo-c,-1500,0.036920901387929916
20161113_FIRE_bm-n-mobo-c,-1440,0.05764288827776909
20161113_FIRE_bm-n-mobo-c,-1380,0.09893804043531418
20161113_FIRE_bm-n-mobo-c,-1320,0.021113082766532898
20161113_FIRE_bm-n-mobo-c,-1260,0.03535950928926468
20161113_FIRE_bm-n-mobo-c,-1200,0.03242383897304535
20161113_FIRE_bm-n-mobo-c,-1140,0.10342615097761154
20161113_FIRE_bm-n-mobo-c,-1080,0.05176806449890137
20161113_FIRE_bm-n-mobo-c,-1020,0.023716986179351807
20161113_FIRE_bm-n-mobo-c,-960,0.05624307692050934
20161113_FIRE_bm-n-mobo-c,-900,0.018781758844852448
20161113_FIRE_bm-n-mobo-c,-840,0.027222778648138046
20161113_FIRE_bm-n-mobo-c,-780,0.05256494879722595
20161113_FIRE_bm-n-mobo-c,-720,0.04823119938373566
20161113_FIRE_bm-n-mobo-c,-660,0.11464628577232361
20161113_FIRE_bm-n-mobo-c,-600,0.10632222145795822
20161113_FIRE_bm-n-mobo-c,-540,0.0964294895529747
20161113_FIRE_bm-n-mobo-c,-480,0.041682761162519455
20161113_FIRE_bm-n-mobo-c,-420,0.011523266322910786
20161113_FIRE_bm-n-mobo-c,-360,0.07417555153369904
20161113_FIRE_bm-n-mobo-c,-300,0.028531698510050774
20161113_FIRE_bm-n-mobo-c,-240,0.01705680973827839
20161113_FIRE_bm-n-mobo-c,-180,0.019687514752149582
20161113_FIRE_bm-n-mobo-c,-120,0.03329288214445114
20161113_FIRE_bm-n-mobo-c,-60,0.02603704109787941
20161113_FIRE_bm-n-mobo-c,0,0.024538684636354446
20161113_FIRE_bm-n-mobo-c,60,0.04488265886902809
20161113_FIRE_bm-n-mobo-c,120,0.028847066685557365
20161113_FIRE_bm-n-mobo-c,180,0.02762024849653244
20161113_FIRE_bm-n-mobo-c,240,0.04302101582288742
20161113_FIRE_bm-n-mobo-c,300,0.06466199457645416
20161113_FIRE_bm-n-mobo-c,360,0.02616959437727928
20161113_FIRE_bm-n-mobo-c,420,0.07687500864267349
20161113_FIRE_bm-n-mobo-c,480,0.030881889164447784
20161113_FIRE_bm-n-mobo-c,540,0.03858837112784386
20161113_FIRE_bm-n-mobo-c,600,0.04509236291050911
20161113_FIRE_bm-n-mobo-c,660,0.023906949907541275
20161113_FIRE_bm-n-mobo-c,720,0.024707229807972908
20161113_FIRE_bm-n-mobo-c,780,0.017003903165459633
20161113_FIRE_bm-n-mobo-c,840,0.015025823377072811
20161113_FIRE_bm-n-mobo-c,900,0.040132153779268265
20161113_FIRE_bm-n-mobo-c,960,0.01886139065027237
20161113_FIRE_bm-n-mobo-c,1020,0.017026863992214203
20161113_FIRE_bm-n-mobo-c,1080,0.04584011435508728
20161113_FIRE_bm-n-mobo-c,1140,0.03710591793060303
20161113_FIRE_bm-n-mobo-c,1200,0.0710109993815422
20161113_FIRE_bm-n-mobo-c,1260,0.04425806924700737
20161113_FIRE_bm-n-mobo-c,1320,0.04736018925905228
20161113_FIRE_bm-n-mobo-c,1380,0.1018405333161354
20161113_FIRE_bm-n-mobo-c,1440,0.06863752752542496
20161113_FIRE_bm-n-mobo-c,1500,0.06830763816833496
20161113_FIRE_bm-n-mobo-c,1560,0.06490162760019302
20161113_FIRE_bm-n-mobo-c,1620,0.02597614750266075
20161113_FIRE_bm-n-mobo-c,1680,0.0806066021323204
20161113_FIRE_bm-n-mobo-c,1740,0.0716407522559166
20161113_FIRE_bm-n-mobo-c,1800,0.05982104316353798
20161113_FIRE_bm-n-mobo-c,1860,0.13581597805023193
20161113_FIRE_bm-n-mobo-c,1920,0.07792184501886368
20161113_FIRE_bm-n-mobo-c,1980,0.0642341822385788
20161113_FIRE_bm-n-mobo-c,2040,0.033512212336063385
20161113_FIRE_bm-n-mobo-c,2100,0.0858941301703453
20161113_FIRE_bm-n-mobo-c,2160,0.03457784280180931
20161113_FIRE_bm-n-mobo-c,2220,0.03311020880937576
20161113_FIRE_bm-n-mobo-c,2280,0.06083935499191284
20161113_FIRE_bm-n-mobo-c,2340,0.0820046216249466
20161113_FIRE_bm-n-mobo-c,2400,0.0369458831846714
20161113_FIRE_bm-w-mobo-c,-2400,0.027559615671634674
20161113_FIRE_bm-w-mobo-c,-2340,0.022858528420329094
20161113_FIRE_bm-w-mobo-c,-2280,0.01841401495039463
20161113_FIRE_bm-w-mobo-c,-2220,0.020281994715332985
20161113_FIRE_bm-w-mobo-c,-2160,0.007494567893445492
20161113_FIRE_bm-w-mobo-c,-2100,0.016241323202848434
20161113_FIRE_bm-w-mobo-c,-2040,0.014204881154000759
20161113_FIRE_bm-w-mobo-c,-1980,0.01020426582545042
20161113_FIRE_bm-w-mobo-c,-1920,0.012579865753650665
20161113_FIRE_bm-w-mobo-c,-1860,0.021479157730937004
20161113_FIRE_bm-w-mobo-c,-1800,0.010257408954203129
20161113_FIRE_bm-w-mobo-c,-1740,0.015575947239995003
20161113_FIRE_bm-w-mobo-c,-1680,0.06591513007879257
20161113_FIRE_bm-w-mobo-c,-1620,0.012932677753269672
20161113_FIRE_bm-w-mobo-c,-1560,0.008497849106788635
20161113_FIRE_bm-w-mobo-c,-1500,0.005231861025094986
20161113_FIRE_bm-w-mobo-c,-1440,0.005929042585194111
20161113_FIRE_bm-w-mobo-c,-1380,0.007567154709249735
20161113_FIRE_bm-w-mobo-c,-1320,0.08215666562318802
20161113_FIRE_bm-w-mobo-c,-1260,0.008427971974015236
20161113_FIRE_bm-w-mobo-c,-1200,0.005786135792732239
20161113_FIRE_bm-w-mobo-c,-1140,0.0081552192568779
20161113_FIRE_bm-w-mobo-c,-1080,0.005546591244637966
20161113_FIRE_bm-w-mobo-c,-1020,0.00755661865696311
20161113_FIRE_bm-w-mobo-c,-960,0.010130316019058228
20161113_FIRE_bm-w-mobo-c,-900,0.009387263096868992
20161113_FIRE_bm-w-mobo-c,-840,0.013132613152265549
20161113_FIRE_bm-w-mobo-c,-780,0.0058885919861495495
20161113_FIRE_bm-w-mobo-c,-720,0.00872342474758625
20161113_FIRE_bm-w-mobo-c,-660,0.027496449649333954
20161113_FIRE_bm-w-mobo-c,-600,0.008382038213312626
20161113_FIRE_bm-w-mobo-c,-540,0.009439321234822273
20161113_FIRE_bm-w-mobo-c,-480,0.005002263002097607
20161113_FIRE_bm-w-mobo-c,-420,0.0056182993575930595
20161113_FIRE_bm-w-mobo-c,-360,0.019439857453107834
20161113_FIRE_bm-w-mobo-c,-300,0.006774224806576967
20161113_FIRE_bm-w-mobo-c,-240,0.007048627361655235
20161113_FIRE_bm-w-mobo-c,-180,0.006407059729099274
20161113_FIRE_bm-w-mobo-c,-120,0.008656740188598633
20161113_FIRE_bm-w-mobo-c,-60,0.004641389939934015
20161113_FIRE_bm-w-mobo-c,0,0.010502868331968784
20161113_FIRE_bm-w-mobo-c,60,0.041512444615364075
20161113_FIRE_bm-w-mobo-c,120,0.010622480884194374
20161113_FIRE_bm-w-mobo-c,180,0.0026024102699011564
20161113_FIRE_bm-w-mobo-c,240,0.009457390755414963
20161113_FIRE_bm-w-mobo-c,300,0.04162848740816116
20161113_FIRE_bm-w-mobo-c,360,0.007466104347258806
20161113_FIRE_bm-w-mobo-c,420,0.029655804857611656
20161113_FIRE_bm-w-mobo-c,480,0.02485452964901924
20161113_FIRE_bm-w-mobo-c,540,0.052994586527347565
20161113_FIRE_bm-w-mobo-c,600,0.05430358648300171
20161113_FIRE_bm-w-mobo-c,660,0.03562525287270546
20161113_FIRE_bm-w-mobo-c,720,0.019114790484309196
20161113_FIRE_bm-w-mobo-c,780,0.1071571484208107
20161113_FIRE_bm-w-mobo-c,840,0.04198937118053436
20161113_FIRE_bm-w-mobo-c,900,0.16007213294506073
20161113_FIRE_bm-w-mobo-c,960,0.42577576637268066
20161113_FIRE_bm-w-mobo-c,1020,0.4560050964355469
20161113_FIRE_bm-w-mobo-c,1080,0.31241077184677124
20161113_FIRE_bm-w-mobo-c,1140,0.24893498420715332
20161113_FIRE_bm-w-mobo-c,1200,0.5155506134033203
20161113_FIRE_bm-w-mobo-c,1260,0.3495907485485077
20161113_FIRE_bm-w-mobo-c,1320,0.4741967022418976
20161113_FIRE_bm-w-mobo-c,1380,0.389689177274704
20161113_FIRE_bm-w-mobo-c,1440,0.33628636598587036
20161113_FIRE_bm-w-mobo-c,1500,0.18650296330451965
20161113_FIRE_bm-w-mobo-c,1560,0.04307546466588974
20161113_FIRE_bm-w-mobo-c,1620,0.06277290731668472
20161113_FIRE_bm-w-mobo-c,1680,0.020960384979844093
20161113_FIRE_bm-w-mobo-c,1740,0.007291980087757111
20161113_FIRE_bm-w-mobo-c,1800,0.011525362730026245
20161113_FIRE_bm-w-mobo-c,1860,0.01775365322828293
20161113_FIRE_bm-w-mobo-c,1920,0.03693167492747307
20161113_FIRE_bm-w-mobo-c,1980,0.006837262772023678
20161113_FIRE_bm-w-mobo-c,2040,0.032451119273900986
20161113_FIRE_bm-w-mobo-c,2100,0.025488559156656265
20161113_FIRE_bm-w-mobo-c,2160,0.10575593262910843
20161113_FIRE_bm-w-mobo-c,2220,0.06327423453330994
20161113_FIRE_bm-w-mobo-c,2280,0.01762976497411728
20161113_FIRE_bm-w-mobo-c,2340,0.018813535571098328
20161113_FIRE_bm-w-mobo-c,2400,0.02519719861447811
20170519_FIRE_rm-w-mobo-c,-2400,0.039241939783096313
20170519_FIRE_rm-w-mobo-c,-2340,0.04814894124865532
20170519_FIRE_rm-w-mobo-c,-2280,0.032666925340890884
20170519_FIRE_rm-w-mobo-c,-2220,0.023961996659636497
20170519_FIRE_rm-w-mobo-c,-2160,0.02305309846997261
20170519_FIRE_rm-w-mobo-c,-2100,0.016577623784542084
20170519_FIRE_rm-w-mobo-c,-2040,0.06286954134702682
20170519_FIRE_rm-w-mobo-c,-1980,0.05060167610645294
20170519_FIRE_rm-w-mobo-c,-1920,0.08791309595108032
20170519_FIRE_rm-w-mobo-c,-1860,0.10098612308502197
20170519_FIRE_rm-w-mobo-c,-1800,0.06473537534475327
20170519_FIRE_rm-w-mobo-c,-1740,0.19955816864967346
20170519_FIRE_rm-w-mobo-c,-1680,0.052489813417196274
20170519_FIRE_rm-w-mobo-c,-1620,0.04632561653852463
20170519_FIRE_rm-w-mobo-c,-1560,0.05333869531750679
20170519_FIRE_rm-w-mobo-c,-1500,0.1894231140613556
20170519_FIRE_rm-w-mobo-c,-1440,0.06692159175872803
20170519_FIRE_rm-w-mobo-c,-1380,0.2066994607448578
20170519_FIRE_rm-w-mobo-c,-1320,0.0693940669298172
20170519_FIRE_rm-w-mobo-c,-1260,0.04754795879125595
20170519_FIRE_rm-w-mobo-c,-1200,0.30805790424346924
20170519_FIRE_rm-w-mobo-c,-1140,0.104946069419384
20170519_FIRE_rm-w-mobo-c,-1080,0.0619976706802845
20170519_FIRE_rm-w-mobo-c,-1020,0.034001193940639496
20170519_FIRE_rm-w-mobo-c,-960,0.10888992249965668
20170519_FIRE_rm-w-mobo-c,-900,0.18639643490314484
20170519_FIRE_rm-w-mobo-c,-840,0.027329284697771072
20170519_FIRE_rm-w-mobo-c,-780,0.0960237979888916
20170519_FIRE_rm-w-mobo-c,-720,0.010652516037225723
20170519_FIRE_rm-w-mobo-c,-660,0.17065979540348053
20170519_FIRE_rm-w-mobo-c,-600,0.06990806758403778
20170519_FIRE_rm-w-mobo-c,-540,0.22513866424560547
20170519_FIRE_rm-w-mobo-c,-480,0.16997802257537842
20170519_FIRE_rm-w-mobo-c,-420,0.10575954616069794
20170519_FIRE_rm-w-mobo-c,-360,0.0508669838309288
20170519_FIRE_rm-w-mobo-c,-300,0.07281472533941269
20170519_FIRE_rm-w-mobo-c,-240,0.04051835089921951
20170519_FIRE_rm-w-mobo-c,-180,0.05140284076333046
20170519_FIRE_rm-w-mobo-c,-120,0.03436562046408653
20170519_FIRE_rm-w-mobo-c,-60,0.1552707552909851
20170519_FIRE_rm-w-mobo-c,0,0.07783523947000504
20170519_FIRE_rm-w-mobo-c,60,0.02092153951525688
20170519_FIRE_rm-w-mobo-c,120,0.022833937779068947
20170519_FIRE_rm-w-mobo-c,180,0.012668550945818424
20170519_FIRE_rm-w-mobo-c,240,0.0391557551920414
20170519_FIRE_rm-w-mobo-c,300,0.017351875081658363
20170519_FIRE_rm-w-mobo-c,360,0.04900594428181648
20170519_FIRE_rm-w-mobo-c,420,0.015450875274837017
20170519_FIRE_rm-w-mobo-c,480,0.013996175490319729
20170519_FIRE_rm-w-mobo-c,540,0.02610423043370247
20170519_FIRE_rm-w-mobo-c,600,0.02188745141029358
20170519_FIRE_rm-w-mobo-c,660,0.013123012147843838
20170519_FIRE_rm-w-mobo-c,720,0.03772097826004028
20170519_FIRE_rm-w-mobo-c,780,0.020935403183102608
20170519_FIRE_rm-w-mobo-c,840,0.1880548745393753
20170519_FIRE_rm-w-mobo-c,900,0.3490227162837982
20170519_FIRE_rm-w-mobo-c,960,0.014951270073652267
20170519_FIRE_rm-w-mobo-c,1020,0.07700373232364655
20170519_FIRE_rm-w-mobo-c,1080,0.0850849598646164
20170519_FIRE_rm-w-mobo-c,1140,0.4921477437019348
20170519_FIRE_rm-w-mobo-c,1200,0.7206946611404419
20170519_FIRE_rm-w-mobo-c,1260,0.5721197724342346
20170519_FIRE_rm-w-mobo-c,1320,0.4837307035923004
20170519_FIRE_rm-w-mobo-c,1380,0.5821866989135742
20170519_FIRE_rm-w-mobo-c,1440,0.6463784575462341
20170519_FIRE_rm-w-mobo-c,1500,0.6987168788909912
20170519_FIRE_rm-w-mobo-c,1560,0.7815210819244385
20170519_FIRE_rm-w-mobo-c,1620,0.7332017421722412
20170519_FIRE_rm-w-mobo-c,1680,0.533481240272522
20170519_FIRE_rm-w-mobo-c,1740,0.661888062953949
20170519_FIRE_rm-w-mobo-c,1800,0.7060601711273193
20170519_FIRE_rm-w-mobo-c,1860,0.7899827361106873
20170519_FIRE_rm-w-mobo-c,1920,0.7181648015975952
20170519_FIRE_rm-w-mobo-c,1980,0.6992430686950684
20170519_FIRE_rm-w-mobo-c,2040,0.5640839338302612
20170519_FIRE_rm-w-mobo-c,2100,0.7832872867584229
20170519_FIRE_rm-w-mobo-c,2160,0.7907119989395142
20170519_FIRE_rm-w-mobo-c,2220,0.7238696813583374
20170519_FIRE_rm-w-mobo-c,2280,0.6933379173278809
20170519_FIRE_rm-w-mobo-c,2340,0.587556779384613
20170519_FIRE_rm-w-mobo-c,2400,0.4522094428539276
20170520_FIRE_lp-s-iqeye,-2400,0.12187954038381577
20170520_FIRE_lp-s-iqeye,-2340,0.08235283941030502
20170520_FIRE_lp-s-iqeye,-2280,0.08437664061784744
20170520_FIRE_lp-s-iqeye,-2220,0.08243680745363235
20170520_FIRE_lp-s-iqeye,-2160,0.08262506127357483
20170520_FIRE_lp-s-iqeye,-2100,0.14459457993507385
20170520_FIRE_lp-s-iqeye,-2040,0.08257318288087845
20170520_FIRE_lp-s-iqeye,-1980,0.04327748343348503
20170520_FIRE_lp-s-iqeye,-1920,0.08440662920475006
20170520_FIRE_lp-s-iqeye,-1860,0.10240533947944641
20170520_FIRE_lp-s-iqeye,-1800,0.1476646065711975
20170520_FIRE_lp-s-iqeye,-1740,0.091901496052742
20170520_FIRE_lp-s-iqeye,-1680,0.029489271342754364
20170520_FIRE_lp-s-iqeye,-1620,0.0652255117893219
20170520_FIRE_lp-s-iqeye,-1560,0.0917464941740036
20170520_FIRE_lp-s-iqeye,-1500,0.08163394033908844
20170520_FIRE_lp-s-iqeye,-1440,0.04248202592134476
20170520_FIRE_lp-s-iqeye,-1380,0.0253207478672266
20170520_FIRE_lp-s-iqeye,-1320,0.051600199192762375
20170520_FIRE_lp-s-iqeye,-1260,0.06495411694049835
20170520_FIRE_lp-s-iqeye,-1200,0.0747746005654335
20170520_FIRE_lp-s-iqeye,-1140,0.049225617200136185
20170520_FIRE_lp-s-iqeye,-1080,0.01981252245604992
20170520_FIRE_lp-s-iqeye,-1020,0.11800391972064972
20170520_FIRE_lp-s-iqeye,-960,0.04935557767748833
20170520_FIRE_lp-s-iqeye,-900,0.023816829547286034
20170520_FIRE_lp-s-iqeye,-840,0.06746966391801834
20170520_FIRE_lp-s-iqeye,-780,0.16977454721927643
20170520_FIRE_lp-s-iqeye,-720,0.10685565322637558
20170520_FIRE_lp-s-iqeye,-660,0.12215928733348846
20170520_FIRE_lp-s-iqeye,-600,0.1428404450416565
20170520_FIRE_lp-s-iqeye,-540,0.07771743088960648
20170520_FIRE_lp-s-iqeye,-480,0.03093634359538555
20170520_FIRE_lp-s-iqeye,-420,0.05097958445549011
20170520_FIRE_lp-s-iqeye,-360,0.09929019957780838
20170520_FIRE_lp-s-iqeye,-300,0.09866487234830856
20170520_FIRE_lp-s-iqeye,-240,0.048118311911821365
20170520_FIRE_lp-s-iqeye,-180,0.04853859543800354
20170520_FIRE_lp-s-iqeye,-120,0.06859815865755081
20170520_FIRE_lp-s-iqeye,-60,0.0683695450425148
20170520_FIRE_lp-s-iqeye,0,0.61030513048172
20170520_FIRE_lp-s-iqeye,60,0.871200442314148
20170520_FIRE_lp-s-iqeye,120,0.5770108699798584
20170520_FIRE_lp-s-iqeye,180,0.6767897009849548
20170520_FIRE_lp-s-iqeye,240,0.912993311882019
20170520_FIRE_lp-s-iqeye,300,0.9243687987327576
20170520_FIRE_lp-s-iqeye,360,0.8535814881324768
20170520_FIRE_lp-s-iqeye,420,0.8405129909515381
20170520_FIRE_lp-s-iqeye,480,0.8840599656105042
20170520_FIRE_lp-s-iqeye,540,0.8654303550720215
20170520_FIRE_lp-s-iqeye,600,0.6139650940895081
20170520_FIRE_lp-s-iqeye,660,0.5510033965110779
20170520_FIRE_lp-s-iqeye,720,0.8988590836524963
20170520_FIRE_lp-s-iqeye,780,0.7484514713287354
20170520_FIRE_lp-s-iqeye,840,0.7180324792861938
20170520_FIRE_lp-s-iqeye,900,0.7876962423324585
20170520_FIRE_lp-s-iqeye,960,0.3678688704967499
20170520_FIRE_lp-s-iqeye,1020,0.6287800669670105
20170520_FIRE_lp-s-iqeye,1080,0.5503062605857849
20170520_FIRE_lp-s-iqeye,1140,0.5892015695571899
20170520_FIRE_lp-s-iqeye,1200,0.6226422786712646
20170520_FIRE_lp-s-iqeye,1260,0.6314818263053894
20170520_FIRE_lp-s-iqeye,1320,0.7201095223426819
20170520_FIRE_lp-s-iqeye,1380,0.7787461280822754
20170520_FIRE_lp-s-iqeye,1440,0.4715949296951294
20170520_FIRE_lp-s-iqeye,1500,0.7759372591972351
20170520_FIRE_lp-s-iqeye,1560,0.5575982928276062
20170520_FIRE_lp-s-iqeye,1620,0.49451369047164917
20170520_FIRE_lp-s-iqeye,1680,0.7796351313591003
20170520_FIRE_lp-s-iqeye,1740,0.6892463564872742
20170520_FIRE_lp-s-iqeye,1800,0.7669208645820618
20170520_FIRE_lp-s-iqeye,1860,0.8178134560585022
20170520_FIRE_lp-s-iqeye,1920,0.6522032618522644
20170520_FIRE_lp-s-iqeye,1980,0.6688785552978516
20170520_FIRE_lp-s-iqeye,2040,0.5830095410346985
20170520_FIRE_lp-s-iqeye,2100,0.7375257015228271
20170520_FIRE_lp-s-iqeye,2160,0.776893138885498
20170520_FIRE_lp-s-iqeye,2220,0.5260247588157654
20170520_FIRE_lp-s-iqeye,2280,0.5029460191726685
20170520_FIRE_lp-s-iqeye,2340,0.5798878073692322
20170520_FIRE_lp-s-iqeye,2400,0.507719874382019
20170520_FIRE_om-s-mobo-c,-840,0.5245397686958313
20170520_FIRE_om-s-mobo-c,-780,0.5814435482025146
20170520_FIRE_om-s-mobo-c,-720,0.5529680848121643
20170520_FIRE_om-s-mobo-c,-660,0.5441988706588745
20170520_FIRE_om-s-mobo-c,-600,0.47294187545776367
20170520_FIRE_om-s-mobo-c,-540,0.49589455127716064
20170520_FIRE_om-s-mobo-c,-480,0.29302066564559937
20170520_FIRE_om-s-mobo-c,-420,0.5332640409469604
20170520_FIRE_om-s-mobo-c,-360,0.5253136157989502
20170520_FIRE_om-s-mobo-c,-300,0.5294123888015747
20170520_FIRE_om-s-mobo-c,-240,0.5096511840820312
20170520_FIRE_om-s-mobo-c,-180,0.5049166083335876
20170520_FIRE_om-s-mobo-c,-120,0.5996864438056946
20170520_FIRE_om-s-mobo-c,-60,0.5340399146080017
20170520_FIRE_om-s-mobo-c,0,0.5645896792411804
20170520_FIRE_om-s-mobo-c,60,0.5789691209793091
20170520_FIRE_om-s-mobo-c,120,0.5699398517608643
20170520_FIRE_om-s-mobo-c,180,0.5252330303192139
20170520_FIRE_om-s-mobo-c,240,0.5669346451759338
20170520_FIRE_om-s-mobo-c,300,0.552973747253418
20170520_FIRE_om-s-mobo-c,360,0.5552656650543213
20170520_FIRE_om-s-mobo-c,420,0.5209447145462036
20170520_FIRE_om-s-mobo-c,480,0.5836588144302368
20170520_FIRE_om-s-mobo-c,540,0.5469036102294922
20170520_FIRE_om-s-mobo-c,600,0.5781570076942444
20170520_FIRE_om-s-mobo-c,660,0.578941822052002
20170520_FIRE_om-s-mobo-c,720,0.5259730815887451
20170520_FIRE_om-s-mobo-c,780,0.5670349597930908
20170520_FIRE_om-s-mobo-c,840,0.5426930785179138
20170520_FIRE_om-s-mobo-c,900,0.5315855145454407
20170520_FIRE_om-s-mobo-c,960,0.5077902674674988
20170520_FIRE_om-s-mobo-c,1020,0.4899783730506897
20170520_FIRE_om-s-mobo-c,1080,0.5645193457603455
20170520_FIRE_om-s-mobo-c,1140,0.502008318901062
20170520_FIRE_om-s-mobo-c,1200,0.5536122918128967
20170520_FIRE_om-s-mobo-c,1260,0.5545167326927185
20170520_FIRE_om-s-mobo-c,1320,0.5852092504501343
20170520_FIRE_om-s-mobo-c,1380,0.5782124400138855
20170520_FIRE_om-s-mobo-c,1440,0.6007498502731323
20170520_FIRE_om-s-mobo-c,1500,0.6100394129753113
20170520_FIRE_om-s-mobo-c,1560,0.61313396692276
20170520_FIRE_om-s-mobo-c,1620,0.6167067289352417
20170520_FIRE_om-s-mobo-c,1680,0.6184894442558289
20170520_FIRE_om-s-mobo-c,1740,0.611363410949707
20170520_FIRE_om-s-mobo-c,1800,0.6083334684371948
20170520_FIRE_om-s-mobo-c,1860,0.618697464466095
20170520_FIRE_om-s-mobo-c,1920,0.6099318265914917
20170520_FIRE_om-s-mobo-c,1980,0.5632377862930298
20170520_FIRE_om-s-mobo-c,2040,0.5762803554534912
20170520_FIRE_om-s-mobo-c,2100,0.5655909776687622
20170520_FIRE_om-s-mobo-c,2160,0.61934894323349
20170520_FIRE_om-s-mobo-c,2220,0.5739260911941528
20170520_FIRE_om-s-mobo-c,2280,0.5895981192588806
20170520_FIRE_om-s-mobo-c,2340,0.5493825674057007
20170520_FIRE_om-s-mobo-c,2400,0.6107931733131409
20170520_FIRE_pi-s-mobo-c,-2400,0.04087238386273384
20170520_FIRE_pi-s-mobo-c,-2340,0.04888695105910301
20170520_FIRE_pi-s-mobo-c,-2280,0.018165018409490585
20170520_FIRE_pi-s-mobo-c,-2220,0.014607527293264866
20170520_FIRE_pi-s-mobo-c,-2160,0.03741014376282692
20170520_FIRE_pi-s-mobo-c,-2100,0.030140100046992302
20170520_FIRE_pi-s-mobo-c,-2040,0.022562963888049126
20170520_FIRE_pi-s-mobo-c,-1980,0.017982840538024902
20170520_FIRE_pi-s-mobo-c,-1920,0.010100102983415127
20170520_FIRE_pi-s-mobo-c,-1860,0.020655659958720207
20170520_FIRE_pi-s-mobo-c,-1800,0.02343982271850109
20170520_FIRE_pi-s-mobo-c,-1740,0.028756633400917053
20170520_FIRE_pi-s-mobo-c,-1680,0.028376929461956024
20170520_FIRE_pi-s-mobo-c,-1620,0.015711035579442978
20170520_FIRE_pi-s-mobo-c,-1560,0.021442627534270287
20170520_FIRE_pi-s-mobo-c,-1500,0.010209728963673115
20170520_FIRE_pi-s-mobo-c,-1440,0.02034853957593441
20170520_FIRE_pi-s-mobo-c,-1380,0.05835917964577675
20170520_FIRE_pi-s-mobo-c,-1320,0.015155653469264507
20170520_FIRE_pi-s-mobo-c,-1260,0.014436552301049232
20170520_FIRE_pi-s-mobo-c,-1200,0.09033165127038956
20170520_FIRE_pi-s-mobo-c,-1140,0.008361371234059334
20170520_FIRE_pi-s-mobo-c,-1080,0.03399147093296051
20170520_FIRE_pi-s-mobo-c,-1020,0.012933457270264626
20170520_FIRE_pi-s-mobo-c,-960,0.024854328483343124
20170520_FIRE_pi-s-mobo-c,-900,0.010446836240589619
20170520_FIRE_pi-s-mobo-c,-840,0.013025110587477684
20170520_FIRE_pi-s-mobo-c,-780,0.008412126451730728
20170520_FIRE_pi-s-mobo-c,-720,0.029249591752886772
20170520_FIRE_pi-s-mobo-c,-660,0.01991031877696514
20170520_FIRE_pi-s-mobo-c,-600,0.060342781245708466
20170520_FIRE_pi-s-mobo-c,-540,0.008933005854487419
20170520_FIRE_pi-s-mobo-c,-480,0.011530736461281776
20170520_FIRE_pi-s-mobo-c,-420,0.022880980744957924
20170520_FIRE_pi-s-mobo-c,-360,0.016036564484238625
20170520_FIRE_pi-s-mobo-c,-300,0.012692377902567387
20170520_FIRE_pi-s-mobo-c,-240,0.018160905689001083
20170520_FIRE_pi-s-mobo-c,-180,0.023815486580133438
20170520_FIRE_pi-s-mobo-c,-120,0.013292737305164337
20170520_FIRE_pi-s-mobo-c,-60,0.015546143986284733
20170520_FIRE_pi-s-mobo-c,0,0.03875713422894478
20170520_FIRE_pi-s-mobo-c,60,0.026642903685569763
20170520_FIRE_pi-s-mobo-c,120,0.023598164319992065
20170520_FIRE_pi-s-mobo-c,180,0.05811399966478348
20170520_FIRE_pi-s-mobo-c,240,0.039690930396318436
20170520_FIRE_pi-s-mobo-c,300,0.01756921038031578
20170520_FIRE_pi-s-mobo-c,360,0.032084666192531586
20170520_FIRE_pi-s-mobo-c,420,0.02925305813550949
20170520_FIRE_pi-s-mobo-c,480,0.0323563851416111
20170520_FIRE_pi-s-mobo-c,540,0.037730585783720016
20170520_FIRE_pi-s-mobo-c,600,0.021658040583133698
20170520_FIRE_pi-s-mobo-c,660,0.025371093302965164
20170520_FIRE_pi-s-mobo-c,720,0.03290119767189026
20170520_FIRE_pi-s-mobo-c,780,0.03640811890363693
20170520_FIRE_pi-s-mobo-c,840,0.01580519787967205
20170520_FIRE_pi-s-mobo-c,900,0.018890753388404846
20170520_FIRE_pi-s-mobo-c,960,0.02074468694627285
20170520_FIRE_pi-s-mobo-c,1020,0.04363089054822922
20170520_FIRE_pi-s-mobo-c,1080,0.029328664764761925
20170520_FIRE_pi-s-mobo-c,1140,0.013417810201644897
20170520_FIRE_pi-s-mobo-c,1200,0.021049385890364647
20170520_FIRE_pi-s-mobo-c,1260,0.04857219383120537
20170520_FIRE_pi-s-mobo-c,1320,0.02911115437746048
20170520_FIRE_pi-s-mobo-c,1380,0.012968414463102818
20170520_FIRE_pi-s-mobo-c,1440,0.03759893774986267
20170520_FIRE_pi-s-mobo-c,1500,0.02848786488175392
20170520_FIRE_pi-s-mobo-c,1560,0.0449909009039402
20170520_FIRE_pi-s-mobo-c,1620,0.010426660068333149
20170520_FIRE_pi-s-mobo-c,1680,0.011734697967767715
20170520_FIRE_pi-s-mobo-c,1740,0.05186895653605461
20170520_FIRE_pi-s-mobo-c,1800,0.013050525449216366
20170520_FIRE_pi-s-mobo-c,1860,0.023985225707292557
20170520_FIRE_pi-s-mobo-c,1920,0.028387613594532013
20170520_FIRE_pi-s-mobo-c,1980,0.0064585646614432335
20170520_FIRE_pi-s-mobo-c,2040,0.021370135247707367
20170520_FIRE_pi-s-mobo-c,2100,0.02133886329829693
20170520_FIRE_pi-s-mobo-c,2160,0.024073878303170204
20170520_FIRE_pi-s-mobo-c,2220,0.1267513930797577
20170520_FIRE_pi-s-mobo-c,2280,0.06504172086715698
20170520_FIRE_pi-s-mobo-c,2340,0.01581471785902977
20170520_FIRE_pi-s-mobo-c,2400,0.014328421093523502
20170520_FIRE_pi-w-mobo-c,-2400,0.010856837965548038
20170520_FIRE_pi-w-mobo-c,-2340,0.02131189964711666
20170520_FIRE_pi-w-mobo-c,-2280,0.0192288625985384
20170520_FIRE_pi-w-mobo-c,-2220,0.017772888764739037
20170520_FIRE_pi-w-mobo-c,-2160,0.02186388336122036
20170520_FIRE_pi-w-mobo-c,-2100,0.02674984559416771
20170520_FIRE_pi-w-mobo-c,-2040,0.020971694961190224
20170520_FIRE_pi-w-mobo-c,-1980,0.02543175034224987
20170520_FIRE_pi-w-mobo-c,-1920,0.03646247461438179
20170520_FIRE_pi-w-mobo-c,-1860,0.02250591479241848
20170520_FIRE_pi-w-mobo-c,-1800,0.023247534409165382
20170520_FIRE_pi-w-mobo-c,-1740,0.012595838867127895
20170520_FIRE_pi-w-mobo-c,-1680,0.033133361488580704
20170520_FIRE_pi-w-mobo-c,-1620,0.01941714622080326
20170520_FIRE_pi-w-mobo-c,-1560,0.019125325605273247
20170520_FIRE_pi-w-mobo-c,-1500,0.017544545233249664
20170520_FIRE_pi-w-mobo-c,-1440,0.01346625480800867
20170520_FIRE_pi-w-mobo-c,-1380,0.020985377952456474
20170520_FIRE_pi-w-mobo-c,-1320,0.01917649619281292
20170520_FIRE_pi-w-mobo-c,-1260,0.010963485576212406
20170520_FIRE_pi-w-mobo-c,-1200,0.0491810217499733
20170520_FIRE_pi-w-mobo-c,-1140,0.03515581041574478
20170520_FIRE_pi-w-mobo-c,-1080,0.03038429096341133
20170520_FIRE_pi-w-mobo-c,-1020,0.046930812299251556
20170520_FIRE_pi-w-mobo-c,-960,0.029520731419324875
20170520_FIRE_pi-w-mobo-c,-900,0.018480341881513596
20170520_FIRE_pi-w-mobo-c,-840,0.020743081346154213
20170520_FIRE_pi-w-mobo-c,-780,0.03120437264442444
20170520_FIRE_pi-w-mobo-c,-720,0.009864832274615765
20170520_FIRE_pi-w-mobo-c,-660,0.0274638831615448
20170520_FIRE_pi-w-mobo-c,-600,0.027794940397143364
20170520_FIRE_pi-w-mobo-c,-540,0.03803490102291107
20170520_FIRE_pi-w-mobo-c,-480,0.03230104222893715
20170520_FIRE_pi-w-mobo-c,-420,0.02235356532037258
20170520_FIRE_pi-w-mobo-c,-360,0.026867976412177086
20170520_FIRE_pi-w-mobo-c,-300,0.028851382434368134
20170520_FIRE_pi-w-mobo-c,-240,0.03569548577070236
20170520_FIRE_pi-w-mobo-c,-180,0.02109609544277191
20170520_FIRE_pi-w-mobo-c,-120,0.02688114158809185
20170520_FIRE_pi-w-mobo-c,-60,0.01944541186094284
20170520_FIRE_pi-w-mobo-c,0,0.025104565545916557
20170520_FIRE_pi-w-mobo-c,60,0.04275791719555855
20170520_FIRE_pi-w-mobo-c,120,0.029595373198390007
20170520_FIRE_pi-w-mobo-c,180,0.017329351976513863
20170520_FIRE_pi-w-mobo-c,240,0.03171323612332344
20170520_FIRE_pi-w-mobo-c,300,0.019959351047873497
20170520_FIRE_pi-w-mobo-c,360,0.1372869461774826
20170520_FIRE_pi-w-mobo-c,420,0.1352814882993698
20170520_FIRE_pi-w-mobo-c,480,0.5810331106185913
20170520_FIRE_pi-w-mobo-c,540,0.7400134801864624
20170520_FIRE_pi-w-mobo-c,600,0.5979735851287842
20170520_FIRE_pi-w-mobo-c,660,0.5681132674217224
20170520_FIRE_pi-w-mobo-c,720,0.8171024322509766
20170520_FIRE_pi-w-mobo-c,780,0.6264161467552185
20170520_FIRE_pi-w-mobo-c,840,0.5499312281608582
20170520_FIRE_pi-w-mobo-c,900,0.724531352519989
20170520_FIRE_pi-w-mobo-c,960,0.48970913887023926
20170520_FIRE_pi-w-mobo-c,1020,0.6550305485725403
20170520_FIRE_pi-w-mobo-c,1080,0.6935743093490601
20170520_FIRE_pi-w-mobo-c,1140,0.40596815943717957
20170520_FIRE_pi-w-mobo-c,1200,0.4703993499279022
20170520_FIRE_pi-w-mobo-c,1260,0.5888919234275818
20170520_FIRE_pi-w-mobo-c,1320,0.7330513596534729
20170520_FIRE_pi-w-mobo-c,1380,0.7423233985900879
20170520_FIRE_pi-w-mobo-c,1440,0.5897022485733032
20170520_FIRE_pi-w-mobo-c,1500,0.39138755202293396
20170520_FIRE_pi-w-mobo-c,1560,0.14713409543037415
20170520_FIRE_pi-w-mobo-c,1620,0.5444688200950623
20170520_FIRE_pi-w-mobo-c,1680,0.6464972496032715
20170520_FIRE_pi-w-mobo-c,1740,0.5699962973594666
20170520_FIRE_pi-w-mobo-c,1800,0.24819646775722504
20170520_FIRE_pi-w-mobo-c,1860,0.34356623888015747
20170520_FIRE_pi-w-mobo-c,1920,0.612766444683075
20170520_FIRE_pi-w-mobo-c,1980,0.5908941626548767
20170520_FIRE_pi-w-mobo-c,2040,0.3841553330421448
20170520_FIRE_pi-w-mobo-c,2100,0.6864991784095764
20170520_FIRE_pi-w-mobo-c,2160,0.7762873768806458
20170520_FIRE_pi-w-mobo-c,2220,0.680309534072876
20170520_FIRE_pi-w-mobo-c,2280,0.6110320687294006
20170520_FIRE_pi-w-mobo-c,2340,0.5484311580657959
20170520_FIRE_pi-w-mobo-c,2400,0.3798350989818573
20170609_FIRE_sm-n-mobo-c,-2400,0.006431895773857832
20170609_FIRE_sm-n-mobo-c,-2340,0.005609230604022741
20170609_FIRE_sm-n-mobo-c,-2280,0.005820240825414658
20170609_FIRE_sm-n-mobo-c,-2220,0.004963928833603859
20170609_FIRE_sm-n-mobo-c,-2160,0.014120415784418583
20170609_FIRE_sm-n-mobo-c,-2100,0.002392018912360072
20170609_FIRE_sm-n-mobo-c,-2040,0.004504033364355564
20170609_FIRE_sm-n-mobo-c,-1980,0.005601735319942236
20170609_FIRE_sm-n-mobo-c,-1920,0.006495678797364235
20170609_FIRE_sm-n-mobo-c,-1860,0.019394848495721817
20170609_FIRE_sm-n-mobo-c,-1800,0.028759043663740158
20170609_FIRE_sm-n-mobo-c,-1740,0.02906607836484909
20170609_FIRE_sm-n-mobo-c,-1680,0.010476754978299141
20170609_FIRE_sm-n-mobo-c,-1620,0.0028497863095253706
20170609_FIRE_sm-n-mobo-c,-1560,0.027135638520121574
20170609_FIRE_sm-n-mobo-c,-1500,0.007000131532549858
20170609_FIRE_sm-n-mobo-c,-1440,0.022746412083506584
20170609_FIRE_sm-n-mobo-c,-1380,0.009103230200707912
20170609_FIRE_sm-n-mobo-c,-1320,0.04535111412405968
20170609_FIRE_sm-n-mobo-c,-1260,0.002786591649055481
20170609_FIRE_sm-n-mobo-c,-1200,0.00844680517911911
20170609_FIRE_sm-n-mobo-c,-1140,0.0027703975792974234
20170609_FIRE_sm-n-mobo-c,-1080,0.004170658066868782
20170609_FIRE_sm-n-mobo-c,-1020,0.030292605981230736
20170609_FIRE_sm-n-mobo-c,-960,0.0041923983953893185
20170609_FIRE_sm-n-mobo-c,-900,0.014539513736963272
20170609_FIRE_sm-n-mobo-c,-840,0.003903590142726898
20170609_FIRE_sm-n-mobo-c,-780,0.006285671144723892
20170609_FIRE_sm-n-mobo-c,-720,0.023792771622538567
20170609_FIRE_sm-n-mobo-c,-660,0.021417448297142982
20170609_FIRE_sm-n-mobo-c,-600,0.0032497593201696873
20170609_FIRE_sm-n-mobo-c,-540,0.0021276837214827538
20170609_FIRE_sm-n-mobo-c,-480,0.0044747269712388515
20170609_FIRE_sm-n-mobo-c,-420,0.0074005648493766785
20170609_FIRE_sm-n-mobo-c,-360,0.004994980059564114
20170609_FIRE_sm-n-mobo-c,-300,0.004117821808904409
20170609_FIRE_sm-n-mobo-c,-240,0.005608163774013519
20170609_FIRE_sm-n-mobo-c,-180,0.0028823604807257652
20170609_FIRE_sm-n-mobo-c,-120,0.006769671104848385
20170609_FIRE_sm-n-mobo-c,-60,0.007027356885373592
20170609_FIRE_sm-n-mobo-c,0,0.0029752827249467373
20170609_FIRE_sm-n-mobo-c,60,0.005218838341534138
20170609_FIRE_sm-n-mobo-c,120,0.006977612152695656
20170609_FIRE_sm-n-mobo-c,180,0.017514333128929138
20170609_FIRE_sm-n-mobo-c,240,0.00669879699125886
20170609_FIRE_sm-n-mobo-c,300,0.0036111546214669943
20170609_FIRE_sm-n-mobo-c,360,0.05475485697388649
20170609_FIRE_sm-n-mobo-c,420,0.005258043296635151
20170609_FIRE_sm-n-mobo-c,480,0.11690965294837952
20170609_FIRE_sm-n-mobo-c,540,0.09185255318880081
20170609_FIRE_sm-n-mobo-c,600,0.012645924463868141
20170609_FIRE_sm-n-mobo-c,660,0.004459009971469641
20170609_FIRE_sm-n-mobo-c,720,0.024344049394130707
20170609_FIRE_sm-n-mobo-c,780,0.004043274093419313
20170609_FIRE_sm-n-mobo-c,840,0.0034114441368728876
20170609_FIRE_sm-n-mobo-c,900,0.003828273620456457
20170609_FIRE_sm-n-mobo-c,960,0.006030225660651922
20170609_FIRE_sm-n-mobo-c,1020,0.007172442506998777
20170609_FIRE_sm-n-mobo-c,1080,0.0038733703549951315
20170609_FIRE_sm-n-mobo-c,1140,0.011506217531859875
20170609_FIRE_sm-n-mobo-c,1200,0.05025725066661835
20170609_FIRE_sm-n-mobo-c,1260,0.05892559513449669
20170609_FIRE_sm-n-mobo-c,1320,0.010227110236883163
20170609_FIRE_sm-n-mobo-c,1380,0.06393323838710785
20170609_FIRE_sm-n-mobo-c,1440,0.005610589869320393
20170609_FIRE_sm-n-mobo-c,1500,0.011501251719892025
20170609_FIRE_sm-n-mobo-c,1560,0.3271600604057312
20170609_FIRE_sm-n-mobo-c,1620,0.2869965434074402
20170609_FIRE_sm-n-mobo-c,1680,0.007458002772182226
20170609_FIRE_sm-n-mobo-c,1740,0.054596398025751114
20170609_FIRE_sm-n-mobo-c,1800,0.2204141467809677
20170609_FIRE_sm-n-mobo-c,1860,0.7750132083892822
20170609_FIRE_sm-n-mobo-c,1920,0.6732717156410217
20170609_FIRE_sm-n-mobo-c,1980,0.8277971148490906
20170609_FIRE_sm-n-mobo-c,2040,0.8551580309867859
20170609_FIRE_sm-n-mobo-c,2100,0.7905982732772827
20170609_FIRE_sm-n-mobo-c,2160,0.8283237218856812
20170609_FIRE_sm-n-mobo-c,2220,0.8531454205513
20170609_FIRE_sm-n-mobo-c,2280,0.8530694246292114
20170609_FIRE_sm-n-mobo-c,2340,0.4674963057041168
20170609_FIRE_sm-n-mobo-c,2400,0.8485400676727295
20170613_FIRE_bh-w-mobo-c,-2400,0.0021462086588144302
20170613_FIRE_bh-w-mobo-c,-2340,0.001120500615797937
20170613_FIRE_bh-w-mobo-c,-2280,0.0022671958431601524
20170613_FIRE_bh-w-mobo-c,-2220,0.002321651205420494
20170613_FIRE_bh-w-mobo-c,-2160,0.00182681146543473
20170613_FIRE_bh-w-mobo-c,-2100,0.0028206822462379932
20170613_FIRE_bh-w-mobo-c,-2040,0.001380208064801991
20170613_FIRE_bh-w-mobo-c,-1980,0.001199078280478716
20170613_FIRE_bh-w-mobo-c,-1920,0.0014375061728060246
20170613_FIRE_bh-w-mobo-c,-1860,0.0
20170613_FIRE_bh-w-mobo-c,-1800,0.002157118171453476
20170613_FIRE_bh-w-mobo-c,-1740,0.005743249785155058
20170613_FIRE_bh-w-mobo-c,-1680,0.0
20170613_FIRE_bh-w-mobo-c,-1620,0.0019416357390582561
20170613_FIRE_bh-w-mobo-c,-1560,0.0
20170613_FIRE_bh-w-mobo-c,-1500,0.0017416748451068997
20170613_FIRE_bh-w-mobo-c,-1440,0.0021133471745997667
20170613_FIRE_bh-w-mobo-c,-1380,0.0017865474801510572
20170613_FIRE_bh-w-mobo-c,-1320,0.0015116336289793253
20170613_FIRE_bh-w-mobo-c,-1260,0.0025580415967851877
20170613_FIRE_bh-w-mobo-c,-1200,0.0026977909728884697
20170613_FIRE_bh-w-mobo-c,-1140,0.0018656754400581121
20170613_FIRE_bh-w-mobo-c,-1080,0.002494675340130925
20170613_FIRE_bh-w-mobo-c,-1020,0.0040442305617034435
20170613_FIRE_bh-w-mobo-c,-960,0.0031277018133550882
20170613_FIRE_bh-w-mobo-c,-900,0.0047217742539942265
20170613_FIRE_bh-w-mobo-c,-840,0.003780738450586796
20170613_FIRE_bh-w-mobo-c,-780,0.0024042718578130007
20170613_FIRE_bh-w-mobo-c,-720,0.004486570134758949
20170613_FIRE_bh-w-mobo-c,-660,0.0038649695925414562
20170613_FIRE_bh-w-mobo-c,-600,0.002656713593751192
20170613_FIRE_bh-w-mobo-c,-540,0.00783419981598854
20170613_FIRE_bh-w-mobo-c,-480,0.012405731715261936
20170613_FIRE_bh-w-mobo-c,-420,0.016931787133216858
20170613_FIRE_bh-w-mobo-c,-360,0.0060776034370064735
20170613_FIRE_bh-w-mobo-c,-300,0.043992411345243454
20170613_FIRE_bh-w-mobo-c,-240,0.028249233961105347
20170613_FIRE_bh-w-mobo-c,-180,0.02717030793428421
20170613_FIRE_bh-w-mobo-c,-120,0.020287878811359406
20170613_FIRE_bh-w-mobo-c,-60,0.10219313949346542
20170613_FIRE_bh-w-mobo-c,0,0.07310844212770462
20170613_FIRE_bh-w-mobo-c,60,0.06200595572590828
20170613_FIRE_bh-w-mobo-c,120,0.08418483287096024
20170613_FIRE_bh-w-mobo-c,180,0.09422271698713303
20170613_FIRE_bh-w-mobo-c,240,0.08955889940261841
20170613_FIRE_bh-w-mobo-c,300,0.09294284880161285
20170613_FIRE_bh-w-mobo-c,360,0.05716772377490997
20170613_FIRE_bh-w-mobo-c,420,0.10432488471269608
20170613_FIRE_bh-w-mobo-c,480,0.09099089354276657
20170613_FIRE_bh-w-mobo-c,540,0.11630194634199142
20170613_FIRE_bh-w-mobo-c,600,0.10010991990566254
20170613_FIRE_bh-w-mobo-c,660,0.11411169171333313
20170613_FIRE_bh-w-mobo-c,720,0.10143114626407623
20170613_FIRE_bh-w-mobo-c,780,0.09473355114459991
20170613_FIRE_bh-w-mobo-c,840,0.08104895055294037
20170613_FIRE_bh-w-mobo-c,900,0.08834931999444962
20170613_FIRE_bh-w-mobo-c,960,0.08686216175556183
20170613_FIRE_bh-w-mobo-c,1020,0.09777464717626572
20170613_FIRE_bh-w-mobo-c,1080,0.10296350717544556
20170613_FIRE_bh-w-mobo-c,1140,0.13402579724788666
20170613_FIRE_bh-w-mobo-c,1200,0.09253326803445816
20170613_FIRE_bh-w-mobo-c,1260,0.09947512298822403
20170613_FIRE_bh-w-mobo-c,1320,0.0847528800368309
20170613_FIRE_bh-w-mobo-c,1380,0.09355778992176056
20170613_FIRE_bh-w-mobo-c,1440,0.1098305881023407
20170613_FIRE_bh-w-mobo-c,1500,0.0948161855340004
20170613_FIRE_bh-w-mobo-c,1560,0.10279446095228195
20170613_FIRE_bh-w-mobo-c,1620,0.11740279197692871
20170613_FIRE_bh-w-mobo-c,1680,0.12607935070991516
20170613_FIRE_bh-w-mobo-c,1740,0.14274518191814423
20170613_FIRE_bh-w-mobo-c,1800,0.15560069680213928
20170613_FIRE_bh-w-mobo-c,1860,0.1543426513671875
20170613_FIRE_bh-w-mobo-c,1920,0.136004239320755
20170613_FIRE_bh-w-mobo-c,1980,0.14404112100601196
20170613_FIRE_bh-w-mobo-c,2040,0.12280569970607758
20170613_FIRE_bh-w-mobo-c,2100,0.11274490505456924
20170613_FIRE_bh-w-mobo-c,2160,0.12051425874233246
20170613_FIRE_bh-w-mobo-c,2220,0.12603743374347687
20170613_FIRE_bh-w-mobo-c,2280,0.14731907844543457
20170613_FIRE_bh-w-mobo-c,2340,0.15110404789447784
20170613_FIRE_bh-w-mobo-c,2400,0.15129002928733826
20170613_FIRE_hp-n-mobo-c,-2400,0.10723434388637543
20170613_FIRE_hp-n-mobo-c,-2340,0.12820225954055786
20170613_FIRE_hp-n-mobo-c,-2280,0.07622449100017548
20170613_FIRE_hp-n-mobo-c,-2220,0.033306583762168884
20170613_FIRE_hp-n-mobo-c,-2160,0.10295923054218292
20170613_FIRE_hp-n-mobo-c,-2100,0.11044095456600189
20170613_FIRE_hp-n-mobo-c,-2040,0.09641649574041367
20170613_FIRE_hp-n-mobo-c,-1980,0.09234637022018433
20170613_FIRE_hp-n-mobo-c,-1920,0.05983663350343704
20170613_FIRE_hp-n-mobo-c,-1860,0.06237148866057396
20170613_FIRE_hp-n-mobo-c,-1800,0.10466141253709793
20170613_FIRE_hp-n-mobo-c,-1740,0.07001343369483948
20170613_FIRE_hp-n-mobo-c,-1680,0.034863781183958054
20170613_FIRE_hp-n-mobo-c,-1620,0.11470766365528107
20170613_FIRE_hp-n-mobo-c,-1560,0.06709609180688858
20170613_FIRE_hp-n-mobo-c,-1500,0.14563147723674774
20170613_FIRE_hp-n-mobo-c,-1440,0.10128503292798996
20170613_FIRE_hp-n-mobo-c,-1380,0.09633230417966843
20170613_FIRE_hp-n-mobo-c,-1320,0.13630744814872742
20170613_FIRE_hp-n-mobo-c,-1260,0.05094723030924797
20170613_FIRE_hp-n-mobo-c,-1200,0.03351433575153351
20170613_FIRE_hp-n-mobo-c,-1140,0.039791289716959
20170613_FIRE_hp-n-mobo-c,-1080,0.042721688747406006
20170613_FIRE_hp-n-mobo-c,-1020,0.11814884841442108
20170613_FIRE_hp-n-mobo-c,-960,0.15412206947803497
20170613_FIRE_hp-n-mobo-c,-900,0.051403071731328964
20170613_FIRE_hp-n-mobo-c,-840,0.05930788442492485
20170613_FIRE_hp-n-mobo-c,-780,0.028427937999367714
20170613_FIRE_hp-n-mobo-c,-720,0.047099508345127106
20170613_FIRE_hp-n-mobo-c,-660,0.06353405863046646
20170613_FIRE_hp-n-mobo-c,-600,0.09336229413747787
20170613_FIRE_hp-n-mobo-c,-540,0.08155064284801483
20170613_FIRE_hp-n-mobo-c,-480,0.10276900231838226
20170613_FIRE_hp-n-mobo-c,-420,0.03634112328290939
20170613_FIRE_hp-n-mobo-c,-360,0.054067812860012054
20170613_FIRE_hp-n-mobo-c,-300,0.08054060488939285
20170613_FIRE_hp-n-mobo-c,-240,0.05082689970731735
20170613_FIRE_hp-n-mobo-c,-180,0.04839693009853363
20170613_FIRE_hp-n-mobo-c,-120,0.06688933819532394
20170613_FIRE_hp-n-mobo-c,-60,0.07209879904985428
20170613_FIRE_hp-n-mobo-c,0,0.03993181139230728
20170613_FIRE_hp-n-mobo-c,60,0.03540633246302605
20170613_FIRE_hp-n-mobo-c,120,0.020547308027744293
20170613_FIRE_hp-n-mobo-c,180,0.02356550469994545
20170613_FIRE_hp-n-mobo-c,240,0.037886761128902435
20170613_FIRE_hp-n-mobo-c,300,0.2951015532016754
20170613_FIRE_hp-n-mobo-c,360,0.03303026780486107
20170613_FIRE_hp-n-mobo-c,420,0.022274784743785858
20170613_FIRE_hp-n-mobo-c,480,0.2319033145904541
20170613_FIRE_hp-n-mobo-c,540,0.019664648920297623
20170613_FIRE_hp-n-mobo-c,600,0.06794320046901703
20170613_FIRE_hp-n-mobo-c,660,0.012938650324940681
20170613_FIRE_hp-n-mobo-c,720,0.11555320769548416
20170613_FIRE_hp-n-mobo-c,780,0.05768999457359314
20170613_FIRE_hp-n-mobo-c,840,0.049335308372974396
20170613_FIRE_hp-n-mobo-c,900,0.039494384080171585
20170613_FIRE_hp-n-mobo-c,960,0.027798211202025414
20170613_FIRE_hp-n-mobo-c,1020,0.15516653656959534
20170613_FIRE_hp-n-mobo-c,1080,0.023846924304962158
20170613_FIRE_hp-n-mobo-c,1140,0.016103576868772507
20170613_FIRE_hp-n-mobo-c,1200,0.019659744575619698
20170613_FIRE_hp-n-mobo-c,1260,0.02030625380575657
20170613_FIRE_hp-n-mobo-c,1320,0.03669104725122452
20170613_FIRE_hp-n-mobo-c,1380,0.026922432705760002
20170613_FIRE_hp-n-mobo-c,1440,0.10343291610479355
20170613_FIRE_hp-n-mobo-c,1500,0.02274453453719616
20170613_FIRE_hp-n-mobo-c,1560,0.07154637575149536
20170613_FIRE_hp-n-mobo-c,1620,0.17549514770507812
20170613_FIRE_hp-n-mobo-c,1680,0.13367007672786713
20170613_FIRE_hp-n-mobo-c,1740,0.1803489476442337
20170613_FIRE_hp-n-mobo-c,1800,0.2931485176086426
20170613_FIRE_hp-n-mobo-c,1860,0.28878647089004517
20170613_FIRE_hp-n-mobo-c,1920,0.040271859616041183
20170613_FIRE_hp-n-mobo-c,1980,0.08358533680438995
20170613_FIRE_hp-n-mobo-c,2040,0.1977698653936386
20170613_FIRE_hp-n-mobo-c,2100,0.12004908919334412
20170613_FIRE_hp-n-mobo-c,2160,0.2617228627204895
20170613_FIRE_hp-n-mobo-c,2220,0.24836383759975433
20170613_FIRE_hp-n-mobo-c,2280,0.06980498880147934
20170613_FIRE_hp-n-mobo-c,2340,0.04093419015407562
20170613_FIRE_hp-n-mobo-c,2400,0.08205557614564896
20170625_BBM_bm-n-mobo,-2400,0.03895023465156555
20170625_BBM_bm-n-mobo,-2340,0.15030179917812347
20170625_BBM_bm-n-mobo,-2280,0.14208872616291046
20170625_BBM_bm-n-mobo,-2220,0.08789635449647903
20170625_BBM_bm-n-mobo,-2160,0.15105055272579193
20170625_BBM_bm-n-mobo,-2100,0.12077716737985611
20170625_BBM_bm-n-mobo,-2040,0.14183177053928375
20170625_BBM_bm-n-mobo,-1980,0.062265075743198395
20170625_BBM_bm-n-mobo,-1920,0.12895607948303223
20170625_BBM_bm-n-mobo,-1860,0.04813259840011597
20170625_BBM_bm-n-mobo,-1800,0.04871487617492676
20170625_BBM_bm-n-mobo,-1740,0.10877209156751633
20170625_BBM_bm-n-mobo,-1680,0.06592775136232376
20170625_BBM_bm-n-mobo,-1620,0.0448448620736599
20170625_BBM_bm-n-mobo,-1560,0.17066533863544464
20170625_BBM_bm-n-mobo,-1500,0.05887299031019211
20170625_BBM_bm-n-mobo,-1440,0.1142856627702713
20170625_BBM_bm-n-mobo,-1380,0.23469069600105286
20170625_BBM_bm-n-mobo,-1320,0.36640453338623047
20170625_BBM_bm-n-mobo,-1260,0.029719119891524315
20170625_BBM_bm-n-mobo,-1200,0.02682201750576496
20170625_BBM_bm-n-mobo,-1140,0.04828794300556183
20170625_BBM_bm-n-mobo,-1080,0.19773811101913452
20170625_BBM_bm-n-mobo,-1020,0.11961537599563599
20170625_BBM_bm-n-mobo,-960,0.04134650528430939
20170625_BBM_bm-n-mobo,-900,0.06911145150661469
20170625_BBM_bm-n-mobo,-840,0.11608532816171646
20170625_BBM_bm-n-mobo,-780,0.06724458187818527
20170625_BBM_bm-n-mobo,-720,0.1039980798959732
20170625_BBM_bm-n-mobo,-660,0.07743038237094879
20170625_BBM_bm-n-mobo,-600,0.03990069404244423
20170625_BBM_bm-n-mobo,-540,0.16500407457351685
20170625_BBM_bm-n-mobo,-480,0.08072931319475174
20170625_BBM_bm-n-mobo,-420,0.14563943445682526
20170625_BBM_bm-n-mobo,-360,0.08678257465362549
20170625_BBM_bm-n-mobo,-300,0.0679164007306099
20170625_BBM_bm-n-mobo,-240,0.06216111034154892
20170625_BBM_bm-n-mobo,-180,0.0664648488163948
20170625_BBM_bm-n-mobo,-120,0.13027682900428772
20170625_BBM_bm-n-mobo,-60,0.032701123505830765
20170625_BBM_bm-n-mobo,0,0.06607416272163391
20170625_BBM_bm-n-mobo,60,0.1299014687538147
20170625_BBM_bm-n-mobo,120,0.04049132019281387
20170625_BBM_bm-n-mobo,180,0.10206986963748932
20170625_BBM_bm-n-mobo,240,0.028285043314099312
20170625_BBM_bm-n-mobo,300,0.07338402420282364
20170625_BBM_bm-n-mobo,360,0.04498036950826645
20170625_BBM_bm-n-mobo,420,0.17020674049854279
20170625_BBM_bm-n-mobo,480,0.778584361076355
20170625_BBM_bm-n-mobo,540,0.5821239948272705
20170625_BBM_bm-n-mobo,600,0.33531811833381653
20170625_BBM_bm-n-mobo,660,0.3909367024898529
20170625_BBM_bm-n-mobo,720,0.703540563583374
20170625_BBM_bm-n-mobo,780,0.2658558189868927
20170625_BBM_bm-n-mobo,840,0.5791725516319275
20170625_BBM_bm-n-mobo,900,0.7466790676116943
20170625_BBM_bm-n-mobo,960,0.37701615691185
20170625_BBM_bm-n-mobo,1020,0.7058455944061279
20170625_BBM_bm-n-mobo,1080,0.21257440745830536
20170625_BBM_bm-n-mobo,1140,0.8210722804069519
20170625_BBM_bm-n-mobo,1200,0.649602472782135
20170625_BBM_bm-n-mobo,1260,0.5433560013771057
20170625_BBM_bm-n-mobo,1320,0.6621838212013245
20170625_BBM_bm-n-mobo,1380,0.5118776559829712
20170625_BBM_bm-n-mobo,1440,0.4536021947860718
20170625_BBM_bm-n-mobo,1500,0.43752846121788025
20170625_BBM_bm-n-mobo,1560,0.5310446619987488
20170625_BBM_bm-n-mobo,1620,0.8933556079864502
20170625_BBM_bm-n-mobo,1680,0.33633553981781006
20170625_BBM_bm-n-mobo,1740,0.8590870499610901
20170625_BBM_bm-n-mobo,1800,0.5399757027626038
20170625_BBM_bm-n-mobo,1860,0.5258705615997314
20170625_BBM_bm-n-mobo,1920,0.5467010140419006
20170625_BBM_bm-n-mobo,1980,0.6974513530731201
20170625_BBM_bm-n-mobo,2040,0.5151928663253784
20170625_BBM_bm-n-mobo,2100,0.5083525776863098
20170625_BBM_bm-n-mobo,2160,0.5918179154396057
20170625_BBM_bm-n-mobo,2220,0.5690096020698547
20170625_BBM_bm-n-mobo,2280,0.6019681692123413
20170625_BBM_bm-n-mobo,2340,0.4056708514690399
20170625_BBM_bm-n-mobo,2400,0.5633399486541748
20170625_FIRE_mg-s-iqeye,-2400,0.41163021326065063
20170625_FIRE_mg-s-iqeye,-2340,0.33559107780456543
20170625_FIRE_mg-s-iqeye,-2280,0.5559082627296448
20170625_FIRE_mg-s-iqeye,-2220,0.445322722196579
20170625_FIRE_mg-s-iqeye,-2160,0.5451003313064575
20170625_FIRE_mg-s-iqeye,-2100,0.38286900520324707
20170625_FIRE_mg-s-iqeye,-2040,0.3741721212863922
20170625_FIRE_mg-s-iqeye,-1980,0.27810972929000854
20170625_FIRE_mg-s-iqeye,-1920,0.3776867985725403
20170625_FIRE_mg-s-iqeye,-1860,0.4363536834716797
20170625_FIRE_mg-s-iqeye,-1800,0.41037675738334656
20170625_FIRE_mg-s-iqeye,-1740,0.43724918365478516
20170625_FIRE_mg-s-iqeye,-1680,0.3987477421760559
20170625_FIRE_mg-s-iqeye,-1620,0.3575504422187805
20170625_FIRE_mg-s-iqeye,-1560,0.4553230106830597
20170625_FIRE_mg-s-iqeye,-1500,0.37703779339790344
20170625_FIRE_mg-s-iqeye,-1440,0.2410939335823059
20170625_FIRE_mg-s-iqeye,-1380,0.33143919706344604
20170625_FIRE_mg-s-iqeye,-1320,0.4324701428413391
20170625_FIRE_mg-s-iqeye,-1260,0.3782161772251129
20170625_FIRE_mg-s-iqeye,-1200,0.4177291989326477
20170625_FIRE_mg-s-iqeye,-1140,0.43519264459609985
20170625_FIRE_mg-s-iqeye,-1080,0.4268915355205536
20170625_FIRE_mg-s-iqeye,-1020,0.3788522779941559
20170625_FIRE_mg-s-iqeye,-960,0.45850682258605957
20170625_FIRE_mg-s-iqeye,-900,0.5171508193016052
20170625_FIRE_mg-s-iqeye,-840,0.4298941195011139
20170625_FIRE_mg-s-iqeye,-780,0.5378454923629761
20170625_FIRE_mg-s-iqeye,-720,0.4905044436454773
20170625_FIRE_mg-s-iqeye,-660,0.4531081020832062
20170625_FIRE_mg-s-iqeye,-600,0.4598175585269928
20170625_FIRE_mg-s-iqeye,-540,0.3158606290817261
20170625_FIRE_mg-s-iqeye,-480,0.47364911437034607
20170625_FIRE_mg-s-iqeye,-420,0.3336665630340576
20170625_FIRE_mg-s-iqeye,-360,0.45861661434173584
20170625_FIRE_mg-s-iqeye,-300,0.5118618607521057
20170625_FIRE_mg-s-iqeye,-240,0.4153149724006653
20170625_FIRE_mg-s-iqeye,-180,0.35133159160614014
20170625_FIRE_mg-s-iqeye,-120,0.33151060342788696
20170625_FIRE_mg-s-iqeye,-60,0.3824820816516876
20170625_FIRE_mg-s-iqeye,0,0.3406607210636139
20170625_FIRE_mg-s-iqeye,60,0.5794415473937988
20170625_FIRE_mg-s-iqeye,120,0.38636747002601624
20170625_FIRE_mg-s-iqeye,180,0.5264396667480469
20170625_FIRE_mg-s-iqeye,240,0.471545934677124
20170625_FIRE_mg-s-iqeye,300,0.3448268473148346
20170625_FIRE_mg-s-iqeye,360,0.295451819896698
20170625_FIRE_mg-s-iqeye,420,0.3705503046512604
20170625_FIRE_mg-s-iqeye,480,0.28907978534698486
20170625_FIRE_mg-s-iqeye,540,0.4032849967479706
20170625_FIRE_mg-s-iqeye,600,0.40760326385498047
20170625_FIRE_mg-s-iqeye,660,0.5294244885444641
20170625_FIRE_mg-s-iqeye,720,0.4137919545173645
20170625_FIRE_mg-s-iqeye,780,0.44520291686058044
20170625_FIRE_mg-s-iqeye,840,0.36877501010894775
20170625_FIRE_mg-s-iqeye,900,0.38109415769577026
20170625_FIRE_mg-s-iqeye,960,0.3847130239009857
20170625_FIRE_mg-s-iqeye,1020,0.42957061529159546
20170625_FIRE_mg-s-iqeye,1080,0.6985059976577759
20170625_FIRE_mg-s-iqeye,1140,0.45998841524124146
20170625_FIRE_mg-s-iqeye,1200,0.545029878616333
20170625_FIRE_mg-s-iqeye,1260,0.8116831183433533
20170625_FIRE_mg-s-iqeye,1320,0.6615766286849976
20170625_FIRE_mg-s-iqeye,1380,0.5422866940498352
20170625_FIRE_mg-s-iqeye,1440,0.7190903425216675
20170625_FIRE_mg-s-iqeye,1500,0.2985038459300995
20170625_FIRE_mg-s-iqeye,1560,0.7418721914291382
20170625_FIRE_mg-s-iqeye,1620,0.6178231835365295
20170625_FIRE_mg-s-iqeye,1680,0.3466026484966278
20170625_FIRE_mg-s-iqeye,1740,0.7277367115020752
20170625_FIRE_mg-s-iqeye,1800,0.7571775317192078
20170625_FIRE_mg-s-iqeye,1860,0.29134684801101685
20170625_FIRE_mg-s-iqeye,1920,0.8852582573890686
20170625_FIRE_mg-s-iqeye,1980,0.790027379989624
20170625_FIRE_mg-s-iqeye,2040,0.7896653413772583
20170625_FIRE_mg-s-iqeye,2100,0.7624731063842773
20170625_FIRE_mg-s-iqeye,2160,0.6062502861022949
20170625_FIRE_mg-s-iqeye,2220,0.8257583975791931
20170625_FIRE_mg-s-iqeye,2280,0.846932590007782
20170625_FIRE_mg-s-iqeye,2340,0.6180902123451233
20170625_FIRE_mg-s-iqeye,2400,0.29692724347114563
20170627_FIRE_lp-n-iqeye,-2400,0.0052153440192341805
20170627_FIRE_lp-n-iqeye,-2340,0.0075797950848937035
20170627_FIRE_lp-n-iqeye,-2280,0.016361478716135025
20170627_FIRE_lp-n-iqeye,-2220,0.012156598269939423
20170627_FIRE_lp-n-iqeye,-2160,0.01202636118978262
20170627_FIRE_lp-n-iqeye,-2100,0.008015480823814869
20170627_FIRE_lp-n-iqeye,-2040,0.016932660713791847
20170627_FIRE_lp-n-iqeye,-1980,0.022604793310165405
20170627_FIRE_lp-n-iqeye,-1920,0.00552001129835844
20170627_FIRE_lp-n-iqeye,-1860,0.10932650417089462
20170627_FIRE_lp-n-iqeye,-1800,0.20940636098384857
20170627_FIRE_lp-n-iqeye,-1740,0.14037105441093445
20170627_FIRE_lp-n-iqeye,-1680,0.017479166388511658
20170627_FIRE_lp-n-iqeye,-1620,0.07887886464595795
20170627_FIRE_lp-n-iqeye,-1560,0.048643067479133606
20170627_FIRE_lp-n-iqeye,-1500,0.22839590907096863
20170627_FIRE_lp-n-iqeye,-1440,0.3530135750770569
20170627_FIRE_lp-n-iqeye,-1380,0.3175777494907379
20170627_FIRE_lp-n-iqeye,-1320,0.022143278270959854
20170627_FIRE_lp-n-iqeye,-1260,0.21620716154575348
20170627_FIRE_lp-n-iqeye,-1200,0.35942959785461426
20170627_FIRE_lp-n-iqeye,-1140,0.13470248878002167
20170627_FIRE_lp-n-iqeye,-1080,0.040109749883413315
20170627_FIRE_lp-n-iqeye,-1020,0.028442567214369774
20170627_FIRE_lp-n-iqeye,-960,0.22902964055538177
20170627_FIRE_lp-n-iqeye,-900,0.10365034639835358
20170627_FIRE_lp-n-iqeye,-840,0.2598758935928345
20170627_FIRE_lp-n-iqeye,-780,0.528813362121582
20170627_FIRE_lp-n-iqeye,-720,0.20867013931274414
20170627_FIRE_lp-n-iqeye,-660,0.21126136183738708
20170627_FIRE_lp-n-iqeye,-600,0.15776784718036652
20170627_FIRE_lp-n-iqeye,-540,0.21537186205387115
20170627_FIRE_lp-n-iqeye,-480,0.017144668847322464
20170627_FIRE_lp-n-iqeye,-420,0.3589133024215698
20170627_FIRE_lp-n-iqeye,-360,0.053903479129076004
20170627_FIRE_lp-n-iqeye,-300,0.41847893595695496
20170627_FIRE_lp-n-iqeye,-240,0.26347965002059937
20170627_FIRE_lp-n-iqeye,-180,0.07517978549003601
20170627_FIRE_lp-n-iqeye,-120,0.1581725776195526
20170627_FIRE_lp-n-iqeye,-60,0.16839370131492615
20170627_FIRE_lp-n-iqeye,0,0.23893357813358307
20170627_FIRE_lp-n-iqeye,60,0.054583922028541565
20170627_FIRE_lp-n-iqeye,120,0.04169216752052307
20170627_FIRE_lp-n-iqeye,180,0.09655182808637619
20170627_FIRE_lp-n-iqeye,240,0.11245661973953247
20170627_FIRE_lp-n-iqeye,300,0.09570704400539398
20170627_FIRE_lp-n-iqeye,360,0.027863759547472
20170627_FIRE_lp-n-iqeye,420,0.046366143971681595
20170627_FIRE_lp-n-iqeye,480,0.13808679580688477
20170627_FIRE_lp-n-iqeye,540,0.01881610043346882
20170627_FIRE_lp-n-iqeye,600,0.01951156184077263
20170627_FIRE_lp-n-iqeye,660,0.1026519313454628
20170627_FIRE_lp-n-iqeye,720,0.015525446273386478
20170627_FIRE_lp-n-iqeye,780,0.021530868485569954
20170627_FIRE_lp-n-iqeye,840,0.01883229799568653
20170627_FIRE_lp-n-iqeye,900,0.08314687758684158
20170627_FIRE_lp-n-iqeye,960,0.013714486733078957
20170627_FIRE_lp-n-iqeye,1020,0.011248982511460781
20170627_FIRE_lp-n-iqeye,1080,0.014770494773983955
20170627_FIRE_lp-n-iqeye,1140,0.015878992155194283
20170627_FIRE_lp-n-iqeye,1200,0.10988212376832962
20170627_FIRE_lp-n-iqeye,1260,0.004458751995116472
20170627_FIRE_lp-n-iqeye,1320,0.016399048268795013
20170627_FIRE_lp-n-iqeye,1380,0.011074217036366463
20170627_FIRE_lp-n-iqeye,1440,0.013477147556841373
20170627_FIRE_lp-n-iqeye,1500,0.007790256291627884
20170627_FIRE_lp-n-iqeye,1560,0.052196864038705826
20170627_FIRE_lp-n-iqeye,1620,0.024843500927090645
20170627_FIRE_lp-n-iqeye,1680,0.011376672424376011
20170627_FIRE_lp-n-iqeye,1740,0.02000132016837597
20170627_FIRE_lp-n-iqeye,1800,0.011718733236193657
20170627_FIRE_lp-n-iqeye,1860,0.045177947729825974
20170627_FIRE_lp-n-iqeye,1920,0.036559395492076874
20170627_FIRE_lp-n-iqeye,1980,0.04763878136873245
20170627_FIRE_lp-n-iqeye,2040,0.0093532744795084
20170627_FIRE_lp-n-iqeye,2100,0.013439111411571503
20170627_FIRE_lp-n-iqeye,2160,0.01233023963868618
20170627_FIRE_lp-n-iqeye,2220,0.11315661668777466
20170627_FIRE_lp-n-iqeye,2280,0.0403168611228466
20170627_FIRE_lp-n-iqeye,2340,0.026325389742851257
20170627_FIRE_lp-n-iqeye,2400,0.050537776201963425
20170627_FIRE_om-e-mobo-c,-2400,0.3574778139591217
20170627_FIRE_om-e-mobo-c,-2340,0.4651288390159607
20170627_FIRE_om-e-mobo-c,-2280,0.4545802175998688
20170627_FIRE_om-e-mobo-c,-2220,0.606360673904419
20170627_FIRE_om-e-mobo-c,-2160,0.4694427251815796
20170627_FIRE_om-e-mobo-c,-2100,0.5119413137435913
20170627_FIRE_om-e-mobo-c,-2040,0.4699181318283081
20170627_FIRE_om-e-mobo-c,-1980,0.4926214814186096
20170627_FIRE_om-e-mobo-c,-1920,0.5510702729225159
20170627_FIRE_om-e-mobo-c,-1860,0.6176122426986694
20170627_FIRE_om-e-mobo-c,-1800,0.6841902732849121
20170627_FIRE_om-e-mobo-c,-1740,0.6373338103294373
20170627_FIRE_om-e-mobo-c,-1680,0.6076047420501709
20170627_FIRE_om-e-mobo-c,-1620,0.4614737033843994
20170627_FIRE_om-e-mobo-c,-1560,0.5164647102355957
20170627_FIRE_om-e-mobo-c,-1500,0.6408397555351257
20170627_FIRE_om-e-mobo-c,-1440,0.650711178779602
20170627_FIRE_om-e-mobo-c,-1380,0.6084886193275452
20170627_FIRE_om-e-mobo-c,-1320,0.44428443908691406
20170627_FIRE_om-e-mobo-c,-1260,0.12560562789440155
20170627_FIRE_om-e-mobo-c,-1200,0.07555447518825531
20170627_FIRE_om-e-mobo-c,-1140,0.012112054042518139
20170627_FIRE_om-e-mobo-c,-1080,0.02534559555351734
20170627_FIRE_om-e-mobo-c,-1020,0.0119621017947793
20170627_FIRE_om-e-mobo-c,-960,0.009280964732170105
20170627_FIRE_om-e-mobo-c,-900,0.003949334379285574
20170627_FIRE_om-e-mobo-c,-840,0.0267937034368515
20170627_FIRE_om-e-mobo-c,-780,0.010590914636850357
20170627_FIRE_om-e-mobo-c,-720,0.005545713007450104
20170627_FIRE_om-e-mobo-c,-660,0.005550806876271963
20170627_FIRE_om-e-mobo-c,-600,0.0016817101277410984
20170627_FIRE_om-e-mobo-c,-540,0.003315408481284976
20170627_FIRE_om-e-mobo-c,-480,0.013032684102654457
20170627_FIRE_om-e-mobo-c,-420,0.013878324069082737
20170627_FIRE_om-e-mobo-c,-360,0.002925639506429434
20170627_FIRE_om-e-mobo-c,-300,0.001451526884920895
20170627_FIRE_om-e-mobo-c,-240,0.0023899157531559467
20170627_FIRE_om-e-mobo-c,-180,0.0014267530059441924
20170627_FIRE_om-e-mobo-c,-120,0.0018669936107471585
20170627_FIRE_om-e-mobo-c,-60,0.0020792551804333925
20170627_FIRE_om-e-mobo-c,0,0.016741743311285973
20170627_FIRE_om-e-mobo-c,60,0.03358978405594826
20170627_FIRE_om-e-mobo-c,120,0.15715907514095306
20170627_FIRE_om-e-mobo-c,180,0.025297457352280617
20170627_FIRE_om-e-mobo-c,240,0.049390848726034164
20170627_FIRE_om-e-mobo-c,300,0.003848145715892315
20170627_FIRE_om-e-mobo-c,360,0.01764628104865551
20170627_FIRE_om-e-mobo-c,420,0.004901338834315538
20170627_FIRE_om-e-mobo-c,480,0.025952806696295738
20170627_FIRE_om-e-mobo-c,540,0.2105771154165268
20170627_FIRE_om-e-mobo-c,600,0.3798236548900604
20170627_FIRE_om-e-mobo-c,660,0.3195844888687134
20170627_FIRE_om-e-mobo-c,720,0.39993593096733093
20170627_FIRE_om-e-mobo-c,780,0.07077962160110474
20170627_FIRE_om-e-mobo-c,840,0.42404788732528687
20170627_FIRE_om-e-mobo-c,900,0.3400444984436035
20170627_FIRE_om-e-mobo-c,960,0.18459326028823853
20170627_FIRE_om-e-mobo-c,1020,0.10908528417348862
20170627_FIRE_om-e-mobo-c,1080,0.14325369894504547
20170627_FIRE_om-e-mobo-c,1140,0.048931267112493515
20170627_FIRE_om-e-mobo-c,1200,0.13777200877666473
20170627_FIRE_om-e-mobo-c,1260,0.016829395666718483
20170627_FIRE_om-e-mobo-c,1320,0.027062948793172836
20170627_FIRE_om-e-mobo-c,1380,0.009714841842651367
20170627_FIRE_om-e-mobo-c,1440,0.006199182942509651
20170627_FIRE_om-e-mobo-c,1500,0.011203606612980366
20170627_FIRE_om-e-mobo-c,1560,0.0069081285037100315
20170627_FIRE_om-e-mobo-c,1620,0.008150625973939896
20170627_FIRE_om-e-mobo-c,1680,0.03561760485172272
20170627_FIRE_om-e-mobo-c,1740,0.022357843816280365
20170627_FIRE_om-e-mobo-c,1800,0.004960053600370884
20170627_FIRE_om-e-mobo-c,1860,0.0027192209381610155
20170627_FIRE_om-e-mobo-c,1920,0.005198025610297918
20170627_FIRE_om-e-mobo-c,1980,0.008798029273748398
20170627_FIRE_om-e-mobo-c,2040,0.0030833533965051174
20170627_FIRE_om-e-mobo-c,2100,0.0024573151022195816
20170627_FIRE_om-e-mobo-c,2160,0.006305736023932695
20170627_FIRE_om-e-mobo-c,2220,0.001956343650817871
20170627_FIRE_om-e-mobo-c,2280,0.04127449914813042
20170627_FIRE_om-e-mobo-c,2340,0.0038890698924660683
20170627_FIRE_om-e-mobo-c,2400,0.0016929310513660312
20170708_Whittier_syp-n-mobo-c,-2400,0.04341581463813782
20170708_Whittier_syp-n-mobo-c,-2340,0.0271409060806036
20170708_Whittier_syp-n-mobo-c,-2280,0.02753705158829689
20170708_Whittier_syp-n-mobo-c,-2220,0.04340443015098572
20170708_Whittier_syp-n-mobo-c,-2160,0.018618395552039146
20170708_Whittier_syp-n-mobo-c,-2100,0.0389944352209568
20170708_Whittier_syp-n-mobo-c,-2040,0.04218422621488571
20170708_Whittier_syp-n-mobo-c,-1980,0.04450080543756485
20170708_Whittier_syp-n-mobo-c,-1920,0.04254575073719025
20170708_Whittier_syp-n-mobo-c,-1860,0.06230851262807846
20170708_Whittier_syp-n-mobo-c,-1800,0.06356584280729294
20170708_Whittier_syp-n-mobo-c,-1740,0.027277955785393715
20170708_Whittier_syp-n-mobo-c,-1680,0.025964682921767235
20170708_Whittier_syp-n-mobo-c,-1620,0.06791012734174728
20170708_Whittier_syp-n-mobo-c,-1560,0.04959340766072273
20170708_Whittier_syp-n-mobo-c,-1500,0.038607604801654816
20170708_Whittier_syp-n-mobo-c,-1440,0.030548634007573128
20170708_Whittier_syp-n-mobo-c,-1380,0.032639577984809875
20170708_Whittier_syp-n-mobo-c,-1320,0.15827526152133942
20170708_Whittier_syp-n-mobo-c,-1260,0.05119200050830841
20170708_Whittier_syp-n-mobo-c,-1200,0.06347673386335373
20170708_Whittier_syp-n-mobo-c,-1140,0.03953111916780472
20170708_Whittier_syp-n-mobo-c,-1080,0.05302933230996132
20170708_Whittier_syp-n-mobo-c,-1020,0.03185990825295448
20170708_Whittier_syp-n-mobo-c,-960,0.05865298584103584
20170708_Whittier_syp-n-mobo-c,-900,0.026943020522594452
20170708_Whittier_syp-n-mobo-c,-840,0.012485230341553688
20170708_Whittier_syp-n-mobo-c,-780,0.049183476716279984
20170708_Whittier_syp-n-mobo-c,-720,0.05159807577729225
20170708_Whittier_syp-n-mobo-c,-660,0.0777447447180748
20170708_Whittier_syp-n-mobo-c,-600,0.023035811260342598
20170708_Whittier_syp-n-mobo-c,-540,0.05876189097762108
20170708_Whittier_syp-n-mobo-c,-480,0.05190714821219444
20170708_Whittier_syp-n-mobo-c,-420,0.025287998840212822
20170708_Whittier_syp-n-mobo-c,-360,0.0314909890294075
20170708_Whittier_syp-n-mobo-c,-300,0.03620597720146179
20170708_Whittier_syp-n-mobo-c,-240,0.03355521336197853
20170708_Whittier_syp-n-mobo-c,-180,0.024288590997457504
20170708_Whittier_syp-n-mobo-c,-120,0.03456912189722061
20170708_Whittier_syp-n-mobo-c,-60,0.04436378926038742
20170708_Whittier_syp-n-mobo-c,0,0.03611554205417633
20170708_Whittier_syp-n-mobo-c,60,0.038103166967630386
20170708_Whittier_syp-n-mobo-c,120,0.013111000880599022
20170708_Whittier_syp-n-mobo-c,180,0.012875099666416645
20170708_Whittier_syp-n-mobo-c,240,0.5023274421691895
20170708_Whittier_syp-n-mobo-c,300,0.4953301250934601
20170708_Whittier_syp-n-mobo-c,360,0.7157549262046814
20170708_Whittier_syp-n-mobo-c,420,0.5094922184944153
20170708_Whittier_syp-n-mobo-c,480,0.5042542219161987
20170708_Whittier_syp-n-mobo-c,540,0.5176509022712708
20170708_Whittier_syp-n-mobo-c,600,0.5299583077430725
20170708_Whittier_syp-n-mobo-c,660,0.5725059509277344
20170708_Whittier_syp-n-mobo-c,720,0.2975081205368042
20170708_Whittier_syp-n-mobo-c,780,0.6744287610054016
20170708_Whittier_syp-n-mobo-c,840,0.3537825047969818
20170708_Whittier_syp-n-mobo-c,900,0.07800111174583435
20170708_Whittier_syp-n-mobo-c,960,0.5009565353393555
20170708_Whittier_syp-n-mobo-c,1020,0.23192529380321503
20170708_Whittier_syp-n-mobo-c,1080,0.6628206968307495
20170708_Whittier_syp-n-mobo-c,1140,0.5288577675819397
20170708_Whittier_syp-n-mobo-c,1200,0.5265030264854431
20170708_Whittier_syp-n-mobo-c,1260,0.10664010792970657
20170708_Whittier_syp-n-mobo-c,1320,0.12538118660449982
20170708_Whittier_syp-n-mobo-c,1380,0.07733499258756638
20170708_Whittier_syp-n-mobo-c,1440,0.08207712322473526
20170708_Whittier_syp-n-mobo-c,1500,0.1470019668340683
20170708_Whittier_syp-n-mobo-c,1560,0.30059579014778137
20170708_Whittier_syp-n-mobo-c,1620,0.08681778609752655
20170708_Whittier_syp-n-mobo-c,1680,0.20944300293922424
20170708_Whittier_syp-n-mobo-c,1740,0.5172688364982605
20170708_Whittier_syp-n-mobo-c,1800,0.19228720664978027
20170708_Whittier_syp-n-mobo-c,1860,0.09824971854686737
20170708_Whittier_syp-n-mobo-c,1920,0.2959429919719696
20170708_Whittier_syp-n-mobo-c,1980,0.07590870559215546
20170708_Whittier_syp-n-mobo-c,2040,0.005102674011141062
20170708_Whittier_syp-n-mobo-c,2100,0.1510366052389145
20170708_Whittier_syp-n-mobo-c,2160,0.05373157188296318
20170708_Whittier_syp-n-mobo-c,2220,0.1556878685951233
20170708_Whittier_syp-n-mobo-c,2280,0.20123305916786194
20170708_Whittier_syp-n-mobo-c,2340,0.25330278277397156
20170708_Whittier_syp-n-mobo-c,2400,0.20559604465961456
20170708_Whittier_syp-n-mobo-m,-2399,0.47097375988960266
20170708_Whittier_syp-n-mobo-m,-2339,0.516308605670929
20170708_Whittier_syp-n-mobo-m,-2279,0.4209819734096527
20170708_Whittier_syp-n-mobo-m,-2219,0.5492274761199951
20170708_Whittier_syp-n-mobo-m,-2159,0.5006794929504395
20170708_Whittier_syp-n-mobo-m,-2099,0.47283855080604553
20170708_Whittier_syp-n-mobo-m,-2039,0.3977319002151489
20170708_Whittier_syp-n-mobo-m,-1979,0.40214261412620544
20170708_Whittier_syp-n-mobo-m,-1919,0.48816922307014465
20170708_Whittier_syp-n-mobo-m,-1859,0.32408538460731506
20170708_Whittier_syp-n-mobo-m,-1799,0.5365234613418579
20170708_Whittier_syp-n-mobo-m,-1739,0.4773237705230713
20170708_Whittier_syp-n-mobo-m,-1679,0.5115645527839661
20170708_Whittier_syp-n-mobo-m,-1619,0.35556769371032715
20170708_Whittier_syp-n-mobo-m,-1559,0.41888806223869324
20170708_Whittier_syp-n-mobo-m,-1499,0.5535980463027954
20170708_Whittier_syp-n-mobo-m,-1439,0.4414094090461731
20170708_Whittier_syp-n-mobo-m,-1379,0.6217948198318481
20170708_Whittier_syp-n-mobo-m,-1319,0.42041194438934326
20170708_Whittier_syp-n-mobo-m,-1259,0.3051721155643463
20170708_Whittier_syp-n-mobo-m,-1199,0.34007614850997925
20170708_Whittier_syp-n-mobo-m,-1139,0.5359132885932922
20170708_Whittier_syp-n-mobo-m,-1079,0.47289255261421204
20170708_Whittier_syp-n-mobo-m,-1019,0.6568799018859863
20170708_Whittier_syp-n-mobo-m,-959,0.4258502721786499
20170708_Whittier_syp-n-mobo-m,-899,0.34403088688850403
20170708_Whittier_syp-n-mobo-m,-839,0.4731546640396118
20170708_Whittier_syp-n-mobo-m,-779,0.5399019122123718
20170708_Whittier_syp-n-mobo-m,-719,0.3963248133659363
20170708_Whittier_syp-n-mobo-m,-659,0.5566674470901489
20170708_Whittier_syp-n-mobo-m,-599,0.5615578889846802
20170708_Whittier_syp-n-mobo-m,-539,0.28574338555336
20170708_Whittier_syp-n-mobo-m,-479,0.4883589446544647
20170708_Whittier_syp-n-mobo-m,-419,0.31889989972114563
20170708_Whittier_syp-n-mobo-m,-359,0.49940988421440125
20170708_Whittier_syp-n-mobo-m,-299,0.42891746759414673
20170708_Whittier_syp-n-mobo-m,-239,0.5823871493339539
20170708_Whittier_syp-n-mobo-m,-179,0.644809901714325
20170708_Whittier_syp-n-mobo-m,-119,0.6368526220321655
20170708_Whittier_syp-n-mobo-m,-59,0.46408364176750183
20170708_Whittier_syp-n-mobo-m,1,0.5180766582489014
20170708_Whittier_syp-n-mobo-m,61,0.5603100061416626
20170708_Whittier_syp-n-mobo-m,121,0.5292924046516418
20170708_Whittier_syp-n-mobo-m,181,0.531312108039856
20170708_Whittier_syp-n-mobo-m,241,0.5168094635009766
20170708_Whittier_syp-n-mobo-m,301,0.7237179279327393
20170708_Whittier_syp-n-mobo-m,361,0.5151011347770691
20170708_Whittier_syp-n-mobo-m,421,0.6333906650543213
20170708_Whittier_syp-n-mobo-m,481,0.5267370343208313
20170708_Whittier_syp-n-mobo-m,541,0.5643625259399414
20170708_Whittier_syp-n-mobo-m,601,0.5722552537918091
20170708_Whittier_syp-n-mobo-m,661,0.5472015738487244
20170708_Whittier_syp-n-mobo-m,721,0.54142826795578
20170708_Whittier_syp-n-mobo-m,781,0.6272810101509094
20170708_Whittier_syp-n-mobo-m,841,0.711574137210846
20170708_Whittier_syp-n-mobo-m,901,0.5846260190010071
20170708_Whittier_syp-n-mobo-m,961,0.5724413990974426
20170708_Whittier_syp-n-mobo-m,1021,0.5305315256118774
20170708_Whittier_syp-n-mobo-m,1081,0.7137377262115479
20170708_Whittier_syp-n-mobo-m,1141,0.6903668642044067
20170708_Whittier_syp-n-mobo-m,1201,0.6756051182746887
20170708_Whittier_syp-n-mobo-m,1261,0.6664787530899048
20170708_Whittier_syp-n-mobo-m,1321,0.6914954781532288
20170708_Whittier_syp-n-mobo-m,1381,0.65416419506073
20170708_Whittier_syp-n-mobo-m,1441,0.7018777132034302
20170708_Whittier_syp-n-mobo-m,1501,0.7412866353988647
20170708_Whittier_syp-n-mobo-m,1561,0.6131977438926697
20170708_Whittier_syp-n-mobo-m,1621,0.5988813638687134
20170708_Whittier_syp-n-mobo-m,1681,0.5323653221130371
20170708_Whittier_syp-n-mobo-m,1741,0.6428021788597107
20170708_Whittier_syp-n-mobo-m,1801,0.6443859338760376
20170708_Whittier_syp-n-mobo-m,1861,0.6283906698226929
20170708_Whittier_syp-n-mobo-m,1921,0.7120243310928345
20170708_Whittier_syp-n-mobo-m,1981,0.7202970385551453
20170708_Whittier_syp-n-mobo-m,2041,0.5373773574829102
20170708_Whittier_syp-n-mobo-m,2101,0.6461323499679565
20170708_Whittier_syp-n-mobo-m,2161,0.7712661027908325
20170708_Whittier_syp-n-mobo-m,2221,0.7532210946083069
20170708_Whittier_syp-n-mobo-m,2281,0.721123993396759
20170708_Whittier_syp-n-mobo-m,2341,0.666764497756958
20170711_FIRE_bl-e-mobo-c,-2400,0.0
20170711_FIRE_bl-e-mobo-c,-2340,0.0
20170711_FIRE_bl-e-mobo-c,-2280,0.0017790010897442698
20170711_FIRE_bl-e-mobo-c,-2220,0.0
20170711_FIRE_bl-e-mobo-c,-2160,0.0021114081609994173
20170711_FIRE_bl-e-mobo-c,-2100,0.013174577616155148
20170711_FIRE_bl-e-mobo-c,-2040,0.001473781536333263
20170711_FIRE_bl-e-mobo-c,-1980,0.0
20170711_FIRE_bl-e-mobo-c,-1920,0.0018728319555521011
20170711_FIRE_bl-e-mobo-c,-1860,0.0
20170711_FIRE_bl-e-mobo-c,-1800,0.0
20170711_FIRE_bl-e-mobo-c,-1740,0.0010038227774202824
20170711_FIRE_bl-e-mobo-c,-1680,0.0
20170711_FIRE_bl-e-mobo-c,-1620,0.001846457365900278
20170711_FIRE_bl-e-mobo-c,-1560,0.0020452840253710747
20170711_FIRE_bl-e-mobo-c,-1500,0.0
20170711_FIRE_bl-e-mobo-c,-1440,0.0
20170711_FIRE_bl-e-mobo-c,-1380,0.0
20170711_FIRE_bl-e-mobo-c,-1320,0.0042782677337527275
20170711_FIRE_bl-e-mobo-c,-1260,0.0
20170711_FIRE_bl-e-mobo-c,-1200,0.0011570999631658196
20170711_FIRE_bl-e-mobo-c,-1140,0.001208711531944573
20170711_FIRE_bl-e-mobo-c,-1080,0.0018131152028217912
20170711_FIRE_bl-e-mobo-c,-1020,0.0
20170711_FIRE_bl-e-mobo-c,-960,0.002828462515026331
20170711_FIRE_bl-e-mobo-c,-900,0.0
20170711_FIRE_bl-e-mobo-c,-840,0.0
20170711_FIRE_bl-e-mobo-c,-780,0.0
20170711_FIRE_bl-e-mobo-c,-720,0.0029822064097970724
20170711_FIRE_bl-e-mobo-c,-660,0.0011727196397259831
20170711_FIRE_bl-e-mobo-c,-600,0.0
20170711_FIRE_bl-e-mobo-c,-540,0.001049183658324182
20170711_FIRE_bl-e-mobo-c,-480,0.0037886023055762053
20170711_FIRE_bl-e-mobo-c,-420,0.0011892460752278566
20170711_FIRE_bl-e-mobo-c,-360,0.0
20170711_FIRE_bl-e-mobo-c,-300,0.001037295558489859
20170711_FIRE_bl-e-mobo-c,-240,0.0024748139549046755
20170711_FIRE_bl-e-mobo-c,-180,0.0010692242067307234
20170711_FIRE_bl-e-mobo-c,-120,0.0017821521032601595
20170711_FIRE_bl-e-mobo-c,-60,0.004927544388920069
20170711_FIRE_bl-e-mobo-c,0,0.005588533356785774
20170711_FIRE_bl-e-mobo-c,60,0.0010334826074540615
20170711_FIRE_bl-e-mobo-c,120,0.0
20170711_FIRE_bl-e-mobo-c,180,0.001112185069359839
20170711_FIRE_bl-e-mobo-c,240,0.0011884317500516772
20170711_FIRE_bl-e-mobo-c,300,0.0
20170711_FIRE_bl-e-mobo-c,360,0.006319117732346058
20170711_FIRE_bl-e-mobo-c,420,0.0024818989913910627
20170711_FIRE_bl-e-mobo-c,480,0.0
20170711_FIRE_bl-e-mobo-c,540,0.20748667418956757
20170711_FIRE_bl-e-mobo-c,600,0.003327984130010009
20170711_FIRE_bl-e-mobo-c,660,0.001958266133442521
20170711_FIRE_bl-e-mobo-c,720,0.0020794630981981754
20170711_FIRE_bl-e-mobo-c,780,0.017333460971713066
20170711_FIRE_bl-e-mobo-c,840,0.021154047921299934
20170711_FIRE_bl-e-mobo-c,900,0.2094295769929886
20170711_FIRE_bl-e-mobo-c,960,0.031097762286663055
20170711_FIRE_bl-e-mobo-c,1020,0.003577836789190769
20170711_FIRE_bl-e-mobo-c,1080,0.0012480398872867227
20170711_FIRE_bl-e-mobo-c,1140,0.005589657463133335
20170711_FIRE_bl-e-mobo-c,1200,0.003182767890393734
20170711_FIRE_bl-e-mobo-c,1260,0.13989083468914032
20170711_FIRE_bl-e-mobo-c,1320,0.047275543212890625
20170711_FIRE_bl-e-mobo-c,1380,0.006831042002886534
20170711_FIRE_bl-e-mobo-c,1440,0.06271816790103912
20170711_FIRE_bl-e-mobo-c,1500,0.0174955353140831
20170711_FIRE_bl-e-mobo-c,1560,0.31640762090682983
20170711_FIRE_bl-e-mobo-c,1620,0.03614677116274834
20170711_FIRE_bl-e-mobo-c,1680,0.0020875222980976105
20170711_FIRE_bl-e-mobo-c,1740,0.025244759395718575
20170711_FIRE_bl-e-mobo-c,1800,0.006201924290508032
20170711_FIRE_bl-e-mobo-c,1860,0.1926129013299942
20170711_FIRE_bl-e-mobo-c,1920,0.002684589708223939
20170711_FIRE_bl-e-mobo-c,1980,0.0016975121106952429
20170711_FIRE_bl-e-mobo-c,2040,0.006202332675457001
20170711_FIRE_bl-e-mobo-c,2100,0.003111419966444373
20170711_FIRE_bl-e-mobo-c,2160,0.016352303326129913
20170711_FIRE_bl-e-mobo-c,2220,0.001618886599317193
20170711_FIRE_bl-e-mobo-c,2280,0.0033614328131079674
20170711_FIRE_bl-e-mobo-c,2340,0.047969575971364975
20170711_FIRE_bl-e-mobo-c,2400,0.002754720626398921
20170711_FIRE_bl-s-mobo-c,-2400,0.0060441093519330025
20170711_FIRE_bl-s-mobo-c,-2340,0.0
20170711_FIRE_bl-s-mobo-c,-2280,0.001814157236367464
20170711_FIRE_bl-s-mobo-c,-2220,0.0020839085336774588
20170711_FIRE_bl-s-mobo-c,-2160,0.0
20170711_FIRE_bl-s-mobo-c,-2100,0.001581035554409027
20170711_FIRE_bl-s-mobo-c,-2040,0.0
20170711_FIRE_bl-s-mobo-c,-1980,0.0
20170711_FIRE_bl-s-mobo-c,-1920,0.0
20170711_FIRE_bl-s-mobo-c,-1860,0.0
20170711_FIRE_bl-s-mobo-c,-1800,0.002218367764726281
20170711_FIRE_bl-s-mobo-c,-1740,0.0022358372807502747
20170711_FIRE_bl-s-mobo-c,-1680,0.0
20170711_FIRE_bl-s-mobo-c,-1620,0.0
20170711_FIRE_bl-s-mobo-c,-1560,0.001006814418360591
20170711_FIRE_bl-s-mobo-c,-1500,0.0013091902947053313
20170711_FIRE_bl-s-mobo-c,-1440,0.0
20170711_FIRE_bl-s-mobo-c,-1380,0.0
20170711_FIRE_bl-s-mobo-c,-1320,0.0
20170711_FIRE_bl-s-mobo-c,-1260,0.0
20170711_FIRE_bl-s-mobo-c,-1200,0.0
20170711_FIRE_bl-s-mobo-c,-1140,0.0011309997644275427
20170711_FIRE_bl-s-mobo-c,-1080,0.0
20170711_FIRE_bl-s-mobo-c,-1020,0.0
20170711_FIRE_bl-s-mobo-c,-960,0.0
20170711_FIRE_bl-s-mobo-c,-900,0.0011404488468542695
20170711_FIRE_bl-s-mobo-c,-840,0.0
20170711_FIRE_bl-s-mobo-c,-780,0.0020965859293937683
20170711_FIRE_bl-s-mobo-c,-720,0.0
20170711_FIRE_bl-s-mobo-c,-660,0.0
20170711_FIRE_bl-s-mobo-c,-600,0.0
20170711_FIRE_bl-s-mobo-c,-540,0.001893916167318821
20170711_FIRE_bl-s-mobo-c,-480,0.0
20170711_FIRE_bl-s-mobo-c,-420,0.0
20170711_FIRE_bl-s-mobo-c,-360,0.0012712943134829402
20170711_FIRE_bl-s-mobo-c,-300,0.001271547400392592
20170711_FIRE_bl-s-mobo-c,-240,0.0
20170711_FIRE_bl-s-mobo-c,-180,0.0015195119194686413
20170711_FIRE_bl-s-mobo-c,-120,0.0
20170711_FIRE_bl-s-mobo-c,-60,0.0
20170711_FIRE_bl-s-mobo-c,0,0.0
20170711_FIRE_bl-s-mobo-c,60,0.0
20170711_FIRE_bl-s-mobo-c,120,0.0012980897445231676
20170711_FIRE_bl-s-mobo-c,180,0.0011562994914129376
20170711_FIRE_bl-s-mobo-c,240,0.0013755930121988058
20170711_FIRE_bl-s-mobo-c,300,0.0
20170711_FIRE_bl-s-mobo-c,360,0.0
20170711_FIRE_bl-s-mobo-c,420,0.0038957144133746624
20170711_FIRE_bl-s-mobo-c,480,0.015852874144911766
20170711_FIRE_bl-s-mobo-c,540,0.0
20170711_FIRE_bl-s-mobo-c,600,0.0022898907773196697
20170711_FIRE_bl-s-mobo-c,660,0.0012648091651499271
20170711_FIRE_bl-s-mobo-c,720,0.28085631132125854
20170711_FIRE_bl-s-mobo-c,780,0.0014185855397954583
20170711_FIRE_bl-s-mobo-c,840,0.02399257756769657
20170711_FIRE_bl-s-mobo-c,900,0.01456940732896328
20170711_FIRE_bl-s-mobo-c,960,0.08273211121559143
20170711_FIRE_bl-s-mobo-c,1020,0.0
20170711_FIRE_bl-s-mobo-c,1080,0.0
20170711_FIRE_bl-s-mobo-c,1140,0.0012723555555567145
20170711_FIRE_bl-s-mobo-c,1200,0.1255062222480774
20170711_FIRE_bl-s-mobo-c,1260,0.021850762888789177
20170711_FIRE_bl-s-mobo-c,1320,0.0
20170711_FIRE_bl-s-mobo-c,1380,0.04946202412247658
20170711_FIRE_bl-s-mobo-c,1440,0.011661048047244549
20170711_FIRE_bl-s-mobo-c,1500,0.02289675734937191
20170711_FIRE_bl-s-mobo-c,1560,0.002474919892847538
20170711_FIRE_bl-s-mobo-c,1620,0.0
20170711_FIRE_bl-s-mobo-c,1680,0.0037938356399536133
20170711_FIRE_bl-s-mobo-c,1740,0.015929412096738815
20170711_FIRE_bl-s-mobo-c,1800,0.2289232313632965
20170711_FIRE_bl-s-mobo-c,1860,0.0
20170711_FIRE_bl-s-mobo-c,1920,0.0
20170711_FIRE_bl-s-mobo-c,1980,0.13444174826145172
20170711_FIRE_bl-s-mobo-c,2040,0.0
20170711_FIRE_bl-s-mobo-c,2100,0.0
20170711_FIRE_bl-s-mobo-c,2160,0.0
20170711_FIRE_bl-s-mobo-c,2220,0.006246957927942276
20170711_FIRE_bl-s-mobo-c,2280,0.004819263704121113
20170711_FIRE_bl-s-mobo-c,2340,0.0
20170711_FIRE_bl-s-mobo-c,2400,0.0
20170711_FIRE_bm-s-mobo-c,-2400,0.7541345953941345
20170711_FIRE_bm-s-mobo-c,-2340,0.6949428915977478
20170711_FIRE_bm-s-mobo-c,-2280,0.6844391226768494
20170711_FIRE_bm-s-mobo-c,-2220,0.7240495681762695
20170711_FIRE_bm-s-mobo-c,-2160,0.6924294829368591
20170711_FIRE_bm-s-mobo-c,-2100,0.6851598024368286
20170711_FIRE_bm-s-mobo-c,-2040,0.6761184930801392
20170711_FIRE_bm-s-mobo-c,-1980,0.6530658006668091
20170711_FIRE_bm-s-mobo-c,-1920,0.7475383877754211
20170711_FIRE_bm-s-mobo-c,-1860,0.7169803380966187
20170711_FIRE_bm-s-mobo-c,-1800,0.6886711716651917
20170711_FIRE_bm-s-mobo-c,-1740,0.739596426486969
20170711_FIRE_bm-s-mobo-c,-1680,0.7341625690460205
20170711_FIRE_bm-s-mobo-c,-1620,0.6920425295829773
20170711_FIRE_bm-s-mobo-c,-1560,0.7067651152610779
20170711_FIRE_bm-s-mobo-c,-1500,0.6866455078125
20170711_FIRE_bm-s-mobo-c,-1440,0.6795041561126709
20170711_FIRE_bm-s-mobo-c,-1380,0.6721464991569519
20170711_FIRE_bm-s-mobo-c,-1320,0.5955049395561218
20170711_FIRE_bm-s-mobo-c,-1260,0.6701177954673767
20170711_FIRE_bm-s-mobo-c,-1200,0.7208063006401062
20170711_FIRE_bm-s-mobo-c,-1140,0.638007402420044
20170711_FIRE_bm-s-mobo-c,-1080,0.7231897711753845
20170711_FIRE_bm-s-mobo-c,-1020,0.6041689515113831
20170711_FIRE_bm-s-mobo-c,-960,0.7134050726890564
20170711_FIRE_bm-s-mobo-c,-900,0.6354098916053772
20170711_FIRE_bm-s-mobo-c,-840,0.7690967321395874
20170711_FIRE_bm-s-mobo-c,-780,0.6521806120872498
20170711_FIRE_bm-s-mobo-c,-720,0.693956196308136
20170711_FIRE_bm-s-mobo-c,-660,0.7188478708267212
20170711_FIRE_bm-s-mobo-c,-600,0.7020387649536133
20170711_FIRE_bm-s-mobo-c,-540,0.7188095450401306
20170711_FIRE_bm-s-mobo-c,-480,0.714693009853363
20170711_FIRE_bm-s-mobo-c,-420,0.7188463807106018
20170711_FIRE_bm-s-mobo-c,-360,0.7527369856834412
20170711_FIRE_bm-s-mobo-c,-300,0.7465062737464905
20170711_FIRE_bm-s-mobo-c,-240,0.7255350947380066
20170711_FIRE_bm-s-mobo-c,-180,0.6842377185821533
20170711_FIRE_bm-s-mobo-c,-120,0.7456133961677551
20170711_FIRE_bm-s-mobo-c,-60,0.7432324290275574
20170711_FIRE_bm-s-mobo-c,0,0.7267573475837708
20170711_FIRE_bm-s-mobo-c,60,0.7073243856430054
20170711_FIRE_bm-s-mobo-c,120,0.6789900064468384
20170711_FIRE_bm-s-mobo-c,180,0.721706748008728
20170711_FIRE_bm-s-mobo-c,240,0.6645199656486511
20170711_FIRE_bm-s-mobo-c,300,0.7453112006187439
20170711_FIRE_bm-s-mobo-c,360,0.7333805561065674
20170711_FIRE_bm-s-mobo-c,420,0.7322001457214355
20170711_FIRE_bm-s-mobo-c,480,0.7198904156684875
20170711_FIRE_bm-s-mobo-c,540,0.7269620299339294
20170711_FIRE_bm-s-mobo-c,600,0.6497740745544434
20170711_FIRE_bm-s-mobo-c,660,0.7503389716148376
20170711_FIRE_bm-s-mobo-c,720,0.7421643137931824
20170711_FIRE_bm-s-mobo-c,780,0.7545415163040161
20170711_FIRE_bm-s-mobo-c,840,0.7167658805847168
20170711_FIRE_bm-s-mobo-c,900,0.6617239117622375
20170711_FIRE_bm-s-mobo-c,960,0.7512092590332031
20170711_FIRE_bm-s-mobo-c,1020,0.680359959602356
20170711_FIRE_bm-s-mobo-c,1080,0.6779976487159729
20170711_FIRE_bm-s-mobo-c,1140,0.7294602990150452
20170711_FIRE_bm-s-mobo-c,1200,0.6646038889884949
20170711_FIRE_bm-s-mobo-c,1260,0.40072280168533325
20170711_FIRE_bm-s-mobo-c,1320,0.49199342727661133
20170711_FIRE_bm-s-mobo-c,1380,0.5627599358558655
20170711_FIRE_sdsc-e-mobo-c,-2400,0.004356909543275833
20170711_FIRE_sdsc-e-mobo-c,-2340,0.0034833315294235945
20170711_FIRE_sdsc-e-mobo-c,-2280,0.0030162266921252012
20170711_FIRE_sdsc-e-mobo-c,-2220,0.007904082536697388
20170711_FIRE_sdsc-e-mobo-c,-2160,0.0025039599277079105
20170711_FIRE_sdsc-e-mobo-c,-2100,0.013292185962200165
20170711_FIRE_sdsc-e-mobo-c,-2040,0.007198243867605925
20170711_FIRE_sdsc-e-mobo-c,-1980,0.004003490321338177
20170711_FIRE_sdsc-e-mobo-c,-1920,0.0042084939777851105
20170711_FIRE_sdsc-e-mobo-c,-1860,0.0060776518657803535
20170711_FIRE_sdsc-e-mobo-c,-1800,0.005441728513687849
20170711_FIRE_sdsc-e-mobo-c,-1740,0.008215049281716347
20170711_FIRE_sdsc-e-mobo-c,-1680,0.008273991756141186
20170711_FIRE_sdsc-e-mobo-c,-1620,0.013047946617007256
20170711_FIRE_sdsc-e-mobo-c,-1560,0.003150401171296835
20170711_FIRE_sdsc-e-mobo-c,-1500,0.008486679755151272
20170711_FIRE_sdsc-e-mobo-c,-1440,0.005859258119016886
20170711_FIRE_sdsc-e-mobo-c,-1380,0.011879236437380314
20170711_FIRE_sdsc-e-mobo-c,-1320,0.012276616878807545
20170711_FIRE_sdsc-e-mobo-c,-1260,0.013190172612667084
20170711_FIRE_sdsc-e-mobo-c,-1200,0.005249739624559879
20170711_FIRE_sdsc-e-mobo-c,-1140,0.010427664034068584
20170711_FIRE_sdsc-e-mobo-c,-1080,0.007765039335936308
20170711_FIRE_sdsc-e-mobo-c,-1020,0.0036521500442177057
20170711_FIRE_sdsc-e-mobo-c,-960,0.0054677752777934074
20170711_FIRE_sdsc-e-mobo-c,-900,0.009332002140581608
20170711_FIRE_sdsc-e-mobo-c,-840,0.0038983910344541073
20170711_FIRE_sdsc-e-mobo-c,-780,0.007527981884777546
20170711_FIRE_sdsc-e-mobo-c,-720,0.011461246758699417
20170711_FIRE_sdsc-e-mobo-c,-660,0.003949103876948357
20170711_FIRE_sdsc-e-mobo-c,-600,0.012668474577367306
20170711_FIRE_sdsc-e-mobo-c,-540,0.006532440893352032
20170711_FIRE_sdsc-e-mobo-c,-480,0.004436721559613943
20170711_FIRE_sdsc-e-mobo-c,-420,0.003473775926977396
20170711_FIRE_sdsc-e-mobo-c,-360,0.006669667083770037
20170711_FIRE_sdsc-e-mobo-c,-300,0.004648535046726465
20170711_FIRE_sdsc-e-mobo-c,-240,0.004476955626159906
20170711_FIRE_sdsc-e-mobo-c,-180,0.006983529310673475
20170711_FIRE_sdsc-e-mobo-c,-120,0.0063035436905920506
20170711_FIRE_sdsc-e-mobo-c,-60,0.004348240792751312
20170711_FIRE_sdsc-e-mobo-c,0,0.004458167590200901
20170711_FIRE_sdsc-e-mobo-c,60,0.020282691344618797
20170711_FIRE_sdsc-e-mobo-c,120,0.005459468811750412
20170711_FIRE_sdsc-e-mobo-c,180,0.004839543253183365
20170711_FIRE_sdsc-e-mobo-c,240,0.005852179601788521
20170711_FIRE_sdsc-e-mobo-c,300,0.0027182979974895716
20170711_FIRE_sdsc-e-mobo-c,360,0.016771715134382248
20170711_FIRE_sdsc-e-mobo-c,420,0.005190459080040455
20170711_FIRE_sdsc-e-mobo-c,480,0.005276756826788187
20170711_FIRE_sdsc-e-mobo-c,540,0.003914228640496731
20170711_FIRE_sdsc-e-mobo-c,600,0.003687905613332987
20170711_FIRE_sdsc-e-mobo-c,660,0.0031511455308645964
20170711_FIRE_sdsc-e-mobo-c,720,0.00551709346473217
20170711_FIRE_sdsc-e-mobo-c,780,0.015289884991943836
20170711_FIRE_sdsc-e-mobo-c,840,0.012133130803704262
20170711_FIRE_sdsc-e-mobo-c,900,0.005296299699693918
20170711_FIRE_sdsc-e-mobo-c,960,0.01359644252806902
20170711_FIRE_sdsc-e-mobo-c,1020,0.00425049988552928
20170711_FIRE_sdsc-e-mobo-c,1080,0.004841113928705454
20170711_FIRE_sdsc-e-mobo-c,1140,0.0032178284600377083
20170711_FIRE_sdsc-e-mobo-c,1200,0.0065986583940684795
20170711_FIRE_sdsc-e-mobo-c,1260,0.016659805551171303
20170711_FIRE_sdsc-e-mobo-c,1320,0.0032643466256558895
20170711_FIRE_sdsc-e-mobo-c,1380,0.012606048956513405
20170711_FIRE_sdsc-e-mobo-c,1440,0.006348588038235903
20170711_FIRE_sdsc-e-mobo-c,1500,0.004158421419560909
20170711_FIRE_sdsc-e-mobo-c,1560,0.003289758460596204
20170711_FIRE_sdsc-e-mobo-c,1620,0.002619618782773614
20170711_FIRE_sdsc-e-mobo-c,1680,0.0056810081005096436
20170711_FIRE_sdsc-e-mobo-c,1740,0.00523483008146286
20170711_FIRE_sdsc-e-mobo-c,1800,0.007144290488213301
20170711_FIRE_sdsc-e-mobo-c,1860,0.02518198825418949
20170711_FIRE_sdsc-e-mobo-c,1920,0.0022245445288717747
20170711_FIRE_sdsc-e-mobo-c,1980,0.00330327614210546
20170711_FIRE_sdsc-e-mobo-c,2040,0.004469198640435934
20170711_FIRE_sdsc-e-mobo-c,2100,0.005398239474743605
20170711_FIRE_sdsc-e-mobo-c,2160,0.005919800605624914
20170711_FIRE_sdsc-e-mobo-c,2220,0.0068969205021858215
20170711_FIRE_sdsc-e-mobo-c,2280,0.008889141492545605
20170711_FIRE_sdsc-e-mobo-c,2340,0.003595204558223486
20170711_FIRE_sdsc-e-mobo-c,2400,0.005401222966611385
20170711_FIRE_sm-n-mobo-c,-2400,0.006591869983822107
20170711_FIRE_sm-n-mobo-c,-2340,0.008140694350004196
20170711_FIRE_sm-n-mobo-c,-2280,0.028554175049066544
20170711_FIRE_sm-n-mobo-c,-2220,0.016376564279198647
20170711_FIRE_sm-n-mobo-c,-2160,0.006558222230523825
20170711_FIRE_sm-n-mobo-c,-2100,0.0038564770948141813
20170711_FIRE_sm-n-mobo-c,-2040,0.005574062466621399
20170711_FIRE_sm-n-mobo-c,-1980,0.01344367116689682
20170711_FIRE_sm-n-mobo-c,-1920,0.016794856637716293
20170711_FIRE_sm-n-mobo-c,-1860,0.00597340939566493
20170711_FIRE_sm-n-mobo-c,-1800,0.003302755067124963
20170711_FIRE_sm-n-mobo-c,-1740,0.014537478797137737
20170711_FIRE_sm-n-mobo-c,-1680,0.015663810074329376
20170711_FIRE_sm-n-mobo-c,-1620,0.01985831931233406
20170711_FIRE_sm-n-mobo-c,-1560,0.006470788270235062
20170711_FIRE_sm-n-mobo-c,-1500,0.05769520625472069
20170711_FIRE_sm-n-mobo-c,-1440,0.02187606692314148
20170711_FIRE_sm-n-mobo-c,-1380,0.02780638448894024
20170711_FIRE_sm-n-mobo-c,-1320,0.014968226663768291
20170711_FIRE_sm-n-mobo-c,-1260,0.014502624981105328
20170711_FIRE_sm-n-mobo-c,-1200,0.020933307707309723
20170711_FIRE_sm-n-mobo-c,-1140,0.005708287935703993
20170711_FIRE_sm-n-mobo-c,-1080,0.01055955234915018
20170711_FIRE_sm-n-mobo-c,-1020,0.018580332398414612
20170711_FIRE_sm-n-mobo-c,-960,0.008063631132245064
20170711_FIRE_sm-n-mobo-c,-900,0.004942734260112047
20170711_FIRE_sm-n-mobo-c,-840,0.00837765634059906
20170711_FIRE_sm-n-mobo-c,-780,0.008536513894796371
20170711_FIRE_sm-n-mobo-c,-720,0.006456254981458187
20170711_FIRE_sm-n-mobo-c,-660,0.011484543792903423
20170711_FIRE_sm-n-mobo-c,-600,0.007271498441696167
20170711_FIRE_sm-n-mobo-c,-540,0.004867031704634428
20170711_FIRE_sm-n-mobo-c,-480,0.009789956733584404
20170711_FIRE_sm-n-mobo-c,-420,0.00957417394965887
20170711_FIRE_sm-n-mobo-c,-360,0.008034772239625454
20170711_FIRE_sm-n-mobo-c,-300,0.012163917534053326
20170711_FIRE_sm-n-mobo-c,-240,0.016666384413838387
20170711_FIRE_sm-n-mobo-c,-180,0.010557939298450947
20170711_FIRE_sm-n-mobo-c,-120,0.016941670328378677
20170711_FIRE_sm-n-mobo-c,-60,0.014391335658729076
20170711_FIRE_sm-n-mobo-c,0,0.00461081275716424
20170711_FIRE_sm-n-mobo-c,60,0.0047597154043614864
20170711_FIRE_sm-n-mobo-c,120,0.017716098576784134
20170711_FIRE_sm-n-mobo-c,180,0.0066335671581327915
20170711_FIRE_sm-n-mobo-c,240,0.00778837688267231
20170711_FIRE_sm-n-mobo-c,300,0.14555378258228302
20170711_FIRE_sm-n-mobo-c,360,0.39864325523376465
20170711_FIRE_sm-n-mobo-c,420,0.5188585519790649
20170711_FIRE_sm-n-mobo-c,480,0.2204858511686325
20170711_FIRE_sm-n-mobo-c,540,0.1858130395412445
20170711_FIRE_sm-n-mobo-c,600,0.24946963787078857
20170711_FIRE_sm-n-mobo-c,660,0.12623974680900574
20170711_FIRE_sm-n-mobo-c,720,0.21968798339366913
20170711_FIRE_sm-n-mobo-c,780,0.14359687268733978
20170711_FIRE_sm-n-mobo-c,840,0.4068772494792938
20170711_FIRE_sm-n-mobo-c,900,0.5124801397323608
20170711_FIRE_sm-n-mobo-c,960,0.46372267603874207
20170711_FIRE_sm-n-mobo-c,1020,0.31624636054039
20170711_FIRE_sm-n-mobo-c,1080,0.2124882936477661
20170711_FIRE_sm-n-mobo-c,1140,0.3908495306968689
20170711_FIRE_sm-n-mobo-c,1200,0.34000352025032043
20170711_FIRE_sm-n-mobo-c,1260,0.3921951949596405
20170711_FIRE_sm-n-mobo-c,1320,0.5173725485801697
20170711_FIRE_sm-n-mobo-c,1380,0.1507873237133026
20170711_FIRE_sm-n-mobo-c,1440,0.2096647173166275
20170711_FIRE_sm-n-mobo-c,1500,0.5748622417449951
20170711_FIRE_sm-n-mobo-c,1560,0.4698960483074188
20170711_FIRE_sm-n-mobo-c,1620,0.7362221479415894
20170711_FIRE_sm-n-mobo-c,1680,0.3224393129348755
20170711_FIRE_sm-n-mobo-c,1740,0.6821550726890564
20170711_FIRE_sm-n-mobo-c,1800,0.53276127576828
20170711_FIRE_sm-n-mobo-c,1860,0.8146077990531921
20170711_FIRE_sm-n-mobo-c,1920,0.7321353554725647
20170711_FIRE_sm-n-mobo-c,1980,0.6824770569801331
20170711_FIRE_sm-n-mobo-c,2040,0.66434645652771
20170711_FIRE_sm-n-mobo-c,2100,0.3945189416408539
20170711_FIRE_sm-n-mobo-c,2160,0.592983603477478
20170711_FIRE_sm-n-mobo-c,2220,0.5560958981513977
20170711_FIRE_sm-n-mobo-c,2280,0.5160292387008667
20170711_FIRE_sm-n-mobo-c,2340,0.511041522026062
20170711_FIRE_sm-n-mobo-c,2400,0.583585798740387
20170713_FIRE_smer-tcs8-mobo-c,-2400,0.10261161625385284
20170713_FIRE_smer-tcs8-mobo-c,-2340,0.17628470063209534
20170713_FIRE_smer-tcs8-mobo-c,-2280,0.07337267696857452
20170713_FIRE_smer-tcs8-mobo-c,-2220,0.11587890982627869
20170713_FIRE_smer-tcs8-mobo-c,-2160,0.04686373844742775
20170713_FIRE_smer-tcs8-mobo-c,-2100,0.020479263737797737
20170713_FIRE_smer-tcs8-mobo-c,-2040,0.07913867384195328
20170713_FIRE_smer-tcs8-mobo-c,-1980,0.04658491909503937
20170713_FIRE_smer-tcs8-mobo-c,-1920,0.03934837877750397
20170713_FIRE_smer-tcs8-mobo-c,-1860,0.12863434851169586
20170713_FIRE_smer-tcs8-mobo-c,-1800,0.06361612677574158
20170713_FIRE_smer-tcs8-mobo-c,-1740,0.0426139235496521
20170713_FIRE_smer-tcs8-mobo-c,-1680,0.027721354737877846
20170713_FIRE_smer-tcs8-mobo-c,-1620,0.08065379410982132
20170713_FIRE_smer-tcs8-mobo-c,-1560,0.0380965955555439
20170713_FIRE_smer-tcs8-mobo-c,-1500,0.017431847751140594
20170713_FIRE_smer-tcs8-mobo-c,-1440,0.16208845376968384
20170713_FIRE_smer-tcs8-mobo-c,-1380,0.03184434399008751
20170713_FIRE_smer-tcs8-mobo-c,-1320,0.07469575852155685
20170713_FIRE_smer-tcs8-mobo-c,-1260,0.03547585383057594
20170713_FIRE_smer-tcs8-mobo-c,-1200,0.13913002610206604
20170713_FIRE_smer-tcs8-mobo-c,-1140,0.01859867013990879
20170713_FIRE_smer-tcs8-mobo-c,-1080,0.04937263950705528
20170713_FIRE_smer-tcs8-mobo-c,-1020,0.1087210476398468
20170713_FIRE_smer-tcs8-mobo-c,-960,0.054869793355464935
20170713_FIRE_smer-tcs8-mobo-c,-900,0.05565635487437248
20170713_FIRE_smer-tcs8-mobo-c,-840,0.027272844687104225
20170713_FIRE_smer-tcs8-mobo-c,-780,0.02051457017660141
20170713_FIRE_smer-tcs8-mobo-c,-720,0.06634333729743958
20170713_FIRE_smer-tcs8-mobo-c,-660,0.06417308002710342
20170713_FIRE_smer-tcs8-mobo-c,-600,0.04847013205289841
20170713_FIRE_smer-tcs8-mobo-c,-540,0.1012030765414238
20170713_FIRE_smer-tcs8-mobo-c,-480,0.03535614162683487
20170713_FIRE_smer-tcs8-mobo-c,-420,0.02808516100049019
20170713_FIRE_smer-tcs8-mobo-c,-360,0.07845201343297958
20170713_FIRE_smer-tcs8-mobo-c,-300,0.025934940204024315
20170713_FIRE_smer-tcs8-mobo-c,-240,0.05626072362065315
20170713_FIRE_smer-tcs8-mobo-c,-180,0.10913275927305222
20170713_FIRE_smer-tcs8-mobo-c,-120,0.05917445197701454
20170713_FIRE_smer-tcs8-mobo-c,-60,0.09019174426794052
20170713_FIRE_smer-tcs8-mobo-c,0,0.18101657927036285
20170713_FIRE_smer-tcs8-mobo-c,60,0.10768716782331467
20170713_FIRE_smer-tcs8-mobo-c,120,0.09088493138551712
20170713_FIRE_smer-tcs8-mobo-c,180,0.04399776831269264
20170713_FIRE_smer-tcs8-mobo-c,240,0.06498169153928757
20170713_FIRE_smer-tcs8-mobo-c,300,0.14265115559101105
20170713_FIRE_smer-tcs8-mobo-c,360,0.09063262492418289
20170713_FIRE_smer-tcs8-mobo-c,420,0.039349667727947235
20170713_FIRE_smer-tcs8-mobo-c,480,0.025980884209275246
20170713_FIRE_smer-tcs8-mobo-c,540,0.03615942969918251
20170713_FIRE_smer-tcs8-mobo-c,600,0.02174576371908188
20170713_FIRE_smer-tcs8-mobo-c,660,0.010016984306275845
20170713_FIRE_smer-tcs8-mobo-c,720,0.018909161910414696
20170713_FIRE_smer-tcs8-mobo-c,780,0.03342955932021141
20170713_FIRE_smer-tcs8-mobo-c,840,0.017666833475232124
20170713_FIRE_smer-tcs8-mobo-c,900,0.02665894106030464
20170713_FIRE_smer-tcs8-mobo-c,960,0.04547955095767975
20170713_FIRE_smer-tcs8-mobo-c,1020,0.025401467457413673
20170713_FIRE_smer-tcs8-mobo-c,1080,0.010804547928273678
20170713_FIRE_smer-tcs8-mobo-c,1140,0.025429902598261833
20170713_FIRE_smer-tcs8-mobo-c,1200,0.007470947224646807
20170713_FIRE_smer-tcs8-mobo-c,1260,0.02090429700911045
20170713_FIRE_smer-tcs8-mobo-c,1320,0.007404868025332689
20170713_FIRE_smer-tcs8-mobo-c,1380,0.01082979328930378
20170713_FIRE_smer-tcs8-mobo-c,1440,0.02138347178697586
20170713_FIRE_smer-tcs8-mobo-c,1500,0.01056997012346983
20170713_FIRE_smer-tcs8-mobo-c,1560,0.01329837366938591
20170713_FIRE_smer-tcs8-mobo-c,1620,0.03220118209719658
20170713_FIRE_smer-tcs8-mobo-c,1680,0.018133802339434624
20170713_FIRE_smer-tcs8-mobo-c,1740,0.00751862209290266
20170713_FIRE_smer-tcs8-mobo-c,1800,0.05278189852833748
20170713_FIRE_smer-tcs8-mobo-c,1860,0.07837382704019547
20170713_FIRE_smer-tcs8-mobo-c,1920,0.05728581175208092
20170713_FIRE_smer-tcs8-mobo-c,1980,0.04478854313492775
20170713_FIRE_smer-tcs8-mobo-c,2040,0.07092462480068207
20170713_FIRE_smer-tcs8-mobo-c,2100,0.061670929193496704
20170713_FIRE_smer-tcs8-mobo-c,2160,0.07739655673503876
20170722_FIRE_bm-n-mobo-c,-2400,0.007300110068172216
20170722_FIRE_bm-n-mobo-c,-2340,0.00796781200915575
20170722_FIRE_bm-n-mobo-c,-2280,0.033609408885240555
20170722_FIRE_bm-n-mobo-c,-2220,0.005154833197593689
20170722_FIRE_bm-n-mobo-c,-2160,0.0257961917668581
20170722_FIRE_bm-n-mobo-c,-2100,0.029823224991559982
20170722_FIRE_bm-n-mobo-c,-2040,0.035891979932785034
20170722_FIRE_bm-n-mobo-c,-1980,0.008062098175287247
20170722_FIRE_bm-n-mobo-c,-1920,0.03593037277460098
20170722_FIRE_bm-n-mobo-c,-1860,0.005790311843156815
20170722_FIRE_bm-n-mobo-c,-1800,0.04062047600746155
20170722_FIRE_bm-n-mobo-c,-1740,0.009958307258784771
20170722_FIRE_bm-n-mobo-c,-1680,0.010007626377046108
20170722_FIRE_bm-n-mobo-c,-1620,0.012095998041331768
20170722_FIRE_bm-n-mobo-c,-1560,0.017674408853054047
20170722_FIRE_bm-n-mobo-c,-1500,0.004123694263398647
20170722_FIRE_bm-n-mobo-c,-1440,0.01750909723341465
20170722_FIRE_bm-n-mobo-c,-1380,0.009752350859344006
20170722_FIRE_bm-n-mobo-c,-1320,0.016356170177459717
20170722_FIRE_bm-n-mobo-c,-1260,0.009441827423870564
20170722_FIRE_bm-n-mobo-c,-1200,0.01111865695565939
20170722_FIRE_bm-n-mobo-c,-1140,0.05656786635518074
20170722_FIRE_bm-n-mobo-c,-1080,0.018337905406951904
20170722_FIRE_bm-n-mobo-c,-1020,0.02971596270799637
20170722_FIRE_bm-n-mobo-c,-960,0.01059439405798912
20170722_FIRE_bm-n-mobo-c,-900,0.026193181052803993
20170722_FIRE_bm-n-mobo-c,-840,0.048220422118902206
20170722_FIRE_bm-n-mobo-c,-780,0.011375540867447853
20170722_FIRE_bm-n-mobo-c,-720,0.009030642919242382
20170722_FIRE_bm-n-mobo-c,-660,0.03237201273441315
20170722_FIRE_bm-n-mobo-c,-600,0.009632046334445477
20170722_FIRE_bm-n-mobo-c,-540,0.010993488132953644
20170722_FIRE_bm-n-mobo-c,-480,0.013250643387436867
20170722_FIRE_bm-n-mobo-c,-420,0.007956565357744694
20170722_FIRE_bm-n-mobo-c,-360,0.01785336248576641
20170722_FIRE_bm-n-mobo-c,-300,0.022458456456661224
20170722_FIRE_bm-n-mobo-c,-240,0.022911425679922104
20170722_FIRE_bm-n-mobo-c,-180,0.01172548346221447
20170722_FIRE_bm-n-mobo-c,-120,0.01710096374154091
20170722_FIRE_bm-n-mobo-c,-60,0.01548705529421568
20170722_FIRE_bm-n-mobo-c,0,0.008997325785458088
20170722_FIRE_bm-n-mobo-c,60,0.023053469136357307
20170722_FIRE_bm-n-mobo-c,120,0.006429105065762997
20170722_FIRE_bm-n-mobo-c,180,0.02850760892033577
20170722_FIRE_bm-n-mobo-c,240,0.012218436226248741
20170722_FIRE_bm-n-mobo-c,300,0.008494587615132332
20170722_FIRE_bm-n-mobo-c,360,0.023860454559326172
20170722_FIRE_bm-n-mobo-c,420,0.016557136550545692
20170722_FIRE_bm-n-mobo-c,480,0.021200835704803467
20170722_FIRE_bm-n-mobo-c,540,0.049401234835386276
20170722_FIRE_bm-n-mobo-c,600,0.07364556938409805
20170722_FIRE_bm-n-mobo-c,660,0.012036398984491825
20170722_FIRE_bm-n-mobo-c,720,0.005213691852986813
20170722_FIRE_bm-n-mobo-c,780,0.011560742743313313
20170722_FIRE_bm-n-mobo-c,840,0.014302966184914112
20170722_FIRE_bm-n-mobo-c,900,0.045246828347444534
20170722_FIRE_bm-n-mobo-c,960,0.0077927373349666595
20170722_FIRE_bm-n-mobo-c,1020,0.036471255123615265
20170722_FIRE_bm-n-mobo-c,1080,0.010654501616954803
20170722_FIRE_bm-n-mobo-c,1140,0.023197118192911148
20170722_FIRE_bm-n-mobo-c,1200,0.050623465329408646
20170722_FIRE_bm-n-mobo-c,1260,0.005680757109075785
20170722_FIRE_bm-n-mobo-c,1320,0.01621166802942753
20170722_FIRE_bm-n-mobo-c,1380,0.022479401901364326
20170722_FIRE_bm-n-mobo-c,1440,0.018674347549676895
20170722_FIRE_bm-n-mobo-c,1500,0.051168233156204224
20170722_FIRE_bm-n-mobo-c,1560,0.0079173119738698
20170722_FIRE_bm-n-mobo-c,1620,0.01293953973799944
20170722_FIRE_bm-n-mobo-c,1680,0.006945725996047258
20170722_FIRE_bm-n-mobo-c,1740,0.038367073982954025
20170722_FIRE_bm-n-mobo-c,1800,0.01486203633248806
20170722_FIRE_bm-n-mobo-c,1860,0.013418075628578663
20170722_FIRE_bm-n-mobo-c,1920,0.019328253343701363
20170722_FIRE_bm-n-mobo-c,1980,0.011167305521667004
20170722_FIRE_bm-n-mobo-c,2040,0.00942143239080906
20170722_FIRE_bm-n-mobo-c,2100,0.023750005289912224
20170722_FIRE_bm-n-mobo-c,2160,0.005963069386780262
20170722_FIRE_bm-n-mobo-c,2220,0.018587490543723106
20170722_FIRE_bm-n-mobo-c,2280,0.02020624652504921
20170722_FIRE_bm-n-mobo-c,2340,0.01714942418038845
20170722_FIRE_bm-n-mobo-c,2400,0.011899285949766636
