sequence,offset,max_conf
20160604_FIRE_rm-n-mobo-c,-2400,0.19233831763267517
20160604_FIRE_rm-n-mobo-c,-2340,0.056627050042152405
20160604_FIRE_rm-n-mobo-c,-2280,0.12915083765983582
20160604_FIRE_rm-n-mobo-c,-2220,0.09541072696447372
20160604_FIRE_rm-n-mobo-c,-2160,0.027684085071086884
20160604_FIRE_rm-n-mobo-c,-2100,0.04312974587082863
20160604_FIRE_rm-n-mobo-c,-2040,0.03624502941966057
20160604_FIRE_rm-n-mobo-c,-1980,0.07768059521913528
20160604_FIRE_rm-n-mobo-c,-1920,0.15871353447437286
20160604_FIRE_rm-n-mobo-c,-1860,0.26020199060440063
20160604_FIRE_rm-n-mobo-c,-1800,0.2638451159000397
20160604_FIRE_rm-n-mobo-c,-1740,0.5174455046653748
20160604_FIRE_rm-n-mobo-c,-1680,0.05608287453651428
20160604_FIRE_rm-n-mobo-c,-1620,0.1041683778166771
20160604_FIRE_rm-n-mobo-c,-1560,0.043668512254953384
20160604_FIRE_rm-n-mobo-c,-1500,0.012806461192667484
20160604_FIRE_rm-n-mobo-c,-1440,0.01323381345719099
20160604_FIRE_rm-n-mobo-c,-1380,0.012336041778326035
20160604_FIRE_rm-n-mobo-c,-1320,0.0035582324489951134
20160604_FIRE_rm-n-mobo-c,-1260,0.010867966338992119
20160604_FIRE_rm-n-mobo-c,-1200,0.0031393554527312517
20160604_FIRE_rm-n-mobo-c,-1140,0.008539557456970215
20160604_FIRE_rm-n-mobo-c,-1080,0.0016226193401962519
20160604_FIRE_rm-n-mobo-c,-1020,0.007319032680243254
20160604_FIRE_rm-n-mobo-c,-960,0.0011925265425816178
20160604_FIRE_rm-n-mobo-c,-900,0.0
20160604_FIRE_rm-n-mobo-c,-840,0.005697705317288637
20160604_FIRE_rm-n-mobo-c,-780,0.005753849167376757
20160604_FIRE_rm-n-mobo-c,-720,0.0016898810863494873
20160604_FIRE_rm-n-mobo-c,-660,0.0022255692165344954
20160604_FIRE_rm-n-mobo-c,-600,0.002527314703911543
20160604_FIRE_rm-n-mobo-c,-540,0.007520013488829136
20160604_FIRE_rm-n-mobo-c,-480,0.0017192913219332695
20160604_FIRE_rm-n-mobo-c,-420,0.00972065981477499
20160604_FIRE_rm-n-mobo-c,-360,0.0024496105033904314
20160604_FIRE_rm-n-mobo-c,-300,0.004770149011164904
20160604_FIRE_rm-n-mobo-c,-240,0.030240586027503014
20160604_FIRE_rm-n-mobo-c,-180,0.03327179327607155
20160604_FIRE_rm-n-mobo-c,-120,0.022846028208732605
20160604_FIRE_rm-n-mobo-c,-60,0.024876069277524948
20160604_FIRE_rm-n-mobo-c,0,0.11583211272954941
20160604_FIRE_rm-n-mobo-c,60,0.6489741206169128
20160604_FIRE_rm-n-mobo-c,120,0.7825453281402588
20160604_FIRE_rm-n-mobo-c,180,0.83407062292099
20160604_FIRE_rm-n-mobo-c,240,0.5853804349899292
20160604_FIRE_rm-n-mobo-c,300,0.6276109218597412
20160604_FIRE_rm-n-mobo-c,360,0.47381123900413513
20160604_FIRE_rm-n-mobo-c,420,0.3219396770000458
20160604_FIRE_rm-n-mobo-c,480,0.2695578634738922
20160604_FIRE_rm-n-mobo-c,540,0.21607860922813416
20160604_FIRE_rm-n-mobo-c,600,0.21149864792823792
20160604_FIRE_rm-n-mobo-c,660,0.20539548993110657
20160604_FIRE_rm-n-mobo-c,720,0.15315090119838715
20160604_FIRE_rm-n-mobo-c,780,0.13608573377132416
20160604_FIRE_rm-n-mobo-c,840,0.10219195485115051
20160604_FIRE_rm-n-mobo-c,900,0.17610128223896027
20160604_FIRE_rm-n-mobo-c,960,0.06844239681959152
20160604_FIRE_rm-n-mobo-c,1020,0.09590274840593338
20160604_FIRE_rm-n-mobo-c,1080,0.10766178369522095
20160604_FIRE_rm-n-mobo-c,1140,0.12643752992153168
20160604_FIRE_rm-n-mobo-c,1200,0.0673164650797844
20160604_FIRE_rm-n-mobo-c,1260,0.02495020627975464
20160604_FIRE_rm-n-mobo-c,1320,0.03230436146259308
20160604_FIRE_rm-n-mobo-c,1380,0.02600918710231781
20160604_FIRE_rm-n-mobo-c,1440,0.013945445418357849
20160604_FIRE_rm-n-mobo-c,1500,0.007021503057330847
20160604_FIRE_rm-n-mobo-c,1560,0.04657193645834923
20160604_FIRE_rm-n-mobo-c,1620,0.024502631276845932
20160604_FIRE_rm-n-mobo-c,1680,0.02136773243546486
20160604_FIRE_rm-n-mobo-c,1740,0.016878098249435425
20160604_FIRE_rm-n-mobo-c,1800,0.04385356605052948
20160604_FIRE_rm-n-mobo-c,1860,0.011546093970537186
20160604_FIRE_rm-n-mobo-c,1920,0.028065845370292664
20160604_FIRE_rm-n-mobo-c,1980,0.021310098469257355
20160604_FIRE_rm-n-mobo-c,2040,0.03865167871117592
20160604_FIRE_rm-n-mobo-c,2100,0.03632466867566109
20160604_FIRE_rm-n-mobo-c,2160,0.06226368620991707
20160604_FIRE_rm-n-mobo-c,2220,0.03917538374662399
20160604_FIRE_rm-n-mobo-c,2280,0.02185332030057907
20160604_FIRE_rm-n-mobo-c,2340,0.053466252982616425
20160604_FIRE_rm-n-mobo-c,2400,0.07061831653118134
20160604_FIRE_smer-tcs3-mobo-c,-2400,0.07012760639190674
20160604_FIRE_smer-tcs3-mobo-c,-2340,0.08420134335756302
20160604_FIRE_smer-tcs3-mobo-c,-2280,0.06309022754430771
20160604_FIRE_smer-tcs3-mobo-c,-2220,0.05900653079152107
20160604_FIRE_smer-tcs3-mobo-c,-2160,0.05821067467331886
20160604_FIRE_smer-tcs3-mobo-c,-2100,0.0654996857047081
20160604_FIRE_smer-tcs3-mobo-c,-2040,0.05691913887858391
20160604_FIRE_smer-tcs3-mobo-c,-1980,0.07559565454721451
20160604_FIRE_smer-tcs3-mobo-c,-1920,0.0625055730342865
20160604_FIRE_smer-tcs3-mobo-c,-1860,0.07772986590862274
20160604_FIRE_smer-tcs3-mobo-c,-1800,0.08816350996494293
20160604_FIRE_smer-tcs3-mobo-c,-1740,0.08635983616113663
20160604_FIRE_smer-tcs3-mobo-c,-1680,0.0896664708852768
20160604_FIRE_smer-tcs3-mobo-c,-1620,0.09969485551118851
20160604_FIRE_smer-tcs3-mobo-c,-1560,0.08348549902439117
20160604_FIRE_smer-tcs3-mobo-c,-1500,0.08685871958732605
20160604_FIRE_smer-tcs3-mobo-c,-1440,0.09389502555131912
20160604_FIRE_smer-tcs3-mobo-c,-1380,0.08568842709064484
20160604_FIRE_smer-tcs3-mobo-c,-1320,0.08874444663524628
20160604_FIRE_smer-tcs3-mobo-c,-1260,0.08409550786018372
20160604_FIRE_smer-tcs3-mobo-c,-1200,0.09207180142402649
20160604_FIRE_smer-tcs3-mobo-c,-1140,0.09362401068210602
20160604_FIRE_smer-tcs3-mobo-c,-1080,0.06912223994731903
20160604_FIRE_smer-tcs3-mobo-c,-1020,0.07627154141664505
20160604_FIRE_smer-tcs3-mobo-c,-960,0.08410007506608963
20160604_FIRE_smer-tcs3-mobo-c,-900,0.06629003584384918
20160604_FIRE_smer-tcs3-mobo-c,-840,0.06371129304170609
20160604_FIRE_smer-tcs3-mobo-c,-780,0.06956220418214798
20160604_FIRE_smer-tcs3-mobo-c,-720,0.07419926673173904
20160604_FIRE_smer-tcs3-mobo-c,-660,0.0797799825668335
20160604_FIRE_smer-tcs3-mobo-c,-600,0.06253339350223541
20160604_FIRE_smer-tcs3-mobo-c,-540,0.05922950804233551
20160604_FIRE_smer-tcs3-mobo-c,-480,0.07420319318771362
20160604_FIRE_smer-tcs3-mobo-c,-420,0.06679850071668625
20160604_FIRE_smer-tcs3-mobo-c,-360,0.062352802604436874
20160604_FIRE_smer-tcs3-mobo-c,-300,0.05308718606829643
20160604_FIRE_smer-tcs3-mobo-c,-240,0.05719548836350441
20160604_FIRE_smer-tcs3-mobo-c,-180,0.05702407285571098
20160604_FIRE_smer-tcs3-mobo-c,-120,0.05730230361223221
20160604_FIRE_smer-tcs3-mobo-c,-60,0.0729769766330719
20160604_FIRE_smer-tcs3-mobo-c,0,0.048022788017988205
20160604_FIRE_smer-tcs3-mobo-c,60,0.5812877416610718
20160604_FIRE_smer-tcs3-mobo-c,120,0.8780719041824341
20160604_FIRE_smer-tcs3-mobo-c,180,0.7922624349594116
20160604_FIRE_smer-tcs3-mobo-c,240,0.4609644114971161
20160604_FIRE_smer-tcs3-mobo-c,300,0.14521898329257965
20160604_FIRE_smer-tcs3-mobo-c,360,0.042901087552309036
20160604_FIRE_smer-tcs3-mobo-c,420,0.032341573387384415
20160604_FIRE_smer-tcs3-mobo-c,480,0.2172340452671051
20160604_FIRE_smer-tcs3-mobo-c,540,0.17053236067295074
20160604_FIRE_smer-tcs3-mobo-c,600,0.041385285556316376
20160604_FIRE_smer-tcs3-mobo-c,660,0.05801507830619812
20160604_FIRE_smer-tcs3-mobo-c,720,0.06771130859851837
20160604_FIRE_smer-tcs3-mobo-c,780,0.21207118034362793
20160604_FIRE_smer-tcs3-mobo-c,840,0.10528507828712463
20160604_FIRE_smer-tcs3-mobo-c,900,0.019264433532953262
20160604_FIRE_smer-tcs3-mobo-c,960,0.07674669474363327
20160604_FIRE_smer-tcs3-mobo-c,1020,0.033770956099033356
20160604_FIRE_smer-tcs3-mobo-c,1080,0.09753749519586563
20160604_FIRE_smer-tcs3-mobo-c,1140,0.031558871269226074
20160604_FIRE_smer-tcs3-mobo-c,1200,0.03795350715517998
20160604_FIRE_smer-tcs3-mobo-c,1260,0.01893872208893299
20160604_FIRE_smer-tcs3-mobo-c,1320,0.056842681020498276
20160604_FIRE_smer-tcs3-mobo-c,1380,0.022780099883675575
20160604_FIRE_smer-tcs3-mobo-c,1440,0.02595997415482998
20160604_FIRE_smer-tcs3-mobo-c,1500,0.007569425273686647
20160604_FIRE_smer-tcs3-mobo-c,1560,0.004251295700669289
20160604_FIRE_smer-tcs3-mobo-c,1620,0.00250864215195179
20160604_FIRE_smer-tcs3-mobo-c,1680,0.0019943660590797663
20160604_FIRE_smer-tcs3-mobo-c,1740,0.005934764165431261
20160604_FIRE_smer-tcs3-mobo-c,1800,0.004218837711960077
20160604_FIRE_smer-tcs3-mobo-c,1860,0.0048972610384225845
20160604_FIRE_smer-tcs3-mobo-c,1920,0.0023867597337812185
20160604_FIRE_smer-tcs3-mobo-c,1980,0.017244523391127586
20160604_FIRE_smer-tcs3-mobo-c,2040,0.0032649284694343805
20160604_FIRE_smer-tcs3-mobo-c,2100,0.004843122325837612
20160604_FIRE_smer-tcs3-mobo-c,2160,0.006501836236566305
20160604_FIRE_smer-tcs3-mobo-c,2220,0.007333333604037762
20160604_FIRE_smer-tcs3-mobo-c,2280,0.0054857744835317135
20160604_FIRE_smer-tcs3-mobo-c,2340,0.004305969923734665
20160604_FIRE_smer-tcs3-mobo-c,2400,0.005701964255422354
20160619_FIRE_lp-e-iqeye,-2400,0.0030016405507922173
20160619_FIRE_lp-e-iqeye,-2280,0.004788683727383614
20160619_FIRE_lp-e-iqeye,-2160,0.007810007780790329
20160619_FIRE_lp-e-iqeye,-2040,0.003862782148644328
20160619_FIRE_lp-e-iqeye,-1920,0.002006540074944496
20160619_FIRE_lp-e-iqeye,-1800,0.0015910835936665535
20160619_FIRE_lp-e-iqeye,-1680,0.005772159900516272
20160619_FIRE_lp-e-iqeye,-1560,0.001665735268034041
20160619_FIRE_lp-e-iqeye,-1440,0.00162191828712821
20160619_FIRE_lp-e-iqeye,-1320,0.004302309826016426
20160619_FIRE_lp-e-iqeye,-1200,0.0013974113389849663
20160619_FIRE_lp-e-iqeye,-1080,0.004376918077468872
20160619_FIRE_lp-e-iqeye,-960,0.003486298955976963
20160619_FIRE_lp-e-iqeye,-840,0.0023001080844551325
20160619_FIRE_lp-e-iqeye,-720,0.0038832554128021
20160619_FIRE_lp-e-iqeye,-600,0.001404950045980513
20160619_FIRE_lp-e-iqeye,-480,0.006814911495894194
20160619_FIRE_lp-e-iqeye,-360,0.0029435178730636835
20160619_FIRE_lp-e-iqeye,-240,0.0062098377384245396
20160619_FIRE_lp-e-iqeye,-120,0.006614593788981438
20160619_FIRE_lp-e-iqeye,0,0.0063821072690188885
20160619_FIRE_lp-e-iqeye,120,0.0032475609332323074
20160619_FIRE_lp-e-iqeye,240,0.07927663624286652
20160619_FIRE_lp-e-iqeye,360,0.3099837601184845
20160619_FIRE_lp-e-iqeye,480,0.4754236042499542
20160619_FIRE_lp-e-iqeye,600,0.5763026475906372
20160619_FIRE_lp-e-iqeye,720,0.660519003868103
20160619_FIRE_lp-e-iqeye,840,0.691813051700592
20160619_FIRE_lp-e-iqeye,960,0.6434549689292908
20160619_FIRE_lp-e-iqeye,1080,0.565559446811676
20160619_FIRE_lp-e-iqeye,1200,0.739761471748352
20160619_FIRE_lp-e-iqeye,1320,0.4297095537185669
20160619_FIRE_lp-e-iqeye,1440,0.5949459075927734
20160619_FIRE_lp-e-iqeye,1560,0.6832045316696167
20160619_FIRE_lp-e-iqeye,1680,0.7860118746757507
20160619_FIRE_lp-e-iqeye,1800,0.7434866428375244
20160619_FIRE_lp-e-iqeye,1920,0.4721963703632355
20160619_FIRE_lp-e-iqeye,2040,0.19375894963741302
20160619_FIRE_lp-e-iqeye,2160,0.11966469138860703
20160619_FIRE_lp-e-iqeye,2280,0.1448228508234024
20160619_FIRE_lp-e-iqeye,2400,0.30633631348609924
20160619_FIRE_om-e-mobo-c,-2400,0.012243345379829407
20160619_FIRE_om-e-mobo-c,-2340,0.0034514267463237047
20160619_FIRE_om-e-mobo-c,-2280,0.006794171407818794
20160619_FIRE_om-e-mobo-c,-2220,0.002258406952023506
20160619_FIRE_om-e-mobo-c,-2160,0.0031567136757075787
20160619_FIRE_om-e-mobo-c,-2100,0.004432245623320341
20160619_FIRE_om-e-mobo-c,-2040,0.0018606554949656129
20160619_FIRE_om-e-mobo-c,-1980,0.012049124576151371
20160619_FIRE_om-e-mobo-c,-1920,0.0021996379364281893
20160619_FIRE_om-e-mobo-c,-1860,0.0037407495547086
20160619_FIRE_om-e-mobo-c,-1800,0.0034134876914322376
20160619_FIRE_om-e-mobo-c,-1740,0.0019370228983461857
20160619_FIRE_om-e-mobo-c,-1680,0.001926235854625702
20160619_FIRE_om-e-mobo-c,-1620,0.0010690652998164296
20160619_FIRE_om-e-mobo-c,-1560,0.0019091953290626407
20160619_FIRE_om-e-mobo-c,-1500,0.0021080770529806614
20160619_FIRE_om-e-mobo-c,-1440,0.0018403743160888553
20160619_FIRE_om-e-mobo-c,-1380,0.00213185278698802
20160619_FIRE_om-e-mobo-c,-1320,0.001508852350525558
20160619_FIRE_om-e-mobo-c,-1260,0.0013187339063733816
20160619_FIRE_om-e-mobo-c,-1200,0.003491527633741498
20160619_FIRE_om-e-mobo-c,-1140,0.002095666481181979
20160619_FIRE_om-e-mobo-c,-1080,0.00367588154040277
20160619_FIRE_om-e-mobo-c,-1020,0.002533390186727047
20160619_FIRE_om-e-mobo-c,-960,0.0010862464550882578
20160619_FIRE_om-e-mobo-c,-900,0.0022878588642925024
20160619_FIRE_om-e-mobo-c,-840,0.003017678391188383
20160619_FIRE_om-e-mobo-c,-780,0.004232453648000956
20160619_FIRE_om-e-mobo-c,-720,0.002337465528398752
20160619_FIRE_om-e-mobo-c,-660,0.0018114761915057898
20160619_FIRE_om-e-mobo-c,-600,0.005836863536387682
20160619_FIRE_om-e-mobo-c,-540,0.003039667150005698
20160619_FIRE_om-e-mobo-c,-480,0.0016459014732390642
20160619_FIRE_om-e-mobo-c,-420,0.021503660827875137
20160619_FIRE_om-e-mobo-c,-360,0.0015051091322675347
20160619_FIRE_om-e-mobo-c,-300,0.006932165008038282
20160619_FIRE_om-e-mobo-c,-240,0.004156311042606831
20160619_FIRE_om-e-mobo-c,-180,0.006353815086185932
20160619_FIRE_om-e-mobo-c,-120,0.005229409318417311
20160619_FIRE_om-e-mobo-c,-60,0.0027824712451547384
20160619_FIRE_om-e-mobo-c,0,0.0013905810192227364
20160619_FIRE_om-e-mobo-c,60,0.0017978888936340809
20160619_FIRE_om-e-mobo-c,120,0.0021055741235613823
20160619_FIRE_om-e-mobo-c,180,0.00629777554422617
20160619_FIRE_om-e-mobo-c,240,0.004548360593616962
20160619_FIRE_om-e-mobo-c,300,0.04875218868255615
20160619_FIRE_om-e-mobo-c,360,0.4322473108768463
20160619_FIRE_om-e-mobo-c,420,0.582005500793457
20160619_FIRE_om-e-mobo-c,480,0.35760873556137085
20160619_FIRE_om-e-mobo-c,540,0.3010083734989166
20160619_FIRE_om-e-mobo-c,600,0.3739235997200012
20160619_FIRE_om-e-mobo-c,660,0.431295245885849
20160619_FIRE_om-e-mobo-c,720,0.4193785786628723
20160619_FIRE_om-e-mobo-c,780,0.28994566202163696
20160619_FIRE_om-e-mobo-c,840,0.22411125898361206
20160619_FIRE_om-e-mobo-c,900,0.12805427610874176
20160619_FIRE_om-e-mobo-c,960,0.2675169110298157
20160619_FIRE_om-e-mobo-c,1020,0.4405463635921478
20160619_FIRE_om-e-mobo-c,1080,0.19246959686279297
20160619_FIRE_om-e-mobo-c,1140,0.3377506732940674
20160619_FIRE_om-e-mobo-c,1200,0.44731149077415466
20160619_FIRE_om-e-mobo-c,1260,0.5423884987831116
20160619_FIRE_om-e-mobo-c,1320,0.2737125754356384
20160619_FIRE_om-e-mobo-c,1380,0.6535452604293823
20160619_FIRE_om-e-mobo-c,1440,0.6929811239242554
20160619_FIRE_om-e-mobo-c,1500,0.6062886118888855
20160619_FIRE_om-e-mobo-c,1560,0.6137046813964844
20160619_FIRE_om-e-mobo-c,1620,0.5881512761116028
20160619_FIRE_om-e-mobo-c,1680,0.5366728901863098
20160619_FIRE_om-e-mobo-c,1740,0.08899464458227158
20160619_FIRE_om-e-mobo-c,1800,0.5414292216300964
20160619_FIRE_om-e-mobo-c,1860,0.5004410743713379
20160619_FIRE_om-e-mobo-c,1920,0.4399435520172119
20160619_FIRE_om-e-mobo-c,1980,0.5704769492149353
20160619_FIRE_om-e-mobo-c,2040,0.4589053988456726
20160619_FIRE_om-e-mobo-c,2100,0.525692343711853
20160619_FIRE_om-e-mobo-c,2160,0.45750537514686584
20160619_FIRE_om-e-mobo-c,2220,0.3511165976524353
20160619_FIRE_om-e-mobo-c,2280,0.3598634600639343
20160619_FIRE_om-e-mobo-c,2340,0.24338743090629578
20160619_FIRE_om-e-mobo-c,2400,0.4283719062805176
20160619_FIRE_pi-s-mobo-c,-2400,0.00268330960534513
20160619_FIRE_pi-s-mobo-c,-2340,0.007137850392609835
20160619_FIRE_pi-s-mobo-c,-2280,0.004620559513568878
20160619_FIRE_pi-s-mobo-c,-2220,0.0011103007709607482
20160619_FIRE_pi-s-mobo-c,-2160,0.0055127996020019054
20160619_FIRE_pi-s-mobo-c,-2100,0.009542280808091164
20160619_FIRE_pi-s-mobo-c,-2040,0.005259620025753975
20160619_FIRE_pi-s-mobo-c,-1980,0.009993156418204308
20160619_FIRE_pi-s-mobo-c,-1920,0.04764556512236595
20160619_FIRE_pi-s-mobo-c,-1860,0.19506330788135529
20160619_FIRE_pi-s-mobo-c,-1800,0.002722818171605468
20160619_FIRE_pi-s-mobo-c,-1740,0.01008959673345089
20160619_FIRE_pi-s-mobo-c,-1680,0.0027247921098023653
20160619_FIRE_pi-s-mobo-c,-1620,0.001766423461958766
20160619_FIRE_pi-s-mobo-c,-1560,0.0026058806106448174
20160619_FIRE_pi-s-mobo-c,-1500,0.004601267632097006
20160619_FIRE_pi-s-mobo-c,-1440,0.002105200197547674
20160619_FIRE_pi-s-mobo-c,-1380,0.004512443672865629
20160619_FIRE_pi-s-mobo-c,-1320,0.002738656708970666
20160619_FIRE_pi-s-mobo-c,-1260,0.005954232066869736
20160619_FIRE_pi-s-mobo-c,-1200,0.0073026325553655624
20160619_FIRE_pi-s-mobo-c,-1140,0.0019541792571544647
20160619_FIRE_pi-s-mobo-c,-1080,0.0021835858933627605
20160619_FIRE_pi-s-mobo-c,-1020,0.005226485431194305
20160619_FIRE_pi-s-mobo-c,-960,0.005868049804121256
20160619_FIRE_pi-s-mobo-c,-900,0.00705026974901557
20160619_FIRE_pi-s-mobo-c,-840,0.0016947557451203465
20160619_FIRE_pi-s-mobo-c,-780,0.007377940230071545
20160619_FIRE_pi-s-mobo-c,-720,0.002315316814929247
20160619_FIRE_pi-s-mobo-c,-660,0.0018865966703742743
20160619_FIRE_pi-s-mobo-c,-600,0.004919631406664848
20160619_FIRE_pi-s-mobo-c,-540,0.011745048686861992
20160619_FIRE_pi-s-mobo-c,-480,0.0031694332137703896
20160619_FIRE_pi-s-mobo-c,-420,0.0050973291508853436
20160619_FIRE_pi-s-mobo-c,-360,0.0038731496315449476
20160619_FIRE_pi-s-mobo-c,-300,0.002794344676658511
20160619_FIRE_pi-s-mobo-c,-240,0.002812341321259737
20160619_FIRE_pi-s-mobo-c,-180,0.0029104771092534065
20160619_FIRE_pi-s-mobo-c,-120,0.00932764820754528
20160619_FIRE_pi-s-mobo-c,-60,0.00249589909799397
20160619_FIRE_pi-s-mobo-c,0,0.0027853306382894516
20160619_FIRE_pi-s-mobo-c,60,0.004516046028584242
20160619_FIRE_pi-s-mobo-c,120,0.004048808012157679
20160619_FIRE_pi-s-mobo-c,180,0.0065026613883674145
20160619_FIRE_pi-s-mobo-c,240,0.007139962166547775
20160619_FIRE_pi-s-mobo-c,300,0.004175168462097645
20160619_FIRE_pi-s-mobo-c,360,0.00304313562810421
20160619_FIRE_pi-s-mobo-c,420,0.0046045780181884766
20160619_FIRE_pi-s-mobo-c,480,0.04985526576638222
20160619_FIRE_pi-s-mobo-c,540,0.32423895597457886
20160619_FIRE_pi-s-mobo-c,600,0.39059922099113464
20160619_FIRE_pi-s-mobo-c,660,0.5139089822769165
20160619_FIRE_pi-s-mobo-c,720,0.3667478859424591
20160619_FIRE_pi-s-mobo-c,780,0.1955978274345398
20160619_FIRE_pi-s-mobo-c,840,0.21715596318244934
20160619_FIRE_pi-s-mobo-c,900,0.6351587772369385
20160619_FIRE_pi-s-mobo-c,960,0.5239447355270386
20160619_FIRE_pi-s-mobo-c,1020,0.29318270087242126
20160619_FIRE_pi-s-mobo-c,1080,0.35540077090263367
20160619_FIRE_pi-s-mobo-c,1140,0.39504462480545044
20160619_FIRE_pi-s-mobo-c,1200,0.5159958600997925
20160619_FIRE_pi-s-mobo-c,1260,0.5838111639022827
20160619_FIRE_pi-s-mobo-c,1320,0.6052389144897461
20160619_FIRE_pi-s-mobo-c,1380,0.5365136861801147
20160619_FIRE_pi-s-mobo-c,1440,0.6284897923469543
20160619_FIRE_pi-s-mobo-c,1500,0.4531782269477844
20160619_FIRE_pi-s-mobo-c,1560,0.4543054699897766
20160619_FIRE_pi-s-mobo-c,1620,0.5885656476020813
20160619_FIRE_pi-s-mobo-c,1680,0.41703495383262634
20160619_FIRE_pi-s-mobo-c,1740,0.5523051023483276
20160619_FIRE_pi-s-mobo-c,1800,0.47493651509284973
20160619_FIRE_pi-s-mobo-c,1860,0.4837956428527832
20160619_FIRE_pi-s-mobo-c,1920,0.033628132194280624
20160619_FIRE_pi-s-mobo-c,1980,0.03678811714053154
20160619_FIRE_pi-s-mobo-c,2040,0.009277545846998692
20160619_FIRE_pi-s-mobo-c,2100,0.022071361541748047
20160619_FIRE_pi-s-mobo-c,2160,0.0056959493085742
20160619_FIRE_pi-s-mobo-c,2220,0.002262676600366831
20160619_FIRE_pi-s-mobo-c,2280,0.005724310874938965
20160619_FIRE_pi-s-mobo-c,2340,0.047999441623687744
20160619_FIRE_pi-s-mobo-c,2400,0.006614502985030413
20160711_FIRE_ml-n-mobo-c,-2400,0.04091927409172058
20160711_FIRE_ml-n-mobo-c,-2340,0.04222232848405838
20160711_FIRE_ml-n-mobo-c,-2280,0.06108623370528221
20160711_FIRE_ml-n-mobo-c,-2220,0.033315256237983704
20160711_FIRE_ml-n-mobo-c,-2160,0.04419609159231186
20160711_FIRE_ml-n-mobo-c,-2100,0.05016721785068512
20160711_FIRE_ml-n-mobo-c,-2040,0.05773044750094414
20160711_FIRE_ml-n-mobo-c,-1980,0.07734227180480957
20160711_FIRE_ml-n-mobo-c,-1920,0.03355154022574425
20160711_FIRE_ml-n-mobo-c,-1860,0.03351738676428795
20160711_FIRE_ml-n-mobo-c,-1800,0.0614488385617733
20160711_FIRE_ml-n-mobo-c,-1740,0.0669819563627243
20160711_FIRE_ml-n-mobo-c,-1680,0.032851073890924454
20160711_FIRE_ml-n-mobo-c,-1620,0.07119748741388321
20160711_FIRE_ml-n-mobo-c,-1560,0.0505642332136631
20160711_FIRE_ml-n-mobo-c,-1500,0.057966265827417374
20160711_FIRE_ml-n-mobo-c,-1440,0.060643650591373444
20160711_FIRE_ml-n-mobo-c,-1380,0.053280770778656006
20160711_FIRE_ml-n-mobo-c,-1320,0.04364557936787605
20160711_FIRE_ml-n-mobo-c,-1260,0.030738448724150658
20160711_FIRE_ml-n-mobo-c,-1200,0.07298007607460022
20160711_FIRE_ml-n-mobo-c,-1140,0.039554230868816376
20160711_FIRE_ml-n-mobo-c,-1080,0.03527303412556648
20160711_FIRE_ml-n-mobo-c,-1020,0.04607995226979256
20160711_FIRE_ml-n-mobo-c,-960,0.07132480293512344
20160711_FIRE_ml-n-mobo-c,-900,0.053142376244068146
20160711_FIRE_ml-n-mobo-c,-840,0.09615358710289001
20160711_FIRE_ml-n-mobo-c,-780,0.0546327605843544
20160711_FIRE_ml-n-mobo-c,-720,0.05232005938887596
20160711_FIRE_ml-n-mobo-c,-660,0.04156138747930527
20160711_FIRE_ml-n-mobo-c,-600,0.046967942267656326
20160711_FIRE_ml-n-mobo-c,-540,0.04836619272828102
20160711_FIRE_ml-n-mobo-c,-480,0.11324206739664078
20160711_FIRE_ml-n-mobo-c,-420,0.0544145293533802
20160711_FIRE_ml-n-mobo-c,-360,0.04297492280602455
20160711_FIRE_ml-n-mobo-c,-300,0.0585617758333683
20160711_FIRE_ml-n-mobo-c,-240,0.05767250061035156
20160711_FIRE_ml-n-mobo-c,-180,0.05789051577448845
20160711_FIRE_ml-n-mobo-c,-120,0.05359393358230591
20160711_FIRE_ml-n-mobo-c,-60,0.05168253928422928
20160711_FIRE_ml-n-mobo-c,0,0.048417601734399796
20160711_FIRE_ml-n-mobo-c,60,0.03581870719790459
20160711_FIRE_ml-n-mobo-c,120,0.09062602370977402
20160711_FIRE_ml-n-mobo-c,180,0.05740734934806824
20160711_FIRE_ml-n-mobo-c,240,0.058308910578489304
20160711_FIRE_ml-n-mobo-c,300,0.10207345336675644
20160711_FIRE_ml-n-mobo-c,360,0.06267504394054413
20160711_FIRE_ml-n-mobo-c,420,0.01928815245628357
20160711_FIRE_ml-n-mobo-c,480,0.03310880810022354
20160711_FIRE_ml-n-mobo-c,540,0.05399153009057045
20160711_FIRE_ml-n-mobo-c,600,0.06878912448883057
20160711_FIRE_ml-n-mobo-c,660,0.04194878414273262
20160711_FIRE_ml-n-mobo-c,720,0.21360993385314941
20160711_FIRE_ml-n-mobo-c,780,0.07324281334877014
20160711_FIRE_ml-n-mobo-c,840,0.0626189261674881
20160711_FIRE_ml-n-mobo-c,900,0.22925958037376404
20160711_FIRE_ml-n-mobo-c,960,0.04089105874300003
20160711_FIRE_ml-n-mobo-c,1020,0.0389568917453289
20160711_FIRE_ml-n-mobo-c,1080,0.06542914360761642
20160711_FIRE_ml-n-mobo-c,1140,0.0608433373272419
20160711_FIRE_ml-n-mobo-c,1200,0.031808946281671524
20160711_FIRE_ml-n-mobo-c,1260,0.030954251065850258
20160711_FIRE_ml-n-mobo-c,1320,0.047164395451545715
20160711_FIRE_ml-n-mobo-c,1380,0.03001999296247959
20160711_FIRE_ml-n-mobo-c,1440,0.02843490056693554
20160711_FIRE_ml-n-mobo-c,1500,0.02768668904900551
20160711_FIRE_ml-n-mobo-c,1560,0.07227183133363724
20160711_FIRE_ml-n-mobo-c,1620,0.06321758776903152
20160711_FIRE_ml-n-mobo-c,1680,0.037840064615011215
20160711_FIRE_ml-n-mobo-c,1740,0.033925097435712814
20160711_FIRE_ml-n-mobo-c,1800,0.05647062137722969
20160711_FIRE_ml-n-mobo-c,1860,0.05812694877386093
20160711_FIRE_ml-n-mobo-c,1920,0.03646440431475639
20160711_FIRE_ml-n-mobo-c,1980,0.07659833878278732
20160711_FIRE_ml-n-mobo-c,2040,0.03692769631743431
20160711_FIRE_ml-n-mobo-c,2100,0.045327771455049515
20160711_FIRE_ml-n-mobo-c,2160,0.024686722084879875
20160711_FIRE_ml-n-mobo-c,2220,0.05590261146426201
20160711_FIRE_ml-n-mobo-c,2280,0.02843978814780712
20160711_FIRE_ml-n-mobo-c,2340,0.027934182435274124
20160711_FIRE_ml-n-mobo-c,2400,0.039452437311410904
20160718_FIRE_lp-n-iqeye,-2400,0.028719844296574593
20160718_FIRE_lp-n-iqeye,-2280,0.017576206475496292
20160718_FIRE_lp-n-iqeye,-2160,0.02528975158929825
20160718_FIRE_lp-n-iqeye,-2040,0.015141816809773445
20160718_FIRE_lp-n-iqeye,-1920,0.01583917625248432
20160718_FIRE_lp-n-iqeye,-1800,0.012170015834271908
20160718_FIRE_lp-n-iqeye,-1680,0.0338381826877594
20160718_FIRE_lp-n-iqeye,-1560,0.0203988216817379
20160718_FIRE_lp-n-iqeye,-1440,0.012038128450512886
20160718_FIRE_lp-n-iqeye,-1320,0.020115958526730537
20160718_FIRE_lp-n-iqeye,-1200,0.0319376066327095
20160718_FIRE_lp-n-iqeye,-1080,0.028194868937134743
20160718_FIRE_lp-n-iqeye,-960,0.009279720485210419
20160718_FIRE_lp-n-iqeye,-840,0.018469572067260742
20160718_FIRE_lp-n-iqeye,-720,0.02287253737449646
20160718_FIRE_lp-n-iqeye,-600,0.016622038558125496
20160718_FIRE_lp-n-iqeye,-480,0.024952350184321404
20160718_FIRE_lp-n-iqeye,-360,0.019946549087762833
20160718_FIRE_lp-n-iqeye,-240,0.030273891985416412
20160718_FIRE_lp-n-iqeye,-120,0.014425239525735378
20160718_FIRE_lp-n-iqeye,0,0.011717308312654495
20160718_FIRE_lp-n-iqeye,120,0.006212589796632528
20160718_FIRE_lp-n-iqeye,240,0.007808811031281948
20160718_FIRE_lp-n-iqeye,360,0.05191773176193237
20160718_FIRE_lp-n-iqeye,480,0.16026552021503448
20160718_FIRE_lp-n-iqeye,600,0.6484942436218262
20160718_FIRE_lp-n-iqeye,720,0.5993393063545227
20160718_FIRE_lp-n-iqeye,840,0.5341156125068665
20160718_FIRE_lp-n-iqeye,960,0.2446330487728119
20160718_FIRE_lp-n-iqeye,1080,0.30637219548225403
20160718_FIRE_lp-n-iqeye,1200,0.4272105097770691
20160718_FIRE_lp-n-iqeye,1320,0.1035429835319519
20160718_FIRE_lp-n-iqeye,1440,0.014957909472286701
20160718_FIRE_lp-n-iqeye,1560,0.06793373078107834
20160718_FIRE_lp-n-iqeye,1680,0.019662419334053993
20160718_FIRE_lp-n-iqeye,1800,0.042784322053194046
20160718_FIRE_lp-n-iqeye,1920,0.01245581079274416
20160718_FIRE_lp-n-iqeye,2040,0.03277435526251793
20160718_FIRE_lp-n-iqeye,2160,0.04018339514732361
20160718_FIRE_lp-n-iqeye,2280,0.03825656697154045
20160718_FIRE_lp-n-iqeye,2400,0.10447228699922562
20160718_FIRE_mg-s-iqeye,-2400,0.49263375997543335
20160718_FIRE_mg-s-iqeye,-2280,0.37515324354171753
20160718_FIRE_mg-s-iqeye,-2160,0.5536313652992249
20160718_FIRE_mg-s-iqeye,-2040,0.5255439877510071
20160718_FIRE_mg-s-iqeye,-1920,0.47735145688056946
20160718_FIRE_mg-s-iqeye,-1800,0.5382837057113647
20160718_FIRE_mg-s-iqeye,-1680,0.49325984716415405
20160718_FIRE_mg-s-iqeye,-1560,0.5546466708183289
20160718_FIRE_mg-s-iqeye,-1440,0.5306301116943359
20160718_FIRE_mg-s-iqeye,-1320,0.5379289984703064
20160718_FIRE_mg-s-iqeye,-1200,0.48300039768218994
20160718_FIRE_mg-s-iqeye,-1080,0.4101012647151947
20160718_FIRE_mg-s-iqeye,-960,0.2667221426963806
20160718_FIRE_mg-s-iqeye,-840,0.4611212909221649
20160718_FIRE_mg-s-iqeye,-720,0.40861812233924866
20160718_FIRE_mg-s-iqeye,-600,0.32747986912727356
20160718_FIRE_mg-s-iqeye,-480,0.36169517040252686
20160718_FIRE_mg-s-iqeye,-360,0.5090956091880798
20160718_FIRE_mg-s-iqeye,-240,0.37411731481552124
20160718_FIRE_mg-s-iqeye,-120,0.25608494877815247
20160718_FIRE_mg-s-iqeye,0,0.45121505856513977
20160718_FIRE_mg-s-iqeye,120,0.4047815203666687
20160718_FIRE_mg-s-iqeye,240,0.3288825452327728
20160718_FIRE_mg-s-iqeye,360,0.24937975406646729
20160718_FIRE_mg-s-iqeye,480,0.26758530735969543
20160718_FIRE_mg-s-iqeye,600,0.3698588013648987
20160718_FIRE_mg-s-iqeye,720,0.5439696311950684
20160718_FIRE_mg-s-iqeye,840,0.7592936754226685
20160718_FIRE_mg-s-iqeye,960,0.7179415225982666
20160718_FIRE_mg-s-iqeye,1080,0.763859212398529
20160718_FIRE_mg-s-iqeye,1200,0.7922002673149109
20160718_FIRE_mg-s-iqeye,1320,0.726994514465332
20160718_FIRE_mg-s-iqeye,1440,0.8130637407302856
20160718_FIRE_mg-s-iqeye,1560,0.7926098108291626
20160718_FIRE_mg-s-iqeye,1680,0.7435541152954102
20160718_FIRE_mg-s-iqeye,1800,0.7154650688171387
20160718_FIRE_mg-s-iqeye,1920,0.649554967880249
20160718_FIRE_mg-s-iqeye,2040,0.6507782936096191
20160718_FIRE_mg-s-iqeye,2160,0.8000711798667908
20160718_FIRE_mg-s-iqeye,2280,0.549855649471283
20160718_FIRE_mg-s-iqeye,2400,0.3108714818954468
20160718_FIRE_mw-e-mobo-c,-2400,0.0035781837068498135
20160718_FIRE_mw-e-mobo-c,-2340,0.002052213763818145
20160718_FIRE_mw-e-mobo-c,-2280,0.00326048256829381
20160718_FIRE_mw-e-mobo-c,-2220,0.001151871751062572
20160718_FIRE_mw-e-mobo-c,-2160,0.0030357823707163334
20160718_FIRE_mw-e-mobo-c,-2100,0.001220140722580254
20160718_FIRE_mw-e-mobo-c,-2040,0.0016292918007820845
20160718_FIRE_mw-e-mobo-c,-1980,0.0018731822492554784
20160718_FIRE_mw-e-mobo-c,-1920,0.004618325270712376
20160718_FIRE_mw-e-mobo-c,-1860,0.0011995284585282207
20160718_FIRE_mw-e-mobo-c,-1800,0.0022039844188839197
20160718_FIRE_mw-e-mobo-c,-1740,0.007317944895476103
20160718_FIRE_mw-e-mobo-c,-1680,0.0015729092992842197
20160718_FIRE_mw-e-mobo-c,-1620,0.004378911107778549
20160718_FIRE_mw-e-mobo-c,-1560,0.0024947787169367075
20160718_FIRE_mw-e-mobo-c,-1500,0.0
20160718_FIRE_mw-e-mobo-c,-1440,0.0021635713055729866
20160718_FIRE_mw-e-mobo-c,-1380,0.004024580121040344
20160718_FIRE_mw-e-mobo-c,-1320,0.008541947230696678
20160718_FIRE_mw-e-mobo-c,-1260,0.001984069589525461
20160718_FIRE_mw-e-mobo-c,-1200,0.0010480937780812383
20160718_FIRE_mw-e-mobo-c,-1140,0.003650999628007412
20160718_FIRE_mw-e-mobo-c,-1080,0.0016611438477411866
20160718_FIRE_mw-e-mobo-c,-1020,0.006628406699746847
20160718_FIRE_mw-e-mobo-c,-960,0.0017652199603617191
20160718_FIRE_mw-e-mobo-c,-900,0.0014700930332764983
20160718_FIRE_mw-e-mobo-c,-840,0.0031610559672117233
20160718_FIRE_mw-e-mobo-c,-780,0.001541476114653051
20160718_FIRE_mw-e-mobo-c,-720,0.001043026684783399
20160718_FIRE_mw-e-mobo-c,-660,0.001748157781548798
20160718_FIRE_mw-e-mobo-c,-600,0.001704922877252102
20160718_FIRE_mw-e-mobo-c,-540,0.002006164751946926
20160718_FIRE_mw-e-mobo-c,-480,0.0018654897576197982
20160718_FIRE_mw-e-mobo-c,-420,0.003337947418913245
20160718_FIRE_mw-e-mobo-c,-360,0.0038268915377557278
20160718_FIRE_mw-e-mobo-c,-300,0.0028149608988314867
20160718_FIRE_mw-e-mobo-c,-240,0.0016612776089459658
20160718_FIRE_mw-e-mobo-c,-180,0.0
20160718_FIRE_mw-e-mobo-c,-120,0.0019297408871352673
20160718_FIRE_mw-e-mobo-c,-60,0.0019081642385572195
20160718_FIRE_mw-e-mobo-c,0,0.0011137579567730427
20160718_FIRE_mw-e-mobo-c,60,0.0031470712274312973
20160718_FIRE_mw-e-mobo-c,120,0.028491796925663948
20160718_FIRE_mw-e-mobo-c,180,0.006923796143382788
20160718_FIRE_mw-e-mobo-c,240,0.0
20160718_FIRE_mw-e-mobo-c,300,0.07916922867298126
20160718_FIRE_mw-e-mobo-c,360,0.003560539335012436
20160718_FIRE_mw-e-mobo-c,420,0.0017617279663681984
20160718_FIRE_mw-e-mobo-c,480,0.0022031173575669527
20160718_FIRE_mw-e-mobo-c,540,0.033274095505476
20160718_FIRE_mw-e-mobo-c,600,0.44856736063957214
20160718_FIRE_mw-e-mobo-c,660,0.6001859307289124
20160718_FIRE_mw-e-mobo-c,720,0.38329362869262695
20160718_FIRE_mw-e-mobo-c,780,0.589149534702301
20160718_FIRE_mw-e-mobo-c,840,0.7848628759384155
20160718_FIRE_mw-e-mobo-c,900,0.8017389178276062
20160718_FIRE_mw-e-mobo-c,960,0.6590476632118225
20160718_FIRE_mw-e-mobo-c,1020,0.19913728535175323
20160718_FIRE_mw-e-mobo-c,1080,0.5412854552268982
20160718_FIRE_mw-e-mobo-c,1140,0.41767141222953796
20160718_FIRE_mw-e-mobo-c,1200,0.3962327539920807
20160718_FIRE_mw-e-mobo-c,1260,0.74764484167099
20160718_FIRE_mw-e-mobo-c,1320,0.7615785598754883
20160718_FIRE_mw-e-mobo-c,1380,0.8450202941894531
20160718_FIRE_mw-e-mobo-c,1440,0.811734676361084
20160718_FIRE_mw-e-mobo-c,1500,0.7561460733413696
20160718_FIRE_mw-e-mobo-c,1560,0.5427066087722778
20160718_FIRE_mw-e-mobo-c,1620,0.7305310964584351
20160718_FIRE_mw-e-mobo-c,1680,0.5013726949691772
20160718_FIRE_mw-e-mobo-c,1740,0.23151476681232452
20160718_FIRE_mw-e-mobo-c,1800,0.30080604553222656
20160718_FIRE_mw-e-mobo-c,1860,0.6311546564102173
20160718_FIRE_mw-e-mobo-c,1920,0.7093529105186462
20160718_FIRE_mw-e-mobo-c,1980,0.6724592447280884
20160718_FIRE_mw-e-mobo-c,2040,0.6132166385650635
20160718_FIRE_mw-e-mobo-c,2100,0.5681358575820923
20160718_FIRE_mw-e-mobo-c,2160,0.5591694712638855
20160718_FIRE_mw-e-mobo-c,2220,0.42083609104156494
20160718_FIRE_mw-e-mobo-c,2280,0.3000061511993408
20160718_FIRE_mw-e-mobo-c,2340,0.34662479162216187
20160718_FIRE_mw-e-mobo-c,2400,0.1386442482471466
20160722_FIRE_mg-s-iqeye,-2400,0.5700762271881104
20160722_FIRE_mg-s-iqeye,-2280,0.667604923248291
20160722_FIRE_mg-s-iqeye,-2160,0.5138642191886902
20160722_FIRE_mg-s-iqeye,-2040,0.5825918912887573
20160722_FIRE_mg-s-iqeye,-1920,0.5783119201660156
20160722_FIRE_mg-s-iqeye,-1800,0.5606967806816101
20160722_FIRE_mg-s-iqeye,-1680,0.4720238745212555
20160722_FIRE_mg-s-iqeye,-1560,0.5599892735481262
20160722_FIRE_mg-s-iqeye,-1440,0.5514822006225586
20160722_FIRE_mg-s-iqeye,-1320,0.6155862808227539
20160722_FIRE_mg-s-iqeye,-1200,0.6587598323822021
20160722_FIRE_mg-s-iqeye,-1080,0.46475446224212646
20160722_FIRE_mg-s-iqeye,-960,0.5944246053695679
20160722_FIRE_mg-s-iqeye,-840,0.6118977665901184
20160722_FIRE_mg-s-iqeye,-720,0.5899471044540405
20160722_FIRE_mg-s-iqeye,-600,0.5248315930366516
20160722_FIRE_mg-s-iqeye,-480,0.5689035654067993
20160722_FIRE_mg-s-iqeye,-360,0.608852207660675
20160722_FIRE_mg-s-iqeye,-240,0.6379892230033875
20160722_FIRE_mg-s-iqeye,-120,0.5491823554039001
20160722_FIRE_mg-s-iqeye,0,0.4292699098587036
20160722_FIRE_mg-s-iqeye,120,0.37706509232521057
20160722_FIRE_mg-s-iqeye,240,0.016019027680158615
20160722_FIRE_mg-s-iqeye,360,0.03321308642625809
20160722_FIRE_mg-s-iqeye,480,0.03637368977069855
20160722_FIRE_mg-s-iqeye,600,0.03265993297100067
20160722_FIRE_mg-s-iqeye,720,0.05201593041419983
20160722_FIRE_mg-s-iqeye,840,0.09191693365573883
20160722_FIRE_mg-s-iqeye,960,0.07675301283597946
20160722_FIRE_mg-s-iqeye,1080,0.10479111224412918
20160722_FIRE_mg-s-iqeye,1200,0.01634915918111801
20160722_FIRE_mg-s-iqeye,1320,0.060545988380908966
20160722_FIRE_mg-s-iqeye,1440,0.23353560268878937
20160722_FIRE_mg-s-iqeye,1560,0.36991292238235474
20160722_FIRE_mg-s-iqeye,1680,0.024771742522716522
20160722_FIRE_mg-s-iqeye,1800,0.061613745987415314
20160722_FIRE_mg-s-iqeye,1920,0.13782481849193573
20160722_FIRE_mg-s-iqeye,2040,0.14373649656772614
20160722_FIRE_mg-s-iqeye,2160,0.16150973737239838
20160722_FIRE_mg-s-iqeye,2280,0.08277163654565811
20160722_FIRE_mg-s-iqeye,2400,0.1792927086353302
20160722_FIRE_mw-e-mobo-c,-2400,0.004873578902333975
20160722_FIRE_mw-e-mobo-c,-2340,0.004152324050664902
20160722_FIRE_mw-e-mobo-c,-2280,0.003810303518548608
20160722_FIRE_mw-e-mobo-c,-2220,0.004362048581242561
20160722_FIRE_mw-e-mobo-c,-2160,0.007019209209829569
20160722_FIRE_mw-e-mobo-c,-2100,0.001990911550819874
20160722_FIRE_mw-e-mobo-c,-2040,0.004146290943026543
20160722_FIRE_mw-e-mobo-c,-1980,0.002892937744036317
20160722_FIRE_mw-e-mobo-c,-1920,0.002994035603478551
20160722_FIRE_mw-e-mobo-c,-1860,0.003742496483027935
20160722_FIRE_mw-e-mobo-c,-1800,0.005010752473026514
20160722_FIRE_mw-e-mobo-c,-1740,0.0031833385583013296
20160722_FIRE_mw-e-mobo-c,-1680,0.007616717834025621
20160722_FIRE_mw-e-mobo-c,-1620,0.0037132760044187307
20160722_FIRE_mw-e-mobo-c,-1560,0.002600910607725382
20160722_FIRE_mw-e-mobo-c,-1500,0.006299246568232775
20160722_FIRE_mw-e-mobo-c,-1440,0.0027752378955483437
20160722_FIRE_mw-e-mobo-c,-1380,0.009049891494214535
20160722_FIRE_mw-e-mobo-c,-1320,0.00368734123185277
20160722_FIRE_mw-e-mobo-c,-1260,0.005297420546412468
20160722_FIRE_mw-e-mobo-c,-1200,0.004682364407926798
20160722_FIRE_mw-e-mobo-c,-1140,0.004427019972354174
20160722_FIRE_mw-e-mobo-c,-1080,0.00923931784927845
20160722_FIRE_mw-e-mobo-c,-1020,0.00711770448833704
20160722_FIRE_mw-e-mobo-c,-960,0.006274425890296698
20160722_FIRE_mw-e-mobo-c,-900,0.0062006074003875256
20160722_FIRE_mw-e-mobo-c,-840,0.003670457750558853
20160722_FIRE_mw-e-mobo-c,-780,0.006706057582050562
20160722_FIRE_mw-e-mobo-c,-720,0.0039019440300762653
20160722_FIRE_mw-e-mobo-c,-660,0.004642621614038944
20160722_FIRE_mw-e-mobo-c,-600,0.010113517753779888
20160722_FIRE_mw-e-mobo-c,-540,0.005575154442340136
20160722_FIRE_mw-e-mobo-c,-480,0.008962723426520824
20160722_FIRE_mw-e-mobo-c,-420,0.009120585396885872
20160722_FIRE_mw-e-mobo-c,-360,0.00413333997130394
20160722_FIRE_mw-e-mobo-c,-300,0.005404587369412184
20160722_FIRE_mw-e-mobo-c,-240,0.005039840005338192
20160722_FIRE_mw-e-mobo-c,-180,0.011877093464136124
20160722_FIRE_mw-e-mobo-c,-120,0.003530649933964014
20160722_FIRE_mw-e-mobo-c,-60,0.005293879192322493
20160722_FIRE_mw-e-mobo-c,0,0.002825272735208273
20160722_FIRE_mw-e-mobo-c,60,0.0028924234211444855
20160722_FIRE_mw-e-mobo-c,120,0.0034707514569163322
20160722_FIRE_mw-e-mobo-c,180,0.005199603736400604
20160722_FIRE_mw-e-mobo-c,240,0.0030602060724049807
20160722_FIRE_mw-e-mobo-c,300,0.006696744821965694
20160722_FIRE_mw-e-mobo-c,360,0.02573309652507305
20160722_FIRE_mw-e-mobo-c,420,0.006657250691205263
20160722_FIRE_mw-e-mobo-c,480,0.39875108003616333
20160722_FIRE_mw-e-mobo-c,540,0.12200995534658432
20160722_FIRE_mw-e-mobo-c,600,0.30555859208106995
20160722_FIRE_mw-e-mobo-c,660,0.29961666464805603
20160722_FIRE_mw-e-mobo-c,720,0.5308898091316223
20160722_FIRE_mw-e-mobo-c,780,0.8088508248329163
20160722_FIRE_mw-e-mobo-c,840,0.7702397108078003
20160722_FIRE_mw-e-mobo-c,900,0.8342118859291077
20160722_FIRE_mw-e-mobo-c,960,0.835677981376648
20160722_FIRE_mw-e-mobo-c,1020,0.8853033781051636
20160722_FIRE_mw-e-mobo-c,1080,0.5394869446754456
20160722_FIRE_mw-e-mobo-c,1140,0.3763113021850586
20160722_FIRE_mw-e-mobo-c,1200,0.7137137651443481
20160722_FIRE_mw-e-mobo-c,1260,0.6744233965873718
20160722_FIRE_mw-e-mobo-c,1320,0.6203606724739075
20160722_FIRE_mw-e-mobo-c,1380,0.7078821063041687
20160722_FIRE_mw-e-mobo-c,1440,0.40313971042633057
20160722_FIRE_mw-e-mobo-c,1500,0.4095563292503357
20160722_FIRE_mw-e-mobo-c,1560,0.227240651845932
20160722_FIRE_mw-e-mobo-c,1620,0.47122108936309814
20160722_FIRE_mw-e-mobo-c,1680,0.5377189517021179
20160722_FIRE_mw-e-mobo-c,1740,0.612318754196167
20160722_FIRE_mw-e-mobo-c,1800,0.7518330812454224
20160722_FIRE_mw-e-mobo-c,1860,0.6269699335098267
20160722_FIRE_mw-e-mobo-c,1920,0.807794451713562
20160722_FIRE_mw-e-mobo-c,1980,0.6677606701850891
20160722_FIRE_mw-e-mobo-c,2040,0.8265570998191833
20160722_FIRE_mw-e-mobo-c,2100,0.3835044205188751
20160722_FIRE_mw-e-mobo-c,2160,0.8196349740028381
20160722_FIRE_mw-e-mobo-c,2220,0.8742363452911377
20160722_FIRE_mw-e-mobo-c,2280,0.49771848320961
20160722_FIRE_mw-e-mobo-c,2340,0.4893726706504822
20160722_FIRE_mw-e-mobo-c,2400,0.7704982161521912
20161113_FIRE_bl-n-mobo-c,-2400,0.0
20161113_FIRE_bl-n-mobo-c,-2340,0.004103332292288542
20161113_FIRE_bl-n-mobo-c,-2280,0.0
20161113_FIRE_bl-n-mobo-c,-2220,0.003447704017162323
20161113_FIRE_bl-n-mobo-c,-2160,0.00684364465996623
20161113_FIRE_bl-n-mobo-c,-2100,0.0014756423188373446
20161113_FIRE_bl-n-mobo-c,-2040,0.0017164781456813216
20161113_FIRE_bl-n-mobo-c,-1980,0.0010462705977261066
20161113_FIRE_bl-n-mobo-c,-1920,0.002918057609349489
20161113_FIRE_bl-n-mobo-c,-1860,0.0
20161113_FIRE_bl-n-mobo-c,-1800,0.0015388986794278026
20161113_FIRE_bl-n-mobo-c,-1740,0.009223469533026218
20161113_FIRE_bl-n-mobo-c,-1680,0.0011449848534539342
20161113_FIRE_bl-n-mobo-c,-1620,0.0
20161113_FIRE_bl-n-mobo-c,-1560,0.0032254739198833704
20161113_FIRE_bl-n-mobo-c,-1500,0.001582842436619103
20161113_FIRE_bl-n-mobo-c,-1440,0.001397403422743082
20161113_FIRE_bl-n-mobo-c,-1380,0.013440705835819244
20161113_FIRE_bl-n-mobo-c,-1320,0.0
20161113_FIRE_bl-n-mobo-c,-1260,0.0
20161113_FIRE_bl-n-mobo-c,-1200,0.0
20161113_FIRE_bl-n-mobo-c,-1140,0.0010901630157604814
20161113_FIRE_bl-n-mobo-c,-1080,0.002522614086046815
20161113_FIRE_bl-n-mobo-c,-1020,0.0019012503325939178
20161113_FIRE_bl-n-mobo-c,-960,0.007766097318381071
20161113_FIRE_bl-n-mobo-c,-900,0.0012128419475629926
20161113_FIRE_bl-n-mobo-c,-840,0.0020865220576524734
20161113_FIRE_bl-n-mobo-c,-780,0.0
20161113_FIRE_bl-n-mobo-c,-720,0.0034629676956683397
20161113_FIRE_bl-n-mobo-c,-660,0.0
20161113_FIRE_bl-n-mobo-c,-600,0.0
20161113_FIRE_bl-n-mobo-c,-540,0.0
20161113_FIRE_bl-n-mobo-c,-480,0.0014397501945495605
20161113_FIRE_bl-n-mobo-c,-420,0.002060922561213374
20161113_FIRE_bl-n-mobo-c,-360,0.0017281650798395276
20161113_FIRE_bl-n-mobo-c,-300,0.0034694932401180267
20161113_FIRE_bl-n-mobo-c,-240,0.007403133437037468
20161113_FIRE_bl-n-mobo-c,-180,0.0
20161113_FIRE_bl-n-mobo-c,-120,0.0014414197066798806
20161113_FIRE_bl-n-mobo-c,-60,0.0
20161113_FIRE_bl-n-mobo-c,0,0.0023506584111601114
20161113_FIRE_bl-n-mobo-c,60,0.0
20161113_FIRE_bl-n-mobo-c,120,0.005147934425622225
20161113_FIRE_bl-n-mobo-c,180,0.19285528361797333
20161113_FIRE_bl-n-mobo-c,240,0.19467921555042267
20161113_FIRE_bl-n-mobo-c,300,0.01875392347574234
20161113_FIRE_bl-n-mobo-c,360,0.003987093921750784
20161113_FIRE_bl-n-mobo-c,420,0.07406998425722122
20161113_FIRE_bl-n-mobo-c,480,0.13551828265190125
20161113_FIRE_bl-n-mobo-c,540,0.07289324700832367
20161113_FIRE_bl-n-mobo-c,600,0.16281335055828094
20161113_FIRE_bl-n-mobo-c,660,0.020964790135622025
20161113_FIRE_bl-n-mobo-c,720,0.06684631109237671
20161113_FIRE_bl-n-mobo-c,780,0.13747766613960266
20161113_FIRE_bl-n-mobo-c,840,0.17928293347358704
20161113_FIRE_bl-n-mobo-c,900,0.2818849980831146
20161113_FIRE_bl-n-mobo-c,960,0.531543493270874
20161113_FIRE_bl-n-mobo-c,1020,0.5847422480583191
20161113_FIRE_bl-n-mobo-c,1080,0.617794930934906
20161113_FIRE_bl-n-mobo-c,1140,0.40310245752334595
20161113_FIRE_bl-n-mobo-c,1200,0.34050971269607544
20161113_FIRE_bl-n-mobo-c,1260,0.3657083809375763
20161113_FIRE_bl-n-mobo-c,1320,0.4556232988834381
20161113_FIRE_bl-n-mobo-c,1380,0.4312419295310974
20161113_FIRE_bl-n-mobo-c,1440,0.2072797417640686
20161113_FIRE_bl-n-mobo-c,1500,0.3562878668308258
20161113_FIRE_bl-n-mobo-c,1560,0.22253823280334473
20161113_FIRE_bl-n-mobo-c,1620,0.2609901428222656
20161113_FIRE_bl-n-mobo-c,1680,0.2220371961593628
20161113_FIRE_bl-n-mobo-c,1740,0.229648157954216
20161113_FIRE_bl-n-mobo-c,1800,0.24441231787204742
20161113_FIRE_bl-n-mobo-c,1860,0.2517956495285034
20161113_FIRE_bl-n-mobo-c,1920,0.42588290572166443
20161113_FIRE_bl-n-mobo-c,1980,0.3278154730796814
20161113_FIRE_bl-n-mobo-c,2040,0.3626197874546051
20161113_FIRE_bl-n-mobo-c,2100,0.3755556046962738
20161113_FIRE_bl-n-mobo-c,2160,0.5289481282234192
20161113_FIRE_bl-n-mobo-c,2220,0.5136198401451111
20161113_FIRE_bl-n-mobo-c,2280,0.4379241168498993
20161113_FIRE_bl-n-mobo-c,2340,0.6596036553382874
20161113_FIRE_bl-n-mobo-c,2400,0.48826566338539124
20161113_FIRE_bm-n-mobo-c,-2400,0.008511858992278576
20161113_FIRE_bm-n-mobo-c,-2340,0.0340060330927372
20161113_FIRE_bm-n-mobo-c,-2280,0.010724720545113087
20161113_FIRE_bm-n-mobo-c,-2220,0.012004997581243515
20161113_FIRE_bm-n-mobo-c,-2160,0.009884768165647984
20161113_FIRE_bm-n-mobo-c,-2100,0.006108168046921492
20161113_FIRE_bm-n-mobo-c,-2040,0.014540020376443863
20161113_FIRE_bm-n-mobo-c,-1980,0.011132244020700455
20161113_FIRE_bm-n-mobo-c,-1920,0.02511749230325222
20161113_FIRE_bm-n-mobo-c,-1860,0.026410654187202454
20161113_FIRE_bm-n-mobo-c,-1800,0.013533433899283409
20161113_FIRE_bm-n-mobo-c,-1740,0.012982247397303581
20161113_FIRE_bm-n-mobo-c,-1680,0.012601182796061039
20161113_FIRE_bm-n-mobo-c,-1620,0.011494525708258152
20161113_FIRE_bm-n-mobo-c,-1560,0.10260213166475296
20161113_FIRE_bm-n-mobo-c,-1500,0.01764042302966118
20161113_FIRE_bm-n-mobo-c,-1440,0.01187086571007967
20161113_FIRE_bm-n-mobo-c,-1380,0.012278004549443722
20161113_FIRE_bm-n-mobo-c,-1320,0.010598073713481426
20161113_FIRE_bm-n-mobo-c,-1260,0.025611819699406624
20161113_FIRE_bm-n-mobo-c,-1200,0.0100856963545084
20161113_FIRE_bm-n-mobo-c,-1140,0.032667286694049835
20161113_FIRE_bm-n-mobo-c,-1080,0.018407199531793594
20161113_FIRE_bm-n-mobo-c,-1020,0.037422459572553635
20161113_FIRE_bm-n-mobo-c,-960,0.05744077265262604
20161113_FIRE_bm-n-mobo-c,-900,0.0287055354565382
20161113_FIRE_bm-n-mobo-c,-840,0.025752674788236618
20161113_FIRE_bm-n-mobo-c,-780,0.021648284047842026
20161113_FIRE_bm-n-mobo-c,-720,0.011508810333907604
20161113_FIRE_bm-n-mobo-c,-660,0.010422187857329845
20161113_FIRE_bm-n-mobo-c,-600,0.006259230896830559
20161113_FIRE_bm-n-mobo-c,-540,0.011484143324196339
20161113_FIRE_bm-n-mobo-c,-480,0.015268010087311268
20161113_FIRE_bm-n-mobo-c,-420,0.02988312765955925
20161113_FIRE_bm-n-mobo-c,-360,0.009198768064379692
20161113_FIRE_bm-n-mobo-c,-300,0.016173353418707848
20161113_FIRE_bm-n-mobo-c,-240,0.011109585873782635
20161113_FIRE_bm-n-mobo-c,-180,0.013440540060400963
20161113_FIRE_bm-n-mobo-c,-120,0.009302710182964802
20161113_FIRE_bm-n-mobo-c,-60,0.0094999885186553
20161113_FIRE_bm-n-mobo-c,0,0.013742869719862938
20161113_FIRE_bm-n-mobo-c,60,0.007408478297293186
20161113_FIRE_bm-n-mobo-c,120,0.012332016602158546
20161113_FIRE_bm-n-mobo-c,180,0.019696982577443123
20161113_FIRE_bm-n-mobo-c,240,0.013618356548249722
20161113_FIRE_bm-n-mobo-c,300,0.006302043795585632
20161113_FIRE_bm-n-mobo-c,360,0.010130584239959717
20161113_FIRE_bm-n-mobo-c,420,0.0069895857013762
20161113_FIRE_bm-n-mobo-c,480,0.01591196097433567
20161113_FIRE_bm-n-mobo-c,540,0.006027223076671362
20161113_FIRE_bm-n-mobo-c,600,0.01668640971183777
20161113_FIRE_bm-n-mobo-c,660,0.04629223793745041
20161113_FIRE_bm-n-mobo-c,720,0.01351377833634615
20161113_FIRE_bm-n-mobo-c,780,0.028409842401742935
20161113_FIRE_bm-n-mobo-c,840,0.014102604240179062
20161113_FIRE_bm-n-mobo-c,900,0.05002667009830475
20161113_FIRE_bm-n-mobo-c,960,0.018566729500889778
20161113_FIRE_bm-n-mobo-c,1020,0.18803244829177856
20161113_FIRE_bm-n-mobo-c,1080,0.17366109788417816
20161113_FIRE_bm-n-mobo-c,1140,0.33792805671691895
20161113_FIRE_bm-n-mobo-c,1200,0.2316572666168213
20161113_FIRE_bm-n-mobo-c,1260,0.1342146396636963
20161113_FIRE_bm-n-mobo-c,1320,0.01583663374185562
20161113_FIRE_bm-n-mobo-c,1380,0.07776255905628204
20161113_FIRE_bm-n-mobo-c,1440,0.02200627513229847
20161113_FIRE_bm-n-mobo-c,1500,0.015999535098671913
20161113_FIRE_bm-n-mobo-c,1560,0.012062959372997284
20161113_FIRE_bm-n-mobo-c,1620,0.01740412600338459
20161113_FIRE_bm-n-mobo-c,1680,0.018438905477523804
20161113_FIRE_bm-n-mobo-c,1740,0.013760765083134174
20161113_FIRE_bm-n-mobo-c,1800,0.0249168761074543
20161113_FIRE_bm-n-mobo-c,1860,0.027738673612475395
20161113_FIRE_bm-n-mobo-c,1920,0.03083571419119835
20161113_FIRE_bm-n-mobo-c,1980,0.011135256849229336
20161113_FIRE_bm-n-mobo-c,2040,0.014682033099234104
20161113_FIRE_bm-n-mobo-c,2100,0.023006441071629524
20161113_FIRE_bm-n-mobo-c,2160,0.01145230419933796
20161113_FIRE_bm-n-mobo-c,2220,0.006168147549033165
20161113_FIRE_bm-n-mobo-c,2280,0.008296390995383263
20161113_FIRE_bm-n-mobo-c,2340,0.010123438201844692
20161113_FIRE_bm-n-mobo-c,2400,0.011187479831278324
20161113_FIRE_bm-w-mobo-c,-2400,0.0017646680353209376
20161113_FIRE_bm-w-mobo-c,-2340,0.0021903901360929012
20161113_FIRE_bm-w-mobo-c,-2280,0.0021866289898753166
20161113_FIRE_bm-w-mobo-c,-2220,0.001953860279172659
20161113_FIRE_bm-w-mobo-c,-2160,0.003593179164454341
20161113_FIRE_bm-w-mobo-c,-2100,0.00179637735709548
20161113_FIRE_bm-w-mobo-c,-2040,0.005140962079167366
20161113_FIRE_bm-w-mobo-c,-1980,0.0025258136447519064
20161113_FIRE_bm-w-mobo-c,-1920,0.0010308654746040702
20161113_FIRE_bm-w-mobo-c,-1860,0.004986263811588287
20161113_FIRE_bm-w-mobo-c,-1800,0.0
20161113_FIRE_bm-w-mobo-c,-1740,0.0031583148520439863
20161113_FIRE_bm-w-mobo-c,-1680,0.004733607638627291
20161113_FIRE_bm-w-mobo-c,-1620,0.0013479847693815827
20161113_FIRE_bm-w-mobo-c,-1560,0.013669765554368496
20161113_FIRE_bm-w-mobo-c,-1500,0.0
20161113_FIRE_bm-w-mobo-c,-1440,0.001236777170561254
20161113_FIRE_bm-w-mobo-c,-1380,0.003656073473393917
20161113_FIRE_bm-w-mobo-c,-1320,0.0
20161113_FIRE_bm-w-mobo-c,-1260,0.0023036266211420298
20161113_FIRE_bm-w-mobo-c,-1200,0.0011997695546597242
20161113_FIRE_bm-w-mobo-c,-1140,0.0035062080714851618
20161113_FIRE_bm-w-mobo-c,-1080,0.002325773471966386
20161113_FIRE_bm-w-mobo-c,-1020,0.0016802072059363127
20161113_FIRE_bm-w-mobo-c,-960,0.0021373529452830553
20161113_FIRE_bm-w-mobo-c,-900,0.0
20161113_FIRE_bm-w-mobo-c,-840,0.044687364250421524
20161113_FIRE_bm-w-mobo-c,-780,0.003847283311188221
20161113_FIRE_bm-w-mobo-c,-720,0.0
20161113_FIRE_bm-w-mobo-c,-660,0.0014648532960563898
20161113_FIRE_bm-w-mobo-c,-600,0.002702403115108609
20161113_FIRE_bm-w-mobo-c,-540,0.0019980843644589186
20161113_FIRE_bm-w-mobo-c,-480,0.0
20161113_FIRE_bm-w-mobo-c,-420,0.0025419958401471376
20161113_FIRE_bm-w-mobo-c,-360,0.01304717268794775
20161113_FIRE_bm-w-mobo-c,-300,0.001951880636624992
20161113_FIRE_bm-w-mobo-c,-240,0.0016199750825762749
20161113_FIRE_bm-w-mobo-c,-180,0.009225508198142052
20161113_FIRE_bm-w-mobo-c,-120,0.001438143546693027
20161113_FIRE_bm-w-mobo-c,-60,0.0031046562362462282
20161113_FIRE_bm-w-mobo-c,0,0.0028923535719513893
20161113_FIRE_bm-w-mobo-c,60,0.004438098985701799
20161113_FIRE_bm-w-mobo-c,120,0.25811436772346497
20161113_FIRE_bm-w-mobo-c,180,0.5136957764625549
20161113_FIRE_bm-w-mobo-c,240,0.4878022372722626
20161113_FIRE_bm-w-mobo-c,300,0.6920559406280518
20161113_FIRE_bm-w-mobo-c,360,0.5822380185127258
20161113_FIRE_bm-w-mobo-c,420,0.6779850125312805
20161113_FIRE_bm-w-mobo-c,480,0.6680461168289185
20161113_FIRE_bm-w-mobo-c,540,0.6642770767211914
20161113_FIRE_bm-w-mobo-c,600,0.5881924033164978
20161113_FIRE_bm-w-mobo-c,660,0.6924235820770264
20161113_FIRE_bm-w-mobo-c,720,0.6920349597930908
20161113_FIRE_bm-w-mobo-c,780,0.7205339670181274
20161113_FIRE_bm-w-mobo-c,840,0.7466573715209961
20161113_FIRE_bm-w-mobo-c,900,0.7322803735733032
20161113_FIRE_bm-w-mobo-c,960,0.7288010716438293
20161113_FIRE_bm-w-mobo-c,1020,0.7096740007400513
20161113_FIRE_bm-w-mobo-c,1080,0.6421087384223938
20161113_FIRE_bm-w-mobo-c,1140,0.7075102925300598
20161113_FIRE_bm-w-mobo-c,1200,0.7010144591331482
20161113_FIRE_bm-w-mobo-c,1260,0.7429867386817932
20161113_FIRE_bm-w-mobo-c,1320,0.7492043972015381
20161113_FIRE_bm-w-mobo-c,1380,0.6957221627235413
20161113_FIRE_bm-w-mobo-c,1440,0.7693322896957397
20161113_FIRE_bm-w-mobo-c,1500,0.7184600234031677
20161113_FIRE_bm-w-mobo-c,1560,0.7596322298049927
20161113_FIRE_bm-w-mobo-c,1620,0.7699963450431824
20161113_FIRE_bm-w-mobo-c,1680,0.745830774307251
20161113_FIRE_bm-w-mobo-c,1740,0.7423419952392578
20161113_FIRE_bm-w-mobo-c,1800,0.7647791504859924
20161113_FIRE_bm-w-mobo-c,1860,0.7600091099739075
20161113_FIRE_bm-w-mobo-c,1920,0.7802615761756897
20161113_FIRE_bm-w-mobo-c,1980,0.7357460856437683
20161113_FIRE_bm-w-mobo-c,2040,0.7411065697669983
20161113_FIRE_bm-w-mobo-c,2100,0.745857834815979
20161113_FIRE_bm-w-mobo-c,2160,0.6453259587287903
20161113_FIRE_bm-w-mobo-c,2220,0.5079711079597473
20161113_FIRE_bm-w-mobo-c,2280,0.5333848595619202
20161113_FIRE_bm-w-mobo-c,2340,0.6028913855552673
20161113_FIRE_bm-w-mobo-c,2400,0.6437027454376221
20170519_FIRE_rm-w-mobo-c,-2400,0.0017264352645725012
20170519_FIRE_rm-w-mobo-c,-2340,0.008190593682229519
20170519_FIRE_rm-w-mobo-c,-2280,0.0034242330584675074
20170519_FIRE_rm-w-mobo-c,-2220,0.0036888953763991594
20170519_FIRE_rm-w-mobo-c,-2160,0.002832952653989196
20170519_FIRE_rm-w-mobo-c,-2100,0.0026821373030543327
20170519_FIRE_rm-w-mobo-c,-2040,0.0021980099845677614
20170519_FIRE_rm-w-mobo-c,-1980,0.002029647119343281
20170519_FIRE_rm-w-mobo-c,-1920,0.0015692389570176601
20170519_FIRE_rm-w-mobo-c,-1860,0.004044579807668924
20170519_FIRE_rm-w-mobo-c,-1800,0.0029797886963933706
20170519_FIRE_rm-w-mobo-c,-1740,0.0073684025555849075
20170519_FIRE_rm-w-mobo-c,-1680,0.006334169302135706
20170519_FIRE_rm-w-mobo-c,-1620,0.0
20170519_FIRE_rm-w-mobo-c,-1560,0.00713833374902606
20170519_FIRE_rm-w-mobo-c,-1500,0.004038378596305847
20170519_FIRE_rm-w-mobo-c,-1440,0.0
20170519_FIRE_rm-w-mobo-c,-1380,0.001561080222018063
20170519_FIRE_rm-w-mobo-c,-1320,0.006254967302083969
20170519_FIRE_rm-w-mobo-c,-1260,0.003155153477564454
20170519_FIRE_rm-w-mobo-c,-1200,0.004333040677011013
20170519_FIRE_rm-w-mobo-c,-1140,0.002360374666750431
20170519_FIRE_rm-w-mobo-c,-1080,0.0010111454175785184
20170519_FIRE_rm-w-mobo-c,-1020,0.0
20170519_FIRE_rm-w-mobo-c,-960,0.005620643962174654
20170519_FIRE_rm-w-mobo-c,-900,0.001999016385525465
20170519_FIRE_rm-w-mobo-c,-840,0.0
20170519_FIRE_rm-w-mobo-c,-780,0.001319497125223279
20170519_FIRE_rm-w-mobo-c,-720,0.0014146913308650255
20170519_FIRE_rm-w-mobo-c,-660,0.0018794180359691381
20170519_FIRE_rm-w-mobo-c,-600,0.0019591546151787043
20170519_FIRE_rm-w-mobo-c,-540,0.0022747479379177094
20170519_FIRE_rm-w-mobo-c,-480,0.0035436684265732765
20170519_FIRE_rm-w-mobo-c,-420,0.001959891291335225
20170519_FIRE_rm-w-mobo-c,-360,0.0
20170519_FIRE_rm-w-mobo-c,-300,0.0018772652838379145
20170519_FIRE_rm-w-mobo-c,-240,0.004277083557099104
20170519_FIRE_rm-w-mobo-c,-180,0.001037133508361876
20170519_FIRE_rm-w-mobo-c,-120,0.004846150055527687
20170519_FIRE_rm-w-mobo-c,-60,0.0012695917394012213
20170519_FIRE_rm-w-mobo-c,0,0.006286219228059053
20170519_FIRE_rm-w-mobo-c,60,0.0023608901537954807
20170519_FIRE_rm-w-mobo-c,120,0.0011339092161506414
20170519_FIRE_rm-w-mobo-c,180,0.0052016316913068295
20170519_FIRE_rm-w-mobo-c,240,0.0012914348626509309
20170519_FIRE_rm-w-mobo-c,300,0.0021341294050216675
20170519_FIRE_rm-w-mobo-c,360,0.0037630535662174225
20170519_FIRE_rm-w-mobo-c,420,0.0
20170519_FIRE_rm-w-mobo-c,480,0.0
20170519_FIRE_rm-w-mobo-c,540,0.0024374467320740223
20170519_FIRE_rm-w-mobo-c,600,0.0
20170519_FIRE_rm-w-mobo-c,660,0.0
20170519_FIRE_rm-w-mobo-c,720,0.001286922488361597
20170519_FIRE_rm-w-mobo-c,780,0.0019095150055363774
20170519_FIRE_rm-w-mobo-c,840,0.008400746621191502
20170519_FIRE_rm-w-mobo-c,900,0.20509789884090424
20170519_FIRE_rm-w-mobo-c,960,0.00171542854513973
20170519_FIRE_rm-w-mobo-c,1020,0.0
20170519_FIRE_rm-w-mobo-c,1080,0.0029400240164250135
20170519_FIRE_rm-w-mobo-c,1140,0.16990934312343597
20170519_FIRE_rm-w-mobo-c,1200,0.4973433017730713
20170519_FIRE_rm-w-mobo-c,1260,0.2378232181072235
20170519_FIRE_rm-w-mobo-c,1320,0.15181340277194977
20170519_FIRE_rm-w-mobo-c,1380,0.27872130274772644
20170519_FIRE_rm-w-mobo-c,1440,0.24242231249809265
20170519_FIRE_rm-w-mobo-c,1500,0.45175647735595703
20170519_FIRE_rm-w-mobo-c,1560,0.6965382099151611
20170519_FIRE_rm-w-mobo-c,1620,0.7376264333724976
20170519_FIRE_rm-w-mobo-c,1680,0.5967411994934082
20170519_FIRE_rm-w-mobo-c,1740,0.38300198316574097
20170519_FIRE_rm-w-mobo-c,1800,0.3095742166042328
20170519_FIRE_rm-w-mobo-c,1860,0.594359278678894
20170519_FIRE_rm-w-mobo-c,1920,0.5765478014945984
20170519_FIRE_rm-w-mobo-c,1980,0.20027098059654236
20170519_FIRE_rm-w-mobo-c,2040,0.21889300644397736
20170519_FIRE_rm-w-mobo-c,2100,0.2638466954231262
20170519_FIRE_rm-w-mobo-c,2160,0.31665563583374023
20170519_FIRE_rm-w-mobo-c,2220,0.41454026103019714
20170519_FIRE_rm-w-mobo-c,2280,0.5918068885803223
20170519_FIRE_rm-w-mobo-c,2340,0.5966640710830688
20170519_FIRE_rm-w-mobo-c,2400,0.4952212870121002
20170520_FIRE_lp-s-iqeye,-2400,0.008916337974369526
20170520_FIRE_lp-s-iqeye,-2340,0.006025501061230898
20170520_FIRE_lp-s-iqeye,-2280,0.014710226096212864
20170520_FIRE_lp-s-iqeye,-2220,0.013987215235829353
20170520_FIRE_lp-s-iqeye,-2160,0.014022937044501305
20170520_FIRE_lp-s-iqeye,-2100,0.008539602160453796
20170520_FIRE_lp-s-iqeye,-2040,0.014535252004861832
20170520_FIRE_lp-s-iqeye,-1980,0.008386661298573017
20170520_FIRE_lp-s-iqeye,-1920,0.0050654336810112
20170520_FIRE_lp-s-iqeye,-1860,0.011270876973867416
20170520_FIRE_lp-s-iqeye,-1800,0.009798207320272923
20170520_FIRE_lp-s-iqeye,-1740,0.006412641145288944
20170520_FIRE_lp-s-iqeye,-1680,0.008236837573349476
20170520_FIRE_lp-s-iqeye,-1620,0.015697231516242027
20170520_FIRE_lp-s-iqeye,-1560,0.01769413985311985
20170520_FIRE_lp-s-iqeye,-1500,0.012535974383354187
20170520_FIRE_lp-s-iqeye,-1440,0.01539667509496212
20170520_FIRE_lp-s-iqeye,-1380,0.008378781378269196
20170520_FIRE_lp-s-iqeye,-1320,0.01900247484445572
20170520_FIRE_lp-s-iqeye,-1260,0.005910670850425959
20170520_FIRE_lp-s-iqeye,-1200,0.009970057755708694
20170520_FIRE_lp-s-iqeye,-1140,0.008058560080826283
20170520_FIRE_lp-s-iqeye,-1080,0.015049675479531288
20170520_FIRE_lp-s-iqeye,-1020,0.005856983829289675
20170520_FIRE_lp-s-iqeye,-960,0.009027298539876938
20170520_FIRE_lp-s-iqeye,-900,0.01165904849767685
20170520_FIRE_lp-s-iqeye,-840,0.013169346377253532
20170520_FIRE_lp-s-iqeye,-780,0.06046241894364357
20170520_FIRE_lp-s-iqeye,-720,0.022278176620602608
20170520_FIRE_lp-s-iqeye,-660,0.04459339380264282
20170520_FIRE_lp-s-iqeye,-600,0.017749637365341187
20170520_FIRE_lp-s-iqeye,-540,0.015379884280264378
20170520_FIRE_lp-s-iqeye,-480,0.010246546939015388
20170520_FIRE_lp-s-iqeye,-420,0.005648051388561726
20170520_FIRE_lp-s-iqeye,-360,0.012470289133489132
20170520_FIRE_lp-s-iqeye,-300,0.017012177035212517
20170520_FIRE_lp-s-iqeye,-240,0.006242169998586178
20170520_FIRE_lp-s-iqeye,-180,0.015152956359088421
20170520_FIRE_lp-s-iqeye,-120,0.0077812946401536465
20170520_FIRE_lp-s-iqeye,-60,0.00798729993402958
20170520_FIRE_lp-s-iqeye,0,0.568410336971283
20170520_FIRE_lp-s-iqeye,60,0.8452115654945374
20170520_FIRE_lp-s-iqeye,120,0.80291348695755
20170520_FIRE_lp-s-iqeye,180,0.6776217222213745
20170520_FIRE_lp-s-iqeye,240,0.8671974539756775
20170520_FIRE_lp-s-iqeye,300,0.9208106398582458
20170520_FIRE_lp-s-iqeye,360,0.7955437898635864
20170520_FIRE_lp-s-iqeye,420,0.8513213992118835
20170520_FIRE_lp-s-iqeye,480,0.7515594959259033
20170520_FIRE_lp-s-iqeye,540,0.8470926880836487
20170520_FIRE_lp-s-iqeye,600,0.8738296031951904
20170520_FIRE_lp-s-iqeye,660,0.8161105513572693
20170520_FIRE_lp-s-iqeye,720,0.6154583096504211
20170520_FIRE_lp-s-iqeye,780,0.6882704496383667
20170520_FIRE_lp-s-iqeye,840,0.7385036945343018
20170520_FIRE_lp-s-iqeye,900,0.6239666938781738
20170520_FIRE_lp-s-iqeye,960,0.6211698055267334
20170520_FIRE_lp-s-iqeye,1020,0.6957802176475525
20170520_FIRE_lp-s-iqeye,1080,0.7030714750289917
20170520_FIRE_lp-s-iqeye,1140,0.5787101984024048
20170520_FIRE_lp-s-iqeye,1200,0.8270412087440491
20170520_FIRE_lp-s-iqeye,1260,0.8791319727897644
20170520_FIRE_lp-s-iqeye,1320,0.7941797971725464
20170520_FIRE_lp-s-iqeye,1380,0.7388690710067749
20170520_FIRE_lp-s-iqeye,1440,0.5439519882202148
20170520_FIRE_lp-s-iqeye,1500,0.5568941235542297
20170520_FIRE_lp-s-iqeye,1560,0.6369734406471252
20170520_FIRE_lp-s-iqeye,1620,0.41567692160606384
20170520_FIRE_lp-s-iqeye,1680,0.7285513877868652
20170520_FIRE_lp-s-iqeye,1740,0.5097048878669739
20170520_FIRE_lp-s-iqeye,1800,0.5820537209510803
20170520_FIRE_lp-s-iqeye,1860,0.74834144115448
20170520_FIRE_lp-s-iqeye,1920,0.5256733298301697
20170520_FIRE_lp-s-iqeye,1980,0.8400731682777405
20170520_FIRE_lp-s-iqeye,2040,0.7912845015525818
20170520_FIRE_lp-s-iqeye,2100,0.6833200454711914
20170520_FIRE_lp-s-iqeye,2160,0.7399027943611145
20170520_FIRE_lp-s-iqeye,2220,0.5377554893493652
20170520_FIRE_lp-s-iqeye,2280,0.6292092800140381
20170520_FIRE_lp-s-iqeye,2340,0.7089613080024719
20170520_FIRE_lp-s-iqeye,2400,0.7350741028785706
20170520_FIRE_om-s-mobo-c,-840,0.2109469622373581
20170520_FIRE_om-s-mobo-c,-780,0.24388644099235535
20170520_FIRE_om-s-mobo-c,-720,0.2567351758480072
20170520_FIRE_om-s-mobo-c,-660,0.2877328395843506
20170520_FIRE_om-s-mobo-c,-600,0.3040851652622223
20170520_FIRE_om-s-mobo-c,-540,0.3179263174533844
20170520_FIRE_om-s-mobo-c,-480,0.22925300896167755
20170520_FIRE_om-s-mobo-c,-420,0.31358981132507324
20170520_FIRE_om-s-mobo-c,-360,0.31689557433128357
20170520_FIRE_om-s-mobo-c,-300,0.3273746371269226
20170520_FIRE_om-s-mobo-c,-240,0.324697881937027
20170520_FIRE_om-s-mobo-c,-180,0.33776891231536865
20170520_FIRE_om-s-mobo-c,-120,0.36798760294914246
20170520_FIRE_om-s-mobo-c,-60,0.3102039098739624
20170520_FIRE_om-s-mobo-c,0,0.3477475345134735
20170520_FIRE_om-s-mobo-c,60,0.30392614006996155
20170520_FIRE_om-s-mobo-c,120,0.3349301815032959
20170520_FIRE_om-s-mobo-c,180,0.3038569390773773
20170520_FIRE_om-s-mobo-c,240,0.37475916743278503
20170520_FIRE_om-s-mobo-c,300,0.3202510476112366
20170520_FIRE_om-s-mobo-c,360,0.3126246929168701
20170520_FIRE_om-s-mobo-c,420,0.2938069999217987
20170520_FIRE_om-s-mobo-c,480,0.35169169306755066
20170520_FIRE_om-s-mobo-c,540,0.3207327723503113
20170520_FIRE_om-s-mobo-c,600,0.3630331754684448
20170520_FIRE_om-s-mobo-c,660,0.3283670246601105
20170520_FIRE_om-s-mobo-c,720,0.32194507122039795
20170520_FIRE_om-s-mobo-c,780,0.31443649530410767
20170520_FIRE_om-s-mobo-c,840,0.3525926470756531
20170520_FIRE_om-s-mobo-c,900,0.364980548620224
20170520_FIRE_om-s-mobo-c,960,0.31523892283439636
20170520_FIRE_om-s-mobo-c,1020,0.34918513894081116
20170520_FIRE_om-s-mobo-c,1080,0.3799142837524414
20170520_FIRE_om-s-mobo-c,1140,0.37380796670913696
20170520_FIRE_om-s-mobo-c,1200,0.3423859775066376
20170520_FIRE_om-s-mobo-c,1260,0.39041727781295776
20170520_FIRE_om-s-mobo-c,1320,0.3671581745147705
20170520_FIRE_om-s-mobo-c,1380,0.4062359035015106
20170520_FIRE_om-s-mobo-c,1440,0.38927578926086426
20170520_FIRE_om-s-mobo-c,1500,0.38693830370903015
20170520_FIRE_om-s-mobo-c,1560,0.3829166889190674
20170520_FIRE_om-s-mobo-c,1620,0.39908310770988464
20170520_FIRE_om-s-mobo-c,1680,0.37655752897262573
20170520_FIRE_om-s-mobo-c,1740,0.37698885798454285
20170520_FIRE_om-s-mobo-c,1800,0.3813018798828125
20170520_FIRE_om-s-mobo-c,1860,0.39270180463790894
20170520_FIRE_om-s-mobo-c,1920,0.38852593302726746
20170520_FIRE_om-s-mobo-c,1980,0.38192832469940186
20170520_FIRE_om-s-mobo-c,2040,0.3833349049091339
20170520_FIRE_om-s-mobo-c,2100,0.37267789244651794
20170520_FIRE_om-s-mobo-c,2160,0.44057101011276245
20170520_FIRE_om-s-mobo-c,2220,0.4504103362560272
20170520_FIRE_om-s-mobo-c,2280,0.47710803151130676
20170520_FIRE_om-s-mobo-c,2340,0.36428260803222656
20170520_FIRE_om-s-mobo-c,2400,0.3909744322299957
20170520_FIRE_pi-s-mobo-c,-2400,0.007954202592372894
20170520_FIRE_pi-s-mobo-c,-2340,0.0469791442155838
20170520_FIRE_pi-s-mobo-c,-2280,0.033284205943346024
20170520_FIRE_pi-s-mobo-c,-2220,0.09607012569904327
20170520_FIRE_pi-s-mobo-c,-2160,0.07514004409313202
20170520_FIRE_pi-s-mobo-c,-2100,0.02488449215888977
20170520_FIRE_pi-s-mobo-c,-2040,0.07219456881284714
20170520_FIRE_pi-s-mobo-c,-1980,0.12909989058971405
20170520_FIRE_pi-s-mobo-c,-1920,0.13248178362846375
20170520_FIRE_pi-s-mobo-c,-1860,0.016257453709840775
20170520_FIRE_pi-s-mobo-c,-1800,0.02321840450167656
20170520_FIRE_pi-s-mobo-c,-1740,0.008715016767382622
20170520_FIRE_pi-s-mobo-c,-1680,0.01567223109304905
20170520_FIRE_pi-s-mobo-c,-1620,0.026715034618973732
20170520_FIRE_pi-s-mobo-c,-1560,0.03733528405427933
20170520_FIRE_pi-s-mobo-c,-1500,0.01226866990327835
20170520_FIRE_pi-s-mobo-c,-1440,0.022015102207660675
20170520_FIRE_pi-s-mobo-c,-1380,0.024511899799108505
20170520_FIRE_pi-s-mobo-c,-1320,0.03610728681087494
20170520_FIRE_pi-s-mobo-c,-1260,0.036960918456315994
20170520_FIRE_pi-s-mobo-c,-1200,0.01521671935915947
20170520_FIRE_pi-s-mobo-c,-1140,0.01598912477493286
20170520_FIRE_pi-s-mobo-c,-1080,0.05155821517109871
20170520_FIRE_pi-s-mobo-c,-1020,0.04718814045190811
20170520_FIRE_pi-s-mobo-c,-960,0.026496002450585365
20170520_FIRE_pi-s-mobo-c,-900,0.008444844745099545
20170520_FIRE_pi-s-mobo-c,-840,0.011478488333523273
20170520_FIRE_pi-s-mobo-c,-780,0.05715760216116905
20170520_FIRE_pi-s-mobo-c,-720,0.00998777523636818
20170520_FIRE_pi-s-mobo-c,-660,0.008032029494643211
20170520_FIRE_pi-s-mobo-c,-600,0.009814807213842869
20170520_FIRE_pi-s-mobo-c,-540,0.032073281705379486
20170520_FIRE_pi-s-mobo-c,-480,0.011994482949376106
20170520_FIRE_pi-s-mobo-c,-420,0.010019888170063496
20170520_FIRE_pi-s-mobo-c,-360,0.02549685724079609
20170520_FIRE_pi-s-mobo-c,-300,0.02922099083662033
20170520_FIRE_pi-s-mobo-c,-240,0.02592523582279682
20170520_FIRE_pi-s-mobo-c,-180,0.01128518395125866
20170520_FIRE_pi-s-mobo-c,-120,0.023897938430309296
20170520_FIRE_pi-s-mobo-c,-60,0.05855333060026169
20170520_FIRE_pi-s-mobo-c,0,0.009495305828750134
20170520_FIRE_pi-s-mobo-c,60,0.0038098711520433426
20170520_FIRE_pi-s-mobo-c,120,0.009727397002279758
20170520_FIRE_pi-s-mobo-c,180,0.009921863675117493
20170520_FIRE_pi-s-mobo-c,240,0.02778097428381443
20170520_FIRE_pi-s-mobo-c,300,0.015903832390904427
20170520_FIRE_pi-s-mobo-c,360,0.042997442185878754
20170520_FIRE_pi-s-mobo-c,420,0.09412330389022827
20170520_FIRE_pi-s-mobo-c,480,0.027822643518447876
20170520_FIRE_pi-s-mobo-c,540,0.025822585448622704
20170520_FIRE_pi-s-mobo-c,600,0.034381650388240814
20170520_FIRE_pi-s-mobo-c,660,0.010410784743726254
20170520_FIRE_pi-s-mobo-c,720,0.017860127612948418
20170520_FIRE_pi-s-mobo-c,780,0.006163968704640865
20170520_FIRE_pi-s-mobo-c,840,0.005536196753382683
20170520_FIRE_pi-s-mobo-c,900,0.049405984580516815
20170520_FIRE_pi-s-mobo-c,960,0.03097870759665966
20170520_FIRE_pi-s-mobo-c,1020,0.048756834119558334
20170520_FIRE_pi-s-mobo-c,1080,0.01836707629263401
20170520_FIRE_pi-s-mobo-c,1140,0.01627172902226448
20170520_FIRE_pi-s-mobo-c,1200,0.05643737316131592
20170520_FIRE_pi-s-mobo-c,1260,0.06639798730611801
20170520_FIRE_pi-s-mobo-c,1320,0.032413262873888016
20170520_FIRE_pi-s-mobo-c,1380,0.1038733720779419
20170520_FIRE_pi-s-mobo-c,1440,0.05394454300403595
20170520_FIRE_pi-s-mobo-c,1500,0.029863392934203148
20170520_FIRE_pi-s-mobo-c,1560,0.021574005484580994
20170520_FIRE_pi-s-mobo-c,1620,0.03179677575826645
20170520_FIRE_pi-s-mobo-c,1680,0.017699269577860832
20170520_FIRE_pi-s-mobo-c,1740,0.029770931228995323
20170520_FIRE_pi-s-mobo-c,1800,0.010811633430421352
20170520_FIRE_pi-s-mobo-c,1860,0.023438742384314537
20170520_FIRE_pi-s-mobo-c,1920,0.037296537309885025
20170520_FIRE_pi-s-mobo-c,1980,0.03454131260514259
20170520_FIRE_pi-s-mobo-c,2040,0.06423616409301758
20170520_FIRE_pi-s-mobo-c,2100,0.04654630273580551
20170520_FIRE_pi-s-mobo-c,2160,0.051451731473207474
20170520_FIRE_pi-s-mobo-c,2220,0.039259739220142365
20170520_FIRE_pi-s-mobo-c,2280,0.03136741742491722
20170520_FIRE_pi-s-mobo-c,2340,0.030357908457517624
20170520_FIRE_pi-s-mobo-c,2400,0.04062733054161072
20170520_FIRE_pi-w-mobo-c,-2400,0.009438090026378632
20170520_FIRE_pi-w-mobo-c,-2340,0.014238405972719193
20170520_FIRE_pi-w-mobo-c,-2280,0.016153940930962563
20170520_FIRE_pi-w-mobo-c,-2220,0.009258123114705086
20170520_FIRE_pi-w-mobo-c,-2160,0.025489868596196175
20170520_FIRE_pi-w-mobo-c,-2100,0.030589571222662926
20170520_FIRE_pi-w-mobo-c,-2040,0.012009851634502411
20170520_FIRE_pi-w-mobo-c,-1980,0.009400726296007633
20170520_FIRE_pi-w-mobo-c,-1920,0.013053400442004204
20170520_FIRE_pi-w-mobo-c,-1860,0.005252000875771046
20170520_FIRE_pi-w-mobo-c,-1800,0.011966018937528133
20170520_FIRE_pi-w-mobo-c,-1740,0.016918053850531578
20170520_FIRE_pi-w-mobo-c,-1680,0.006439014337956905
20170520_FIRE_pi-w-mobo-c,-1620,0.020421579480171204
20170520_FIRE_pi-w-mobo-c,-1560,0.02151941880583763
20170520_FIRE_pi-w-mobo-c,-1500,0.013919470831751823
20170520_FIRE_pi-w-mobo-c,-1440,0.02580360323190689
20170520_FIRE_pi-w-mobo-c,-1380,0.005118398927152157
20170520_FIRE_pi-w-mobo-c,-1320,0.010620366781949997
20170520_FIRE_pi-w-mobo-c,-1260,0.028132904320955276
20170520_FIRE_pi-w-mobo-c,-1200,0.0032100286334753036
20170520_FIRE_pi-w-mobo-c,-1140,0.012795095331966877
20170520_FIRE_pi-w-mobo-c,-1080,0.0484151653945446
20170520_FIRE_pi-w-mobo-c,-1020,0.018941814079880714
20170520_FIRE_pi-w-mobo-c,-960,0.011075596325099468
20170520_FIRE_pi-w-mobo-c,-900,0.018343189731240273
20170520_FIRE_pi-w-mobo-c,-840,0.016463326290249825
20170520_FIRE_pi-w-mobo-c,-780,0.015477032400667667
20170520_FIRE_pi-w-mobo-c,-720,0.017553258687257767
20170520_FIRE_pi-w-mobo-c,-660,0.014582064934074879
20170520_FIRE_pi-w-mobo-c,-600,0.021153047680854797
20170520_FIRE_pi-w-mobo-c,-540,0.012583195231854916
20170520_FIRE_pi-w-mobo-c,-480,0.060118433088064194
20170520_FIRE_pi-w-mobo-c,-420,0.01324419118463993
20170520_FIRE_pi-w-mobo-c,-360,0.004742248449474573
20170520_FIRE_pi-w-mobo-c,-300,0.011110538616776466
20170520_FIRE_pi-w-mobo-c,-240,0.009208873845636845
20170520_FIRE_pi-w-mobo-c,-180,0.010528624057769775
20170520_FIRE_pi-w-mobo-c,-120,0.017037760466337204
20170520_FIRE_pi-w-mobo-c,-60,0.018756063655018806
20170520_FIRE_pi-w-mobo-c,0,0.00794792827218771
20170520_FIRE_pi-w-mobo-c,60,0.05892721191048622
20170520_FIRE_pi-w-mobo-c,120,0.06606854498386383
20170520_FIRE_pi-w-mobo-c,180,0.026008812710642815
20170520_FIRE_pi-w-mobo-c,240,0.02807556837797165
20170520_FIRE_pi-w-mobo-c,300,0.018791180104017258
20170520_FIRE_pi-w-mobo-c,360,0.2389107644557953
20170520_FIRE_pi-w-mobo-c,420,0.6356707215309143
20170520_FIRE_pi-w-mobo-c,480,0.6020074486732483
20170520_FIRE_pi-w-mobo-c,540,0.8003093600273132
20170520_FIRE_pi-w-mobo-c,600,0.7158551216125488
20170520_FIRE_pi-w-mobo-c,660,0.8133383989334106
20170520_FIRE_pi-w-mobo-c,720,0.8166627883911133
20170520_FIRE_pi-w-mobo-c,780,0.7893722653388977
20170520_FIRE_pi-w-mobo-c,840,0.766925573348999
20170520_FIRE_pi-w-mobo-c,900,0.7124783992767334
20170520_FIRE_pi-w-mobo-c,960,0.5868043899536133
20170520_FIRE_pi-w-mobo-c,1020,0.711757242679596
20170520_FIRE_pi-w-mobo-c,1080,0.748752236366272
20170520_FIRE_pi-w-mobo-c,1140,0.6742109656333923
20170520_FIRE_pi-w-mobo-c,1200,0.788621187210083
20170520_FIRE_pi-w-mobo-c,1260,0.8213659524917603
20170520_FIRE_pi-w-mobo-c,1320,0.7462944388389587
20170520_FIRE_pi-w-mobo-c,1380,0.715804934501648
20170520_FIRE_pi-w-mobo-c,1440,0.6391459107398987
20170520_FIRE_pi-w-mobo-c,1500,0.5194840431213379
20170520_FIRE_pi-w-mobo-c,1560,0.5248947143554688
20170520_FIRE_pi-w-mobo-c,1620,0.7197656631469727
20170520_FIRE_pi-w-mobo-c,1680,0.6677035689353943
20170520_FIRE_pi-w-mobo-c,1740,0.7158259153366089
20170520_FIRE_pi-w-mobo-c,1800,0.7294706702232361
20170520_FIRE_pi-w-mobo-c,1860,0.8439001441001892
20170520_FIRE_pi-w-mobo-c,1920,0.8126329183578491
20170520_FIRE_pi-w-mobo-c,1980,0.4725780487060547
20170520_FIRE_pi-w-mobo-c,2040,0.4387736916542053
20170520_FIRE_pi-w-mobo-c,2100,0.7212786078453064
20170520_FIRE_pi-w-mobo-c,2160,0.8808512687683105
20170520_FIRE_pi-w-mobo-c,2220,0.8404232263565063
20170520_FIRE_pi-w-mobo-c,2280,0.8545898795127869
20170520_FIRE_pi-w-mobo-c,2340,0.8313564658164978
20170520_FIRE_pi-w-mobo-c,2400,0.8579532504081726
20170609_FIRE_sm-n-mobo-c,-2400,0.004231269937008619
20170609_FIRE_sm-n-mobo-c,-2340,0.004325472749769688
20170609_FIRE_sm-n-mobo-c,-2280,0.005882498808205128
20170609_FIRE_sm-n-mobo-c,-2220,0.0031449818052351475
20170609_FIRE_sm-n-mobo-c,-2160,0.007977270521223545
20170609_FIRE_sm-n-mobo-c,-2100,0.007637748494744301
20170609_FIRE_sm-n-mobo-c,-2040,0.0027275586035102606
20170609_FIRE_sm-n-mobo-c,-1980,0.002287510549649596
20170609_FIRE_sm-n-mobo-c,-1920,0.00385147612541914
20170609_FIRE_sm-n-mobo-c,-1860,0.001544260885566473
20170609_FIRE_sm-n-mobo-c,-1800,0.0035050087608397007
20170609_FIRE_sm-n-mobo-c,-1740,0.004223682451993227
20170609_FIRE_sm-n-mobo-c,-1680,0.002789374440908432
20170609_FIRE_sm-n-mobo-c,-1620,0.004736105911433697
20170609_FIRE_sm-n-mobo-c,-1560,0.002481255680322647
20170609_FIRE_sm-n-mobo-c,-1500,0.005650166887789965
20170609_FIRE_sm-n-mobo-c,-1440,0.0018815848743543029
20170609_FIRE_sm-n-mobo-c,-1380,0.0035328634548932314
20170609_FIRE_sm-n-mobo-c,-1320,0.0045141661539673805
20170609_FIRE_sm-n-mobo-c,-1260,0.00754534499719739
20170609_FIRE_sm-n-mobo-c,-1200,0.0027673207223415375
20170609_FIRE_sm-n-mobo-c,-1140,0.0023079286329448223
20170609_FIRE_sm-n-mobo-c,-1080,0.001853012596257031
20170609_FIRE_sm-n-mobo-c,-1020,0.003681969130411744
20170609_FIRE_sm-n-mobo-c,-960,0.003574458649381995
20170609_FIRE_sm-n-mobo-c,-900,0.004401629790663719
20170609_FIRE_sm-n-mobo-c,-840,0.00162328383885324
20170609_FIRE_sm-n-mobo-c,-780,0.0024324420373886824
20170609_FIRE_sm-n-mobo-c,-720,0.004707869607955217
20170609_FIRE_sm-n-mobo-c,-660,0.001268423511646688
20170609_FIRE_sm-n-mobo-c,-600,0.0020389179699122906
20170609_FIRE_sm-n-mobo-c,-540,0.0017374197486788034
20170609_FIRE_sm-n-mobo-c,-480,0.0033327830024063587
20170609_FIRE_sm-n-mobo-c,-420,0.00135896191932261
20170609_FIRE_sm-n-mobo-c,-360,0.0017340544145554304
20170609_FIRE_sm-n-mobo-c,-300,0.002526666969060898
20170609_FIRE_sm-n-mobo-c,-240,0.0013740635477006435
20170609_FIRE_sm-n-mobo-c,-180,0.0018107203068211675
20170609_FIRE_sm-n-mobo-c,-120,0.0
20170609_FIRE_sm-n-mobo-c,-60,0.0020756262820214033
20170609_FIRE_sm-n-mobo-c,0,0.0012310686288401484
20170609_FIRE_sm-n-mobo-c,60,0.00656655989587307
20170609_FIRE_sm-n-mobo-c,120,0.0021279449574649334
20170609_FIRE_sm-n-mobo-c,180,0.0014345603995025158
20170609_FIRE_sm-n-mobo-c,240,0.01207453478127718
20170609_FIRE_sm-n-mobo-c,300,0.0010906979441642761
20170609_FIRE_sm-n-mobo-c,360,0.018332049250602722
20170609_FIRE_sm-n-mobo-c,420,0.007806989364326
20170609_FIRE_sm-n-mobo-c,480,0.028075842186808586
20170609_FIRE_sm-n-mobo-c,540,0.11096572130918503
20170609_FIRE_sm-n-mobo-c,600,0.26410406827926636
20170609_FIRE_sm-n-mobo-c,660,0.0011388183338567615
20170609_FIRE_sm-n-mobo-c,720,0.05314076319336891
20170609_FIRE_sm-n-mobo-c,780,0.07775124907493591
20170609_FIRE_sm-n-mobo-c,840,0.0
20170609_FIRE_sm-n-mobo-c,900,0.0012547444785013795
20170609_FIRE_sm-n-mobo-c,960,0.0012869867496192455
20170609_FIRE_sm-n-mobo-c,1020,0.0016045719385147095
20170609_FIRE_sm-n-mobo-c,1080,0.00296983914449811
20170609_FIRE_sm-n-mobo-c,1140,0.11435066163539886
20170609_FIRE_sm-n-mobo-c,1200,0.002148078288882971
20170609_FIRE_sm-n-mobo-c,1260,0.02958461083471775
20170609_FIRE_sm-n-mobo-c,1320,0.005610339809209108
20170609_FIRE_sm-n-mobo-c,1380,0.03938337787985802
20170609_FIRE_sm-n-mobo-c,1440,0.023761948570609093
20170609_FIRE_sm-n-mobo-c,1500,0.008549696765840054
20170609_FIRE_sm-n-mobo-c,1560,0.15000243484973907
20170609_FIRE_sm-n-mobo-c,1620,0.4613860845565796
20170609_FIRE_sm-n-mobo-c,1680,0.48274490237236023
20170609_FIRE_sm-n-mobo-c,1740,0.5636239051818848
20170609_FIRE_sm-n-mobo-c,1800,0.6341801285743713
20170609_FIRE_sm-n-mobo-c,1860,0.5319402813911438
20170609_FIRE_sm-n-mobo-c,1920,0.695253312587738
20170609_FIRE_sm-n-mobo-c,1980,0.7077294588088989
20170609_FIRE_sm-n-mobo-c,2040,0.7380338907241821
20170609_FIRE_sm-n-mobo-c,2100,0.7414383292198181
20170609_FIRE_sm-n-mobo-c,2160,0.7824666500091553
20170609_FIRE_sm-n-mobo-c,2220,0.5408831238746643
20170609_FIRE_sm-n-mobo-c,2280,0.4997141659259796
20170609_FIRE_sm-n-mobo-c,2340,0.2952204942703247
20170609_FIRE_sm-n-mobo-c,2400,0.40931591391563416
20170613_FIRE_bh-w-mobo-c,-2400,0.0012999597238376737
20170613_FIRE_bh-w-mobo-c,-2340,0.001727457856759429
20170613_FIRE_bh-w-mobo-c,-2280,0.001409139484167099
20170613_FIRE_bh-w-mobo-c,-2220,0.0
20170613_FIRE_bh-w-mobo-c,-2160,0.0
20170613_FIRE_bh-w-mobo-c,-2100,0.0
20170613_FIRE_bh-w-mobo-c,-2040,0.0011516408994793892
20170613_FIRE_bh-w-mobo-c,-1980,0.0012028069468215108
20170613_FIRE_bh-w-mobo-c,-1920,0.0015339566161856055
20170613_FIRE_bh-w-mobo-c,-1860,0.0
20170613_FIRE_bh-w-mobo-c,-1800,0.0
20170613_FIRE_bh-w-mobo-c,-1740,0.0
20170613_FIRE_bh-w-mobo-c,-1680,0.0
20170613_FIRE_bh-w-mobo-c,-1620,0.0
20170613_FIRE_bh-w-mobo-c,-1560,0.001721925218589604
20170613_FIRE_bh-w-mobo-c,-1500,0.0
20170613_FIRE_bh-w-mobo-c,-1440,0.0
20170613_FIRE_bh-w-mobo-c,-1380,0.0
20170613_FIRE_bh-w-mobo-c,-1320,0.0
20170613_FIRE_bh-w-mobo-c,-1260,0.0
20170613_FIRE_bh-w-mobo-c,-1200,0.0
20170613_FIRE_bh-w-mobo-c,-1140,0.0017819019267335534
20170613_FIRE_bh-w-mobo-c,-1080,0.0
20170613_FIRE_bh-w-mobo-c,-1020,0.0
20170613_FIRE_bh-w-mobo-c,-960,0.0
20170613_FIRE_bh-w-mobo-c,-900,0.001181074883788824
20170613_FIRE_bh-w-mobo-c,-840,0.0
20170613_FIRE_bh-w-mobo-c,-780,0.0
20170613_FIRE_bh-w-mobo-c,-720,0.0
20170613_FIRE_bh-w-mobo-c,-660,0.0
20170613_FIRE_bh-w-mobo-c,-600,0.0
20170613_FIRE_bh-w-mobo-c,-540,0.0
20170613_FIRE_bh-w-mobo-c,-480,0.0015187786193564534
20170613_FIRE_bh-w-mobo-c,-420,0.0
20170613_FIRE_bh-w-mobo-c,-360,0.0020699547603726387
20170613_FIRE_bh-w-mobo-c,-300,0.0
20170613_FIRE_bh-w-mobo-c,-240,0.001401967485435307
20170613_FIRE_bh-w-mobo-c,-180,0.0026907874271273613
20170613_FIRE_bh-w-mobo-c,-120,0.0020291602704674006
20170613_FIRE_bh-w-mobo-c,-60,0.001547452760860324
20170613_FIRE_bh-w-mobo-c,0,0.001868611667305231
20170613_FIRE_bh-w-mobo-c,60,0.001335853710770607
20170613_FIRE_bh-w-mobo-c,120,0.0018051551887765527
20170613_FIRE_bh-w-mobo-c,180,0.0013480675406754017
20170613_FIRE_bh-w-mobo-c,240,0.0014931265031918883
20170613_FIRE_bh-w-mobo-c,300,0.0011683322954922915
20170613_FIRE_bh-w-mobo-c,360,0.07083798199892044
20170613_FIRE_bh-w-mobo-c,420,0.2791173756122589
20170613_FIRE_bh-w-mobo-c,480,0.3839947581291199
20170613_FIRE_bh-w-mobo-c,540,0.226023331284523
20170613_FIRE_bh-w-mobo-c,600,0.4304623007774353
20170613_FIRE_bh-w-mobo-c,660,0.19590893387794495
20170613_FIRE_bh-w-mobo-c,720,0.1075122132897377
20170613_FIRE_bh-w-mobo-c,780,0.0015696079935878515
20170613_FIRE_bh-w-mobo-c,840,0.010178657248616219
20170613_FIRE_bh-w-mobo-c,900,0.02685648947954178
20170613_FIRE_bh-w-mobo-c,960,0.023621585220098495
20170613_FIRE_bh-w-mobo-c,1020,0.00196712464094162
20170613_FIRE_bh-w-mobo-c,1080,0.0077780187129974365
20170613_FIRE_bh-w-mobo-c,1140,0.0017396424664184451
20170613_FIRE_bh-w-mobo-c,1200,0.0
20170613_FIRE_bh-w-mobo-c,1260,0.005354225169867277
20170613_FIRE_bh-w-mobo-c,1320,0.0032805167138576508
20170613_FIRE_bh-w-mobo-c,1380,0.0014287817757576704
20170613_FIRE_bh-w-mobo-c,1440,0.0
20170613_FIRE_bh-w-mobo-c,1500,0.0
20170613_FIRE_bh-w-mobo-c,1560,0.015303509309887886
20170613_FIRE_bh-w-mobo-c,1620,0.005306478589773178
20170613_FIRE_bh-w-mobo-c,1680,0.00644834665581584
20170613_FIRE_bh-w-mobo-c,1740,0.19124078750610352
20170613_FIRE_bh-w-mobo-c,1800,0.25250932574272156
20170613_FIRE_bh-w-mobo-c,1860,0.03137405216693878
20170613_FIRE_bh-w-mobo-c,1920,0.2078273445367813
20170613_FIRE_bh-w-mobo-c,1980,0.07205808162689209
20170613_FIRE_bh-w-mobo-c,2040,0.2639034688472748
20170613_FIRE_bh-w-mobo-c,2100,0.025380747392773628
20170613_FIRE_bh-w-mobo-c,2160,0.028566189110279083
20170613_FIRE_bh-w-mobo-c,2220,0.013966310769319534
20170613_FIRE_bh-w-mobo-c,2280,0.011143982410430908
20170613_FIRE_bh-w-mobo-c,2340,0.03394940868020058
20170613_FIRE_bh-w-mobo-c,2400,0.20081713795661926
20170613_FIRE_hp-n-mobo-c,-2400,0.004758423659950495
20170613_FIRE_hp-n-mobo-c,-2340,0.003622298128902912
20170613_FIRE_hp-n-mobo-c,-2280,0.009091314859688282
20170613_FIRE_hp-n-mobo-c,-2220,0.005284872371703386
20170613_FIRE_hp-n-mobo-c,-2160,0.006952622905373573
20170613_FIRE_hp-n-mobo-c,-2100,0.003500501625239849
20170613_FIRE_hp-n-mobo-c,-2040,0.008267097175121307
20170613_FIRE_hp-n-mobo-c,-1980,0.004740774165838957
20170613_FIRE_hp-n-mobo-c,-1920,0.007010301575064659
20170613_FIRE_hp-n-mobo-c,-1860,0.00549746211618185
20170613_FIRE_hp-n-mobo-c,-1800,0.002822465030476451
20170613_FIRE_hp-n-mobo-c,-1740,0.0021835037041455507
20170613_FIRE_hp-n-mobo-c,-1680,0.004528305027633905
20170613_FIRE_hp-n-mobo-c,-1620,0.005243963096290827
20170613_FIRE_hp-n-mobo-c,-1560,0.0032265656627714634
20170613_FIRE_hp-n-mobo-c,-1500,0.003064768621698022
20170613_FIRE_hp-n-mobo-c,-1440,0.005734151694923639
20170613_FIRE_hp-n-mobo-c,-1380,0.008933769538998604
20170613_FIRE_hp-n-mobo-c,-1320,0.005639608483761549
20170613_FIRE_hp-n-mobo-c,-1260,0.004397481679916382
20170613_FIRE_hp-n-mobo-c,-1200,0.0026572642382234335
20170613_FIRE_hp-n-mobo-c,-1140,0.0016627958975732327
20170613_FIRE_hp-n-mobo-c,-1080,0.004991270136088133
20170613_FIRE_hp-n-mobo-c,-1020,0.0033362489193677902
20170613_FIRE_hp-n-mobo-c,-960,0.005190003197640181
20170613_FIRE_hp-n-mobo-c,-900,0.0026751323603093624
20170613_FIRE_hp-n-mobo-c,-840,0.010712338611483574
20170613_FIRE_hp-n-mobo-c,-780,0.006697375793009996
20170613_FIRE_hp-n-mobo-c,-720,0.006650061812251806
20170613_FIRE_hp-n-mobo-c,-660,0.0030643169302493334
20170613_FIRE_hp-n-mobo-c,-600,0.0035218284465372562
20170613_FIRE_hp-n-mobo-c,-540,0.0033398326486349106
20170613_FIRE_hp-n-mobo-c,-480,0.005519595462828875
20170613_FIRE_hp-n-mobo-c,-420,0.003793814219534397
20170613_FIRE_hp-n-mobo-c,-360,0.003496403805911541
20170613_FIRE_hp-n-mobo-c,-300,0.004548207391053438
20170613_FIRE_hp-n-mobo-c,-240,0.001292479457333684
20170613_FIRE_hp-n-mobo-c,-180,0.0020821760408580303
20170613_FIRE_hp-n-mobo-c,-120,0.003200111212208867
20170613_FIRE_hp-n-mobo-c,-60,0.005126415751874447
20170613_FIRE_hp-n-mobo-c,0,0.005666763987392187
20170613_FIRE_hp-n-mobo-c,60,0.003219125559553504
20170613_FIRE_hp-n-mobo-c,120,0.002633525524288416
20170613_FIRE_hp-n-mobo-c,180,0.00102619593963027
20170613_FIRE_hp-n-mobo-c,240,0.004487181082367897
20170613_FIRE_hp-n-mobo-c,300,0.003953371196985245
20170613_FIRE_hp-n-mobo-c,360,0.0035756768193095922
20170613_FIRE_hp-n-mobo-c,420,0.0012216124450787902
20170613_FIRE_hp-n-mobo-c,480,0.0015444726450368762
20170613_FIRE_hp-n-mobo-c,540,0.0
20170613_FIRE_hp-n-mobo-c,600,0.004690425004810095
20170613_FIRE_hp-n-mobo-c,660,0.02817326970398426
20170613_FIRE_hp-n-mobo-c,720,0.26507848501205444
20170613_FIRE_hp-n-mobo-c,780,0.3015208840370178
20170613_FIRE_hp-n-mobo-c,840,0.3872477114200592
20170613_FIRE_hp-n-mobo-c,900,0.43048596382141113
20170613_FIRE_hp-n-mobo-c,960,0.34071606397628784
20170613_FIRE_hp-n-mobo-c,1020,0.4594215750694275
20170613_FIRE_hp-n-mobo-c,1080,0.025158321484923363
20170613_FIRE_hp-n-mobo-c,1140,0.0025723185390233994
20170613_FIRE_hp-n-mobo-c,1200,0.0255205649882555
20170613_FIRE_hp-n-mobo-c,1260,0.0011171119986101985
20170613_FIRE_hp-n-mobo-c,1320,0.14549246430397034
20170613_FIRE_hp-n-mobo-c,1380,0.2077978104352951
20170613_FIRE_hp-n-mobo-c,1440,0.6174912452697754
20170613_FIRE_hp-n-mobo-c,1500,0.4097362160682678
20170613_FIRE_hp-n-mobo-c,1560,0.6831809282302856
20170613_FIRE_hp-n-mobo-c,1620,0.6759268045425415
20170613_FIRE_hp-n-mobo-c,1680,0.6258391737937927
20170613_FIRE_hp-n-mobo-c,1740,0.2923282980918884
20170613_FIRE_hp-n-mobo-c,1800,0.3486401438713074
20170613_FIRE_hp-n-mobo-c,1860,0.3687790036201477
20170613_FIRE_hp-n-mobo-c,1920,0.4740496277809143
20170613_FIRE_hp-n-mobo-c,1980,0.44475388526916504
20170613_FIRE_hp-n-mobo-c,2040,0.35437658429145813
20170613_FIRE_hp-n-mobo-c,2100,0.2297089844942093
20170613_FIRE_hp-n-mobo-c,2160,0.19584734737873077
20170613_FIRE_hp-n-mobo-c,2220,0.1429588347673416
20170613_FIRE_hp-n-mobo-c,2280,0.10642647743225098
20170613_FIRE_hp-n-mobo-c,2340,0.32008519768714905
20170613_FIRE_hp-n-mobo-c,2400,0.01118622999638319
20170625_BBM_bm-n-mobo,-2400,0.013618933036923409
20170625_BBM_bm-n-mobo,-2340,0.01745806634426117
20170625_BBM_bm-n-mobo,-2280,0.026110315695405006
20170625_BBM_bm-n-mobo,-2220,0.05886594578623772
20170625_BBM_bm-n-mobo,-2160,0.03380268067121506
20170625_BBM_bm-n-mobo,-2100,0.049444470554590225
20170625_BBM_bm-n-mobo,-2040,0.029001595452427864
20170625_BBM_bm-n-mobo,-1980,0.0644487664103508
20170625_BBM_bm-n-mobo,-1920,0.04686910659074783
20170625_BBM_bm-n-mobo,-1860,0.06543220579624176
20170625_BBM_bm-n-mobo,-1800,0.02725258655846119
20170625_BBM_bm-n-mobo,-1740,0.02404804527759552
20170625_BBM_bm-n-mobo,-1680,0.03601277619600296
20170625_BBM_bm-n-mobo,-1620,0.027018500491976738
20170625_BBM_bm-n-mobo,-1560,0.129183828830719
20170625_BBM_bm-n-mobo,-1500,0.08448486030101776
20170625_BBM_bm-n-mobo,-1440,0.07935383170843124
20170625_BBM_bm-n-mobo,-1380,0.06216244399547577
20170625_BBM_bm-n-mobo,-1320,0.11815015226602554
20170625_BBM_bm-n-mobo,-1260,0.10281918197870255
20170625_BBM_bm-n-mobo,-1200,0.030666304752230644
20170625_BBM_bm-n-mobo,-1140,0.060344211757183075
20170625_BBM_bm-n-mobo,-1080,0.12438320368528366
20170625_BBM_bm-n-mobo,-1020,0.10945393145084381
20170625_BBM_bm-n-mobo,-960,0.14162544906139374
20170625_BBM_bm-n-mobo,-900,0.07442139089107513
20170625_BBM_bm-n-mobo,-840,0.03573710098862648
20170625_BBM_bm-n-mobo,-780,0.05489702522754669
20170625_BBM_bm-n-mobo,-720,0.10065360367298126
20170625_BBM_bm-n-mobo,-660,0.027239305898547173
20170625_BBM_bm-n-mobo,-600,0.059458669275045395
20170625_BBM_bm-n-mobo,-540,0.10043178498744965
20170625_BBM_bm-n-mobo,-480,0.05197601765394211
20170625_BBM_bm-n-mobo,-420,0.031844738870859146
20170625_BBM_bm-n-mobo,-360,0.03640151396393776
20170625_BBM_bm-n-mobo,-300,0.052661992609500885
20170625_BBM_bm-n-mobo,-240,0.03789249435067177
20170625_BBM_bm-n-mobo,-180,0.052390702068805695
20170625_BBM_bm-n-mobo,-120,0.016747569665312767
20170625_BBM_bm-n-mobo,-60,0.06473653018474579
20170625_BBM_bm-n-mobo,0,0.04655497893691063
20170625_BBM_bm-n-mobo,60,0.01667334884405136
20170625_BBM_bm-n-mobo,120,0.07360709458589554
20170625_BBM_bm-n-mobo,180,0.0440983772277832
20170625_BBM_bm-n-mobo,240,0.03950114920735359
20170625_BBM_bm-n-mobo,300,0.08246252685785294
20170625_BBM_bm-n-mobo,360,0.02051149681210518
20170625_BBM_bm-n-mobo,420,0.0036624972708523273
20170625_BBM_bm-n-mobo,480,0.4723004102706909
20170625_BBM_bm-n-mobo,540,0.3069973587989807
20170625_BBM_bm-n-mobo,600,0.02999833971261978
20170625_BBM_bm-n-mobo,660,0.4353603720664978
20170625_BBM_bm-n-mobo,720,0.4159483313560486
20170625_BBM_bm-n-mobo,780,0.06732922047376633
20170625_BBM_bm-n-mobo,840,0.5244261622428894
20170625_BBM_bm-n-mobo,900,0.4532041847705841
20170625_BBM_bm-n-mobo,960,0.6123793125152588
20170625_BBM_bm-n-mobo,1020,0.5750212073326111
20170625_BBM_bm-n-mobo,1080,0.08624137192964554
20170625_BBM_bm-n-mobo,1140,0.4224887192249298
20170625_BBM_bm-n-mobo,1200,0.2772909998893738
20170625_BBM_bm-n-mobo,1260,0.6461542248725891
20170625_BBM_bm-n-mobo,1320,0.5739980340003967
20170625_BBM_bm-n-mobo,1380,0.33486273884773254
20170625_BBM_bm-n-mobo,1440,0.4456130564212799
20170625_BBM_bm-n-mobo,1500,0.6518300771713257
20170625_BBM_bm-n-mobo,1560,0.4680147171020508
20170625_BBM_bm-n-mobo,1620,0.822032630443573
20170625_BBM_bm-n-mobo,1680,0.6969152092933655
20170625_BBM_bm-n-mobo,1740,0.8256115317344666
20170625_BBM_bm-n-mobo,1800,0.528832733631134
20170625_BBM_bm-n-mobo,1860,0.7753464579582214
20170625_BBM_bm-n-mobo,1920,0.6576954126358032
20170625_BBM_bm-n-mobo,1980,0.8484069108963013
20170625_BBM_bm-n-mobo,2040,0.8394266366958618
20170625_BBM_bm-n-mobo,2100,0.6300368309020996
20170625_BBM_bm-n-mobo,2160,0.6430732607841492
20170625_BBM_bm-n-mobo,2220,0.6763110160827637
20170625_BBM_bm-n-mobo,2280,0.5556973218917847
20170625_BBM_bm-n-mobo,2340,0.5527359843254089
20170625_BBM_bm-n-mobo,2400,0.7205107808113098
20170625_FIRE_mg-s-iqeye,-2400,0.471404492855072
20170625_FIRE_mg-s-iqeye,-2340,0.35655146837234497
20170625_FIRE_mg-s-iqeye,-2280,0.4804542362689972
20170625_FIRE_mg-s-iqeye,-2220,0.4247916638851166
20170625_FIRE_mg-s-iqeye,-2160,0.40273553133010864
20170625_FIRE_mg-s-iqeye,-2100,0.33329179883003235
20170625_FIRE_mg-s-iqeye,-2040,0.43294861912727356
20170625_FIRE_mg-s-iqeye,-1980,0.3946300446987152
20170625_FIRE_mg-s-iqeye,-1920,0.4590596556663513
20170625_FIRE_mg-s-iqeye,-1860,0.33440977334976196
20170625_FIRE_mg-s-iqeye,-1800,0.367256224155426
20170625_FIRE_mg-s-iqeye,-1740,0.19613973796367645
20170625_FIRE_mg-s-iqeye,-1680,0.2745265066623688
20170625_FIRE_mg-s-iqeye,-1620,0.3544725477695465
20170625_FIRE_mg-s-iqeye,-1560,0.3344227373600006
20170625_FIRE_mg-s-iqeye,-1500,0.24192583560943604
20170625_FIRE_mg-s-iqeye,-1440,0.24803948402404785
20170625_FIRE_mg-s-iqeye,-1380,0.4179936647415161
20170625_FIRE_mg-s-iqeye,-1320,0.3947523832321167
20170625_FIRE_mg-s-iqeye,-1260,0.4210672676563263
20170625_FIRE_mg-s-iqeye,-1200,0.3294624388217926
20170625_FIRE_mg-s-iqeye,-1140,0.32337310910224915
20170625_FIRE_mg-s-iqeye,-1080,0.4158202111721039
20170625_FIRE_mg-s-iqeye,-1020,0.3172796666622162
20170625_FIRE_mg-s-iqeye,-960,0.3340228199958801
20170625_FIRE_mg-s-iqeye,-900,0.28913694620132446
20170625_FIRE_mg-s-iqeye,-840,0.4636552333831787
20170625_FIRE_mg-s-iqeye,-780,0.44628867506980896
20170625_FIRE_mg-s-iqeye,-720,0.3799746632575989
20170625_FIRE_mg-s-iqeye,-660,0.3682916462421417
20170625_FIRE_mg-s-iqeye,-600,0.41093114018440247
20170625_FIRE_mg-s-iqeye,-540,0.36880192160606384
20170625_FIRE_mg-s-iqeye,-480,0.29476115107536316
20170625_FIRE_mg-s-iqeye,-420,0.3806251585483551
20170625_FIRE_mg-s-iqeye,-360,0.35909968614578247
20170625_FIRE_mg-s-iqeye,-300,0.358291357755661
20170625_FIRE_mg-s-iqeye,-240,0.4048023521900177
20170625_FIRE_mg-s-iqeye,-180,0.35591980814933777
20170625_FIRE_mg-s-iqeye,-120,0.3898761570453644
20170625_FIRE_mg-s-iqeye,-60,0.3136475682258606
20170625_FIRE_mg-s-iqeye,0,0.2788205146789551
20170625_FIRE_mg-s-iqeye,60,0.3977152407169342
20170625_FIRE_mg-s-iqeye,120,0.4624640643596649
20170625_FIRE_mg-s-iqeye,180,0.30986475944519043
20170625_FIRE_mg-s-iqeye,240,0.28773385286331177
20170625_FIRE_mg-s-iqeye,300,0.36001044511795044
20170625_FIRE_mg-s-iqeye,360,0.29373636841773987
20170625_FIRE_mg-s-iqeye,420,0.3478128910064697
20170625_FIRE_mg-s-iqeye,480,0.31900399923324585
20170625_FIRE_mg-s-iqeye,540,0.3945803642272949
20170625_FIRE_mg-s-iqeye,600,0.48530322313308716
20170625_FIRE_mg-s-iqeye,660,0.44934800267219543
20170625_FIRE_mg-s-iqeye,720,0.35088464617729187
20170625_FIRE_mg-s-iqeye,780,0.4167099893093109
20170625_FIRE_mg-s-iqeye,840,0.3906826376914978
20170625_FIRE_mg-s-iqeye,900,0.3400097191333771
20170625_FIRE_mg-s-iqeye,960,0.37647268176078796
20170625_FIRE_mg-s-iqeye,1020,0.442605197429657
20170625_FIRE_mg-s-iqeye,1080,0.36645644903182983
20170625_FIRE_mg-s-iqeye,1140,0.3364041745662689
20170625_FIRE_mg-s-iqeye,1200,0.40323111414909363
20170625_FIRE_mg-s-iqeye,1260,0.7764908075332642
20170625_FIRE_mg-s-iqeye,1320,0.5826703310012817
20170625_FIRE_mg-s-iqeye,1380,0.4373684227466583
20170625_FIRE_mg-s-iqeye,1440,0.5459603667259216
20170625_FIRE_mg-s-iqeye,1500,0.3003365695476532
20170625_FIRE_mg-s-iqeye,1560,0.5950023531913757
20170625_FIRE_mg-s-iqeye,1620,0.6114521622657776
20170625_FIRE_mg-s-iqeye,1680,0.4158768653869629
20170625_FIRE_mg-s-iqeye,1740,0.7326187491416931
20170625_FIRE_mg-s-iqeye,1800,0.76837557554245
20170625_FIRE_mg-s-iqeye,1860,0.31587326526641846
20170625_FIRE_mg-s-iqeye,1920,0.7778062224388123
20170625_FIRE_mg-s-iqeye,1980,0.7593355774879456
20170625_FIRE_mg-s-iqeye,2040,0.7165354490280151
20170625_FIRE_mg-s-iqeye,2100,0.6669805645942688
20170625_FIRE_mg-s-iqeye,2160,0.6313555836677551
20170625_FIRE_mg-s-iqeye,2220,0.6718075275421143
20170625_FIRE_mg-s-iqeye,2280,0.641817033290863
20170625_FIRE_mg-s-iqeye,2340,0.2585894763469696
20170625_FIRE_mg-s-iqeye,2400,0.6264750361442566
20170627_FIRE_lp-n-iqeye,-2400,0.021102890372276306
20170627_FIRE_lp-n-iqeye,-2340,0.029057132080197334
20170627_FIRE_lp-n-iqeye,-2280,0.02150369994342327
20170627_FIRE_lp-n-iqeye,-2220,0.016517918556928635
20170627_FIRE_lp-n-iqeye,-2160,0.02039279229938984
20170627_FIRE_lp-n-iqeye,-2100,0.02591758966445923
20170627_FIRE_lp-n-iqeye,-2040,0.030436813831329346
20170627_FIRE_lp-n-iqeye,-1980,0.03322383761405945
20170627_FIRE_lp-n-iqeye,-1920,0.024860436096787453
20170627_FIRE_lp-n-iqeye,-1860,0.09368075430393219
20170627_FIRE_lp-n-iqeye,-1800,0.21758200228214264
20170627_FIRE_lp-n-iqeye,-1740,0.0662502571940422
20170627_FIRE_lp-n-iqeye,-1680,0.03671858087182045
20170627_FIRE_lp-n-iqeye,-1620,0.36936405301094055
20170627_FIRE_lp-n-iqeye,-1560,0.17231856286525726
20170627_FIRE_lp-n-iqeye,-1500,0.13075415790081024
20170627_FIRE_lp-n-iqeye,-1440,0.40195611119270325
20170627_FIRE_lp-n-iqeye,-1380,0.2948318123817444
20170627_FIRE_lp-n-iqeye,-1320,0.4588308036327362
20170627_FIRE_lp-n-iqeye,-1260,0.34853437542915344
20170627_FIRE_lp-n-iqeye,-1200,0.23303034901618958
20170627_FIRE_lp-n-iqeye,-1140,0.10207616537809372
20170627_FIRE_lp-n-iqeye,-1080,0.3783990740776062
20170627_FIRE_lp-n-iqeye,-1020,0.45435935258865356
20170627_FIRE_lp-n-iqeye,-960,0.3899323642253876
20170627_FIRE_lp-n-iqeye,-900,0.3582266569137573
20170627_FIRE_lp-n-iqeye,-840,0.32599297165870667
20170627_FIRE_lp-n-iqeye,-780,0.3262828588485718
20170627_FIRE_lp-n-iqeye,-720,0.21597230434417725
20170627_FIRE_lp-n-iqeye,-660,0.5077798962593079
20170627_FIRE_lp-n-iqeye,-600,0.4674335718154907
20170627_FIRE_lp-n-iqeye,-540,0.2874417006969452
20170627_FIRE_lp-n-iqeye,-480,0.2000790536403656
20170627_FIRE_lp-n-iqeye,-420,0.3010472059249878
20170627_FIRE_lp-n-iqeye,-360,0.3465211093425751
20170627_FIRE_lp-n-iqeye,-300,0.5169615149497986
20170627_FIRE_lp-n-iqeye,-240,0.18530552089214325
20170627_FIRE_lp-n-iqeye,-180,0.33448222279548645
20170627_FIRE_lp-n-iqeye,-120,0.2645956575870514
20170627_FIRE_lp-n-iqeye,-60,0.11702420562505722
20170627_FIRE_lp-n-iqeye,0,0.1602431982755661
20170627_FIRE_lp-n-iqeye,60,0.36092424392700195
20170627_FIRE_lp-n-iqeye,120,0.05558689311146736
20170627_FIRE_lp-n-iqeye,180,0.11987403780221939
20170627_FIRE_lp-n-iqeye,240,0.07131046056747437
20170627_FIRE_lp-n-iqeye,300,0.13775791227817535
20170627_FIRE_lp-n-iqeye,360,0.05799295753240585
20170627_FIRE_lp-n-iqeye,420,0.07218493521213531
20170627_FIRE_lp-n-iqeye,480,0.12278664857149124
20170627_FIRE_lp-n-iqeye,540,0.2625595033168793
20170627_FIRE_lp-n-iqeye,600,0.07282489538192749
20170627_FIRE_lp-n-iqeye,660,0.1001538410782814
20170627_FIRE_lp-n-iqeye,720,0.055185310542583466
20170627_FIRE_lp-n-iqeye,780,0.10612479597330093
20170627_FIRE_lp-n-iqeye,840,0.08648143708705902
20170627_FIRE_lp-n-iqeye,900,0.08924628794193268
20170627_FIRE_lp-n-iqeye,960,0.13813816010951996
20170627_FIRE_lp-n-iqeye,1020,0.0697929635643959
20170627_FIRE_lp-n-iqeye,1080,0.048223648220300674
20170627_FIRE_lp-n-iqeye,1140,0.1796250343322754
20170627_FIRE_lp-n-iqeye,1200,0.11931797116994858
20170627_FIRE_lp-n-iqeye,1260,0.1418015956878662
20170627_FIRE_lp-n-iqeye,1320,0.12040164321660995
20170627_FIRE_lp-n-iqeye,1380,0.11181704699993134
20170627_FIRE_lp-n-iqeye,1440,0.09546437859535217
20170627_FIRE_lp-n-iqeye,1500,0.10648798197507858
20170627_FIRE_lp-n-iqeye,1560,0.08658657968044281
20170627_FIRE_lp-n-iqeye,1620,0.062245529145002365
20170627_FIRE_lp-n-iqeye,1680,0.09789303690195084
20170627_FIRE_lp-n-iqeye,1740,0.0711173489689827
20170627_FIRE_lp-n-iqeye,1800,0.07487931847572327
20170627_FIRE_lp-n-iqeye,1860,0.18019026517868042
20170627_FIRE_lp-n-iqeye,1920,0.11471451073884964
20170627_FIRE_lp-n-iqeye,1980,0.06352464109659195
20170627_FIRE_lp-n-iqeye,2040,0.14780227839946747
20170627_FIRE_lp-n-iqeye,2100,0.12629002332687378
20170627_FIRE_lp-n-iqeye,2160,0.16361482441425323
20170627_FIRE_lp-n-iqeye,2220,0.1389644742012024
20170627_FIRE_lp-n-iqeye,2280,0.07312838733196259
20170627_FIRE_lp-n-iqeye,2340,0.16577240824699402
20170627_FIRE_lp-n-iqeye,2400,0.16296009719371796
20170627_FIRE_om-e-mobo-c,-2400,0.10287074744701385
20170627_FIRE_om-e-mobo-c,-2340,0.13906481862068176
20170627_FIRE_om-e-mobo-c,-2280,0.23282946646213531
20170627_FIRE_om-e-mobo-c,-2220,0.277180939912796
20170627_FIRE_om-e-mobo-c,-2160,0.3660725951194763
20170627_FIRE_om-e-mobo-c,-2100,0.2868582010269165
20170627_FIRE_om-e-mobo-c,-2040,0.4004557728767395
20170627_FIRE_om-e-mobo-c,-1980,0.30908286571502686
20170627_FIRE_om-e-mobo-c,-1920,0.25494593381881714
20170627_FIRE_om-e-mobo-c,-1860,0.21748940646648407
20170627_FIRE_om-e-mobo-c,-1800,0.2884197235107422
20170627_FIRE_om-e-mobo-c,-1740,0.250099241733551
20170627_FIRE_om-e-mobo-c,-1680,0.20627589523792267
20170627_FIRE_om-e-mobo-c,-1620,0.22134828567504883
20170627_FIRE_om-e-mobo-c,-1560,0.2179071307182312
20170627_FIRE_om-e-mobo-c,-1500,0.3407575190067291
20170627_FIRE_om-e-mobo-c,-1440,0.25609537959098816
20170627_FIRE_om-e-mobo-c,-1380,0.19196517765522003
20170627_FIRE_om-e-mobo-c,-1320,0.4897782802581787
20170627_FIRE_om-e-mobo-c,-1260,0.4701610505580902
20170627_FIRE_om-e-mobo-c,-1200,0.3799467384815216
20170627_FIRE_om-e-mobo-c,-1140,0.43222787976264954
20170627_FIRE_om-e-mobo-c,-1080,0.42511117458343506
20170627_FIRE_om-e-mobo-c,-1020,0.2925380766391754
20170627_FIRE_om-e-mobo-c,-960,0.2739412784576416
20170627_FIRE_om-e-mobo-c,-900,0.2831190526485443
20170627_FIRE_om-e-mobo-c,-840,0.23461346328258514
20170627_FIRE_om-e-mobo-c,-780,0.2331496775150299
20170627_FIRE_om-e-mobo-c,-720,0.1571783572435379
20170627_FIRE_om-e-mobo-c,-660,0.018384484574198723
20170627_FIRE_om-e-mobo-c,-600,0.012905399315059185
20170627_FIRE_om-e-mobo-c,-540,0.011218073777854443
20170627_FIRE_om-e-mobo-c,-480,0.0060153198428452015
20170627_FIRE_om-e-mobo-c,-420,0.002451283158734441
20170627_FIRE_om-e-mobo-c,-360,0.007592164911329746
20170627_FIRE_om-e-mobo-c,-300,0.00455677742138505
20170627_FIRE_om-e-mobo-c,-240,0.003375826170668006
20170627_FIRE_om-e-mobo-c,-180,0.002594880061224103
20170627_FIRE_om-e-mobo-c,-120,0.002029391936957836
20170627_FIRE_om-e-mobo-c,-60,0.003551803296431899
20170627_FIRE_om-e-mobo-c,0,0.1969100385904312
20170627_FIRE_om-e-mobo-c,60,0.3096451461315155
20170627_FIRE_om-e-mobo-c,120,0.5782580375671387
20170627_FIRE_om-e-mobo-c,180,0.5206043720245361
20170627_FIRE_om-e-mobo-c,240,0.3092502951622009
20170627_FIRE_om-e-mobo-c,300,0.053060878068208694
20170627_FIRE_om-e-mobo-c,360,0.03851200267672539
20170627_FIRE_om-e-mobo-c,420,0.008063429035246372
20170627_FIRE_om-e-mobo-c,480,0.23153674602508545
20170627_FIRE_om-e-mobo-c,540,0.4700850248336792
20170627_FIRE_om-e-mobo-c,600,0.6004525423049927
20170627_FIRE_om-e-mobo-c,660,0.5497305393218994
20170627_FIRE_om-e-mobo-c,720,0.6425692439079285
20170627_FIRE_om-e-mobo-c,780,0.6513198018074036
20170627_FIRE_om-e-mobo-c,840,0.579272449016571
20170627_FIRE_om-e-mobo-c,900,0.514836311340332
20170627_FIRE_om-e-mobo-c,960,0.3573814332485199
20170627_FIRE_om-e-mobo-c,1020,0.41936972737312317
20170627_FIRE_om-e-mobo-c,1080,0.43360647559165955
20170627_FIRE_om-e-mobo-c,1140,0.25286436080932617
20170627_FIRE_om-e-mobo-c,1200,0.47351905703544617
20170627_FIRE_om-e-mobo-c,1260,0.36194345355033875
20170627_FIRE_om-e-mobo-c,1320,0.3211962878704071
20170627_FIRE_om-e-mobo-c,1380,0.2717503309249878
20170627_FIRE_om-e-mobo-c,1440,0.21381153166294098
20170627_FIRE_om-e-mobo-c,1500,0.12462613731622696
20170627_FIRE_om-e-mobo-c,1560,0.058588068932294846
20170627_FIRE_om-e-mobo-c,1620,0.15392300486564636
20170627_FIRE_om-e-mobo-c,1680,0.19651664793491364
20170627_FIRE_om-e-mobo-c,1740,0.02846749685704708
20170627_FIRE_om-e-mobo-c,1800,0.0018544691847637296
20170627_FIRE_om-e-mobo-c,1860,0.0033887557219713926
20170627_FIRE_om-e-mobo-c,1920,0.0059941960498690605
20170627_FIRE_om-e-mobo-c,1980,0.008775105699896812
20170627_FIRE_om-e-mobo-c,2040,0.08701625466346741
20170627_FIRE_om-e-mobo-c,2100,0.0547838993370533
20170627_FIRE_om-e-mobo-c,2160,0.19010522961616516
20170627_FIRE_om-e-mobo-c,2220,0.14126747846603394
20170627_FIRE_om-e-mobo-c,2280,0.18643879890441895
20170627_FIRE_om-e-mobo-c,2340,0.1381632685661316
20170627_FIRE_om-e-mobo-c,2400,0.1004948690533638
20170708_Whittier_syp-n-mobo-c,-2400,0.05427516624331474
20170708_Whittier_syp-n-mobo-c,-2340,0.05575331300497055
20170708_Whittier_syp-n-mobo-c,-2280,0.030976716428995132
20170708_Whittier_syp-n-mobo-c,-2220,0.03935191035270691
20170708_Whittier_syp-n-mobo-c,-2160,0.011541268788278103
20170708_Whittier_syp-n-mobo-c,-2100,0.01800132542848587
20170708_Whittier_syp-n-mobo-c,-2040,0.013496758416295052
20170708_Whittier_syp-n-mobo-c,-1980,0.03584854304790497
20170708_Whittier_syp-n-mobo-c,-1920,0.020863808691501617
20170708_Whittier_syp-n-mobo-c,-1860,0.01739252544939518
20170708_Whittier_syp-n-mobo-c,-1800,0.042653102427721024
20170708_Whittier_syp-n-mobo-c,-1740,0.030300382524728775
20170708_Whittier_syp-n-mobo-c,-1680,0.023899851366877556
20170708_Whittier_syp-n-mobo-c,-1620,0.02883998677134514
20170708_Whittier_syp-n-mobo-c,-1560,0.04799415171146393
20170708_Whittier_syp-n-mobo-c,-1500,0.03168700635433197
20170708_Whittier_syp-n-mobo-c,-1440,0.02715231105685234
20170708_Whittier_syp-n-mobo-c,-1380,0.026380594819784164
20170708_Whittier_syp-n-mobo-c,-1320,0.013418056070804596
20170708_Whittier_syp-n-mobo-c,-1260,0.027195319533348083
20170708_Whittier_syp-n-mobo-c,-1200,0.018620755523443222
20170708_Whittier_syp-n-mobo-c,-1140,0.027327433228492737
20170708_Whittier_syp-n-mobo-c,-1080,0.025151830166578293
20170708_Whittier_syp-n-mobo-c,-1020,0.02978290431201458
20170708_Whittier_syp-n-mobo-c,-960,0.01978851668536663
20170708_Whittier_syp-n-mobo-c,-900,0.027227770537137985
20170708_Whittier_syp-n-mobo-c,-840,0.011130553670227528
20170708_Whittier_syp-n-mobo-c,-780,0.03329549729824066
20170708_Whittier_syp-n-mobo-c,-720,0.01535830833017826
20170708_Whittier_syp-n-mobo-c,-660,0.023211905732750893
20170708_Whittier_syp-n-mobo-c,-600,0.026321062818169594
20170708_Whittier_syp-n-mobo-c,-540,0.014235601760447025
20170708_Whittier_syp-n-mobo-c,-480,0.014509250409901142
20170708_Whittier_syp-n-mobo-c,-420,0.011127137579023838
20170708_Whittier_syp-n-mobo-c,-360,0.014419113285839558
20170708_Whittier_syp-n-mobo-c,-300,0.01614878885447979
20170708_Whittier_syp-n-mobo-c,-240,0.013737629167735577
20170708_Whittier_syp-n-mobo-c,-180,0.011619859375059605
20170708_Whittier_syp-n-mobo-c,-120,0.013813294470310211
20170708_Whittier_syp-n-mobo-c,-60,0.010081317275762558
20170708_Whittier_syp-n-mobo-c,0,0.017473958432674408
20170708_Whittier_syp-n-mobo-c,60,0.00794571079313755
20170708_Whittier_syp-n-mobo-c,120,0.007985293865203857
20170708_Whittier_syp-n-mobo-c,180,0.007794972974807024
20170708_Whittier_syp-n-mobo-c,240,0.5865330100059509
20170708_Whittier_syp-n-mobo-c,300,0.7450215220451355
20170708_Whittier_syp-n-mobo-c,360,0.7088251113891602
20170708_Whittier_syp-n-mobo-c,420,0.8899528980255127
20170708_Whittier_syp-n-mobo-c,480,0.884320080280304
20170708_Whittier_syp-n-mobo-c,540,0.8894734382629395
20170708_Whittier_syp-n-mobo-c,600,0.9111788868904114
20170708_Whittier_syp-n-mobo-c,660,0.8879367113113403
20170708_Whittier_syp-n-mobo-c,720,0.8690686821937561
20170708_Whittier_syp-n-mobo-c,780,0.7211440205574036
20170708_Whittier_syp-n-mobo-c,840,0.593136727809906
20170708_Whittier_syp-n-mobo-c,900,0.8324309587478638
20170708_Whittier_syp-n-mobo-c,960,0.730549156665802
20170708_Whittier_syp-n-mobo-c,1020,0.728347897529602
20170708_Whittier_syp-n-mobo-c,1080,0.48586854338645935
20170708_Whittier_syp-n-mobo-c,1140,0.8259294629096985
20170708_Whittier_syp-n-mobo-c,1200,0.8517684936523438
20170708_Whittier_syp-n-mobo-c,1260,0.7483332753181458
20170708_Whittier_syp-n-mobo-c,1320,0.7022984623908997
20170708_Whittier_syp-n-mobo-c,1380,0.7404273152351379
20170708_Whittier_syp-n-mobo-c,1440,0.8058846592903137
20170708_Whittier_syp-n-mobo-c,1500,0.6791413426399231
20170708_Whittier_syp-n-mobo-c,1560,0.7707859873771667
20170708_Whittier_syp-n-mobo-c,1620,0.7529947757720947
20170708_Whittier_syp-n-mobo-c,1680,0.4820234477519989
20170708_Whittier_syp-n-mobo-c,1740,0.560642421245575
20170708_Whittier_syp-n-mobo-c,1800,0.6295842528343201
20170708_Whittier_syp-n-mobo-c,1860,0.4149165749549866
20170708_Whittier_syp-n-mobo-c,1920,0.33676907420158386
20170708_Whittier_syp-n-mobo-c,1980,0.12095510214567184
20170708_Whittier_syp-n-mobo-c,2040,0.2219003289937973
20170708_Whittier_syp-n-mobo-c,2100,0.08945511281490326
20170708_Whittier_syp-n-mobo-c,2160,0.1432494968175888
20170708_Whittier_syp-n-mobo-c,2220,0.14282169938087463
20170708_Whittier_syp-n-mobo-c,2280,0.1848519891500473
20170708_Whittier_syp-n-mobo-c,2340,0.019664809107780457
20170708_Whittier_syp-n-mobo-c,2400,0.08903370052576065
20170708_Whittier_syp-n-mobo-m,-2399,0.02406030334532261
20170708_Whittier_syp-n-mobo-m,-2339,0.0276594627648592
20170708_Whittier_syp-n-mobo-m,-2279,0.018517890945076942
20170708_Whittier_syp-n-mobo-m,-2219,0.035666462033987045
20170708_Whittier_syp-n-mobo-m,-2159,0.01900443434715271
20170708_Whittier_syp-n-mobo-m,-2099,0.015791133046150208
20170708_Whittier_syp-n-mobo-m,-2039,0.0426487997174263
20170708_Whittier_syp-n-mobo-m,-1979,0.015352433547377586
20170708_Whittier_syp-n-mobo-m,-1919,0.032806772738695145
20170708_Whittier_syp-n-mobo-m,-1859,0.019459454342722893
20170708_Whittier_syp-n-mobo-m,-1799,0.025793250650167465
20170708_Whittier_syp-n-mobo-m,-1739,0.02075793966650963
20170708_Whittier_syp-n-mobo-m,-1679,0.03159037232398987
20170708_Whittier_syp-n-mobo-m,-1619,0.013609929010272026
20170708_Whittier_syp-n-mobo-m,-1559,0.0338556207716465
20170708_Whittier_syp-n-mobo-m,-1499,0.02196955494582653
20170708_Whittier_syp-n-mobo-m,-1439,0.008895482867956161
20170708_Whittier_syp-n-mobo-m,-1379,0.01767466403543949
20170708_Whittier_syp-n-mobo-m,-1319,0.016315551474690437
20170708_Whittier_syp-n-mobo-m,-1259,0.011476599611341953
20170708_Whittier_syp-n-mobo-m,-1199,0.013489853590726852
20170708_Whittier_syp-n-mobo-m,-1139,0.01450648345053196
20170708_Whittier_syp-n-mobo-m,-1079,0.015248872339725494
20170708_Whittier_syp-n-mobo-m,-1019,0.00818590447306633
20170708_Whittier_syp-n-mobo-m,-959,0.013145973905920982
20170708_Whittier_syp-n-mobo-m,-899,0.014619475230574608
20170708_Whittier_syp-n-mobo-m,-839,0.009290637448430061
20170708_Whittier_syp-n-mobo-m,-779,0.016200203448534012
20170708_Whittier_syp-n-mobo-m,-719,0.015437614172697067
20170708_Whittier_syp-n-mobo-m,-659,0.018995996564626694
20170708_Whittier_syp-n-mobo-m,-599,0.012875910848379135
20170708_Whittier_syp-n-mobo-m,-539,0.012326164171099663
20170708_Whittier_syp-n-mobo-m,-479,0.014188564382493496
20170708_Whittier_syp-n-mobo-m,-419,0.011636980809271336
20170708_Whittier_syp-n-mobo-m,-359,0.01615903526544571
20170708_Whittier_syp-n-mobo-m,-299,0.023788198828697205
20170708_Whittier_syp-n-mobo-m,-239,0.02346070297062397
20170708_Whittier_syp-n-mobo-m,-179,0.023109761998057365
20170708_Whittier_syp-n-mobo-m,-119,0.016373923048377037
20170708_Whittier_syp-n-mobo-m,-59,0.013908459804952145
20170708_Whittier_syp-n-mobo-m,1,0.015643112361431122
20170708_Whittier_syp-n-mobo-m,61,0.015540920197963715
20170708_Whittier_syp-n-mobo-m,121,0.015064872801303864
20170708_Whittier_syp-n-mobo-m,181,0.018334435299038887
20170708_Whittier_syp-n-mobo-m,241,0.012202659621834755
20170708_Whittier_syp-n-mobo-m,301,0.01910199038684368
20170708_Whittier_syp-n-mobo-m,361,0.2597649395465851
20170708_Whittier_syp-n-mobo-m,421,0.25200924277305603
20170708_Whittier_syp-n-mobo-m,481,0.8796865344047546
20170708_Whittier_syp-n-mobo-m,541,0.8610568046569824
20170708_Whittier_syp-n-mobo-m,601,0.891033947467804
20170708_Whittier_syp-n-mobo-m,661,0.8286205530166626
20170708_Whittier_syp-n-mobo-m,721,0.7774266004562378
20170708_Whittier_syp-n-mobo-m,781,0.7264536023139954
20170708_Whittier_syp-n-mobo-m,841,0.7109774947166443
20170708_Whittier_syp-n-mobo-m,901,0.47367388010025024
20170708_Whittier_syp-n-mobo-m,961,0.6406141519546509
20170708_Whittier_syp-n-mobo-m,1021,0.5904121994972229
20170708_Whittier_syp-n-mobo-m,1081,0.3490280210971832
20170708_Whittier_syp-n-mobo-m,1141,0.7112176418304443
20170708_Whittier_syp-n-mobo-m,1201,0.8314377069473267
20170708_Whittier_syp-n-mobo-m,1261,0.6492375731468201
20170708_Whittier_syp-n-mobo-m,1321,0.5137535929679871
20170708_Whittier_syp-n-mobo-m,1381,0.4295380711555481
20170708_Whittier_syp-n-mobo-m,1441,0.8089690804481506
20170708_Whittier_syp-n-mobo-m,1501,0.6804187893867493
20170708_Whittier_syp-n-mobo-m,1561,0.6478816270828247
20170708_Whittier_syp-n-mobo-m,1621,0.8611876964569092
20170708_Whittier_syp-n-mobo-m,1681,0.16636872291564941
20170708_Whittier_syp-n-mobo-m,1741,0.6455534100532532
20170708_Whittier_syp-n-mobo-m,1801,0.4600309729576111
20170708_Whittier_syp-n-mobo-m,1861,0.7115086913108826
20170708_Whittier_syp-n-mobo-m,1921,0.46524927020072937
20170708_Whittier_syp-n-mobo-m,1981,0.31463801860809326
20170708_Whittier_syp-n-mobo-m,2041,0.27749526500701904
20170708_Whittier_syp-n-mobo-m,2101,0.24763014912605286
20170708_Whittier_syp-n-mobo-m,2161,0.1985846310853958
20170708_Whittier_syp-n-mobo-m,2221,0.2642795443534851
20170708_Whittier_syp-n-mobo-m,2281,0.3246966302394867
20170708_Whittier_syp-n-mobo-m,2341,0.09567869454622269
20170711_FIRE_bl-e-mobo-c,-2400,0.002876038895919919
20170711_FIRE_bl-e-mobo-c,-2340,0.003965178970247507
20170711_FIRE_bl-e-mobo-c,-2280,0.006096724420785904
20170711_FIRE_bl-e-mobo-c,-2220,0.003943602554500103
20170711_FIRE_bl-e-mobo-c,-2160,0.003645796561613679
20170711_FIRE_bl-e-mobo-c,-2100,0.004031631629914045
20170711_FIRE_bl-e-mobo-c,-2040,0.004817379638552666
20170711_FIRE_bl-e-mobo-c,-1980,0.00320106977596879
20170711_FIRE_bl-e-mobo-c,-1920,0.007274741306900978
20170711_FIRE_bl-e-mobo-c,-1860,0.025683030486106873
20170711_FIRE_bl-e-mobo-c,-1800,0.017918048426508904
20170711_FIRE_bl-e-mobo-c,-1740,0.0195030327886343
20170711_FIRE_bl-e-mobo-c,-1680,0.008903028443455696
20170711_FIRE_bl-e-mobo-c,-1620,0.02252023108303547
20170711_FIRE_bl-e-mobo-c,-1560,0.00534985912963748
20170711_FIRE_bl-e-mobo-c,-1500,0.011456754058599472
20170711_FIRE_bl-e-mobo-c,-1440,0.010328210890293121
20170711_FIRE_bl-e-mobo-c,-1380,0.00750765623524785
20170711_FIRE_bl-e-mobo-c,-1320,0.01253837812691927
20170711_FIRE_bl-e-mobo-c,-1260,0.010680746287107468
20170711_FIRE_bl-e-mobo-c,-1200,0.02535410225391388
20170711_FIRE_bl-e-mobo-c,-1140,0.01220298744738102
20170711_FIRE_bl-e-mobo-c,-1080,0.010749046690762043
20170711_FIRE_bl-e-mobo-c,-1020,0.01273553166538477
20170711_FIRE_bl-e-mobo-c,-960,0.010172830894589424
20170711_FIRE_bl-e-mobo-c,-900,0.005132090300321579
20170711_FIRE_bl-e-mobo-c,-840,0.004139892756938934
20170711_FIRE_bl-e-mobo-c,-780,0.011416793800890446
20170711_FIRE_bl-e-mobo-c,-720,0.011406767182052135
20170711_FIRE_bl-e-mobo-c,-660,0.13653439283370972
20170711_FIRE_bl-e-mobo-c,-600,0.16780342161655426
20170711_FIRE_bl-e-mobo-c,-540,0.10704919695854187
20170711_FIRE_bl-e-mobo-c,-480,0.04440582916140556
20170711_FIRE_bl-e-mobo-c,-420,0.05763907730579376
20170711_FIRE_bl-e-mobo-c,-360,0.08802461624145508
20170711_FIRE_bl-e-mobo-c,-300,0.04145461693406105
20170711_FIRE_bl-e-mobo-c,-240,0.038342539221048355
20170711_FIRE_bl-e-mobo-c,-180,0.07407979667186737
20170711_FIRE_bl-e-mobo-c,-120,0.11747939884662628
20170711_FIRE_bl-e-mobo-c,-60,0.10229700058698654
20170711_FIRE_bl-e-mobo-c,0,0.07463549822568893
20170711_FIRE_bl-e-mobo-c,60,0.12692682445049286
20170711_FIRE_bl-e-mobo-c,120,0.08275198191404343
20170711_FIRE_bl-e-mobo-c,180,0.13606393337249756
20170711_FIRE_bl-e-mobo-c,240,0.17807592451572418
20170711_FIRE_bl-e-mobo-c,300,0.1543733924627304
20170711_FIRE_bl-e-mobo-c,360,0.22433684766292572
20170711_FIRE_bl-e-mobo-c,420,0.1279493123292923
20170711_FIRE_bl-e-mobo-c,480,0.07262620329856873
20170711_FIRE_bl-e-mobo-c,540,0.38934382796287537
20170711_FIRE_bl-e-mobo-c,600,0.31279173493385315
20170711_FIRE_bl-e-mobo-c,660,0.2365083247423172
20170711_FIRE_bl-e-mobo-c,720,0.1973821371793747
20170711_FIRE_bl-e-mobo-c,780,0.6314942240715027
20170711_FIRE_bl-e-mobo-c,840,0.7105258703231812
20170711_FIRE_bl-e-mobo-c,900,0.699905276298523
20170711_FIRE_bl-e-mobo-c,960,0.5181041955947876
20170711_FIRE_bl-e-mobo-c,1020,0.6628834009170532
20170711_FIRE_bl-e-mobo-c,1080,0.7274818420410156
20170711_FIRE_bl-e-mobo-c,1140,0.6036990880966187
20170711_FIRE_bl-e-mobo-c,1200,0.6839246153831482
20170711_FIRE_bl-e-mobo-c,1260,0.6987632513046265
20170711_FIRE_bl-e-mobo-c,1320,0.38651013374328613
20170711_FIRE_bl-e-mobo-c,1380,0.3679210841655731
20170711_FIRE_bl-e-mobo-c,1440,0.22070899605751038
20170711_FIRE_bl-e-mobo-c,1500,0.18875053524971008
20170711_FIRE_bl-e-mobo-c,1560,0.46721306443214417
20170711_FIRE_bl-e-mobo-c,1620,0.546288013458252
20170711_FIRE_bl-e-mobo-c,1680,0.45580223202705383
20170711_FIRE_bl-e-mobo-c,1740,0.200002521276474
20170711_FIRE_bl-e-mobo-c,1800,0.39665547013282776
20170711_FIRE_bl-e-mobo-c,1860,0.6041282415390015
20170711_FIRE_bl-e-mobo-c,1920,0.3798390328884125
20170711_FIRE_bl-e-mobo-c,1980,0.4597524404525757
20170711_FIRE_bl-e-mobo-c,2040,0.26969340443611145
20170711_FIRE_bl-e-mobo-c,2100,0.49780845642089844
20170711_FIRE_bl-e-mobo-c,2160,0.3284408748149872
20170711_FIRE_bl-e-mobo-c,2220,0.22471867501735687
20170711_FIRE_bl-e-mobo-c,2280,0.41135889291763306
20170711_FIRE_bl-e-mobo-c,2340,0.5019989013671875
20170711_FIRE_bl-e-mobo-c,2400,0.2151075154542923
20170711_FIRE_bl-s-mobo-c,-2400,0.0
20170711_FIRE_bl-s-mobo-c,-2340,0.0
20170711_FIRE_bl-s-mobo-c,-2280,0.0
20170711_FIRE_bl-s-mobo-c,-2220,0.0
20170711_FIRE_bl-s-mobo-c,-2160,0.0
20170711_FIRE_bl-s-mobo-c,-2100,0.0
20170711_FIRE_bl-s-mobo-c,-2040,0.0
20170711_FIRE_bl-s-mobo-c,-1980,0.0
20170711_FIRE_bl-s-mobo-c,-1920,0.0
20170711_FIRE_bl-s-mobo-c,-1860,0.0
20170711_FIRE_bl-s-mobo-c,-1800,0.0
20170711_FIRE_bl-s-mobo-c,-1740,0.0
20170711_FIRE_bl-s-mobo-c,-1680,0.0
20170711_FIRE_bl-s-mobo-c,-1620,0.0
20170711_FIRE_bl-s-mobo-c,-1560,0.0
20170711_FIRE_bl-s-mobo-c,-1500,0.0
20170711_FIRE_bl-s-mobo-c,-1440,0.0
20170711_FIRE_bl-s-mobo-c,-1380,0.0
20170711_FIRE_bl-s-mobo-c,-1320,0.0
20170711_FIRE_bl-s-mobo-c,-1260,0.0
20170711_FIRE_bl-s-mobo-c,-1200,0.0
20170711_FIRE_bl-s-mobo-c,-1140,0.0
20170711_FIRE_bl-s-mobo-c,-1080,0.0
20170711_FIRE_bl-s-mobo-c,-1020,0.0
20170711_FIRE_bl-s-mobo-c,-960,0.0012767543084919453
20170711_FIRE_bl-s-mobo-c,-900,0.0
20170711_FIRE_bl-s-mobo-c,-840,0.0
20170711_FIRE_bl-s-mobo-c,-780,0.0
20170711_FIRE_bl-s-mobo-c,-720,0.0
20170711_FIRE_bl-s-mobo-c,-660,0.0010408121161162853
20170711_FIRE_bl-s-mobo-c,-600,0.0
20170711_FIRE_bl-s-mobo-c,-540,0.001178964041173458
20170711_FIRE_bl-s-mobo-c,-480,0.0
20170711_FIRE_bl-s-mobo-c,-420,0.0
20170711_FIRE_bl-s-mobo-c,-360,0.0
20170711_FIRE_bl-s-mobo-c,-300,0.0015822012210264802
20170711_FIRE_bl-s-mobo-c,-240,0.0
20170711_FIRE_bl-s-mobo-c,-180,0.0
20170711_FIRE_bl-s-mobo-c,-120,0.0
20170711_FIRE_bl-s-mobo-c,-60,0.0
20170711_FIRE_bl-s-mobo-c,0,0.0
20170711_FIRE_bl-s-mobo-c,60,0.0
20170711_FIRE_bl-s-mobo-c,120,0.0
20170711_FIRE_bl-s-mobo-c,180,0.0
20170711_FIRE_bl-s-mobo-c,240,0.00627939635887742
20170711_FIRE_bl-s-mobo-c,300,0.029872843995690346
20170711_FIRE_bl-s-mobo-c,360,0.003346779150888324
20170711_FIRE_bl-s-mobo-c,420,0.0632123351097107
20170711_FIRE_bl-s-mobo-c,480,0.15699076652526855
20170711_FIRE_bl-s-mobo-c,540,0.2625315189361572
20170711_FIRE_bl-s-mobo-c,600,0.24797214567661285
20170711_FIRE_bl-s-mobo-c,660,0.36387524008750916
20170711_FIRE_bl-s-mobo-c,720,0.6949693560600281
20170711_FIRE_bl-s-mobo-c,780,0.7765559554100037
20170711_FIRE_bl-s-mobo-c,840,0.7060109376907349
20170711_FIRE_bl-s-mobo-c,900,0.5826985836029053
20170711_FIRE_bl-s-mobo-c,960,0.7607141733169556
20170711_FIRE_bl-s-mobo-c,1020,0.6836763024330139
20170711_FIRE_bl-s-mobo-c,1080,0.479610800743103
20170711_FIRE_bl-s-mobo-c,1140,0.3073064386844635
20170711_FIRE_bl-s-mobo-c,1200,0.656711995601654
20170711_FIRE_bl-s-mobo-c,1260,0.18746577203273773
20170711_FIRE_bl-s-mobo-c,1320,0.06337998807430267
20170711_FIRE_bl-s-mobo-c,1380,0.5158384442329407
20170711_FIRE_bl-s-mobo-c,1440,0.2181732952594757
20170711_FIRE_bl-s-mobo-c,1500,0.48624223470687866
20170711_FIRE_bl-s-mobo-c,1560,0.15895956754684448
20170711_FIRE_bl-s-mobo-c,1620,0.04270317777991295
20170711_FIRE_bl-s-mobo-c,1680,0.18559089303016663
20170711_FIRE_bl-s-mobo-c,1740,0.1545419692993164
20170711_FIRE_bl-s-mobo-c,1800,0.42588478326797485
20170711_FIRE_bl-s-mobo-c,1860,0.37816122174263
20170711_FIRE_bl-s-mobo-c,1920,0.6324015259742737
20170711_FIRE_bl-s-mobo-c,1980,0.4097652733325958
20170711_FIRE_bl-s-mobo-c,2040,0.36296334862709045
20170711_FIRE_bl-s-mobo-c,2100,0.16506971418857574
20170711_FIRE_bl-s-mobo-c,2160,0.14062908291816711
20170711_FIRE_bl-s-mobo-c,2220,0.48849180340766907
20170711_FIRE_bl-s-mobo-c,2280,0.13360083103179932
20170711_FIRE_bl-s-mobo-c,2340,0.18193843960762024
20170711_FIRE_bl-s-mobo-c,2400,0.19244907796382904
20170711_FIRE_bm-s-mobo-c,-2400,0.41557586193084717
20170711_FIRE_bm-s-mobo-c,-2340,0.39928025007247925
20170711_FIRE_bm-s-mobo-c,-2280,0.485916405916214
20170711_FIRE_bm-s-mobo-c,-2220,0.34824374318122864
20170711_FIRE_bm-s-mobo-c,-2160,0.39204901456832886
20170711_FIRE_bm-s-mobo-c,-2100,0.41685283184051514
20170711_FIRE_bm-s-mobo-c,-2040,0.507238507270813
20170711_FIRE_bm-s-mobo-c,-1980,0.32347652316093445
20170711_FIRE_bm-s-mobo-c,-1920,0.4298483729362488
20170711_FIRE_bm-s-mobo-c,-1860,0.39749911427497864
20170711_FIRE_bm-s-mobo-c,-1800,0.33522629737854004
20170711_FIRE_bm-s-mobo-c,-1740,0.3353942334651947
20170711_FIRE_bm-s-mobo-c,-1680,0.44328901171684265
20170711_FIRE_bm-s-mobo-c,-1620,0.37378954887390137
20170711_FIRE_bm-s-mobo-c,-1560,0.47912856936454773
20170711_FIRE_bm-s-mobo-c,-1500,0.47343552112579346
20170711_FIRE_bm-s-mobo-c,-1440,0.32074782252311707
20170711_FIRE_bm-s-mobo-c,-1380,0.29843613505363464
20170711_FIRE_bm-s-mobo-c,-1320,0.39070263504981995
20170711_FIRE_bm-s-mobo-c,-1260,0.1672516018152237
20170711_FIRE_bm-s-mobo-c,-1200,0.28305238485336304
20170711_FIRE_bm-s-mobo-c,-1140,0.27905625104904175
20170711_FIRE_bm-s-mobo-c,-1080,0.3659497797489166
20170711_FIRE_bm-s-mobo-c,-1020,0.324525386095047
20170711_FIRE_bm-s-mobo-c,-960,0.4330892562866211
20170711_FIRE_bm-s-mobo-c,-900,0.4240024983882904
20170711_FIRE_bm-s-mobo-c,-840,0.4670693278312683
20170711_FIRE_bm-s-mobo-c,-780,0.49887898564338684
20170711_FIRE_bm-s-mobo-c,-720,0.4448472857475281
20170711_FIRE_bm-s-mobo-c,-660,0.527019739151001
20170711_FIRE_bm-s-mobo-c,-600,0.4674642086029053
20170711_FIRE_bm-s-mobo-c,-540,0.4619445502758026
20170711_FIRE_bm-s-mobo-c,-480,0.4470950663089752
20170711_FIRE_bm-s-mobo-c,-420,0.5250733494758606
20170711_FIRE_bm-s-mobo-c,-360,0.4831714928150177
20170711_FIRE_bm-s-mobo-c,-300,0.4847898781299591
20170711_FIRE_bm-s-mobo-c,-240,0.47510403394699097
20170711_FIRE_bm-s-mobo-c,-180,0.45341095328330994
20170711_FIRE_bm-s-mobo-c,-120,0.5277327299118042
20170711_FIRE_bm-s-mobo-c,-60,0.41300055384635925
20170711_FIRE_bm-s-mobo-c,0,0.4790876507759094
20170711_FIRE_bm-s-mobo-c,60,0.4343661665916443
20170711_FIRE_bm-s-mobo-c,120,0.44325020909309387
20170711_FIRE_bm-s-mobo-c,180,0.45086759328842163
20170711_FIRE_bm-s-mobo-c,240,0.2938007414340973
20170711_FIRE_bm-s-mobo-c,300,0.4397348165512085
20170711_FIRE_bm-s-mobo-c,360,0.5639453530311584
20170711_FIRE_bm-s-mobo-c,420,0.5715498924255371
20170711_FIRE_bm-s-mobo-c,480,0.5634503364562988
20170711_FIRE_bm-s-mobo-c,540,0.6008004546165466
20170711_FIRE_bm-s-mobo-c,600,0.5209892392158508
20170711_FIRE_bm-s-mobo-c,660,0.5634711980819702
20170711_FIRE_bm-s-mobo-c,720,0.4717341661453247
20170711_FIRE_bm-s-mobo-c,780,0.4004969000816345
20170711_FIRE_bm-s-mobo-c,840,0.3053874671459198
20170711_FIRE_bm-s-mobo-c,900,0.18551652133464813
20170711_FIRE_bm-s-mobo-c,960,0.251478910446167
20170711_FIRE_bm-s-mobo-c,1020,0.2681843936443329
20170711_FIRE_bm-s-mobo-c,1080,0.20713475346565247
20170711_FIRE_bm-s-mobo-c,1140,0.13793618977069855
20170711_FIRE_bm-s-mobo-c,1200,0.142405167222023
20170711_FIRE_bm-s-mobo-c,1260,0.11142235994338989
20170711_FIRE_bm-s-mobo-c,1320,0.09001309424638748
20170711_FIRE_bm-s-mobo-c,1380,0.14637596905231476
20170711_FIRE_sdsc-e-mobo-c,-2400,0.0030864523723721504
20170711_FIRE_sdsc-e-mobo-c,-2340,0.0034531820565462112
20170711_FIRE_sdsc-e-mobo-c,-2280,0.002307186834514141
20170711_FIRE_sdsc-e-mobo-c,-2220,0.004619217477738857
20170711_FIRE_sdsc-e-mobo-c,-2160,0.014770709909498692
20170711_FIRE_sdsc-e-mobo-c,-2100,0.0036340507213026285
20170711_FIRE_sdsc-e-mobo-c,-2040,0.0030492248479276896
20170711_FIRE_sdsc-e-mobo-c,-1980,0.002423153491690755
20170711_FIRE_sdsc-e-mobo-c,-1920,0.016692662611603737
20170711_FIRE_sdsc-e-mobo-c,-1860,0.03247741982340813
20170711_FIRE_sdsc-e-mobo-c,-1800,0.019002804532647133
20170711_FIRE_sdsc-e-mobo-c,-1740,0.008240243420004845
20170711_FIRE_sdsc-e-mobo-c,-1680,0.006735415663570166
20170711_FIRE_sdsc-e-mobo-c,-1620,0.004957355093210936
20170711_FIRE_sdsc-e-mobo-c,-1560,0.0026241501327604055
20170711_FIRE_sdsc-e-mobo-c,-1500,0.015151476487517357
20170711_FIRE_sdsc-e-mobo-c,-1440,0.005921756848692894
20170711_FIRE_sdsc-e-mobo-c,-1380,0.012605325318872929
20170711_FIRE_sdsc-e-mobo-c,-1320,0.014349273405969143
20170711_FIRE_sdsc-e-mobo-c,-1260,0.003493162337690592
20170711_FIRE_sdsc-e-mobo-c,-1200,0.007291900459676981
20170711_FIRE_sdsc-e-mobo-c,-1140,0.0099561782553792
20170711_FIRE_sdsc-e-mobo-c,-1080,0.0022816164419054985
20170711_FIRE_sdsc-e-mobo-c,-1020,0.005279746372252703
20170711_FIRE_sdsc-e-mobo-c,-960,0.0304587222635746
20170711_FIRE_sdsc-e-mobo-c,-900,0.0035013167653232813
20170711_FIRE_sdsc-e-mobo-c,-840,0.011236346326768398
20170711_FIRE_sdsc-e-mobo-c,-780,0.00980810821056366
20170711_FIRE_sdsc-e-mobo-c,-720,0.0030053372029215097
20170711_FIRE_sdsc-e-mobo-c,-660,0.011663065291941166
20170711_FIRE_sdsc-e-mobo-c,-600,0.0046575190499424934
20170711_FIRE_sdsc-e-mobo-c,-540,0.004374460782855749
20170711_FIRE_sdsc-e-mobo-c,-480,0.013136926107108593
20170711_FIRE_sdsc-e-mobo-c,-420,0.006572351790964603
20170711_FIRE_sdsc-e-mobo-c,-360,0.003177998587489128
20170711_FIRE_sdsc-e-mobo-c,-300,0.027728257700800896
20170711_FIRE_sdsc-e-mobo-c,-240,0.006011636927723885
20170711_FIRE_sdsc-e-mobo-c,-180,0.004569669719785452
20170711_FIRE_sdsc-e-mobo-c,-120,0.0042875525541603565
20170711_FIRE_sdsc-e-mobo-c,-60,0.010155742056667805
20170711_FIRE_sdsc-e-mobo-c,0,0.007130041718482971
20170711_FIRE_sdsc-e-mobo-c,60,0.009991349652409554
20170711_FIRE_sdsc-e-mobo-c,120,0.006070288363844156
20170711_FIRE_sdsc-e-mobo-c,180,0.005361403804272413
20170711_FIRE_sdsc-e-mobo-c,240,0.008931595832109451
20170711_FIRE_sdsc-e-mobo-c,300,0.005060913041234016
20170711_FIRE_sdsc-e-mobo-c,360,0.00902435090392828
20170711_FIRE_sdsc-e-mobo-c,420,0.007332840468734503
20170711_FIRE_sdsc-e-mobo-c,480,0.006268444005399942
20170711_FIRE_sdsc-e-mobo-c,540,0.009220097213983536
20170711_FIRE_sdsc-e-mobo-c,600,0.004691043868660927
20170711_FIRE_sdsc-e-mobo-c,660,0.005460214335471392
20170711_FIRE_sdsc-e-mobo-c,720,0.009264839813113213
20170711_FIRE_sdsc-e-mobo-c,780,0.006733556278049946
20170711_FIRE_sdsc-e-mobo-c,840,0.10071991384029388
20170711_FIRE_sdsc-e-mobo-c,900,0.07814512401819229
20170711_FIRE_sdsc-e-mobo-c,960,0.21360938251018524
20170711_FIRE_sdsc-e-mobo-c,1020,0.021840542554855347
20170711_FIRE_sdsc-e-mobo-c,1080,0.030922159552574158
20170711_FIRE_sdsc-e-mobo-c,1140,0.011588532477617264
20170711_FIRE_sdsc-e-mobo-c,1200,0.005835324991494417
20170711_FIRE_sdsc-e-mobo-c,1260,0.0162469781935215
20170711_FIRE_sdsc-e-mobo-c,1320,0.02264587953686714
20170711_FIRE_sdsc-e-mobo-c,1380,0.1425650417804718
20170711_FIRE_sdsc-e-mobo-c,1440,0.0869700089097023
20170711_FIRE_sdsc-e-mobo-c,1500,0.01080317609012127
20170711_FIRE_sdsc-e-mobo-c,1560,0.0068894256837666035
20170711_FIRE_sdsc-e-mobo-c,1620,0.07768503576517105
20170711_FIRE_sdsc-e-mobo-c,1680,0.05898042768239975
20170711_FIRE_sdsc-e-mobo-c,1740,0.03164646029472351
20170711_FIRE_sdsc-e-mobo-c,1800,0.012960836291313171
20170711_FIRE_sdsc-e-mobo-c,1860,0.022589674219489098
20170711_FIRE_sdsc-e-mobo-c,1920,0.01210512313991785
20170711_FIRE_sdsc-e-mobo-c,1980,0.0071119810454547405
20170711_FIRE_sdsc-e-mobo-c,2040,0.033117782324552536
20170711_FIRE_sdsc-e-mobo-c,2100,0.005514454562216997
20170711_FIRE_sdsc-e-mobo-c,2160,0.014036888256669044
20170711_FIRE_sdsc-e-mobo-c,2220,0.004121427424252033
20170711_FIRE_sdsc-e-mobo-c,2280,0.005467552691698074
20170711_FIRE_sdsc-e-mobo-c,2340,0.04002758115530014
20170711_FIRE_sdsc-e-mobo-c,2400,0.016453739255666733
20170711_FIRE_sm-n-mobo-c,-2400,0.002994794398546219
20170711_FIRE_sm-n-mobo-c,-2340,0.0020219655707478523
20170711_FIRE_sm-n-mobo-c,-2280,0.0018381874542683363
20170711_FIRE_sm-n-mobo-c,-2220,0.0017942019039765
20170711_FIRE_sm-n-mobo-c,-2160,0.0012585045769810677
20170711_FIRE_sm-n-mobo-c,-2100,0.0010002555791288614
20170711_FIRE_sm-n-mobo-c,-2040,0.0014978331746533513
20170711_FIRE_sm-n-mobo-c,-1980,0.0015077076386660337
20170711_FIRE_sm-n-mobo-c,-1920,0.0017064095009118319
20170711_FIRE_sm-n-mobo-c,-1860,0.0021273293532431126
20170711_FIRE_sm-n-mobo-c,-1800,0.0021715082693845034
20170711_FIRE_sm-n-mobo-c,-1740,0.0031333088409155607
20170711_FIRE_sm-n-mobo-c,-1680,0.00185696454718709
20170711_FIRE_sm-n-mobo-c,-1620,0.00208047847263515
20170711_FIRE_sm-n-mobo-c,-1560,0.004988755565136671
20170711_FIRE_sm-n-mobo-c,-1500,0.001450483687222004
20170711_FIRE_sm-n-mobo-c,-1440,0.006835900247097015
20170711_FIRE_sm-n-mobo-c,-1380,0.0014283511554822326
20170711_FIRE_sm-n-mobo-c,-1320,0.002035407582297921
20170711_FIRE_sm-n-mobo-c,-1260,0.0
20170711_FIRE_sm-n-mobo-c,-1200,0.0025575952604413033
20170711_FIRE_sm-n-mobo-c,-1140,0.004265282768756151
20170711_FIRE_sm-n-mobo-c,-1080,0.00202113832347095
20170711_FIRE_sm-n-mobo-c,-1020,0.0012397139798849821
20170711_FIRE_sm-n-mobo-c,-960,0.0024056723341345787
20170711_FIRE_sm-n-mobo-c,-900,0.0012746601132676005
20170711_FIRE_sm-n-mobo-c,-840,0.0012966321082785726
20170711_FIRE_sm-n-mobo-c,-780,0.0
20170711_FIRE_sm-n-mobo-c,-720,0.0
20170711_FIRE_sm-n-mobo-c,-660,0.0
20170711_FIRE_sm-n-mobo-c,-600,0.0015221729408949614
20170711_FIRE_sm-n-mobo-c,-540,0.0013184562558308244
20170711_FIRE_sm-n-mobo-c,-480,0.001170366769656539
20170711_FIRE_sm-n-mobo-c,-420,0.0
20170711_FIRE_sm-n-mobo-c,-360,0.0
20170711_FIRE_sm-n-mobo-c,-300,0.0
20170711_FIRE_sm-n-mobo-c,-240,0.0
20170711_FIRE_sm-n-mobo-c,-180,0.0011512251803651452
20170711_FIRE_sm-n-mobo-c,-120,0.00268361228518188
20170711_FIRE_sm-n-mobo-c,-60,0.0022296346724033356
20170711_FIRE_sm-n-mobo-c,0,0.0024047044571489096
20170711_FIRE_sm-n-mobo-c,60,0.015390005894005299
20170711_FIRE_sm-n-mobo-c,120,0.044995035976171494
20170711_FIRE_sm-n-mobo-c,180,0.00212922808714211
20170711_FIRE_sm-n-mobo-c,240,0.024691499769687653
20170711_FIRE_sm-n-mobo-c,300,0.37116867303848267
20170711_FIRE_sm-n-mobo-c,360,0.6949624419212341
20170711_FIRE_sm-n-mobo-c,420,0.5806914567947388
20170711_FIRE_sm-n-mobo-c,480,0.5515232682228088
20170711_FIRE_sm-n-mobo-c,540,0.6072220206260681
20170711_FIRE_sm-n-mobo-c,600,0.646129310131073
20170711_FIRE_sm-n-mobo-c,660,0.5146878361701965
20170711_FIRE_sm-n-mobo-c,720,0.33835622668266296
20170711_FIRE_sm-n-mobo-c,780,0.7135540246963501
20170711_FIRE_sm-n-mobo-c,840,0.6251358985900879
20170711_FIRE_sm-n-mobo-c,900,0.7172437310218811
20170711_FIRE_sm-n-mobo-c,960,0.4124184250831604
20170711_FIRE_sm-n-mobo-c,1020,0.4024435877799988
20170711_FIRE_sm-n-mobo-c,1080,0.30583304166793823
20170711_FIRE_sm-n-mobo-c,1140,0.5677483677864075
20170711_FIRE_sm-n-mobo-c,1200,0.5767242908477783
20170711_FIRE_sm-n-mobo-c,1260,0.5781406164169312
20170711_FIRE_sm-n-mobo-c,1320,0.5157598257064819
20170711_FIRE_sm-n-mobo-c,1380,0.38101643323898315
20170711_FIRE_sm-n-mobo-c,1440,0.45996978878974915
20170711_FIRE_sm-n-mobo-c,1500,0.5654318332672119
20170711_FIRE_sm-n-mobo-c,1560,0.39035293459892273
20170711_FIRE_sm-n-mobo-c,1620,0.4970269501209259
20170711_FIRE_sm-n-mobo-c,1680,0.3456578850746155
20170711_FIRE_sm-n-mobo-c,1740,0.19194114208221436
20170711_FIRE_sm-n-mobo-c,1800,0.07722243666648865
20170711_FIRE_sm-n-mobo-c,1860,0.44881561398506165
20170711_FIRE_sm-n-mobo-c,1920,0.7202276587486267
20170711_FIRE_sm-n-mobo-c,1980,0.7967233657836914
20170711_FIRE_sm-n-mobo-c,2040,0.6576555371284485
20170711_FIRE_sm-n-mobo-c,2100,0.30579543113708496
20170711_FIRE_sm-n-mobo-c,2160,0.3363889455795288
20170711_FIRE_sm-n-mobo-c,2220,0.4466693699359894
20170711_FIRE_sm-n-mobo-c,2280,0.07142960280179977
20170711_FIRE_sm-n-mobo-c,2340,0.1647108793258667
20170711_FIRE_sm-n-mobo-c,2400,0.3492032587528229
20170713_FIRE_smer-tcs8-mobo-c,-2400,0.0393536351621151
20170713_FIRE_smer-tcs8-mobo-c,-2340,0.04294632002711296
20170713_FIRE_smer-tcs8-mobo-c,-2280,0.044580452144145966
20170713_FIRE_smer-tcs8-mobo-c,-2220,0.040956124663352966
20170713_FIRE_smer-tcs8-mobo-c,-2160,0.0481012798845768
20170713_FIRE_smer-tcs8-mobo-c,-2100,0.048601068556308746
20170713_FIRE_smer-tcs8-mobo-c,-2040,0.04263193905353546
20170713_FIRE_smer-tcs8-mobo-c,-1980,0.0419328510761261
20170713_FIRE_smer-tcs8-mobo-c,-1920,0.03555574268102646
20170713_FIRE_smer-tcs8-mobo-c,-1860,0.04922018200159073
20170713_FIRE_smer-tcs8-mobo-c,-1800,0.04738171771168709
20170713_FIRE_smer-tcs8-mobo-c,-1740,0.050878506153821945
20170713_FIRE_smer-tcs8-mobo-c,-1680,0.055702876299619675
20170713_FIRE_smer-tcs8-mobo-c,-1620,0.04435211792588234
20170713_FIRE_smer-tcs8-mobo-c,-1560,0.054726116359233856
20170713_FIRE_smer-tcs8-mobo-c,-1500,0.05660318210721016
20170713_FIRE_smer-tcs8-mobo-c,-1440,0.04341024160385132
20170713_FIRE_smer-tcs8-mobo-c,-1380,0.04886239767074585
20170713_FIRE_smer-tcs8-mobo-c,-1320,0.04417970031499863
20170713_FIRE_smer-tcs8-mobo-c,-1260,0.04041630029678345
20170713_FIRE_smer-tcs8-mobo-c,-1200,0.03758513554930687
20170713_FIRE_smer-tcs8-mobo-c,-1140,0.04219921678304672
20170713_FIRE_smer-tcs8-mobo-c,-1080,0.029069263488054276
20170713_FIRE_smer-tcs8-mobo-c,-1020,0.05408623069524765
20170713_FIRE_smer-tcs8-mobo-c,-960,0.061797164380550385
20170713_FIRE_smer-tcs8-mobo-c,-900,0.0656820759177208
20170713_FIRE_smer-tcs8-mobo-c,-840,0.03547106683254242
20170713_FIRE_smer-tcs8-mobo-c,-780,0.02276337333023548
20170713_FIRE_smer-tcs8-mobo-c,-720,0.03025262989103794
20170713_FIRE_smer-tcs8-mobo-c,-660,0.035100921988487244
20170713_FIRE_smer-tcs8-mobo-c,-600,0.03101659007370472
20170713_FIRE_smer-tcs8-mobo-c,-540,0.02438920922577381
20170713_FIRE_smer-tcs8-mobo-c,-480,0.0283247958868742
20170713_FIRE_smer-tcs8-mobo-c,-420,0.026896262541413307
20170713_FIRE_smer-tcs8-mobo-c,-360,0.03866245225071907
20170713_FIRE_smer-tcs8-mobo-c,-300,0.025338586419820786
20170713_FIRE_smer-tcs8-mobo-c,-240,0.02852516993880272
20170713_FIRE_smer-tcs8-mobo-c,-180,0.012746999971568584
20170713_FIRE_smer-tcs8-mobo-c,-120,0.04714742675423622
20170713_FIRE_smer-tcs8-mobo-c,-60,0.04127151519060135
20170713_FIRE_smer-tcs8-mobo-c,0,0.03295430913567543
20170713_FIRE_smer-tcs8-mobo-c,60,0.035262878984212875
20170713_FIRE_smer-tcs8-mobo-c,120,0.03362707793712616
20170713_FIRE_smer-tcs8-mobo-c,180,0.041420336812734604
20170713_FIRE_smer-tcs8-mobo-c,240,0.030341165140271187
20170713_FIRE_smer-tcs8-mobo-c,300,0.02230757847428322
20170713_FIRE_smer-tcs8-mobo-c,360,0.07959673553705215
20170713_FIRE_smer-tcs8-mobo-c,420,0.20545636117458344
20170713_FIRE_smer-tcs8-mobo-c,480,0.21798011660575867
20170713_FIRE_smer-tcs8-mobo-c,540,0.26125428080558777
20170713_FIRE_smer-tcs8-mobo-c,600,0.20669130980968475
20170713_FIRE_smer-tcs8-mobo-c,660,0.3049441874027252
20170713_FIRE_smer-tcs8-mobo-c,720,0.27420321106910706
20170713_FIRE_smer-tcs8-mobo-c,780,0.22917389869689941
20170713_FIRE_smer-tcs8-mobo-c,840,0.09694869816303253
20170713_FIRE_smer-tcs8-mobo-c,900,0.02329747937619686
20170713_FIRE_smer-tcs8-mobo-c,960,0.0166324395686388
20170713_FIRE_smer-tcs8-mobo-c,1020,0.015547771006822586
20170713_FIRE_smer-tcs8-mobo-c,1080,0.02742583490908146
20170713_FIRE_smer-tcs8-mobo-c,1140,0.03183302283287048
20170713_FIRE_smer-tcs8-mobo-c,1200,0.009572491981089115
20170713_FIRE_smer-tcs8-mobo-c,1260,0.020895369350910187
20170713_FIRE_smer-tcs8-mobo-c,1320,0.01719503104686737
20170713_FIRE_smer-tcs8-mobo-c,1380,0.013092410750687122
20170713_FIRE_smer-tcs8-mobo-c,1440,0.0195162370800972
20170713_FIRE_smer-tcs8-mobo-c,1500,0.034502994269132614
20170713_FIRE_smer-tcs8-mobo-c,1560,0.01694609597325325
20170713_FIRE_smer-tcs8-mobo-c,1620,0.013591512106359005
20170713_FIRE_smer-tcs8-mobo-c,1680,0.015053427778184414
20170713_FIRE_smer-tcs8-mobo-c,1740,0.013126174919307232
20170713_FIRE_smer-tcs8-mobo-c,1800,0.01369584072381258
20170713_FIRE_smer-tcs8-mobo-c,1860,0.026289554312825203
20170713_FIRE_smer-tcs8-mobo-c,1920,0.023634018376469612
20170713_FIRE_smer-tcs8-mobo-c,1980,0.020160112529993057
20170713_FIRE_smer-tcs8-mobo-c,2040,0.02423076704144478
20170713_FIRE_smer-tcs8-mobo-c,2100,0.018718356266617775
20170713_FIRE_smer-tcs8-mobo-c,2160,0.020922521129250526
20170722_FIRE_bm-n-mobo-c,-2400,0.01752365566790104
20170722_FIRE_bm-n-mobo-c,-2340,0.021367132663726807
20170722_FIRE_bm-n-mobo-c,-2280,0.027980441227555275
20170722_FIRE_bm-n-mobo-c,-2220,0.02023465745151043
20170722_FIRE_bm-n-mobo-c,-2160,0.03804720193147659
20170722_FIRE_bm-n-mobo-c,-2100,0.015329060144722462
20170722_FIRE_bm-n-mobo-c,-2040,0.029777321964502335
20170722_FIRE_bm-n-mobo-c,-1980,0.018702220171689987
20170722_FIRE_bm-n-mobo-c,-1920,0.050275277346372604
20170722_FIRE_bm-n-mobo-c,-1860,0.028197456151247025
20170722_FIRE_bm-n-mobo-c,-1800,0.038595110177993774
20170722_FIRE_bm-n-mobo-c,-1740,0.032419051975011826
20170722_FIRE_bm-n-mobo-c,-1680,0.07435119897127151
20170722_FIRE_bm-n-mobo-c,-1620,0.041051607578992844
20170722_FIRE_bm-n-mobo-c,-1560,0.05447481945157051
20170722_FIRE_bm-n-mobo-c,-1500,0.04168267175555229
20170722_FIRE_bm-n-mobo-c,-1440,0.02826247178018093
20170722_FIRE_bm-n-mobo-c,-1380,0.018115557730197906
20170722_FIRE_bm-n-mobo-c,-1320,0.03333467245101929
20170722_FIRE_bm-n-mobo-c,-1260,0.058182161301374435
20170722_FIRE_bm-n-mobo-c,-1200,0.07955336570739746
20170722_FIRE_bm-n-mobo-c,-1140,0.07909174263477325
20170722_FIRE_bm-n-mobo-c,-1080,0.037877269089221954
20170722_FIRE_bm-n-mobo-c,-1020,0.03820710629224777
20170722_FIRE_bm-n-mobo-c,-960,0.045480795204639435
20170722_FIRE_bm-n-mobo-c,-900,0.02951125241816044
20170722_FIRE_bm-n-mobo-c,-840,0.04797277972102165
20170722_FIRE_bm-n-mobo-c,-780,0.06099172681570053
20170722_FIRE_bm-n-mobo-c,-720,0.041101593524217606
20170722_FIRE_bm-n-mobo-c,-660,0.05100065469741821
20170722_FIRE_bm-n-mobo-c,-600,0.038503069430589676
20170722_FIRE_bm-n-mobo-c,-540,0.02471774071455002
20170722_FIRE_bm-n-mobo-c,-480,0.030356965959072113
20170722_FIRE_bm-n-mobo-c,-420,0.01088834460824728
20170722_FIRE_bm-n-mobo-c,-360,0.04923264682292938
20170722_FIRE_bm-n-mobo-c,-300,0.06212973594665527
20170722_FIRE_bm-n-mobo-c,-240,0.0773041695356369
20170722_FIRE_bm-n-mobo-c,-180,0.04530930891633034
20170722_FIRE_bm-n-mobo-c,-120,0.03430778160691261
20170722_FIRE_bm-n-mobo-c,-60,0.031227534636855125
20170722_FIRE_bm-n-mobo-c,0,0.0597689114511013
20170722_FIRE_bm-n-mobo-c,60,0.02991326153278351
20170722_FIRE_bm-n-mobo-c,120,0.06958001106977463
20170722_FIRE_bm-n-mobo-c,180,0.029249044135212898
20170722_FIRE_bm-n-mobo-c,240,0.016358615830540657
20170722_FIRE_bm-n-mobo-c,300,0.04425095394253731
20170722_FIRE_bm-n-mobo-c,360,0.045866336673498154
20170722_FIRE_bm-n-mobo-c,420,0.043443746864795685
20170722_FIRE_bm-n-mobo-c,480,0.04290296882390976
20170722_FIRE_bm-n-mobo-c,540,0.06939751654863358
20170722_FIRE_bm-n-mobo-c,600,0.022989308461546898
20170722_FIRE_bm-n-mobo-c,660,0.0757858082652092
20170722_FIRE_bm-n-mobo-c,720,0.07577808946371078
20170722_FIRE_bm-n-mobo-c,780,0.18949611485004425
20170722_FIRE_bm-n-mobo-c,840,0.10756722837686539
20170722_FIRE_bm-n-mobo-c,900,0.02225213125348091
20170722_FIRE_bm-n-mobo-c,960,0.15881580114364624
20170722_FIRE_bm-n-mobo-c,1020,0.1365211308002472
20170722_FIRE_bm-n-mobo-c,1080,0.03789418190717697
20170722_FIRE_bm-n-mobo-c,1140,0.050684504210948944
20170722_FIRE_bm-n-mobo-c,1200,0.04809243977069855
20170722_FIRE_bm-n-mobo-c,1260,0.04046907648444176
20170722_FIRE_bm-n-mobo-c,1320,0.022684317082166672
20170722_FIRE_bm-n-mobo-c,1380,0.03252793848514557
20170722_FIRE_bm-n-mobo-c,1440,0.033016882836818695
20170722_FIRE_bm-n-mobo-c,1500,0.046577293425798416
20170722_FIRE_bm-n-mobo-c,1560,0.010366209782660007
20170722_FIRE_bm-n-mobo-c,1620,0.02495105005800724
20170722_FIRE_bm-n-mobo-c,1680,0.03151342272758484
20170722_FIRE_bm-n-mobo-c,1740,0.07324559986591339
20170722_FIRE_bm-n-mobo-c,1800,0.12032470107078552
20170722_FIRE_bm-n-mobo-c,1860,0.042838968336582184
20170722_FIRE_bm-n-mobo-c,1920,0.25377267599105835
20170722_FIRE_bm-n-mobo-c,1980,0.5875785946846008
20170722_FIRE_bm-n-mobo-c,2040,0.03947259113192558
20170722_FIRE_bm-n-mobo-c,2100,0.03007437102496624
20170722_FIRE_bm-n-mobo-c,2160,0.3335871398448944
20170722_FIRE_bm-n-mobo-c,2220,0.19840286672115326
20170722_FIRE_bm-n-mobo-c,2280,0.14152328670024872
20170722_FIRE_bm-n-mobo-c,2340,0.5433768033981323
20170722_FIRE_bm-n-mobo-c,2400,0.04499339684844017
