sequence,offset,max_conf
20160604_FIRE_rm-n-mobo-c,-2400,0.0011143230367451906
20160604_FIRE_rm-n-mobo-c,-2340,0.0022970440331846476
20160604_FIRE_rm-n-mobo-c,-2280,0.003149776952341199
20160604_FIRE_rm-n-mobo-c,-2220,0.0038892102893441916
20160604_FIRE_rm-n-mobo-c,-2160,0.0015228507108986378
20160604_FIRE_rm-n-mobo-c,-2100,0.0018957306165248156
20160604_FIRE_rm-n-mobo-c,-2040,0.0
20160604_FIRE_rm-n-mobo-c,-1980,0.0032827428076416254
20160604_FIRE_rm-n-mobo-c,-1920,0.004039639141410589
20160604_FIRE_rm-n-mobo-c,-1860,0.009102104231715202
20160604_FIRE_rm-n-mobo-c,-1800,0.0062529463320970535
20160604_FIRE_rm-n-mobo-c,-1740,0.01718229614198208
20160604_FIRE_rm-n-mobo-c,-1680,0.00554194301366806
20160604_FIRE_rm-n-mobo-c,-1620,0.00672415504232049
20160604_FIRE_rm-n-mobo-c,-1560,0.009306490421295166
20160604_FIRE_rm-n-mobo-c,-1500,0.002273953752592206
20160604_FIRE_rm-n-mobo-c,-1440,0.005133395083248615
20160604_FIRE_rm-n-mobo-c,-1380,0.004305270966142416
20160604_FIRE_rm-n-mobo-c,-1320,0.0033837815281003714
20160604_FIRE_rm-n-mobo-c,-1260,0.002072559902444482
20160604_FIRE_rm-n-mobo-c,-1200,0.0015650740824639797
20160604_FIRE_rm-n-mobo-c,-1140,0.0018031629733741283
20160604_FIRE_rm-n-mobo-c,-1080,0.0
20160604_FIRE_rm-n-mobo-c,-1020,0.0
20160604_FIRE_rm-n-mobo-c,-960,0.0
20160604_FIRE_rm-n-mobo-c,-900,0.0
20160604_FIRE_rm-n-mobo-c,-840,0.0012012057704851031
20160604_FIRE_rm-n-mobo-c,-780,0.0
20160604_FIRE_rm-n-mobo-c,-720,0.0
20160604_FIRE_rm-n-mobo-c,-660,0.0
20160604_FIRE_rm-n-mobo-c,-600,0.0
20160604_FIRE_rm-n-mobo-c,-540,0.0
20160604_FIRE_rm-n-mobo-c,-480,0.0
20160604_FIRE_rm-n-mobo-c,-420,0.0014066153671592474
20160604_FIRE_rm-n-mobo-c,-360,0.0011240692110732198
20160604_FIRE_rm-n-mobo-c,-300,0.0049332077614963055
20160604_FIRE_rm-n-mobo-c,-240,0.012004714459180832
20160604_FIRE_rm-n-mobo-c,-180,0.0029400938656181097
20160604_FIRE_rm-n-mobo-c,-120,0.0014588061021640897
20160604_FIRE_rm-n-mobo-c,-60,0.0
20160604_FIRE_rm-n-mobo-c,0,0.002224832307547331
20160604_FIRE_rm-n-mobo-c,60,0.6736525893211365
20160604_FIRE_rm-n-mobo-c,120,0.7094947695732117
20160604_FIRE_rm-n-mobo-c,180,0.6539955735206604
20160604_FIRE_rm-n-mobo-c,240,0.1798497885465622
20160604_FIRE_rm-n-mobo-c,300,0.03115139901638031
20160604_FIRE_rm-n-mobo-c,360,0.002593718934804201
20160604_FIRE_rm-n-mobo-c,420,0.0016367986099794507
20160604_FIRE_rm-n-mobo-c,480,0.0017570557538419962
20160604_FIRE_rm-n-mobo-c,540,0.0
20160604_FIRE_rm-n-mobo-c,600,0.0
20160604_FIRE_rm-n-mobo-c,660,0.0
20160604_FIRE_rm-n-mobo-c,720,0.00276021845638752
20160604_FIRE_rm-n-mobo-c,780,0.007436720188707113
20160604_FIRE_rm-n-mobo-c,840,0.0014400662621483207
20160604_FIRE_rm-n-mobo-c,900,0.0
20160604_FIRE_rm-n-mobo-c,960,0.0
20160604_FIRE_rm-n-mobo-c,1020,0.0011282729683443904
20160604_FIRE_rm-n-mobo-c,1080,0.0011987705947831273
20160604_FIRE_rm-n-mobo-c,1140,0.0014554059598594904
20160604_FIRE_rm-n-mobo-c,1200,0.0014119549887254834
20160604_FIRE_rm-n-mobo-c,1260,0.0064544472843408585
20160604_FIRE_rm-n-mobo-c,1320,0.0058424584567546844
20160604_FIRE_rm-n-mobo-c,1380,0.0026909715961664915
20160604_FIRE_rm-n-mobo-c,1440,0.0
20160604_FIRE_rm-n-mobo-c,1500,0.0010301346192136407
20160604_FIRE_rm-n-mobo-c,1560,0.0032705659978091717
20160604_FIRE_rm-n-mobo-c,1620,0.004559674765914679
20160604_FIRE_rm-n-mobo-c,1680,0.0019256381783634424
20160604_FIRE_rm-n-mobo-c,1740,0.002465360565111041
20160604_FIRE_rm-n-mobo-c,1800,0.003007714170962572
20160604_FIRE_rm-n-mobo-c,1860,0.003269818378612399
20160604_FIRE_rm-n-mobo-c,1920,0.0061136214062571526
20160604_FIRE_rm-n-mobo-c,1980,0.005536587443202734
20160604_FIRE_rm-n-mobo-c,2040,0.0068369098007678986
20160604_FIRE_rm-n-mobo-c,2100,0.002138747600838542
20160604_FIRE_rm-n-mobo-c,2160,0.006311657838523388
20160604_FIRE_rm-n-mobo-c,2220,0.00817936472594738
20160604_FIRE_rm-n-mobo-c,2280,0.005507628433406353
20160604_FIRE_rm-n-mobo-c,2340,0.005388302728533745
20160604_FIRE_rm-n-mobo-c,2400,0.003927409648895264
20160604_FIRE_smer-tcs3-mobo-c,-2400,0.02359328418970108
20160604_FIRE_smer-tcs3-mobo-c,-2340,0.0029112230986356735
20160604_FIRE_smer-tcs3-mobo-c,-2280,0.010925150476396084
20160604_FIRE_smer-tcs3-mobo-c,-2220,0.0072013624012470245
20160604_FIRE_smer-tcs3-mobo-c,-2160,0.0025791237130761147
20160604_FIRE_smer-tcs3-mobo-c,-2100,0.002099656965583563
20160604_FIRE_smer-tcs3-mobo-c,-2040,0.007580260746181011
20160604_FIRE_smer-tcs3-mobo-c,-1980,0.0035159545950591564
20160604_FIRE_smer-tcs3-mobo-c,-1920,0.00382043095305562
20160604_FIRE_smer-tcs3-mobo-c,-1860,0.0015340844402089715
20160604_FIRE_smer-tcs3-mobo-c,-1800,0.002348249778151512
20160604_FIRE_smer-tcs3-mobo-c,-1740,0.005225412547588348
20160604_FIRE_smer-tcs3-mobo-c,-1680,0.003641558578237891
20160604_FIRE_smer-tcs3-mobo-c,-1620,0.0014093111967667937
20160604_FIRE_smer-tcs3-mobo-c,-1560,0.010563255287706852
20160604_FIRE_smer-tcs3-mobo-c,-1500,0.00272250734269619
20160604_FIRE_smer-tcs3-mobo-c,-1440,0.0027646624948829412
20160604_FIRE_smer-tcs3-mobo-c,-1380,0.002194940811023116
20160604_FIRE_smer-tcs3-mobo-c,-1320,0.0013622598489746451
20160604_FIRE_smer-tcs3-mobo-c,-1260,0.0024702332448214293
20160604_FIRE_smer-tcs3-mobo-c,-1200,0.003592940280213952
20160604_FIRE_smer-tcs3-mobo-c,-1140,0.0050494251772761345
20160604_FIRE_smer-tcs3-mobo-c,-1080,0.0018032067455351353
20160604_FIRE_smer-tcs3-mobo-c,-1020,0.004860375542193651
20160604_FIRE_smer-tcs3-mobo-c,-960,0.0017243088223040104
20160604_FIRE_smer-tcs3-mobo-c,-900,0.00213065929710865
20160604_FIRE_smer-tcs3-mobo-c,-840,0.06736530363559723
20160604_FIRE_smer-tcs3-mobo-c,-780,0.007426438853144646
20160604_FIRE_smer-tcs3-mobo-c,-720,0.003076826222240925
20160604_FIRE_smer-tcs3-mobo-c,-660,0.004330588970333338
20160604_FIRE_smer-tcs3-mobo-c,-600,0.004835986997932196
20160604_FIRE_smer-tcs3-mobo-c,-540,0.001988994888961315
20160604_FIRE_smer-tcs3-mobo-c,-480,0.0016816203715279698
20160604_FIRE_smer-tcs3-mobo-c,-420,0.00514239352196455
20160604_FIRE_smer-tcs3-mobo-c,-360,0.0029501980170607567
20160604_FIRE_smer-tcs3-mobo-c,-300,0.003258130978792906
20160604_FIRE_smer-tcs3-mobo-c,-240,0.001995709491893649
20160604_FIRE_smer-tcs3-mobo-c,-180,0.012097831815481186
20160604_FIRE_smer-tcs3-mobo-c,-120,0.004380942787975073
20160604_FIRE_smer-tcs3-mobo-c,-60,0.0029931061435490847
20160604_FIRE_smer-tcs3-mobo-c,0,0.05031459033489227
20160604_FIRE_smer-tcs3-mobo-c,60,0.7939373850822449
20160604_FIRE_smer-tcs3-mobo-c,120,0.7567780613899231
20160604_FIRE_smer-tcs3-mobo-c,180,0.27764183282852173
20160604_FIRE_smer-tcs3-mobo-c,240,0.016711002215743065
20160604_FIRE_smer-tcs3-mobo-c,300,0.007054122630506754
20160604_FIRE_smer-tcs3-mobo-c,360,0.00688866525888443
20160604_FIRE_smer-tcs3-mobo-c,420,0.004033841658383608
20160604_FIRE_smer-tcs3-mobo-c,480,0.0057847341522574425
20160604_FIRE_smer-tcs3-mobo-c,540,0.011445483192801476
20160604_FIRE_smer-tcs3-mobo-c,600,0.002564718946814537
20160604_FIRE_smer-tcs3-mobo-c,660,0.0030443714931607246
20160604_FIRE_smer-tcs3-mobo-c,720,0.0017904285341501236
20160604_FIRE_smer-tcs3-mobo-c,780,0.007541296537965536
20160604_FIRE_smer-tcs3-mobo-c,840,0.005214478354901075
20160604_FIRE_smer-tcs3-mobo-c,900,0.004020999651402235
20160604_FIRE_smer-tcs3-mobo-c,960,0.0020565581507980824
20160604_FIRE_smer-tcs3-mobo-c,1020,0.0021547514479607344
20160604_FIRE_smer-tcs3-mobo-c,1080,0.0025279170367866755
20160604_FIRE_smer-tcs3-mobo-c,1140,0.007425912190228701
20160604_FIRE_smer-tcs3-mobo-c,1200,0.0013586825225502253
20160604_FIRE_smer-tcs3-mobo-c,1260,0.0012431821087375283
20160604_FIRE_smer-tcs3-mobo-c,1320,0.0029277950525283813
20160604_FIRE_smer-tcs3-mobo-c,1380,0.0016103987582027912
20160604_FIRE_smer-tcs3-mobo-c,1440,0.0017944478895515203
20160604_FIRE_smer-tcs3-mobo-c,1500,0.002856612903997302
20160604_FIRE_smer-tcs3-mobo-c,1560,0.0029519768431782722
20160604_FIRE_smer-tcs3-mobo-c,1620,0.0020962068811059
20160604_FIRE_smer-tcs3-mobo-c,1680,0.0019752541556954384
20160604_FIRE_smer-tcs3-mobo-c,1740,0.0027570887468755245
20160604_FIRE_smer-tcs3-mobo-c,1800,0.008410265669226646
20160604_FIRE_smer-tcs3-mobo-c,1860,0.0055234129540622234
20160604_FIRE_smer-tcs3-mobo-c,1920,0.019427502527832985
20160604_FIRE_smer-tcs3-mobo-c,1980,0.017708424478769302
20160604_FIRE_smer-tcs3-mobo-c,2040,0.0012147935340180993
20160604_FIRE_smer-tcs3-mobo-c,2100,0.0
20160604_FIRE_smer-tcs3-mobo-c,2160,0.004251882899552584
20160604_FIRE_smer-tcs3-mobo-c,2220,0.0010839279275387526
20160604_FIRE_smer-tcs3-mobo-c,2280,0.0016587465070188046
20160604_FIRE_smer-tcs3-mobo-c,2340,0.001834561233408749
20160604_FIRE_smer-tcs3-mobo-c,2400,0.004172464832663536
20160619_FIRE_lp-e-iqeye,-2400,0.0
20160619_FIRE_lp-e-iqeye,-2280,0.0016756152035668492
20160619_FIRE_lp-e-iqeye,-2160,0.001671880017966032
20160619_FIRE_lp-e-iqeye,-2040,0.0011399552458897233
20160619_FIRE_lp-e-iqeye,-1920,0.0
20160619_FIRE_lp-e-iqeye,-1800,0.0
20160619_FIRE_lp-e-iqeye,-1680,0.0
20160619_FIRE_lp-e-iqeye,-1560,0.0015251871664077044
20160619_FIRE_lp-e-iqeye,-1440,0.0010398528538644314
20160619_FIRE_lp-e-iqeye,-1320,0.0
20160619_FIRE_lp-e-iqeye,-1200,0.0
20160619_FIRE_lp-e-iqeye,-1080,0.0
20160619_FIRE_lp-e-iqeye,-960,0.0
20160619_FIRE_lp-e-iqeye,-840,0.0
20160619_FIRE_lp-e-iqeye,-720,0.0
20160619_FIRE_lp-e-iqeye,-600,0.0
20160619_FIRE_lp-e-iqeye,-480,0.0
20160619_FIRE_lp-e-iqeye,-360,0.0
20160619_FIRE_lp-e-iqeye,-240,0.0
20160619_FIRE_lp-e-iqeye,-120,0.0
20160619_FIRE_lp-e-iqeye,0,0.0
20160619_FIRE_lp-e-iqeye,120,0.0
20160619_FIRE_lp-e-iqeye,240,0.08087494224309921
20160619_FIRE_lp-e-iqeye,360,0.14827071130275726
20160619_FIRE_lp-e-iqeye,480,0.1719687283039093
20160619_FIRE_lp-e-iqeye,600,0.3043781816959381
20160619_FIRE_lp-e-iqeye,720,0.42168667912483215
20160619_FIRE_lp-e-iqeye,840,0.4173930287361145
20160619_FIRE_lp-e-iqeye,960,0.162350594997406
20160619_FIRE_lp-e-iqeye,1080,0.14322900772094727
20160619_FIRE_lp-e-iqeye,1200,0.490653932094574
20160619_FIRE_lp-e-iqeye,1320,0.5553117990493774
20160619_FIRE_lp-e-iqeye,1440,0.2955579459667206
20160619_FIRE_lp-e-iqeye,1560,0.5020889043807983
20160619_FIRE_lp-e-iqeye,1680,0.5793202519416809
20160619_FIRE_lp-e-iqeye,1800,0.3594617545604706
20160619_FIRE_lp-e-iqeye,1920,0.2940322160720825
20160619_FIRE_lp-e-iqeye,2040,0.08026660233736038
20160619_FIRE_lp-e-iqeye,2160,0.029935229569673538
20160619_FIRE_lp-e-iqeye,2280,0.06373007595539093
20160619_FIRE_lp-e-iqeye,2400,0.12777043879032135
20160619_FIRE_om-e-mobo-c,-2400,0.0014270541723817587
20160619_FIRE_om-e-mobo-c,-2340,0.003128742566332221
20160619_FIRE_om-e-mobo-c,-2280,0.0016908948309719563
20160619_FIRE_om-e-mobo-c,-2220,0.0014183990424498916
20160619_FIRE_om-e-mobo-c,-2160,0.0040624309331178665
20160619_FIRE_om-e-mobo-c,-2100,0.001030166051350534
20160619_FIRE_om-e-mobo-c,-2040,0.0024223732762038708
20160619_FIRE_om-e-mobo-c,-1980,0.004061250481754541
20160619_FIRE_om-e-mobo-c,-1920,0.001580802258104086
20160619_FIRE_om-e-mobo-c,-1860,0.001206810469739139
20160619_FIRE_om-e-mobo-c,-1800,0.0013579180231317878
20160619_FIRE_om-e-mobo-c,-1740,0.0
20160619_FIRE_om-e-mobo-c,-1680,0.0033843349665403366
20160619_FIRE_om-e-mobo-c,-1620,0.003990628756582737
20160619_FIRE_om-e-mobo-c,-1560,0.002518152352422476
20160619_FIRE_om-e-mobo-c,-1500,0.00319990748539567
20160619_FIRE_om-e-mobo-c,-1440,0.0041481852531433105
20160619_FIRE_om-e-mobo-c,-1380,0.0016120080836117268
20160619_FIRE_om-e-mobo-c,-1320,0.001015756744891405
20160619_FIRE_om-e-mobo-c,-1260,0.00269150547683239
20160619_FIRE_om-e-mobo-c,-1200,0.001905759098008275
20160619_FIRE_om-e-mobo-c,-1140,0.0099044069647789
20160619_FIRE_om-e-mobo-c,-1080,0.005661191418766975
20160619_FIRE_om-e-mobo-c,-1020,0.005428459495306015
20160619_FIRE_om-e-mobo-c,-960,0.007334104273468256
20160619_FIRE_om-e-mobo-c,-900,0.003211589530110359
20160619_FIRE_om-e-mobo-c,-840,0.0
20160619_FIRE_om-e-mobo-c,-780,0.002245271345600486
20160619_FIRE_om-e-mobo-c,-720,0.004328535404056311
20160619_FIRE_om-e-mobo-c,-660,0.005324388854205608
20160619_FIRE_om-e-mobo-c,-600,0.002051407238468528
20160619_FIRE_om-e-mobo-c,-540,0.013941504061222076
20160619_FIRE_om-e-mobo-c,-480,0.006021024193614721
20160619_FIRE_om-e-mobo-c,-420,0.0017765708034858108
20160619_FIRE_om-e-mobo-c,-360,0.0020501650869846344
20160619_FIRE_om-e-mobo-c,-300,0.004088372457772493
20160619_FIRE_om-e-mobo-c,-240,0.0177137590944767
20160619_FIRE_om-e-mobo-c,-180,0.003094295272603631
20160619_FIRE_om-e-mobo-c,-120,0.00963106844574213
20160619_FIRE_om-e-mobo-c,-60,0.0021440652199089527
20160619_FIRE_om-e-mobo-c,0,0.002610599622130394
20160619_FIRE_om-e-mobo-c,60,0.006163354963064194
20160619_FIRE_om-e-mobo-c,120,0.01162630133330822
20160619_FIRE_om-e-mobo-c,180,0.0032943051774054766
20160619_FIRE_om-e-mobo-c,240,0.008687176741659641
20160619_FIRE_om-e-mobo-c,300,0.021958308294415474
20160619_FIRE_om-e-mobo-c,360,0.37494444847106934
20160619_FIRE_om-e-mobo-c,420,0.4507123529911041
20160619_FIRE_om-e-mobo-c,480,0.1487196534872055
20160619_FIRE_om-e-mobo-c,540,0.009634007699787617
20160619_FIRE_om-e-mobo-c,600,0.053176429122686386
20160619_FIRE_om-e-mobo-c,660,0.09312579780817032
20160619_FIRE_om-e-mobo-c,720,0.18774504959583282
20160619_FIRE_om-e-mobo-c,780,0.15535245835781097
20160619_FIRE_om-e-mobo-c,840,0.01221067551523447
20160619_FIRE_om-e-mobo-c,900,0.0735805407166481
20160619_FIRE_om-e-mobo-c,960,0.3449057340621948
20160619_FIRE_om-e-mobo-c,1020,0.2695252299308777
20160619_FIRE_om-e-mobo-c,1080,0.04917457699775696
20160619_FIRE_om-e-mobo-c,1140,0.28206756711006165
20160619_FIRE_om-e-mobo-c,1200,0.3287389874458313
20160619_FIRE_om-e-mobo-c,1260,0.2784792184829712
20160619_FIRE_om-e-mobo-c,1320,0.25707125663757324
20160619_FIRE_om-e-mobo-c,1380,0.5926392078399658
20160619_FIRE_om-e-mobo-c,1440,0.5326551795005798
20160619_FIRE_om-e-mobo-c,1500,0.41458404064178467
20160619_FIRE_om-e-mobo-c,1560,0.40148451924324036
20160619_FIRE_om-e-mobo-c,1620,0.5537701845169067
20160619_FIRE_om-e-mobo-c,1680,0.5456283688545227
20160619_FIRE_om-e-mobo-c,1740,0.07381924241781235
20160619_FIRE_om-e-mobo-c,1800,0.3509581685066223
20160619_FIRE_om-e-mobo-c,1860,0.3327651023864746
20160619_FIRE_om-e-mobo-c,1920,0.3271210193634033
20160619_FIRE_om-e-mobo-c,1980,0.4126279056072235
20160619_FIRE_om-e-mobo-c,2040,0.26114556193351746
20160619_FIRE_om-e-mobo-c,2100,0.24196502566337585
20160619_FIRE_om-e-mobo-c,2160,0.26669809222221375
20160619_FIRE_om-e-mobo-c,2220,0.07792891561985016
20160619_FIRE_om-e-mobo-c,2280,0.14040206372737885
20160619_FIRE_om-e-mobo-c,2340,0.0885317474603653
20160619_FIRE_om-e-mobo-c,2400,0.09075476229190826
20160619_FIRE_pi-s-mobo-c,-2400,0.0
20160619_FIRE_pi-s-mobo-c,-2340,0.0
20160619_FIRE_pi-s-mobo-c,-2280,0.0012215699534863234
20160619_FIRE_pi-s-mobo-c,-2220,0.0016293235821649432
20160619_FIRE_pi-s-mobo-c,-2160,0.0
20160619_FIRE_pi-s-mobo-c,-2100,0.0
20160619_FIRE_pi-s-mobo-c,-2040,0.0012565539218485355
20160619_FIRE_pi-s-mobo-c,-1980,0.0
20160619_FIRE_pi-s-mobo-c,-1920,0.001228081644512713
20160619_FIRE_pi-s-mobo-c,-1860,0.06355956941843033
20160619_FIRE_pi-s-mobo-c,-1800,0.0
20160619_FIRE_pi-s-mobo-c,-1740,0.0018222462385892868
20160619_FIRE_pi-s-mobo-c,-1680,0.0
20160619_FIRE_pi-s-mobo-c,-1620,0.0
20160619_FIRE_pi-s-mobo-c,-1560,0.0
20160619_FIRE_pi-s-mobo-c,-1500,0.0
20160619_FIRE_pi-s-mobo-c,-1440,0.0
20160619_FIRE_pi-s-mobo-c,-1380,0.0
20160619_FIRE_pi-s-mobo-c,-1320,0.0
20160619_FIRE_pi-s-mobo-c,-1260,0.0
20160619_FIRE_pi-s-mobo-c,-1200,0.0
20160619_FIRE_pi-s-mobo-c,-1140,0.0
20160619_FIRE_pi-s-mobo-c,-1080,0.001756007201038301
20160619_FIRE_pi-s-mobo-c,-1020,0.001530052162706852
20160619_FIRE_pi-s-mobo-c,-960,0.0
20160619_FIRE_pi-s-mobo-c,-900,0.0
20160619_FIRE_pi-s-mobo-c,-840,0.0
20160619_FIRE_pi-s-mobo-c,-780,0.0
20160619_FIRE_pi-s-mobo-c,-720,0.0
20160619_FIRE_pi-s-mobo-c,-660,0.0
20160619_FIRE_pi-s-mobo-c,-600,0.0
20160619_FIRE_pi-s-mobo-c,-540,0.0
20160619_FIRE_pi-s-mobo-c,-480,0.0012985082576051354
20160619_FIRE_pi-s-mobo-c,-420,0.002014942467212677
20160619_FIRE_pi-s-mobo-c,-360,0.0
20160619_FIRE_pi-s-mobo-c,-300,0.0
20160619_FIRE_pi-s-mobo-c,-240,0.0010468533728271723
20160619_FIRE_pi-s-mobo-c,-180,0.0024479771964251995
20160619_FIRE_pi-s-mobo-c,-120,0.0010551362065598369
20160619_FIRE_pi-s-mobo-c,-60,0.0013264580629765987
20160619_FIRE_pi-s-mobo-c,0,0.0027262347284704447
20160619_FIRE_pi-s-mobo-c,60,0.001974419690668583
20160619_FIRE_pi-s-mobo-c,120,0.001051611383445561
20160619_FIRE_pi-s-mobo-c,180,0.0023003118112683296
20160619_FIRE_pi-s-mobo-c,240,0.002213406376540661
20160619_FIRE_pi-s-mobo-c,300,0.0030190011020749807
20160619_FIRE_pi-s-mobo-c,360,0.0011593556264415383
20160619_FIRE_pi-s-mobo-c,420,0.0010478826006874442
20160619_FIRE_pi-s-mobo-c,480,0.001319745322689414
20160619_FIRE_pi-s-mobo-c,540,0.0024385391734540462
20160619_FIRE_pi-s-mobo-c,600,0.0
20160619_FIRE_pi-s-mobo-c,660,0.0020293535199016333
20160619_FIRE_pi-s-mobo-c,720,0.0
20160619_FIRE_pi-s-mobo-c,780,0.0
20160619_FIRE_pi-s-mobo-c,840,0.0
20160619_FIRE_pi-s-mobo-c,900,0.4586086869239807
20160619_FIRE_pi-s-mobo-c,960,0.3417995870113373
20160619_FIRE_pi-s-mobo-c,1020,0.1688772290945053
20160619_FIRE_pi-s-mobo-c,1080,0.0
20160619_FIRE_pi-s-mobo-c,1140,0.0022302765864878893
20160619_FIRE_pi-s-mobo-c,1200,0.11199736595153809
20160619_FIRE_pi-s-mobo-c,1260,0.11066679656505585
20160619_FIRE_pi-s-mobo-c,1320,0.0014505776343867183
20160619_FIRE_pi-s-mobo-c,1380,0.0
20160619_FIRE_pi-s-mobo-c,1440,0.0
20160619_FIRE_pi-s-mobo-c,1500,0.0
20160619_FIRE_pi-s-mobo-c,1560,0.0
20160619_FIRE_pi-s-mobo-c,1620,0.008501940406858921
20160619_FIRE_pi-s-mobo-c,1680,0.0
20160619_FIRE_pi-s-mobo-c,1740,0.005076269153505564
20160619_FIRE_pi-s-mobo-c,1800,0.006890822201967239
20160619_FIRE_pi-s-mobo-c,1860,0.006441272795200348
20160619_FIRE_pi-s-mobo-c,1920,0.0
20160619_FIRE_pi-s-mobo-c,1980,0.0
20160619_FIRE_pi-s-mobo-c,2040,0.0
20160619_FIRE_pi-s-mobo-c,2100,0.001551503548398614
20160619_FIRE_pi-s-mobo-c,2160,0.0
20160619_FIRE_pi-s-mobo-c,2220,0.001509220921434462
20160619_FIRE_pi-s-mobo-c,2280,0.0017505076248198748
20160619_FIRE_pi-s-mobo-c,2340,0.0
20160619_FIRE_pi-s-mobo-c,2400,0.0017331797862425447
20160711_FIRE_ml-n-mobo-c,-2400,0.0018342363182455301
20160711_FIRE_ml-n-mobo-c,-2340,0.0014020082307979465
20160711_FIRE_ml-n-mobo-c,-2280,0.0024951903615146875
20160711_FIRE_ml-n-mobo-c,-2220,0.0016362547175958753
20160711_FIRE_ml-n-mobo-c,-2160,0.0010656126542016864
20160711_FIRE_ml-n-mobo-c,-2100,0.0023641290608793497
20160711_FIRE_ml-n-mobo-c,-2040,0.0016860762843862176
20160711_FIRE_ml-n-mobo-c,-1980,0.002410698914900422
20160711_FIRE_ml-n-mobo-c,-1920,0.0022356300614774227
20160711_FIRE_ml-n-mobo-c,-1860,0.002615869976580143
20160711_FIRE_ml-n-mobo-c,-1800,0.002593717770650983
20160711_FIRE_ml-n-mobo-c,-1740,0.0016714868834242225
20160711_FIRE_ml-n-mobo-c,-1680,0.00313626229763031
20160711_FIRE_ml-n-mobo-c,-1620,0.00366046535782516
20160711_FIRE_ml-n-mobo-c,-1560,0.0017479880480095744
20160711_FIRE_ml-n-mobo-c,-1500,0.0020378984045237303
20160711_FIRE_ml-n-mobo-c,-1440,0.002377307042479515
20160711_FIRE_ml-n-mobo-c,-1380,0.0019624431151896715
20160711_FIRE_ml-n-mobo-c,-1320,0.008870458230376244
20160711_FIRE_ml-n-mobo-c,-1260,0.027331463992595673
20160711_FIRE_ml-n-mobo-c,-1200,0.019852368161082268
20160711_FIRE_ml-n-mobo-c,-1140,0.015287372283637524
20160711_FIRE_ml-n-mobo-c,-1080,0.02040710113942623
20160711_FIRE_ml-n-mobo-c,-1020,0.004192177206277847
20160711_FIRE_ml-n-mobo-c,-960,0.005812809802591801
20160711_FIRE_ml-n-mobo-c,-900,0.003316814312711358
20160711_FIRE_ml-n-mobo-c,-840,0.0020254431292414665
20160711_FIRE_ml-n-mobo-c,-780,0.002492267871275544
20160711_FIRE_ml-n-mobo-c,-720,0.0025344963651150465
20160711_FIRE_ml-n-mobo-c,-660,0.001744346576742828
20160711_FIRE_ml-n-mobo-c,-600,0.0029490843880921602
20160711_FIRE_ml-n-mobo-c,-540,0.0025265647564083338
20160711_FIRE_ml-n-mobo-c,-480,0.007192214950919151
20160711_FIRE_ml-n-mobo-c,-420,0.0024948022328317165
20160711_FIRE_ml-n-mobo-c,-360,0.002688206499442458
20160711_FIRE_ml-n-mobo-c,-300,0.04985255375504494
20160711_FIRE_ml-n-mobo-c,-240,0.026784732937812805
20160711_FIRE_ml-n-mobo-c,-180,0.03654548153281212
20160711_FIRE_ml-n-mobo-c,-120,0.019135378301143646
20160711_FIRE_ml-n-mobo-c,-60,0.007989339530467987
20160711_FIRE_ml-n-mobo-c,0,0.007029300089925528
20160711_FIRE_ml-n-mobo-c,60,0.006613848265260458
20160711_FIRE_ml-n-mobo-c,120,0.01332623790949583
20160711_FIRE_ml-n-mobo-c,180,0.009724746458232403
20160711_FIRE_ml-n-mobo-c,240,0.006846727803349495
20160711_FIRE_ml-n-mobo-c,300,0.006351964082568884
20160711_FIRE_ml-n-mobo-c,360,0.003976887091994286
20160711_FIRE_ml-n-mobo-c,420,0.007659783121198416
20160711_FIRE_ml-n-mobo-c,480,0.008367889560759068
20160711_FIRE_ml-n-mobo-c,540,0.003899335628375411
20160711_FIRE_ml-n-mobo-c,600,0.005006981082260609
20160711_FIRE_ml-n-mobo-c,660,0.005960899405181408
20160711_FIRE_ml-n-mobo-c,720,0.0052895317785441875
20160711_FIRE_ml-n-mobo-c,780,0.004988992586731911
20160711_FIRE_ml-n-mobo-c,840,0.006164173595607281
20160711_FIRE_ml-n-mobo-c,900,0.006123547442257404
20160711_FIRE_ml-n-mobo-c,960,0.004548188298940659
20160711_FIRE_ml-n-mobo-c,1020,0.004022947978228331
20160711_FIRE_ml-n-mobo-c,1080,0.0037435456179082394
20160711_FIRE_ml-n-mobo-c,1140,0.0026237282436341047
20160711_FIRE_ml-n-mobo-c,1200,0.003349138656631112
20160711_FIRE_ml-n-mobo-c,1260,0.002882215427234769
20160711_FIRE_ml-n-mobo-c,1320,0.0031139112543314695
20160711_FIRE_ml-n-mobo-c,1380,0.003105243667960167
20160711_FIRE_ml-n-mobo-c,1440,0.0019297795370221138
20160711_FIRE_ml-n-mobo-c,1500,0.0036561533343046904
20160711_FIRE_ml-n-mobo-c,1560,0.0017111534252762794
20160711_FIRE_ml-n-mobo-c,1620,0.00392756424844265
20160711_FIRE_ml-n-mobo-c,1680,0.0023456139024347067
20160711_FIRE_ml-n-mobo-c,1740,0.004097396973520517
20160711_FIRE_ml-n-mobo-c,1800,0.002787369769066572
20160711_FIRE_ml-n-mobo-c,1860,0.018550176173448563
20160711_FIRE_ml-n-mobo-c,1920,0.005623152479529381
20160711_FIRE_ml-n-mobo-c,1980,0.0026303401682525873
20160711_FIRE_ml-n-mobo-c,2040,0.0025545924436300993
20160711_FIRE_ml-n-mobo-c,2100,0.0034061374608427286
20160711_FIRE_ml-n-mobo-c,2160,0.004642026498913765
20160711_FIRE_ml-n-mobo-c,2220,0.004991634748876095
20160711_FIRE_ml-n-mobo-c,2280,0.0018410402117297053
20160711_FIRE_ml-n-mobo-c,2340,0.003803399158641696
20160711_FIRE_ml-n-mobo-c,2400,0.0037555848248302937
20160718_FIRE_lp-n-iqeye,-2400,0.0063955956138670444
20160718_FIRE_lp-n-iqeye,-2280,0.006463450379669666
20160718_FIRE_lp-n-iqeye,-2160,0.005113673396408558
20160718_FIRE_lp-n-iqeye,-2040,0.004616350866854191
20160718_FIRE_lp-n-iqeye,-1920,0.009657219983637333
20160718_FIRE_lp-n-iqeye,-1800,0.006175494287163019
20160718_FIRE_lp-n-iqeye,-1680,0.008546863682568073
20160718_FIRE_lp-n-iqeye,-1560,0.004544433206319809
20160718_FIRE_lp-n-iqeye,-1440,0.005369656253606081
20160718_FIRE_lp-n-iqeye,-1320,0.0027836079243570566
20160718_FIRE_lp-n-iqeye,-1200,0.003980305511504412
20160718_FIRE_lp-n-iqeye,-1080,0.004158130846917629
20160718_FIRE_lp-n-iqeye,-960,0.003405771916732192
20160718_FIRE_lp-n-iqeye,-840,0.0024512677919119596
20160718_FIRE_lp-n-iqeye,-720,0.00263414578512311
20160718_FIRE_lp-n-iqeye,-600,0.007443280424922705
20160718_FIRE_lp-n-iqeye,-480,0.0033048843033611774
20160718_FIRE_lp-n-iqeye,-360,0.003071384271606803
20160718_FIRE_lp-n-iqeye,-240,0.002090515336021781
20160718_FIRE_lp-n-iqeye,-120,0.0018774457275867462
20160718_FIRE_lp-n-iqeye,0,0.001589421066455543
20160718_FIRE_lp-n-iqeye,120,0.002639269456267357
20160718_FIRE_lp-n-iqeye,240,0.0020250221714377403
20160718_FIRE_lp-n-iqeye,360,0.0019940349739044905
20160718_FIRE_lp-n-iqeye,480,0.0012047579512000084
20160718_FIRE_lp-n-iqeye,600,0.04800375550985336
20160718_FIRE_lp-n-iqeye,720,0.19754889607429504
20160718_FIRE_lp-n-iqeye,840,0.0876474604010582
20160718_FIRE_lp-n-iqeye,960,0.011357927694916725
20160718_FIRE_lp-n-iqeye,1080,0.005192044656723738
20160718_FIRE_lp-n-iqeye,1200,0.09062240272760391
20160718_FIRE_lp-n-iqeye,1320,0.0032283097971230745
20160718_FIRE_lp-n-iqeye,1440,0.0022725046146661043
20160718_FIRE_lp-n-iqeye,1560,0.004516322165727615
20160718_FIRE_lp-n-iqeye,1680,0.0029112533666193485
20160718_FIRE_lp-n-iqeye,1800,0.0
20160718_FIRE_lp-n-iqeye,1920,0.0
20160718_FIRE_lp-n-iqeye,2040,0.0
20160718_FIRE_lp-n-iqeye,2160,0.0
20160718_FIRE_lp-n-iqeye,2280,0.0
20160718_FIRE_lp-n-iqeye,2400,0.014807290397584438
20160718_FIRE_mg-s-iqeye,-2400,0.20062865316867828
20160718_FIRE_mg-s-iqeye,-2280,0.14324094355106354
20160718_FIRE_mg-s-iqeye,-2160,0.267482727766037
20160718_FIRE_mg-s-iqeye,-2040,0.214073047041893
20160718_FIRE_mg-s-iqeye,-1920,0.1402103155851364
20160718_FIRE_mg-s-iqeye,-1800,0.19583112001419067
20160718_FIRE_mg-s-iqeye,-1680,0.14401277899742126
20160718_FIRE_mg-s-iqeye,-1560,0.20213863253593445
20160718_FIRE_mg-s-iqeye,-1440,0.09338998794555664
20160718_FIRE_mg-s-iqeye,-1320,0.1828976422548294
20160718_FIRE_mg-s-iqeye,-1200,0.1065283715724945
20160718_FIRE_mg-s-iqeye,-1080,0.10632748156785965
20160718_FIRE_mg-s-iqeye,-960,0.06405296921730042
20160718_FIRE_mg-s-iqeye,-840,0.15179860591888428
20160718_FIRE_mg-s-iqeye,-720,0.06712475419044495
20160718_FIRE_mg-s-iqeye,-600,0.11364557594060898
20160718_FIRE_mg-s-iqeye,-480,0.0580923967063427
20160718_FIRE_mg-s-iqeye,-360,0.07011377811431885
20160718_FIRE_mg-s-iqeye,-240,0.10962327569723129
20160718_FIRE_mg-s-iqeye,-120,0.029966136440634727
20160718_FIRE_mg-s-iqeye,0,0.062101785093545914
20160718_FIRE_mg-s-iqeye,120,0.10054099559783936
20160718_FIRE_mg-s-iqeye,240,0.09635580331087112
20160718_FIRE_mg-s-iqeye,360,0.0627831444144249
20160718_FIRE_mg-s-iqeye,480,0.03213313966989517
20160718_FIRE_mg-s-iqeye,600,0.02223149687051773
20160718_FIRE_mg-s-iqeye,720,0.3156123757362366
20160718_FIRE_mg-s-iqeye,840,0.4273640215396881
20160718_FIRE_mg-s-iqeye,960,0.44919678568840027
20160718_FIRE_mg-s-iqeye,1080,0.5012760162353516
20160718_FIRE_mg-s-iqeye,1200,0.5915119051933289
20160718_FIRE_mg-s-iqeye,1320,0.507686972618103
20160718_FIRE_mg-s-iqeye,1440,0.6527737975120544
20160718_FIRE_mg-s-iqeye,1560,0.5668128728866577
20160718_FIRE_mg-s-iqeye,1680,0.592867910861969
20160718_FIRE_mg-s-iqeye,1800,0.4325503408908844
20160718_FIRE_mg-s-iqeye,1920,0.4330342710018158
20160718_FIRE_mg-s-iqeye,2040,0.49721384048461914
20160718_FIRE_mg-s-iqeye,2160,0.450033038854599
20160718_FIRE_mg-s-iqeye,2280,0.3651059865951538
20160718_FIRE_mg-s-iqeye,2400,0.20049530267715454
20160718_FIRE_mw-e-mobo-c,-2400,0.0
20160718_FIRE_mw-e-mobo-c,-2340,0.0
20160718_FIRE_mw-e-mobo-c,-2280,0.0
20160718_FIRE_mw-e-mobo-c,-2220,0.0
20160718_FIRE_mw-e-mobo-c,-2160,0.0
20160718_FIRE_mw-e-mobo-c,-2100,0.0
20160718_FIRE_mw-e-mobo-c,-2040,0.0
20160718_FIRE_mw-e-mobo-c,-1980,0.0
20160718_FIRE_mw-e-mobo-c,-1920,0.0
20160718_FIRE_mw-e-mobo-c,-1860,0.0
20160718_FIRE_mw-e-mobo-c,-1800,0.0
20160718_FIRE_mw-e-mobo-c,-1740,0.0
20160718_FIRE_mw-e-mobo-c,-1680,0.0
20160718_FIRE_mw-e-mobo-c,-1620,0.0
20160718_FIRE_mw-e-mobo-c,-1560,0.0
20160718_FIRE_mw-e-mobo-c,-1500,0.0
20160718_FIRE_mw-e-mobo-c,-1440,0.0
20160718_FIRE_mw-e-mobo-c,-1380,0.0
20160718_FIRE_mw-e-mobo-c,-1320,0.0
20160718_FIRE_mw-e-mobo-c,-1260,0.0
20160718_FIRE_mw-e-mobo-c,-1200,0.0
20160718_FIRE_mw-e-mobo-c,-1140,0.0
20160718_FIRE_mw-e-mobo-c,-1080,0.0
20160718_FIRE_mw-e-mobo-c,-1020,0.0
20160718_FIRE_mw-e-mobo-c,-960,0.0
20160718_FIRE_mw-e-mobo-c,-900,0.0
20160718_FIRE_mw-e-mobo-c,-840,0.0
20160718_FIRE_mw-e-mobo-c,-780,0.0
20160718_FIRE_mw-e-mobo-c,-720,0.0
20160718_FIRE_mw-e-mobo-c,-660,0.0
20160718_FIRE_mw-e-mobo-c,-600,0.0
20160718_FIRE_mw-e-mobo-c,-540,0.0
20160718_FIRE_mw-e-mobo-c,-480,0.0
20160718_FIRE_mw-e-mobo-c,-420,0.0
20160718_FIRE_mw-e-mobo-c,-360,0.0
20160718_FIRE_mw-e-mobo-c,-300,0.0
20160718_FIRE_mw-e-mobo-c,-240,0.0
20160718_FIRE_mw-e-mobo-c,-180,0.0
20160718_FIRE_mw-e-mobo-c,-120,0.0
20160718_FIRE_mw-e-mobo-c,-60,0.0
20160718_FIRE_mw-e-mobo-c,0,0.0
20160718_FIRE_mw-e-mobo-c,60,0.0
20160718_FIRE_mw-e-mobo-c,120,0.0011867451248690486
20160718_FIRE_mw-e-mobo-c,180,0.0
20160718_FIRE_mw-e-mobo-c,240,0.0
20160718_FIRE_mw-e-mobo-c,300,0.0
20160718_FIRE_mw-e-mobo-c,360,0.0
20160718_FIRE_mw-e-mobo-c,420,0.0
20160718_FIRE_mw-e-mobo-c,480,0.0
20160718_FIRE_mw-e-mobo-c,540,0.0013018406461924314
20160718_FIRE_mw-e-mobo-c,600,0.01715013198554516
20160718_FIRE_mw-e-mobo-c,660,0.017675848677754402
20160718_FIRE_mw-e-mobo-c,720,0.0022418650332838297
20160718_FIRE_mw-e-mobo-c,780,0.06248778477311134
20160718_FIRE_mw-e-mobo-c,840,0.5445289015769958
20160718_FIRE_mw-e-mobo-c,900,0.586838960647583
20160718_FIRE_mw-e-mobo-c,960,0.26196637749671936
20160718_FIRE_mw-e-mobo-c,1020,0.03620783984661102
20160718_FIRE_mw-e-mobo-c,1080,0.18562087416648865
20160718_FIRE_mw-e-mobo-c,1140,0.1278167963027954
20160718_FIRE_mw-e-mobo-c,1200,0.1863158792257309
20160718_FIRE_mw-e-mobo-c,1260,0.4791949689388275
20160718_FIRE_mw-e-mobo-c,1320,0.5821492671966553
20160718_FIRE_mw-e-mobo-c,1380,0.7129154205322266
20160718_FIRE_mw-e-mobo-c,1440,0.37223440408706665
20160718_FIRE_mw-e-mobo-c,1500,0.1728142350912094
20160718_FIRE_mw-e-mobo-c,1560,0.14154183864593506
20160718_FIRE_mw-e-mobo-c,1620,0.20393534004688263
20160718_FIRE_mw-e-mobo-c,1680,0.024536186829209328
20160718_FIRE_mw-e-mobo-c,1740,0.023220501840114594
20160718_FIRE_mw-e-mobo-c,1800,0.04262067377567291
20160718_FIRE_mw-e-mobo-c,1860,0.06781008094549179
20160718_FIRE_mw-e-mobo-c,1920,0.04621003940701485
20160718_FIRE_mw-e-mobo-c,1980,0.3939885199069977
20160718_FIRE_mw-e-mobo-c,2040,0.21594226360321045
20160718_FIRE_mw-e-mobo-c,2100,0.022018542513251305
20160718_FIRE_mw-e-mobo-c,2160,0.022934548556804657
20160718_FIRE_mw-e-mobo-c,2220,0.0578133761882782
20160718_FIRE_mw-e-mobo-c,2280,0.030771369114518166
20160718_FIRE_mw-e-mobo-c,2340,0.043240319937467575
20160718_FIRE_mw-e-mobo-c,2400,0.0
20160722_FIRE_mg-s-iqeye,-2400,0.06266843527555466
20160722_FIRE_mg-s-iqeye,-2280,0.03917129337787628
20160722_FIRE_mg-s-iqeye,-2160,0.02678641863167286
20160722_FIRE_mg-s-iqeye,-2040,0.0052778753452003
20160722_FIRE_mg-s-iqeye,-1920,0.01629299856722355
20160722_FIRE_mg-s-iqeye,-1800,0.0458504818379879
20160722_FIRE_mg-s-iqeye,-1680,0.014375517144799232
20160722_FIRE_mg-s-iqeye,-1560,0.0642966702580452
20160722_FIRE_mg-s-iqeye,-1440,0.020074743777513504
20160722_FIRE_mg-s-iqeye,-1320,0.04770605266094208
20160722_FIRE_mg-s-iqeye,-1200,0.04579352214932442
20160722_FIRE_mg-s-iqeye,-1080,0.013569360598921776
20160722_FIRE_mg-s-iqeye,-960,0.03261534124612808
20160722_FIRE_mg-s-iqeye,-840,0.05610902979969978
20160722_FIRE_mg-s-iqeye,-720,0.030017895624041557
20160722_FIRE_mg-s-iqeye,-600,0.008479677140712738
20160722_FIRE_mg-s-iqeye,-480,0.011346390470862389
20160722_FIRE_mg-s-iqeye,-360,0.019408581778407097
20160722_FIRE_mg-s-iqeye,-240,0.03472334146499634
20160722_FIRE_mg-s-iqeye,-120,0.014320988208055496
20160722_FIRE_mg-s-iqeye,0,0.004738637246191502
20160722_FIRE_mg-s-iqeye,120,0.003606372745707631
20160722_FIRE_mg-s-iqeye,240,0.0014132612850517035
20160722_FIRE_mg-s-iqeye,360,0.001773530850186944
20160722_FIRE_mg-s-iqeye,480,0.001404693815857172
20160722_FIRE_mg-s-iqeye,600,0.0016975121106952429
20160722_FIRE_mg-s-iqeye,720,0.0024536114651709795
20160722_FIRE_mg-s-iqeye,840,0.0019489912083372474
20160722_FIRE_mg-s-iqeye,960,0.0027124304324388504
20160722_FIRE_mg-s-iqeye,1080,0.004377192351967096
20160722_FIRE_mg-s-iqeye,1200,0.0034453587140887976
20160722_FIRE_mg-s-iqeye,1320,0.0019429355161264539
20160722_FIRE_mg-s-iqeye,1440,0.0
20160722_FIRE_mg-s-iqeye,1560,0.001849253079853952
20160722_FIRE_mg-s-iqeye,1680,0.0
20160722_FIRE_mg-s-iqeye,1800,0.005119906738400459
20160722_FIRE_mg-s-iqeye,1920,0.0011924675200134516
20160722_FIRE_mg-s-iqeye,2040,0.0011833502212539315
20160722_FIRE_mg-s-iqeye,2160,0.005955733824521303
20160722_FIRE_mg-s-iqeye,2280,0.002285767812281847
20160722_FIRE_mg-s-iqeye,2400,0.00561740156263113
20160722_FIRE_mw-e-mobo-c,-2400,0.0
20160722_FIRE_mw-e-mobo-c,-2340,0.0
20160722_FIRE_mw-e-mobo-c,-2280,0.0
20160722_FIRE_mw-e-mobo-c,-2220,0.0
20160722_FIRE_mw-e-mobo-c,-2160,0.0
20160722_FIRE_mw-e-mobo-c,-2100,0.0
20160722_FIRE_mw-e-mobo-c,-2040,0.0
20160722_FIRE_mw-e-mobo-c,-1980,0.0
20160722_FIRE_mw-e-mobo-c,-1920,0.0
20160722_FIRE_mw-e-mobo-c,-1860,0.0
20160722_FIRE_mw-e-mobo-c,-1800,0.0
20160722_FIRE_mw-e-mobo-c,-1740,0.0
20160722_FIRE_mw-e-mobo-c,-1680,0.0
20160722_FIRE_mw-e-mobo-c,-1620,0.0
20160722_FIRE_mw-e-mobo-c,-1560,0.0
20160722_FIRE_mw-e-mobo-c,-1500,0.0
20160722_FIRE_mw-e-mobo-c,-1440,0.0
20160722_FIRE_mw-e-mobo-c,-1380,0.0
20160722_FIRE_mw-e-mobo-c,-1320,0.0
20160722_FIRE_mw-e-mobo-c,-1260,0.0
20160722_FIRE_mw-e-mobo-c,-1200,0.0
20160722_FIRE_mw-e-mobo-c,-1140,0.0
20160722_FIRE_mw-e-mobo-c,-1080,0.0
20160722_FIRE_mw-e-mobo-c,-1020,0.0
20160722_FIRE_mw-e-mobo-c,-960,0.0
20160722_FIRE_mw-e-mobo-c,-900,0.0
20160722_FIRE_mw-e-mobo-c,-840,0.0
20160722_FIRE_mw-e-mobo-c,-780,0.0
20160722_FIRE_mw-e-mobo-c,-720,0.0
20160722_FIRE_mw-e-mobo-c,-660,0.0
20160722_FIRE_mw-e-mobo-c,-600,0.0
20160722_FIRE_mw-e-mobo-c,-540,0.0
20160722_FIRE_mw-e-mobo-c,-480,0.0
20160722_FIRE_mw-e-mobo-c,-420,0.0
20160722_FIRE_mw-e-mobo-c,-360,0.0
20160722_FIRE_mw-e-mobo-c,-300,0.0
20160722_FIRE_mw-e-mobo-c,-240,0.0
20160722_FIRE_mw-e-mobo-c,-180,0.0
20160722_FIRE_mw-e-mobo-c,-120,0.0
20160722_FIRE_mw-e-mobo-c,-60,0.0
20160722_FIRE_mw-e-mobo-c,0,0.0
20160722_FIRE_mw-e-mobo-c,60,0.0
20160722_FIRE_mw-e-mobo-c,120,0.0
20160722_FIRE_mw-e-mobo-c,180,0.0
20160722_FIRE_mw-e-mobo-c,240,0.0
20160722_FIRE_mw-e-mobo-c,300,0.0
20160722_FIRE_mw-e-mobo-c,360,0.0
20160722_FIRE_mw-e-mobo-c,420,0.0
20160722_FIRE_mw-e-mobo-c,480,0.07038330286741257
20160722_FIRE_mw-e-mobo-c,540,0.006017623469233513
20160722_FIRE_mw-e-mobo-c,600,0.23990367352962494
20160722_FIRE_mw-e-mobo-c,660,0.3099071681499481
20160722_FIRE_mw-e-mobo-c,720,0.6203944087028503
20160722_FIRE_mw-e-mobo-c,780,0.46057960391044617
20160722_FIRE_mw-e-mobo-c,840,0.4699023365974426
20160722_FIRE_mw-e-mobo-c,900,0.741492748260498
20160722_FIRE_mw-e-mobo-c,960,0.7240397930145264
20160722_FIRE_mw-e-mobo-c,1020,0.8321437239646912
20160722_FIRE_mw-e-mobo-c,1080,0.41169559955596924
20160722_FIRE_mw-e-mobo-c,1140,0.3669494390487671
20160722_FIRE_mw-e-mobo-c,1200,0.7319380044937134
20160722_FIRE_mw-e-mobo-c,1260,0.4207164943218231
20160722_FIRE_mw-e-mobo-c,1320,0.5299162864685059
20160722_FIRE_mw-e-mobo-c,1380,0.4548191428184509
20160722_FIRE_mw-e-mobo-c,1440,0.32577750086784363
20160722_FIRE_mw-e-mobo-c,1500,0.04606984928250313
20160722_FIRE_mw-e-mobo-c,1560,0.3159105181694031
20160722_FIRE_mw-e-mobo-c,1620,0.0856831967830658
20160722_FIRE_mw-e-mobo-c,1680,0.5933219194412231
20160722_FIRE_mw-e-mobo-c,1740,0.5962942838668823
20160722_FIRE_mw-e-mobo-c,1800,0.4557042717933655
20160722_FIRE_mw-e-mobo-c,1860,0.6147621870040894
20160722_FIRE_mw-e-mobo-c,1920,0.7766173481941223
20160722_FIRE_mw-e-mobo-c,1980,0.6568160057067871
20160722_FIRE_mw-e-mobo-c,2040,0.7983394265174866
20160722_FIRE_mw-e-mobo-c,2100,0.6158290505409241
20160722_FIRE_mw-e-mobo-c,2160,0.7783777117729187
20160722_FIRE_mw-e-mobo-c,2220,0.7783553004264832
20160722_FIRE_mw-e-mobo-c,2280,0.6150027513504028
20160722_FIRE_mw-e-mobo-c,2340,0.5041012167930603
20160722_FIRE_mw-e-mobo-c,2400,0.6611393690109253
20161113_FIRE_bl-n-mobo-c,-2400,0.0
20161113_FIRE_bl-n-mobo-c,-2340,0.0
20161113_FIRE_bl-n-mobo-c,-2280,0.0
20161113_FIRE_bl-n-mobo-c,-2220,0.0
20161113_FIRE_bl-n-mobo-c,-2160,0.0
20161113_FIRE_bl-n-mobo-c,-2100,0.0
20161113_FIRE_bl-n-mobo-c,-2040,0.0
20161113_FIRE_bl-n-mobo-c,-1980,0.0
20161113_FIRE_bl-n-mobo-c,-1920,0.0
20161113_FIRE_bl-n-mobo-c,-1860,0.0
20161113_FIRE_bl-n-mobo-c,-1800,0.0
20161113_FIRE_bl-n-mobo-c,-1740,0.0
20161113_FIRE_bl-n-mobo-c,-1680,0.0
20161113_FIRE_bl-n-mobo-c,-1620,0.0
20161113_FIRE_bl-n-mobo-c,-1560,0.0
20161113_FIRE_bl-n-mobo-c,-1500,0.0
20161113_FIRE_bl-n-mobo-c,-1440,0.0
20161113_FIRE_bl-n-mobo-c,-1380,0.0
20161113_FIRE_bl-n-mobo-c,-1320,0.0
20161113_FIRE_bl-n-mobo-c,-1260,0.0
20161113_FIRE_bl-n-mobo-c,-1200,0.0
20161113_FIRE_bl-n-mobo-c,-1140,0.0
20161113_FIRE_bl-n-mobo-c,-1080,0.0
20161113_FIRE_bl-n-mobo-c,-1020,0.0
20161113_FIRE_bl-n-mobo-c,-960,0.0
20161113_FIRE_bl-n-mobo-c,-900,0.0
20161113_FIRE_bl-n-mobo-c,-840,0.0
20161113_FIRE_bl-n-mobo-c,-780,0.0
20161113_FIRE_bl-n-mobo-c,-720,0.0
20161113_FIRE_bl-n-mobo-c,-660,0.0
20161113_FIRE_bl-n-mobo-c,-600,0.0
20161113_FIRE_bl-n-mobo-c,-540,0.0
20161113_FIRE_bl-n-mobo-c,-480,0.0
20161113_FIRE_bl-n-mobo-c,-420,0.0
20161113_FIRE_bl-n-mobo-c,-360,0.0
20161113_FIRE_bl-n-mobo-c,-300,0.0
20161113_FIRE_bl-n-mobo-c,-240,0.0
20161113_FIRE_bl-n-mobo-c,-180,0.0
20161113_FIRE_bl-n-mobo-c,-120,0.0
20161113_FIRE_bl-n-mobo-c,-60,0.0
20161113_FIRE_bl-n-mobo-c,0,0.0
20161113_FIRE_bl-n-mobo-c,60,0.0
20161113_FIRE_bl-n-mobo-c,120,0.0
20161113_FIRE_bl-n-mobo-c,180,0.011196953244507313
20161113_FIRE_bl-n-mobo-c,240,0.027010779827833176
20161113_FIRE_bl-n-mobo-c,300,0.0
20161113_FIRE_bl-n-mobo-c,360,0.0
20161113_FIRE_bl-n-mobo-c,420,0.0025975408498197794
20161113_FIRE_bl-n-mobo-c,480,0.008355067111551762
20161113_FIRE_bl-n-mobo-c,540,0.009496956132352352
20161113_FIRE_bl-n-mobo-c,600,0.016210360452532768
20161113_FIRE_bl-n-mobo-c,660,0.0
20161113_FIRE_bl-n-mobo-c,720,0.0018991150427609682
20161113_FIRE_bl-n-mobo-c,780,0.018127351999282837
20161113_FIRE_bl-n-mobo-c,840,0.0179174542427063
20161113_FIRE_bl-n-mobo-c,900,0.03136008605360985
20161113_FIRE_bl-n-mobo-c,960,0.3852779269218445
20161113_FIRE_bl-n-mobo-c,1020,0.21505744755268097
20161113_FIRE_bl-n-mobo-c,1080,0.33070260286331177
20161113_FIRE_bl-n-mobo-c,1140,0.014104493893682957
20161113_FIRE_bl-n-mobo-c,1200,0.05680989846587181
20161113_FIRE_bl-n-mobo-c,1260,0.1509898453950882
20161113_FIRE_bl-n-mobo-c,1320,0.1006278321146965
20161113_FIRE_bl-n-mobo-c,1380,0.03017410822212696
20161113_FIRE_bl-n-mobo-c,1440,0.027687108144164085
20161113_FIRE_bl-n-mobo-c,1500,0.038017597049474716
20161113_FIRE_bl-n-mobo-c,1560,0.026981543749570847
20161113_FIRE_bl-n-mobo-c,1620,0.13251225650310516
20161113_FIRE_bl-n-mobo-c,1680,0.02335263416171074
20161113_FIRE_bl-n-mobo-c,1740,0.03858916461467743
20161113_FIRE_bl-n-mobo-c,1800,0.047625768929719925
20161113_FIRE_bl-n-mobo-c,1860,0.13705164194107056
20161113_FIRE_bl-n-mobo-c,1920,0.2508606016635895
20161113_FIRE_bl-n-mobo-c,1980,0.17521658539772034
20161113_FIRE_bl-n-mobo-c,2040,0.17319132387638092
20161113_FIRE_bl-n-mobo-c,2100,0.26699310541152954
20161113_FIRE_bl-n-mobo-c,2160,0.41745808720588684
20161113_FIRE_bl-n-mobo-c,2220,0.3171948194503784
20161113_FIRE_bl-n-mobo-c,2280,0.10815349221229553
20161113_FIRE_bl-n-mobo-c,2340,0.3625572621822357
20161113_FIRE_bl-n-mobo-c,2400,0.10528206825256348
20161113_FIRE_bm-n-mobo-c,-2400,0.003792722010985017
20161113_FIRE_bm-n-mobo-c,-2340,0.006659899838268757
20161113_FIRE_bm-n-mobo-c,-2280,0.015319843776524067
20161113_FIRE_bm-n-mobo-c,-2220,0.011841320432722569
20161113_FIRE_bm-n-mobo-c,-2160,0.008395127952098846
20161113_FIRE_bm-n-mobo-c,-2100,0.012543981894850731
20161113_FIRE_bm-n-mobo-c,-2040,0.003992579877376556
20161113_FIRE_bm-n-mobo-c,-1980,0.0015756561188027263
20161113_FIRE_bm-n-mobo-c,-1920,0.001244551152922213
20161113_FIRE_bm-n-mobo-c,-1860,0.001539682736620307
20161113_FIRE_bm-n-mobo-c,-1800,0.001015551621094346
20161113_FIRE_bm-n-mobo-c,-1740,0.0010235513327643275
20161113_FIRE_bm-n-mobo-c,-1680,0.001784037216566503
20161113_FIRE_bm-n-mobo-c,-1620,0.0016208406304940581
20161113_FIRE_bm-n-mobo-c,-1560,0.0010847961530089378
20161113_FIRE_bm-n-mobo-c,-1500,0.0013944321544840932
20161113_FIRE_bm-n-mobo-c,-1440,0.0014677647268399596
20161113_FIRE_bm-n-mobo-c,-1380,0.003395484061911702
20161113_FIRE_bm-n-mobo-c,-1320,0.003290817141532898
20161113_FIRE_bm-n-mobo-c,-1260,0.0
20161113_FIRE_bm-n-mobo-c,-1200,0.0010430982802063227
20161113_FIRE_bm-n-mobo-c,-1140,0.002015132224187255
20161113_FIRE_bm-n-mobo-c,-1080,0.0017864666879177094
20161113_FIRE_bm-n-mobo-c,-1020,0.0024900815915316343
20161113_FIRE_bm-n-mobo-c,-960,0.002132309367880225
20161113_FIRE_bm-n-mobo-c,-900,0.002305596834048629
20161113_FIRE_bm-n-mobo-c,-840,0.001621281262487173
20161113_FIRE_bm-n-mobo-c,-780,0.0017453241162002087
20161113_FIRE_bm-n-mobo-c,-720,0.0010498471092432737
20161113_FIRE_bm-n-mobo-c,-660,0.001120087574236095
20161113_FIRE_bm-n-mobo-c,-600,0.0015709880972281098
20161113_FIRE_bm-n-mobo-c,-540,0.0018234339077025652
20161113_FIRE_bm-n-mobo-c,-480,0.004962862003594637
20161113_FIRE_bm-n-mobo-c,-420,0.0012441694270819426
20161113_FIRE_bm-n-mobo-c,-360,0.0014697326114401221
20161113_FIRE_bm-n-mobo-c,-300,0.0
20161113_FIRE_bm-n-mobo-c,-240,0.0010240775300189853
20161113_FIRE_bm-n-mobo-c,-180,0.001292161992751062
20161113_FIRE_bm-n-mobo-c,-120,0.001259504584595561
20161113_FIRE_bm-n-mobo-c,-60,0.0
20161113_FIRE_bm-n-mobo-c,0,0.0013748580822721124
20161113_FIRE_bm-n-mobo-c,60,0.003983342554420233
20161113_FIRE_bm-n-mobo-c,120,0.001148560200817883
20161113_FIRE_bm-n-mobo-c,180,0.0014208927750587463
20161113_FIRE_bm-n-mobo-c,240,0.0014380955835804343
20161113_FIRE_bm-n-mobo-c,300,0.0
20161113_FIRE_bm-n-mobo-c,360,0.0
20161113_FIRE_bm-n-mobo-c,420,0.0031375237740576267
20161113_FIRE_bm-n-mobo-c,480,0.0016204911516979337
20161113_FIRE_bm-n-mobo-c,540,0.0011071644257754087
20161113_FIRE_bm-n-mobo-c,600,0.0013405143981799483
20161113_FIRE_bm-n-mobo-c,660,0.004541461821645498
20161113_FIRE_bm-n-mobo-c,720,0.0010416607838124037
20161113_FIRE_bm-n-mobo-c,780,0.0
20161113_FIRE_bm-n-mobo-c,840,0.0010935277678072453
20161113_FIRE_bm-n-mobo-c,900,0.009814032353460789
20161113_FIRE_bm-n-mobo-c,960,0.0161263570189476
20161113_FIRE_bm-n-mobo-c,1020,0.09896321594715118
20161113_FIRE_bm-n-mobo-c,1080,0.15561097860336304
20161113_FIRE_bm-n-mobo-c,1140,0.18133306503295898
20161113_FIRE_bm-n-mobo-c,1200,0.1528657227754593
20161113_FIRE_bm-n-mobo-c,1260,0.06539486348628998
20161113_FIRE_bm-n-mobo-c,1320,0.00443458603695035
20161113_FIRE_bm-n-mobo-c,1380,0.004947675857692957
20161113_FIRE_bm-n-mobo-c,1440,0.02179386466741562
20161113_FIRE_bm-n-mobo-c,1500,0.0010776801500469446
20161113_FIRE_bm-n-mobo-c,1560,0.0
20161113_FIRE_bm-n-mobo-c,1620,0.0013194084167480469
20161113_FIRE_bm-n-mobo-c,1680,0.0014842686941847205
20161113_FIRE_bm-n-mobo-c,1740,0.0018446329049766064
20161113_FIRE_bm-n-mobo-c,1800,0.0018468520138412714
20161113_FIRE_bm-n-mobo-c,1860,0.0018089879304170609
20161113_FIRE_bm-n-mobo-c,1920,0.0021714495960623026
20161113_FIRE_bm-n-mobo-c,1980,0.001233682851307094
20161113_FIRE_bm-n-mobo-c,2040,0.0010171545436605811
20161113_FIRE_bm-n-mobo-c,2100,0.0014386915136128664
20161113_FIRE_bm-n-mobo-c,2160,0.001468260888941586
20161113_FIRE_bm-n-mobo-c,2220,0.0
20161113_FIRE_bm-n-mobo-c,2280,0.0012875801185145974
20161113_FIRE_bm-n-mobo-c,2340,0.0023183543235063553
20161113_FIRE_bm-n-mobo-c,2400,0.001115312334150076
20161113_FIRE_bm-w-mobo-c,-2400,0.0
20161113_FIRE_bm-w-mobo-c,-2340,0.0
20161113_FIRE_bm-w-mobo-c,-2280,0.0
20161113_FIRE_bm-w-mobo-c,-2220,0.0
20161113_FIRE_bm-w-mobo-c,-2160,0.0
20161113_FIRE_bm-w-mobo-c,-2100,0.0
20161113_FIRE_bm-w-mobo-c,-2040,0.0
20161113_FIRE_bm-w-mobo-c,-1980,0.0
20161113_FIRE_bm-w-mobo-c,-1920,0.0
20161113_FIRE_bm-w-mobo-c,-1860,0.0
20161113_FIRE_bm-w-mobo-c,-1800,0.0
20161113_FIRE_bm-w-mobo-c,-1740,0.0
20161113_FIRE_bm-w-mobo-c,-1680,0.0
20161113_FIRE_bm-w-mobo-c,-1620,0.0
20161113_FIRE_bm-w-mobo-c,-1560,0.0
20161113_FIRE_bm-w-mobo-c,-1500,0.0
20161113_FIRE_bm-w-mobo-c,-1440,0.0
20161113_FIRE_bm-w-mobo-c,-1380,0.0
20161113_FIRE_bm-w-mobo-c,-1320,0.0
20161113_FIRE_bm-w-mobo-c,-1260,0.0
20161113_FIRE_bm-w-mobo-c,-1200,0.0
20161113_FIRE_bm-w-mobo-c,-1140,0.0
20161113_FIRE_bm-w-mobo-c,-1080,0.0
20161113_FIRE_bm-w-mobo-c,-1020,0.0
20161113_FIRE_bm-w-mobo-c,-960,0.0
20161113_FIRE_bm-w-mobo-c,-900,0.0
20161113_FIRE_bm-w-mobo-c,-840,0.0
20161113_FIRE_bm-w-mobo-c,-780,0.0
20161113_FIRE_bm-w-mobo-c,-720,0.0
20161113_FIRE_bm-w-mobo-c,-660,0.0
20161113_FIRE_bm-w-mobo-c,-600,0.0
20161113_FIRE_bm-w-mobo-c,-540,0.0
20161113_FIRE_bm-w-mobo-c,-480,0.0
20161113_FIRE_bm-w-mobo-c,-420,0.0
20161113_FIRE_bm-w-mobo-c,-360,0.0
20161113_FIRE_bm-w-mobo-c,-300,0.0
20161113_FIRE_bm-w-mobo-c,-240,0.0
20161113_FIRE_bm-w-mobo-c,-180,0.0
20161113_FIRE_bm-w-mobo-c,-120,0.0
20161113_FIRE_bm-w-mobo-c,-60,0.0
20161113_FIRE_bm-w-mobo-c,0,0.0
20161113_FIRE_bm-w-mobo-c,60,0.0
20161113_FIRE_bm-w-mobo-c,120,0.0
20161113_FIRE_bm-w-mobo-c,180,0.10964277386665344
20161113_FIRE_bm-w-mobo-c,240,0.21593321859836578
20161113_FIRE_bm-w-mobo-c,300,0.18097464740276337
20161113_FIRE_bm-w-mobo-c,360,0.4742545187473297
20161113_FIRE_bm-w-mobo-c,420,0.459133118391037
20161113_FIRE_bm-w-mobo-c,480,0.6010949611663818
20161113_FIRE_bm-w-mobo-c,540,0.5651441812515259
20161113_FIRE_bm-w-mobo-c,600,0.5742448568344116
20161113_FIRE_bm-w-mobo-c,660,0.5441407561302185
20161113_FIRE_bm-w-mobo-c,720,0.3741803765296936
20161113_FIRE_bm-w-mobo-c,780,0.44513043761253357
20161113_FIRE_bm-w-mobo-c,840,0.41739392280578613
20161113_FIRE_bm-w-mobo-c,900,0.5861300826072693
20161113_FIRE_bm-w-mobo-c,960,0.6032013893127441
20161113_FIRE_bm-w-mobo-c,1020,0.5550110340118408
20161113_FIRE_bm-w-mobo-c,1080,0.47246551513671875
20161113_FIRE_bm-w-mobo-c,1140,0.43123772740364075
20161113_FIRE_bm-w-mobo-c,1200,0.5454086661338806
20161113_FIRE_bm-w-mobo-c,1260,0.5854995250701904
20161113_FIRE_bm-w-mobo-c,1320,0.5894765853881836
20161113_FIRE_bm-w-mobo-c,1380,0.6506181359291077
20161113_FIRE_bm-w-mobo-c,1440,0.6336604356765747
20161113_FIRE_bm-w-mobo-c,1500,0.5790122747421265
20161113_FIRE_bm-w-mobo-c,1560,0.40379276871681213
20161113_FIRE_bm-w-mobo-c,1620,0.5551151633262634
20161113_FIRE_bm-w-mobo-c,1680,0.49837782979011536
20161113_FIRE_bm-w-mobo-c,1740,0.4066767394542694
20161113_FIRE_bm-w-mobo-c,1800,0.4693850874900818
20161113_FIRE_bm-w-mobo-c,1860,0.588871419429779
20161113_FIRE_bm-w-mobo-c,1920,0.5849454402923584
20161113_FIRE_bm-w-mobo-c,1980,0.5822087526321411
20161113_FIRE_bm-w-mobo-c,2040,0.46328940987586975
20161113_FIRE_bm-w-mobo-c,2100,0.6294663548469543
20161113_FIRE_bm-w-mobo-c,2160,0.6100757718086243
20161113_FIRE_bm-w-mobo-c,2220,0.5149024724960327
20161113_FIRE_bm-w-mobo-c,2280,0.5418832302093506
20161113_FIRE_bm-w-mobo-c,2340,0.5244123935699463
20161113_FIRE_bm-w-mobo-c,2400,0.6057064533233643
20170519_FIRE_rm-w-mobo-c,-2400,0.0
20170519_FIRE_rm-w-mobo-c,-2340,0.0
20170519_FIRE_rm-w-mobo-c,-2280,0.0
20170519_FIRE_rm-w-mobo-c,-2220,0.0
20170519_FIRE_rm-w-mobo-c,-2160,0.0
20170519_FIRE_rm-w-mobo-c,-2100,0.0
20170519_FIRE_rm-w-mobo-c,-2040,0.0010743655730038881
20170519_FIRE_rm-w-mobo-c,-1980,0.0
20170519_FIRE_rm-w-mobo-c,-1920,0.0
20170519_FIRE_rm-w-mobo-c,-1860,0.0
20170519_FIRE_rm-w-mobo-c,-1800,0.0
20170519_FIRE_rm-w-mobo-c,-1740,0.0026076536159962416
20170519_FIRE_rm-w-mobo-c,-1680,0.0
20170519_FIRE_rm-w-mobo-c,-1620,0.0
20170519_FIRE_rm-w-mobo-c,-1560,0.0017069189343601465
20170519_FIRE_rm-w-mobo-c,-1500,0.001089968252927065
20170519_FIRE_rm-w-mobo-c,-1440,0.0
20170519_FIRE_rm-w-mobo-c,-1380,0.0
20170519_FIRE_rm-w-mobo-c,-1320,0.0
20170519_FIRE_rm-w-mobo-c,-1260,0.0
20170519_FIRE_rm-w-mobo-c,-1200,0.0
20170519_FIRE_rm-w-mobo-c,-1140,0.0
20170519_FIRE_rm-w-mobo-c,-1080,0.0
20170519_FIRE_rm-w-mobo-c,-1020,0.0
20170519_FIRE_rm-w-mobo-c,-960,0.0
20170519_FIRE_rm-w-mobo-c,-900,0.0
20170519_FIRE_rm-w-mobo-c,-840,0.0
20170519_FIRE_rm-w-mobo-c,-780,0.001139698433689773
20170519_FIRE_rm-w-mobo-c,-720,0.001515715615823865
20170519_FIRE_rm-w-mobo-c,-660,0.0017153314547613263
20170519_FIRE_rm-w-mobo-c,-600,0.0011130966013297439
20170519_FIRE_rm-w-mobo-c,-540,0.0
20170519_FIRE_rm-w-mobo-c,-480,0.0
20170519_FIRE_rm-w-mobo-c,-420,0.0
20170519_FIRE_rm-w-mobo-c,-360,0.0
20170519_FIRE_rm-w-mobo-c,-300,0.00231460970826447
20170519_FIRE_rm-w-mobo-c,-240,0.001562835997901857
20170519_FIRE_rm-w-mobo-c,-180,0.0
20170519_FIRE_rm-w-mobo-c,-120,0.0
20170519_FIRE_rm-w-mobo-c,-60,0.0014060469111427665
20170519_FIRE_rm-w-mobo-c,0,0.0
20170519_FIRE_rm-w-mobo-c,60,0.0018486161716282368
20170519_FIRE_rm-w-mobo-c,120,0.0
20170519_FIRE_rm-w-mobo-c,180,0.0
20170519_FIRE_rm-w-mobo-c,240,0.0
20170519_FIRE_rm-w-mobo-c,300,0.0
20170519_FIRE_rm-w-mobo-c,360,0.0
20170519_FIRE_rm-w-mobo-c,420,0.0
20170519_FIRE_rm-w-mobo-c,480,0.0
20170519_FIRE_rm-w-mobo-c,540,0.0
20170519_FIRE_rm-w-mobo-c,600,0.0
20170519_FIRE_rm-w-mobo-c,660,0.0
20170519_FIRE_rm-w-mobo-c,720,0.0
20170519_FIRE_rm-w-mobo-c,780,0.0
20170519_FIRE_rm-w-mobo-c,840,0.0
20170519_FIRE_rm-w-mobo-c,900,0.0041559357196092606
20170519_FIRE_rm-w-mobo-c,960,0.0
20170519_FIRE_rm-w-mobo-c,1020,0.0
20170519_FIRE_rm-w-mobo-c,1080,0.0013175117783248425
20170519_FIRE_rm-w-mobo-c,1140,0.003441220847889781
20170519_FIRE_rm-w-mobo-c,1200,0.1135251522064209
20170519_FIRE_rm-w-mobo-c,1260,0.03164267539978027
20170519_FIRE_rm-w-mobo-c,1320,0.00417176540941
20170519_FIRE_rm-w-mobo-c,1380,0.012469114735722542
20170519_FIRE_rm-w-mobo-c,1440,0.019564777612686157
20170519_FIRE_rm-w-mobo-c,1500,0.18781530857086182
20170519_FIRE_rm-w-mobo-c,1560,0.5140405893325806
20170519_FIRE_rm-w-mobo-c,1620,0.2821597754955292
20170519_FIRE_rm-w-mobo-c,1680,0.18548953533172607
20170519_FIRE_rm-w-mobo-c,1740,0.0818229392170906
20170519_FIRE_rm-w-mobo-c,1800,0.1755552589893341
20170519_FIRE_rm-w-mobo-c,1860,0.15680311620235443
20170519_FIRE_rm-w-mobo-c,1920,0.20544780790805817
20170519_FIRE_rm-w-mobo-c,1980,0.09486308693885803
20170519_FIRE_rm-w-mobo-c,2040,0.059373047202825546
20170519_FIRE_rm-w-mobo-c,2100,0.12069008499383926
20170519_FIRE_rm-w-mobo-c,2160,0.18176664412021637
20170519_FIRE_rm-w-mobo-c,2220,0.17959392070770264
20170519_FIRE_rm-w-mobo-c,2280,0.3136237561702728
20170519_FIRE_rm-w-mobo-c,2340,0.3368651568889618
20170519_FIRE_rm-w-mobo-c,2400,0.3397843837738037
20170520_FIRE_lp-s-iqeye,-2400,0.0
20170520_FIRE_lp-s-iqeye,-2340,0.0
20170520_FIRE_lp-s-iqeye,-2280,0.0
20170520_FIRE_lp-s-iqeye,-2220,0.0
20170520_FIRE_lp-s-iqeye,-2160,0.0
20170520_FIRE_lp-s-iqeye,-2100,0.0
20170520_FIRE_lp-s-iqeye,-2040,0.0
20170520_FIRE_lp-s-iqeye,-1980,0.0
20170520_FIRE_lp-s-iqeye,-1920,0.0
20170520_FIRE_lp-s-iqeye,-1860,0.0
20170520_FIRE_lp-s-iqeye,-1800,0.0
20170520_FIRE_lp-s-iqeye,-1740,0.0
20170520_FIRE_lp-s-iqeye,-1680,0.0
20170520_FIRE_lp-s-iqeye,-1620,0.0
20170520_FIRE_lp-s-iqeye,-1560,0.0
20170520_FIRE_lp-s-iqeye,-1500,0.0
20170520_FIRE_lp-s-iqeye,-1440,0.0
20170520_FIRE_lp-s-iqeye,-1380,0.0
20170520_FIRE_lp-s-iqeye,-1320,0.0
20170520_FIRE_lp-s-iqeye,-1260,0.0
20170520_FIRE_lp-s-iqeye,-1200,0.0
20170520_FIRE_lp-s-iqeye,-1140,0.0
20170520_FIRE_lp-s-iqeye,-1080,0.0
20170520_FIRE_lp-s-iqeye,-1020,0.0
20170520_FIRE_lp-s-iqeye,-960,0.0
20170520_FIRE_lp-s-iqeye,-900,0.0
20170520_FIRE_lp-s-iqeye,-840,0.0
20170520_FIRE_lp-s-iqeye,-780,0.0
20170520_FIRE_lp-s-iqeye,-720,0.0
20170520_FIRE_lp-s-iqeye,-660,0.0
20170520_FIRE_lp-s-iqeye,-600,0.0
20170520_FIRE_lp-s-iqeye,-540,0.0
20170520_FIRE_lp-s-iqeye,-480,0.0
20170520_FIRE_lp-s-iqeye,-420,0.0
20170520_FIRE_lp-s-iqeye,-360,0.0
20170520_FIRE_lp-s-iqeye,-300,0.0
20170520_FIRE_lp-s-iqeye,-240,0.0
20170520_FIRE_lp-s-iqeye,-180,0.0
20170520_FIRE_lp-s-iqeye,-120,0.0
20170520_FIRE_lp-s-iqeye,-60,0.0
20170520_FIRE_lp-s-iqeye,0,0.013517236337065697
20170520_FIRE_lp-s-iqeye,60,0.14015686511993408
20170520_FIRE_lp-s-iqeye,120,0.3500175178050995
20170520_FIRE_lp-s-iqeye,180,0.44495099782943726
20170520_FIRE_lp-s-iqeye,240,0.784034788608551
20170520_FIRE_lp-s-iqeye,300,0.8172659277915955
20170520_FIRE_lp-s-iqeye,360,0.5761109590530396
20170520_FIRE_lp-s-iqeye,420,0.6988937258720398
20170520_FIRE_lp-s-iqeye,480,0.5016024112701416
20170520_FIRE_lp-s-iqeye,540,0.6279451847076416
20170520_FIRE_lp-s-iqeye,600,0.6444361209869385
20170520_FIRE_lp-s-iqeye,660,0.5529924035072327
20170520_FIRE_lp-s-iqeye,720,0.4572787284851074
20170520_FIRE_lp-s-iqeye,780,0.6927927732467651
20170520_FIRE_lp-s-iqeye,840,0.4612012505531311
20170520_FIRE_lp-s-iqeye,900,0.3363153040409088
20170520_FIRE_lp-s-iqeye,960,0.39442452788352966
20170520_FIRE_lp-s-iqeye,1020,0.6606096625328064
20170520_FIRE_lp-s-iqeye,1080,0.06737986952066422
20170520_FIRE_lp-s-iqeye,1140,0.09633002430200577
20170520_FIRE_lp-s-iqeye,1200,0.03812415152788162
20170520_FIRE_lp-s-iqeye,1260,0.582632303237915
20170520_FIRE_lp-s-iqeye,1320,0.6433157324790955
20170520_FIRE_lp-s-iqeye,1380,0.5953335762023926
20170520_FIRE_lp-s-iqeye,1440,0.44926270842552185
20170520_FIRE_lp-s-iqeye,1500,0.14970234036445618
20170520_FIRE_lp-s-iqeye,1560,0.2656550109386444
20170520_FIRE_lp-s-iqeye,1620,0.26383253931999207
20170520_FIRE_lp-s-iqeye,1680,0.2652285397052765
20170520_FIRE_lp-s-iqeye,1740,0.19406729936599731
20170520_FIRE_lp-s-iqeye,1800,0.26819199323654175
20170520_FIRE_lp-s-iqeye,1860,0.06684094667434692
20170520_FIRE_lp-s-iqeye,1920,0.11397548019886017
20170520_FIRE_lp-s-iqeye,1980,0.6881333589553833
20170520_FIRE_lp-s-iqeye,2040,0.5915859937667847
20170520_FIRE_lp-s-iqeye,2100,0.39011192321777344
20170520_FIRE_lp-s-iqeye,2160,0.549039363861084
20170520_FIRE_lp-s-iqeye,2220,0.4518508315086365
20170520_FIRE_lp-s-iqeye,2280,0.3047230541706085
20170520_FIRE_lp-s-iqeye,2340,0.5782217979431152
20170520_FIRE_lp-s-iqeye,2400,0.1967901736497879
20170520_FIRE_om-s-mobo-c,-840,0.03573519363999367
20170520_FIRE_om-s-mobo-c,-780,0.036525167524814606
20170520_FIRE_om-s-mobo-c,-720,0.045873723924160004
20170520_FIRE_om-s-mobo-c,-660,0.03280934691429138
20170520_FIRE_om-s-mobo-c,-600,0.04795392230153084
20170520_FIRE_om-s-mobo-c,-540,0.039108455181121826
20170520_FIRE_om-s-mobo-c,-480,0.025295322760939598
20170520_FIRE_om-s-mobo-c,-420,0.02773265540599823
20170520_FIRE_om-s-mobo-c,-360,0.026307430118322372
20170520_FIRE_om-s-mobo-c,-300,0.023088186979293823
20170520_FIRE_om-s-mobo-c,-240,0.021769510582089424
20170520_FIRE_om-s-mobo-c,-180,0.03487652167677879
20170520_FIRE_om-s-mobo-c,-120,0.039042066782712936
20170520_FIRE_om-s-mobo-c,-60,0.03175298497080803
20170520_FIRE_om-s-mobo-c,0,0.039801254868507385
20170520_FIRE_om-s-mobo-c,60,0.031421732157468796
20170520_FIRE_om-s-mobo-c,120,0.03414618968963623
20170520_FIRE_om-s-mobo-c,180,0.025843046605587006
20170520_FIRE_om-s-mobo-c,240,0.03084682859480381
20170520_FIRE_om-s-mobo-c,300,0.03955520689487457
20170520_FIRE_om-s-mobo-c,360,0.038924556225538254
20170520_FIRE_om-s-mobo-c,420,0.026949692517518997
20170520_FIRE_om-s-mobo-c,480,0.03825981542468071
20170520_FIRE_om-s-mobo-c,540,0.03044809214770794
20170520_FIRE_om-s-mobo-c,600,0.04262160509824753
20170520_FIRE_om-s-mobo-c,660,0.02603963576257229
20170520_FIRE_om-s-mobo-c,720,0.013291711919009686
20170520_FIRE_om-s-mobo-c,780,0.021085096523165703
20170520_FIRE_om-s-mobo-c,840,0.020174453034996986
20170520_FIRE_om-s-mobo-c,900,0.023439060896635056
20170520_FIRE_om-s-mobo-c,960,0.022033313289284706
20170520_FIRE_om-s-mobo-c,1020,0.021577849984169006
20170520_FIRE_om-s-mobo-c,1080,0.02430441789329052
20170520_FIRE_om-s-mobo-c,1140,0.020151956006884575
20170520_FIRE_om-s-mobo-c,1200,0.026239652186632156
20170520_FIRE_om-s-mobo-c,1260,0.022679539397358894
20170520_FIRE_om-s-mobo-c,1320,0.01967979036271572
20170520_FIRE_om-s-mobo-c,1380,0.01854788511991501
20170520_FIRE_om-s-mobo-c,1440,0.01585003174841404
20170520_FIRE_om-s-mobo-c,1500,0.014120230451226234
20170520_FIRE_om-s-mobo-c,1560,0.016741005703806877
20170520_FIRE_om-s-mobo-c,1620,0.018906189128756523
20170520_FIRE_om-s-mobo-c,1680,0.020003652200102806
20170520_FIRE_om-s-mobo-c,1740,0.01530767697840929
20170520_FIRE_om-s-mobo-c,1800,0.018514130264520645
20170520_FIRE_om-s-mobo-c,1860,0.019862709566950798
20170520_FIRE_om-s-mobo-c,1920,0.029739035293459892
20170520_FIRE_om-s-mobo-c,1980,0.021528014913201332
20170520_FIRE_om-s-mobo-c,2040,0.019802292808890343
20170520_FIRE_om-s-mobo-c,2100,0.023761793971061707
20170520_FIRE_om-s-mobo-c,2160,0.028530854731798172
20170520_FIRE_om-s-mobo-c,2220,0.04443807527422905
20170520_FIRE_om-s-mobo-c,2280,0.01553928479552269
20170520_FIRE_om-s-mobo-c,2340,0.013433068990707397
20170520_FIRE_om-s-mobo-c,2400,0.01759924367070198
20170520_FIRE_pi-s-mobo-c,-2400,0.0
20170520_FIRE_pi-s-mobo-c,-2340,0.0
20170520_FIRE_pi-s-mobo-c,-2280,0.0
20170520_FIRE_pi-s-mobo-c,-2220,0.0
20170520_FIRE_pi-s-mobo-c,-2160,0.0
20170520_FIRE_pi-s-mobo-c,-2100,0.0
20170520_FIRE_pi-s-mobo-c,-2040,0.0011190216755494475
20170520_FIRE_pi-s-mobo-c,-1980,0.0
20170520_FIRE_pi-s-mobo-c,-1920,0.0
20170520_FIRE_pi-s-mobo-c,-1860,0.0
20170520_FIRE_pi-s-mobo-c,-1800,0.0
20170520_FIRE_pi-s-mobo-c,-1740,0.0
20170520_FIRE_pi-s-mobo-c,-1680,0.0
20170520_FIRE_pi-s-mobo-c,-1620,0.0
20170520_FIRE_pi-s-mobo-c,-1560,0.0
20170520_FIRE_pi-s-mobo-c,-1500,0.0
20170520_FIRE_pi-s-mobo-c,-1440,0.0
20170520_FIRE_pi-s-mobo-c,-1380,0.0
20170520_FIRE_pi-s-mobo-c,-1320,0.0
20170520_FIRE_pi-s-mobo-c,-1260,0.0
20170520_FIRE_pi-s-mobo-c,-1200,0.0
20170520_FIRE_pi-s-mobo-c,-1140,0.0
20170520_FIRE_pi-s-mobo-c,-1080,0.0
20170520_FIRE_pi-s-mobo-c,-1020,0.0
20170520_FIRE_pi-s-mobo-c,-960,0.0
20170520_FIRE_pi-s-mobo-c,-900,0.0011654766276478767
20170520_FIRE_pi-s-mobo-c,-840,0.0
20170520_FIRE_pi-s-mobo-c,-780,0.0
20170520_FIRE_pi-s-mobo-c,-720,0.0
20170520_FIRE_pi-s-mobo-c,-660,0.0
20170520_FIRE_pi-s-mobo-c,-600,0.0
20170520_FIRE_pi-s-mobo-c,-540,0.0
20170520_FIRE_pi-s-mobo-c,-480,0.0
20170520_FIRE_pi-s-mobo-c,-420,0.0
20170520_FIRE_pi-s-mobo-c,-360,0.0
20170520_FIRE_pi-s-mobo-c,-300,0.0
20170520_FIRE_pi-s-mobo-c,-240,0.0
20170520_FIRE_pi-s-mobo-c,-180,0.0026421428192406893
20170520_FIRE_pi-s-mobo-c,-120,0.0
20170520_FIRE_pi-s-mobo-c,-60,0.0
20170520_FIRE_pi-s-mobo-c,0,0.0
20170520_FIRE_pi-s-mobo-c,60,0.0
20170520_FIRE_pi-s-mobo-c,120,0.0
20170520_FIRE_pi-s-mobo-c,180,0.0
20170520_FIRE_pi-s-mobo-c,240,0.0
20170520_FIRE_pi-s-mobo-c,300,0.0
20170520_FIRE_pi-s-mobo-c,360,0.0
20170520_FIRE_pi-s-mobo-c,420,0.0
20170520_FIRE_pi-s-mobo-c,480,0.0
20170520_FIRE_pi-s-mobo-c,540,0.0
20170520_FIRE_pi-s-mobo-c,600,0.0
20170520_FIRE_pi-s-mobo-c,660,0.0
20170520_FIRE_pi-s-mobo-c,720,0.0
20170520_FIRE_pi-s-mobo-c,780,0.0
20170520_FIRE_pi-s-mobo-c,840,0.0
20170520_FIRE_pi-s-mobo-c,900,0.0015164872165769339
20170520_FIRE_pi-s-mobo-c,960,0.0
20170520_FIRE_pi-s-mobo-c,1020,0.0
20170520_FIRE_pi-s-mobo-c,1080,0.0
20170520_FIRE_pi-s-mobo-c,1140,0.0
20170520_FIRE_pi-s-mobo-c,1200,0.0
20170520_FIRE_pi-s-mobo-c,1260,0.0012906607007607818
20170520_FIRE_pi-s-mobo-c,1320,0.002319511491805315
20170520_FIRE_pi-s-mobo-c,1380,0.0021575307473540306
20170520_FIRE_pi-s-mobo-c,1440,0.0023341686464846134
20170520_FIRE_pi-s-mobo-c,1500,0.0
20170520_FIRE_pi-s-mobo-c,1560,0.005766038782894611
20170520_FIRE_pi-s-mobo-c,1620,0.0
20170520_FIRE_pi-s-mobo-c,1680,0.0025242704432457685
20170520_FIRE_pi-s-mobo-c,1740,0.0
20170520_FIRE_pi-s-mobo-c,1800,0.0
20170520_FIRE_pi-s-mobo-c,1860,0.0
20170520_FIRE_pi-s-mobo-c,1920,0.0
20170520_FIRE_pi-s-mobo-c,1980,0.0
20170520_FIRE_pi-s-mobo-c,2040,0.0014439126243814826
20170520_FIRE_pi-s-mobo-c,2100,0.0010868292301893234
20170520_FIRE_pi-s-mobo-c,2160,0.0
20170520_FIRE_pi-s-mobo-c,2220,0.0
20170520_FIRE_pi-s-mobo-c,2280,0.0
20170520_FIRE_pi-s-mobo-c,2340,0.0
20170520_FIRE_pi-s-mobo-c,2400,0.0
20170520_FIRE_pi-w-mobo-c,-2400,0.0
20170520_FIRE_pi-w-mobo-c,-2340,0.0
20170520_FIRE_pi-w-mobo-c,-2280,0.0
20170520_FIRE_pi-w-mobo-c,-2220,0.0
20170520_FIRE_pi-w-mobo-c,-2160,0.0
20170520_FIRE_pi-w-mobo-c,-2100,0.0
20170520_FIRE_pi-w-mobo-c,-2040,0.0
20170520_FIRE_pi-w-mobo-c,-1980,0.0
20170520_FIRE_pi-w-mobo-c,-1920,0.0
20170520_FIRE_pi-w-mobo-c,-1860,0.0
20170520_FIRE_pi-w-mobo-c,-1800,0.0
20170520_FIRE_pi-w-mobo-c,-1740,0.0
20170520_FIRE_pi-w-mobo-c,-1680,0.0
20170520_FIRE_pi-w-mobo-c,-1620,0.0
20170520_FIRE_pi-w-mobo-c,-1560,0.0
20170520_FIRE_pi-w-mobo-c,-1500,0.0
20170520_FIRE_pi-w-mobo-c,-1440,0.0
20170520_FIRE_pi-w-mobo-c,-1380,0.0
20170520_FIRE_pi-w-mobo-c,-1320,0.0
20170520_FIRE_pi-w-mobo-c,-1260,0.0
20170520_FIRE_pi-w-mobo-c,-1200,0.0
20170520_FIRE_pi-w-mobo-c,-1140,0.0
20170520_FIRE_pi-w-mobo-c,-1080,0.0
20170520_FIRE_pi-w-mobo-c,-1020,0.0
20170520_FIRE_pi-w-mobo-c,-960,0.0
20170520_FIRE_pi-w-mobo-c,-900,0.0
20170520_FIRE_pi-w-mobo-c,-840,0.0
20170520_FIRE_pi-w-mobo-c,-780,0.0
20170520_FIRE_pi-w-mobo-c,-720,0.0
20170520_FIRE_pi-w-mobo-c,-660,0.0
20170520_FIRE_pi-w-mobo-c,-600,0.0
20170520_FIRE_pi-w-mobo-c,-540,0.0
20170520_FIRE_pi-w-mobo-c,-480,0.0
20170520_FIRE_pi-w-mobo-c,-420,0.0
20170520_FIRE_pi-w-mobo-c,-360,0.0
20170520_FIRE_pi-w-mobo-c,-300,0.0
20170520_FIRE_pi-w-mobo-c,-240,0.0
20170520_FIRE_pi-w-mobo-c,-180,0.0
20170520_FIRE_pi-w-mobo-c,-120,0.0
20170520_FIRE_pi-w-mobo-c,-60,0.0
20170520_FIRE_pi-w-mobo-c,0,0.0
20170520_FIRE_pi-w-mobo-c,60,0.0
20170520_FIRE_pi-w-mobo-c,120,0.0
20170520_FIRE_pi-w-mobo-c,180,0.0
20170520_FIRE_pi-w-mobo-c,240,0.0
20170520_FIRE_pi-w-mobo-c,300,0.0
20170520_FIRE_pi-w-mobo-c,360,0.03323417529463768
20170520_FIRE_pi-w-mobo-c,420,0.28053686022758484
20170520_FIRE_pi-w-mobo-c,480,0.40396955609321594
20170520_FIRE_pi-w-mobo-c,540,0.5659431219100952
20170520_FIRE_pi-w-mobo-c,600,0.5079639554023743
20170520_FIRE_pi-w-mobo-c,660,0.5144184231758118
20170520_FIRE_pi-w-mobo-c,720,0.557265043258667
20170520_FIRE_pi-w-mobo-c,780,0.49245959520339966
20170520_FIRE_pi-w-mobo-c,840,0.4822901785373688
20170520_FIRE_pi-w-mobo-c,900,0.49798038601875305
20170520_FIRE_pi-w-mobo-c,960,0.5604143142700195
20170520_FIRE_pi-w-mobo-c,1020,0.40432387590408325
20170520_FIRE_pi-w-mobo-c,1080,0.22874754667282104
20170520_FIRE_pi-w-mobo-c,1140,0.1714627891778946
20170520_FIRE_pi-w-mobo-c,1200,0.3478368818759918
20170520_FIRE_pi-w-mobo-c,1260,0.5292080640792847
20170520_FIRE_pi-w-mobo-c,1320,0.5274873971939087
20170520_FIRE_pi-w-mobo-c,1380,0.5888715982437134
20170520_FIRE_pi-w-mobo-c,1440,0.6790500283241272
20170520_FIRE_pi-w-mobo-c,1500,0.36440882086753845
20170520_FIRE_pi-w-mobo-c,1560,0.42160335183143616
20170520_FIRE_pi-w-mobo-c,1620,0.4395351707935333
20170520_FIRE_pi-w-mobo-c,1680,0.4522581100463867
20170520_FIRE_pi-w-mobo-c,1740,0.5464961528778076
20170520_FIRE_pi-w-mobo-c,1800,0.46115896105766296
20170520_FIRE_pi-w-mobo-c,1860,0.5136414170265198
20170520_FIRE_pi-w-mobo-c,1920,0.4443269371986389
20170520_FIRE_pi-w-mobo-c,1980,0.46863552927970886
20170520_FIRE_pi-w-mobo-c,2040,0.49984025955200195
20170520_FIRE_pi-w-mobo-c,2100,0.1840079426765442
20170520_FIRE_pi-w-mobo-c,2160,0.5798026323318481
20170520_FIRE_pi-w-mobo-c,2220,0.6288831830024719
20170520_FIRE_pi-w-mobo-c,2280,0.7060837745666504
20170520_FIRE_pi-w-mobo-c,2340,0.691717267036438
20170520_FIRE_pi-w-mobo-c,2400,0.6945871710777283
20170609_FIRE_sm-n-mobo-c,-2400,0.0
20170609_FIRE_sm-n-mobo-c,-2340,0.0
20170609_FIRE_sm-n-mobo-c,-2280,0.0
20170609_FIRE_sm-n-mobo-c,-2220,0.0
20170609_FIRE_sm-n-mobo-c,-2160,0.0
20170609_FIRE_sm-n-mobo-c,-2100,0.0
20170609_FIRE_sm-n-mobo-c,-2040,0.0
20170609_FIRE_sm-n-mobo-c,-1980,0.0
20170609_FIRE_sm-n-mobo-c,-1920,0.0
20170609_FIRE_sm-n-mobo-c,-1860,0.0
20170609_FIRE_sm-n-mobo-c,-1800,0.0
20170609_FIRE_sm-n-mobo-c,-1740,0.0
20170609_FIRE_sm-n-mobo-c,-1680,0.0
20170609_FIRE_sm-n-mobo-c,-1620,0.0
20170609_FIRE_sm-n-mobo-c,-1560,0.0
20170609_FIRE_sm-n-mobo-c,-1500,0.0
20170609_FIRE_sm-n-mobo-c,-1440,0.0
20170609_FIRE_sm-n-mobo-c,-1380,0.0
20170609_FIRE_sm-n-mobo-c,-1320,0.0
20170609_FIRE_sm-n-mobo-c,-1260,0.0010671481722965837
20170609_FIRE_sm-n-mobo-c,-1200,0.0
20170609_FIRE_sm-n-mobo-c,-1140,0.0
20170609_FIRE_sm-n-mobo-c,-1080,0.0
20170609_FIRE_sm-n-mobo-c,-1020,0.0
20170609_FIRE_sm-n-mobo-c,-960,0.0
20170609_FIRE_sm-n-mobo-c,-900,0.0
20170609_FIRE_sm-n-mobo-c,-840,0.0
20170609_FIRE_sm-n-mobo-c,-780,0.0
20170609_FIRE_sm-n-mobo-c,-720,0.0
20170609_FIRE_sm-n-mobo-c,-660,0.0
20170609_FIRE_sm-n-mobo-c,-600,0.0
20170609_FIRE_sm-n-mobo-c,-540,0.0
20170609_FIRE_sm-n-mobo-c,-480,0.0
20170609_FIRE_sm-n-mobo-c,-420,0.0
20170609_FIRE_sm-n-mobo-c,-360,0.0
20170609_FIRE_sm-n-mobo-c,-300,0.0
20170609_FIRE_sm-n-mobo-c,-240,0.0
20170609_FIRE_sm-n-mobo-c,-180,0.0
20170609_FIRE_sm-n-mobo-c,-120,0.0
20170609_FIRE_sm-n-mobo-c,-60,0.0
20170609_FIRE_sm-n-mobo-c,0,0.0
20170609_FIRE_sm-n-mobo-c,60,0.0
20170609_FIRE_sm-n-mobo-c,120,0.0
20170609_FIRE_sm-n-mobo-c,180,0.0
20170609_FIRE_sm-n-mobo-c,240,0.0
20170609_FIRE_sm-n-mobo-c,300,0.0
20170609_FIRE_sm-n-mobo-c,360,0.0
20170609_FIRE_sm-n-mobo-c,420,0.0
20170609_FIRE_sm-n-mobo-c,480,0.0
20170609_FIRE_sm-n-mobo-c,540,0.002877806080505252
20170609_FIRE_sm-n-mobo-c,600,0.0
20170609_FIRE_sm-n-mobo-c,660,0.0
20170609_FIRE_sm-n-mobo-c,720,0.0
20170609_FIRE_sm-n-mobo-c,780,0.0
20170609_FIRE_sm-n-mobo-c,840,0.0
20170609_FIRE_sm-n-mobo-c,900,0.0
20170609_FIRE_sm-n-mobo-c,960,0.0
20170609_FIRE_sm-n-mobo-c,1020,0.0
20170609_FIRE_sm-n-mobo-c,1080,0.0
20170609_FIRE_sm-n-mobo-c,1140,0.0
20170609_FIRE_sm-n-mobo-c,1200,0.0
20170609_FIRE_sm-n-mobo-c,1260,0.0
20170609_FIRE_sm-n-mobo-c,1320,0.0
20170609_FIRE_sm-n-mobo-c,1380,0.0
20170609_FIRE_sm-n-mobo-c,1440,0.0
20170609_FIRE_sm-n-mobo-c,1500,0.0
20170609_FIRE_sm-n-mobo-c,1560,0.012263458222150803
20170609_FIRE_sm-n-mobo-c,1620,0.0058017149567604065
20170609_FIRE_sm-n-mobo-c,1680,0.0
20170609_FIRE_sm-n-mobo-c,1740,0.18064948916435242
20170609_FIRE_sm-n-mobo-c,1800,0.14996930956840515
20170609_FIRE_sm-n-mobo-c,1860,0.4850460886955261
20170609_FIRE_sm-n-mobo-c,1920,0.2584528923034668
20170609_FIRE_sm-n-mobo-c,1980,0.41829589009284973
20170609_FIRE_sm-n-mobo-c,2040,0.45858311653137207
20170609_FIRE_sm-n-mobo-c,2100,0.357795387506485
20170609_FIRE_sm-n-mobo-c,2160,0.663054347038269
20170609_FIRE_sm-n-mobo-c,2220,0.24378764629364014
20170609_FIRE_sm-n-mobo-c,2280,0.5807719230651855
20170609_FIRE_sm-n-mobo-c,2340,0.376057505607605
20170609_FIRE_sm-n-mobo-c,2400,0.30712053179740906
20170613_FIRE_bh-w-mobo-c,-2400,0.0
20170613_FIRE_bh-w-mobo-c,-2340,0.0
20170613_FIRE_bh-w-mobo-c,-2280,0.0
20170613_FIRE_bh-w-mobo-c,-2220,0.0
20170613_FIRE_bh-w-mobo-c,-2160,0.0
20170613_FIRE_bh-w-mobo-c,-2100,0.0
20170613_FIRE_bh-w-mobo-c,-2040,0.0
20170613_FIRE_bh-w-mobo-c,-1980,0.0
20170613_FIRE_bh-w-mobo-c,-1920,0.0
20170613_FIRE_bh-w-mobo-c,-1860,0.0
20170613_FIRE_bh-w-mobo-c,-1800,0.0
20170613_FIRE_bh-w-mobo-c,-1740,0.0
20170613_FIRE_bh-w-mobo-c,-1680,0.0
20170613_FIRE_bh-w-mobo-c,-1620,0.0
20170613_FIRE_bh-w-mobo-c,-1560,0.0
20170613_FIRE_bh-w-mobo-c,-1500,0.0
20170613_FIRE_bh-w-mobo-c,-1440,0.0
20170613_FIRE_bh-w-mobo-c,-1380,0.0
20170613_FIRE_bh-w-mobo-c,-1320,0.0
20170613_FIRE_bh-w-mobo-c,-1260,0.0
20170613_FIRE_bh-w-mobo-c,-1200,0.0
20170613_FIRE_bh-w-mobo-c,-1140,0.0
20170613_FIRE_bh-w-mobo-c,-1080,0.0
20170613_FIRE_bh-w-mobo-c,-1020,0.0
20170613_FIRE_bh-w-mobo-c,-960,0.0
20170613_FIRE_bh-w-mobo-c,-900,0.0
20170613_FIRE_bh-w-mobo-c,-840,0.0
20170613_FIRE_bh-w-mobo-c,-780,0.0
20170613_FIRE_bh-w-mobo-c,-720,0.0
20170613_FIRE_bh-w-mobo-c,-660,0.0
20170613_FIRE_bh-w-mobo-c,-600,0.0
20170613_FIRE_bh-w-mobo-c,-540,0.0
20170613_FIRE_bh-w-mobo-c,-480,0.0
20170613_FIRE_bh-w-mobo-c,-420,0.0
20170613_FIRE_bh-w-mobo-c,-360,0.0
20170613_FIRE_bh-w-mobo-c,-300,0.0
20170613_FIRE_bh-w-mobo-c,-240,0.0
20170613_FIRE_bh-w-mobo-c,-180,0.0
20170613_FIRE_bh-w-mobo-c,-120,0.0
20170613_FIRE_bh-w-mobo-c,-60,0.0
20170613_FIRE_bh-w-mobo-c,0,0.0
20170613_FIRE_bh-w-mobo-c,60,0.0
20170613_FIRE_bh-w-mobo-c,120,0.0
20170613_FIRE_bh-w-mobo-c,180,0.0
20170613_FIRE_bh-w-mobo-c,240,0.0
20170613_FIRE_bh-w-mobo-c,300,0.0
20170613_FIRE_bh-w-mobo-c,360,0.016925429925322533
20170613_FIRE_bh-w-mobo-c,420,0.030522646382451057
20170613_FIRE_bh-w-mobo-c,480,0.13126596808433533
20170613_FIRE_bh-w-mobo-c,540,0.036155957728624344
20170613_FIRE_bh-w-mobo-c,600,0.1636049896478653
20170613_FIRE_bh-w-mobo-c,660,0.05686119198799133
20170613_FIRE_bh-w-mobo-c,720,0.008507923223078251
20170613_FIRE_bh-w-mobo-c,780,0.0
20170613_FIRE_bh-w-mobo-c,840,0.0018213859293609858
20170613_FIRE_bh-w-mobo-c,900,0.0024597966112196445
20170613_FIRE_bh-w-mobo-c,960,0.004794254899024963
20170613_FIRE_bh-w-mobo-c,1020,0.0
20170613_FIRE_bh-w-mobo-c,1080,0.0
20170613_FIRE_bh-w-mobo-c,1140,0.0
20170613_FIRE_bh-w-mobo-c,1200,0.0
20170613_FIRE_bh-w-mobo-c,1260,0.0
20170613_FIRE_bh-w-mobo-c,1320,0.0
20170613_FIRE_bh-w-mobo-c,1380,0.0
20170613_FIRE_bh-w-mobo-c,1440,0.0
20170613_FIRE_bh-w-mobo-c,1500,0.0
20170613_FIRE_bh-w-mobo-c,1560,0.0
20170613_FIRE_bh-w-mobo-c,1620,0.0
20170613_FIRE_bh-w-mobo-c,1680,0.0
20170613_FIRE_bh-w-mobo-c,1740,0.005670357029885054
20170613_FIRE_bh-w-mobo-c,1800,0.003951332997530699
20170613_FIRE_bh-w-mobo-c,1860,0.014578905887901783
20170613_FIRE_bh-w-mobo-c,1920,0.015166398137807846
20170613_FIRE_bh-w-mobo-c,1980,0.0012027192860841751
20170613_FIRE_bh-w-mobo-c,2040,0.0035212880466133356
20170613_FIRE_bh-w-mobo-c,2100,0.0
20170613_FIRE_bh-w-mobo-c,2160,0.007062614429742098
20170613_FIRE_bh-w-mobo-c,2220,0.005387937184423208
20170613_FIRE_bh-w-mobo-c,2280,0.002178989350795746
20170613_FIRE_bh-w-mobo-c,2340,0.021349769085645676
20170613_FIRE_bh-w-mobo-c,2400,0.02059801109135151
20170613_FIRE_hp-n-mobo-c,-2400,0.0
20170613_FIRE_hp-n-mobo-c,-2340,0.0
20170613_FIRE_hp-n-mobo-c,-2280,0.0
20170613_FIRE_hp-n-mobo-c,-2220,0.0
20170613_FIRE_hp-n-mobo-c,-2160,0.0
20170613_FIRE_hp-n-mobo-c,-2100,0.0
20170613_FIRE_hp-n-mobo-c,-2040,0.0
20170613_FIRE_hp-n-mobo-c,-1980,0.0
20170613_FIRE_hp-n-mobo-c,-1920,0.0
20170613_FIRE_hp-n-mobo-c,-1860,0.0
20170613_FIRE_hp-n-mobo-c,-1800,0.0
20170613_FIRE_hp-n-mobo-c,-1740,0.0
20170613_FIRE_hp-n-mobo-c,-1680,0.0035604089498519897
20170613_FIRE_hp-n-mobo-c,-1620,0.0
20170613_FIRE_hp-n-mobo-c,-1560,0.0
20170613_FIRE_hp-n-mobo-c,-1500,0.0
20170613_FIRE_hp-n-mobo-c,-1440,0.0
20170613_FIRE_hp-n-mobo-c,-1380,0.0
20170613_FIRE_hp-n-mobo-c,-1320,0.0
20170613_FIRE_hp-n-mobo-c,-1260,0.0
20170613_FIRE_hp-n-mobo-c,-1200,0.0
20170613_FIRE_hp-n-mobo-c,-1140,0.0
20170613_FIRE_hp-n-mobo-c,-1080,0.0
20170613_FIRE_hp-n-mobo-c,-1020,0.0
20170613_FIRE_hp-n-mobo-c,-960,0.0
20170613_FIRE_hp-n-mobo-c,-900,0.0
20170613_FIRE_hp-n-mobo-c,-840,0.0
20170613_FIRE_hp-n-mobo-c,-780,0.0
20170613_FIRE_hp-n-mobo-c,-720,0.0
20170613_FIRE_hp-n-mobo-c,-660,0.0
20170613_FIRE_hp-n-mobo-c,-600,0.0
20170613_FIRE_hp-n-mobo-c,-540,0.0
20170613_FIRE_hp-n-mobo-c,-480,0.0
20170613_FIRE_hp-n-mobo-c,-420,0.00165157625451684
20170613_FIRE_hp-n-mobo-c,-360,0.0
20170613_FIRE_hp-n-mobo-c,-300,0.0
20170613_FIRE_hp-n-mobo-c,-240,0.0
20170613_FIRE_hp-n-mobo-c,-180,0.0
20170613_FIRE_hp-n-mobo-c,-120,0.0
20170613_FIRE_hp-n-mobo-c,-60,0.0
20170613_FIRE_hp-n-mobo-c,0,0.0
20170613_FIRE_hp-n-mobo-c,60,0.0
20170613_FIRE_hp-n-mobo-c,120,0.0019023899221792817
20170613_FIRE_hp-n-mobo-c,180,0.0
20170613_FIRE_hp-n-mobo-c,240,0.0
20170613_FIRE_hp-n-mobo-c,300,0.0
20170613_FIRE_hp-n-mobo-c,360,0.0
20170613_FIRE_hp-n-mobo-c,420,0.0
20170613_FIRE_hp-n-mobo-c,480,0.0
20170613_FIRE_hp-n-mobo-c,540,0.0
20170613_FIRE_hp-n-mobo-c,600,0.0
20170613_FIRE_hp-n-mobo-c,660,0.01481118518859148
20170613_FIRE_hp-n-mobo-c,720,0.12427916377782822
20170613_FIRE_hp-n-mobo-c,780,0.40982869267463684
20170613_FIRE_hp-n-mobo-c,840,0.4571203887462616
20170613_FIRE_hp-n-mobo-c,900,0.49476978182792664
20170613_FIRE_hp-n-mobo-c,960,0.15145933628082275
20170613_FIRE_hp-n-mobo-c,1020,0.29082170128822327
20170613_FIRE_hp-n-mobo-c,1080,0.0
20170613_FIRE_hp-n-mobo-c,1140,0.0
20170613_FIRE_hp-n-mobo-c,1200,0.0
20170613_FIRE_hp-n-mobo-c,1260,0.0
20170613_FIRE_hp-n-mobo-c,1320,0.030956612899899483
20170613_FIRE_hp-n-mobo-c,1380,0.2938487231731415
20170613_FIRE_hp-n-mobo-c,1440,0.6545916199684143
20170613_FIRE_hp-n-mobo-c,1500,0.5265446305274963
20170613_FIRE_hp-n-mobo-c,1560,0.7064939737319946
20170613_FIRE_hp-n-mobo-c,1620,0.505331814289093
20170613_FIRE_hp-n-mobo-c,1680,0.31197234988212585
20170613_FIRE_hp-n-mobo-c,1740,0.35159701108932495
20170613_FIRE_hp-n-mobo-c,1800,0.5042581558227539
20170613_FIRE_hp-n-mobo-c,1860,0.26345187425613403
20170613_FIRE_hp-n-mobo-c,1920,0.2977183163166046
20170613_FIRE_hp-n-mobo-c,1980,0.5869906544685364
20170613_FIRE_hp-n-mobo-c,2040,0.576755702495575
20170613_FIRE_hp-n-mobo-c,2100,0.362831175327301
20170613_FIRE_hp-n-mobo-c,2160,0.21046757698059082
20170613_FIRE_hp-n-mobo-c,2220,0.03279421851038933
20170613_FIRE_hp-n-mobo-c,2280,0.0036672453861683607
20170613_FIRE_hp-n-mobo-c,2340,0.03138144314289093
20170613_FIRE_hp-n-mobo-c,2400,0.030933847650885582
20170625_BBM_bm-n-mobo,-2400,0.0
20170625_BBM_bm-n-mobo,-2340,0.0
20170625_BBM_bm-n-mobo,-2280,0.0027324736583977938
20170625_BBM_bm-n-mobo,-2220,0.004914965480566025
20170625_BBM_bm-n-mobo,-2160,0.0020242666359990835
20170625_BBM_bm-n-mobo,-2100,0.0020494197960942984
20170625_BBM_bm-n-mobo,-2040,0.0011246920330449939
20170625_BBM_bm-n-mobo,-1980,0.0027702213265001774
20170625_BBM_bm-n-mobo,-1920,0.003615664318203926
20170625_BBM_bm-n-mobo,-1860,0.004030383192002773
20170625_BBM_bm-n-mobo,-1800,0.0
20170625_BBM_bm-n-mobo,-1740,0.0
20170625_BBM_bm-n-mobo,-1680,0.004928252659738064
20170625_BBM_bm-n-mobo,-1620,0.0024353270418941975
20170625_BBM_bm-n-mobo,-1560,0.01948404870927334
20170625_BBM_bm-n-mobo,-1500,0.0019699137192219496
20170625_BBM_bm-n-mobo,-1440,0.009493897669017315
20170625_BBM_bm-n-mobo,-1380,0.005816412623971701
20170625_BBM_bm-n-mobo,-1320,0.061199724674224854
20170625_BBM_bm-n-mobo,-1260,0.0036597733851522207
20170625_BBM_bm-n-mobo,-1200,0.0
20170625_BBM_bm-n-mobo,-1140,0.0016808209475129843
20170625_BBM_bm-n-mobo,-1080,0.031052106991410255
20170625_BBM_bm-n-mobo,-1020,0.009841149672865868
20170625_BBM_bm-n-mobo,-960,0.010749422013759613
20170625_BBM_bm-n-mobo,-900,0.00489435251802206
20170625_BBM_bm-n-mobo,-840,0.0011463920818641782
20170625_BBM_bm-n-mobo,-780,0.009448817931115627
20170625_BBM_bm-n-mobo,-720,0.004758920054882765
20170625_BBM_bm-n-mobo,-660,0.0011062740813940763
20170625_BBM_bm-n-mobo,-600,0.003104171948507428
20170625_BBM_bm-n-mobo,-540,0.0041951644234359264
20170625_BBM_bm-n-mobo,-480,0.004592263605445623
20170625_BBM_bm-n-mobo,-420,0.0
20170625_BBM_bm-n-mobo,-360,0.0
20170625_BBM_bm-n-mobo,-300,0.0013984044780954719
20170625_BBM_bm-n-mobo,-240,0.0
20170625_BBM_bm-n-mobo,-180,0.0
20170625_BBM_bm-n-mobo,-120,0.0
20170625_BBM_bm-n-mobo,-60,0.003194507909938693
20170625_BBM_bm-n-mobo,0,0.0
20170625_BBM_bm-n-mobo,60,0.0
20170625_BBM_bm-n-mobo,120,0.004349932074546814
20170625_BBM_bm-n-mobo,180,0.008268809877336025
20170625_BBM_bm-n-mobo,240,0.0
20170625_BBM_bm-n-mobo,300,0.004345968831330538
20170625_BBM_bm-n-mobo,360,0.001383025897666812
20170625_BBM_bm-n-mobo,420,0.19856595993041992
20170625_BBM_bm-n-mobo,480,0.6526618003845215
20170625_BBM_bm-n-mobo,540,0.17348353564739227
20170625_BBM_bm-n-mobo,600,0.10891033709049225
20170625_BBM_bm-n-mobo,660,0.34597960114479065
20170625_BBM_bm-n-mobo,720,0.36981257796287537
20170625_BBM_bm-n-mobo,780,0.25982362031936646
20170625_BBM_bm-n-mobo,840,0.5159140825271606
20170625_BBM_bm-n-mobo,900,0.5174888372421265
20170625_BBM_bm-n-mobo,960,0.7545697093009949
20170625_BBM_bm-n-mobo,1020,0.5109202265739441
20170625_BBM_bm-n-mobo,1080,0.27987778186798096
20170625_BBM_bm-n-mobo,1140,0.6663070321083069
20170625_BBM_bm-n-mobo,1200,0.4991479218006134
20170625_BBM_bm-n-mobo,1260,0.7408774495124817
20170625_BBM_bm-n-mobo,1320,0.7078001499176025
20170625_BBM_bm-n-mobo,1380,0.6480871438980103
20170625_BBM_bm-n-mobo,1440,0.6991463303565979
20170625_BBM_bm-n-mobo,1500,0.6916139125823975
20170625_BBM_bm-n-mobo,1560,0.734510064125061
20170625_BBM_bm-n-mobo,1620,0.8417216539382935
20170625_BBM_bm-n-mobo,1680,0.51178377866745
20170625_BBM_bm-n-mobo,1740,0.8410713076591492
20170625_BBM_bm-n-mobo,1800,0.4643182158470154
20170625_BBM_bm-n-mobo,1860,0.8065840005874634
20170625_BBM_bm-n-mobo,1920,0.7775259613990784
20170625_BBM_bm-n-mobo,1980,0.8709926605224609
20170625_BBM_bm-n-mobo,2040,0.8016140460968018
20170625_BBM_bm-n-mobo,2100,0.7569067478179932
20170625_BBM_bm-n-mobo,2160,0.6743457317352295
20170625_BBM_bm-n-mobo,2220,0.6449971199035645
20170625_BBM_bm-n-mobo,2280,0.6260524392127991
20170625_BBM_bm-n-mobo,2340,0.5920156836509705
20170625_BBM_bm-n-mobo,2400,0.6489380598068237
20170625_FIRE_mg-s-iqeye,-2400,0.14186695218086243
20170625_FIRE_mg-s-iqeye,-2340,0.1021449938416481
20170625_FIRE_mg-s-iqeye,-2280,0.11809128522872925
20170625_FIRE_mg-s-iqeye,-2220,0.15479028224945068
20170625_FIRE_mg-s-iqeye,-2160,0.17072270810604095
20170625_FIRE_mg-s-iqeye,-2100,0.14421328902244568
20170625_FIRE_mg-s-iqeye,-2040,0.15597215294837952
20170625_FIRE_mg-s-iqeye,-1980,0.1221751868724823
20170625_FIRE_mg-s-iqeye,-1920,0.16174913942813873
20170625_FIRE_mg-s-iqeye,-1860,0.07821959257125854
20170625_FIRE_mg-s-iqeye,-1800,0.17655618488788605
20170625_FIRE_mg-s-iqeye,-1740,0.1438349187374115
20170625_FIRE_mg-s-iqeye,-1680,0.14824961125850677
20170625_FIRE_mg-s-iqeye,-1620,0.14162302017211914
20170625_FIRE_mg-s-iqeye,-1560,0.15691520273685455
20170625_FIRE_mg-s-iqeye,-1500,0.17334569990634918
20170625_FIRE_mg-s-iqeye,-1440,0.15914222598075867
20170625_FIRE_mg-s-iqeye,-1380,0.1417059302330017
20170625_FIRE_mg-s-iqeye,-1320,0.1620575487613678
20170625_FIRE_mg-s-iqeye,-1260,0.19191253185272217
20170625_FIRE_mg-s-iqeye,-1200,0.10359983891248703
20170625_FIRE_mg-s-iqeye,-1140,0.20450179278850555
20170625_FIRE_mg-s-iqeye,-1080,0.12311199307441711
20170625_FIRE_mg-s-iqeye,-1020,0.10037289559841156
20170625_FIRE_mg-s-iqeye,-960,0.19056399166584015
20170625_FIRE_mg-s-iqeye,-900,0.18527153134346008
20170625_FIRE_mg-s-iqeye,-840,0.15366259217262268
20170625_FIRE_mg-s-iqeye,-780,0.15349575877189636
20170625_FIRE_mg-s-iqeye,-720,0.14825975894927979
20170625_FIRE_mg-s-iqeye,-660,0.16305075585842133
20170625_FIRE_mg-s-iqeye,-600,0.15407231450080872
20170625_FIRE_mg-s-iqeye,-540,0.17329545319080353
20170625_FIRE_mg-s-iqeye,-480,0.16096080839633942
20170625_FIRE_mg-s-iqeye,-420,0.180903360247612
20170625_FIRE_mg-s-iqeye,-360,0.167214497923851
20170625_FIRE_mg-s-iqeye,-300,0.1685119867324829
20170625_FIRE_mg-s-iqeye,-240,0.17822232842445374
20170625_FIRE_mg-s-iqeye,-180,0.17713157832622528
20170625_FIRE_mg-s-iqeye,-120,0.13297028839588165
20170625_FIRE_mg-s-iqeye,-60,0.19963142275810242
20170625_FIRE_mg-s-iqeye,0,0.16199937462806702
20170625_FIRE_mg-s-iqeye,60,0.20086266100406647
20170625_FIRE_mg-s-iqeye,120,0.17903167009353638
20170625_FIRE_mg-s-iqeye,180,0.12953290343284607
20170625_FIRE_mg-s-iqeye,240,0.17333753407001495
20170625_FIRE_mg-s-iqeye,300,0.15082736313343048
20170625_FIRE_mg-s-iqeye,360,0.1581466645002365
20170625_FIRE_mg-s-iqeye,420,0.14056514203548431
20170625_FIRE_mg-s-iqeye,480,0.18377073109149933
20170625_FIRE_mg-s-iqeye,540,0.14891134202480316
20170625_FIRE_mg-s-iqeye,600,0.16972212493419647
20170625_FIRE_mg-s-iqeye,660,0.18572203814983368
20170625_FIRE_mg-s-iqeye,720,0.21929895877838135
20170625_FIRE_mg-s-iqeye,780,0.11936919391155243
20170625_FIRE_mg-s-iqeye,840,0.44354769587516785
20170625_FIRE_mg-s-iqeye,900,0.20643746852874756
20170625_FIRE_mg-s-iqeye,960,0.19229209423065186
20170625_FIRE_mg-s-iqeye,1020,0.14661194384098053
20170625_FIRE_mg-s-iqeye,1080,0.08897034823894501
20170625_FIRE_mg-s-iqeye,1140,0.13563065230846405
20170625_FIRE_mg-s-iqeye,1200,0.11973558366298676
20170625_FIRE_mg-s-iqeye,1260,0.7904663681983948
20170625_FIRE_mg-s-iqeye,1320,0.3306739926338196
20170625_FIRE_mg-s-iqeye,1380,0.3474527895450592
20170625_FIRE_mg-s-iqeye,1440,0.28478729724884033
20170625_FIRE_mg-s-iqeye,1500,0.1478193998336792
20170625_FIRE_mg-s-iqeye,1560,0.7174205780029297
20170625_FIRE_mg-s-iqeye,1620,0.6382189393043518
20170625_FIRE_mg-s-iqeye,1680,0.10277300328016281
20170625_FIRE_mg-s-iqeye,1740,0.7488539218902588
20170625_FIRE_mg-s-iqeye,1800,0.7772275805473328
20170625_FIRE_mg-s-iqeye,1860,0.06668439507484436
20170625_FIRE_mg-s-iqeye,1920,0.7338037490844727
20170625_FIRE_mg-s-iqeye,1980,0.6780486702919006
20170625_FIRE_mg-s-iqeye,2040,0.7788336873054504
20170625_FIRE_mg-s-iqeye,2100,0.3239966034889221
20170625_FIRE_mg-s-iqeye,2160,0.6582883596420288
20170625_FIRE_mg-s-iqeye,2220,0.6854524612426758
20170625_FIRE_mg-s-iqeye,2280,0.6277176737785339
20170625_FIRE_mg-s-iqeye,2340,0.3693046569824219
20170625_FIRE_mg-s-iqeye,2400,0.6452974081039429
20170627_FIRE_lp-n-iqeye,-2400,0.004181370139122009
20170627_FIRE_lp-n-iqeye,-2340,0.003617011709138751
20170627_FIRE_lp-n-iqeye,-2280,0.005197081249207258
20170627_FIRE_lp-n-iqeye,-2220,0.00495168985798955
20170627_FIRE_lp-n-iqeye,-2160,0.004430918022990227
20170627_FIRE_lp-n-iqeye,-2100,0.00477833254262805
20170627_FIRE_lp-n-iqeye,-2040,0.004359096754342318
20170627_FIRE_lp-n-iqeye,-1980,0.003055284032598138
20170627_FIRE_lp-n-iqeye,-1920,0.003222328145056963
20170627_FIRE_lp-n-iqeye,-1860,0.0060900128446519375
20170627_FIRE_lp-n-iqeye,-1800,0.0039193350821733475
20170627_FIRE_lp-n-iqeye,-1740,0.008025185205042362
20170627_FIRE_lp-n-iqeye,-1680,0.007901443168520927
20170627_FIRE_lp-n-iqeye,-1620,0.0059893447905778885
20170627_FIRE_lp-n-iqeye,-1560,0.004993122536689043
20170627_FIRE_lp-n-iqeye,-1500,0.00222448306158185
20170627_FIRE_lp-n-iqeye,-1440,0.007651621475815773
20170627_FIRE_lp-n-iqeye,-1380,0.005038582254201174
20170627_FIRE_lp-n-iqeye,-1320,0.004558123182505369
20170627_FIRE_lp-n-iqeye,-1260,0.008760364726185799
20170627_FIRE_lp-n-iqeye,-1200,0.00645868107676506
20170627_FIRE_lp-n-iqeye,-1140,0.012550249695777893
20170627_FIRE_lp-n-iqeye,-1080,0.004200005903840065
20170627_FIRE_lp-n-iqeye,-1020,0.004706681240350008
20170627_FIRE_lp-n-iqeye,-960,0.0026563331484794617
20170627_FIRE_lp-n-iqeye,-900,0.002209228463470936
20170627_FIRE_lp-n-iqeye,-840,0.0033576965797692537
20170627_FIRE_lp-n-iqeye,-780,0.002709273248910904
20170627_FIRE_lp-n-iqeye,-720,0.005610116291791201
20170627_FIRE_lp-n-iqeye,-660,0.004946711473166943
20170627_FIRE_lp-n-iqeye,-600,0.0024497502017766237
20170627_FIRE_lp-n-iqeye,-540,0.003673301311209798
20170627_FIRE_lp-n-iqeye,-480,0.0025396321434527636
20170627_FIRE_lp-n-iqeye,-420,0.004249271005392075
20170627_FIRE_lp-n-iqeye,-360,0.0029113905038684607
20170627_FIRE_lp-n-iqeye,-300,0.005281499121338129
20170627_FIRE_lp-n-iqeye,-240,0.007146617863327265
20170627_FIRE_lp-n-iqeye,-180,0.00570720573887229
20170627_FIRE_lp-n-iqeye,-120,0.0023286286741495132
20170627_FIRE_lp-n-iqeye,-60,0.0026663863100111485
20170627_FIRE_lp-n-iqeye,0,0.004510813858360052
20170627_FIRE_lp-n-iqeye,60,0.004164531361311674
20170627_FIRE_lp-n-iqeye,120,0.004912745673209429
20170627_FIRE_lp-n-iqeye,180,0.009449188597500324
20170627_FIRE_lp-n-iqeye,240,0.00519592547789216
20170627_FIRE_lp-n-iqeye,300,0.007982653565704823
20170627_FIRE_lp-n-iqeye,360,0.007467436604201794
20170627_FIRE_lp-n-iqeye,420,0.0055460575968027115
20170627_FIRE_lp-n-iqeye,480,0.004913136828690767
20170627_FIRE_lp-n-iqeye,540,0.011947006918489933
20170627_FIRE_lp-n-iqeye,600,0.008459190838038921
20170627_FIRE_lp-n-iqeye,660,0.004352867603302002
20170627_FIRE_lp-n-iqeye,720,0.007071300409734249
20170627_FIRE_lp-n-iqeye,780,0.0048187654465436935
20170627_FIRE_lp-n-iqeye,840,0.010160412639379501
20170627_FIRE_lp-n-iqeye,900,0.010399958118796349
20170627_FIRE_lp-n-iqeye,960,0.009348694235086441
20170627_FIRE_lp-n-iqeye,1020,0.01395086944103241
20170627_FIRE_lp-n-iqeye,1080,0.008633012883365154
20170627_FIRE_lp-n-iqeye,1140,0.010986932553350925
20170627_FIRE_lp-n-iqeye,1200,0.0071171848103404045
20170627_FIRE_lp-n-iqeye,1260,0.011866794899106026
20170627_FIRE_lp-n-iqeye,1320,0.008892633020877838
20170627_FIRE_lp-n-iqeye,1380,0.01642526499927044
20170627_FIRE_lp-n-iqeye,1440,0.007682240102440119
20170627_FIRE_lp-n-iqeye,1500,0.007709869183599949
20170627_FIRE_lp-n-iqeye,1560,0.0096522131934762
20170627_FIRE_lp-n-iqeye,1620,0.009510449133813381
20170627_FIRE_lp-n-iqeye,1680,0.0228260550647974
20170627_FIRE_lp-n-iqeye,1740,0.016045596450567245
20170627_FIRE_lp-n-iqeye,1800,0.010650752112269402
20170627_FIRE_lp-n-iqeye,1860,0.008183535188436508
20170627_FIRE_lp-n-iqeye,1920,0.013786861672997475
20170627_FIRE_lp-n-iqeye,1980,0.01333102211356163
20170627_FIRE_lp-n-iqeye,2040,0.017850201576948166
20170627_FIRE_lp-n-iqeye,2100,0.01742665469646454
20170627_FIRE_lp-n-iqeye,2160,0.0071233236230909824
20170627_FIRE_lp-n-iqeye,2220,0.011072677560150623
20170627_FIRE_lp-n-iqeye,2280,0.0045553697273135185
20170627_FIRE_lp-n-iqeye,2340,0.00994022935628891
20170627_FIRE_lp-n-iqeye,2400,0.011523694731295109
20170627_FIRE_om-e-mobo-c,-2400,0.11278051882982254
20170627_FIRE_om-e-mobo-c,-2340,0.219840869307518
20170627_FIRE_om-e-mobo-c,-2280,0.21386981010437012
20170627_FIRE_om-e-mobo-c,-2220,0.2623092830181122
20170627_FIRE_om-e-mobo-c,-2160,0.3663317859172821
20170627_FIRE_om-e-mobo-c,-2100,0.35302361845970154
20170627_FIRE_om-e-mobo-c,-2040,0.33828437328338623
20170627_FIRE_om-e-mobo-c,-1980,0.3171162009239197
20170627_FIRE_om-e-mobo-c,-1920,0.24610118567943573
20170627_FIRE_om-e-mobo-c,-1860,0.18483518064022064
20170627_FIRE_om-e-mobo-c,-1800,0.09991299360990524
20170627_FIRE_om-e-mobo-c,-1740,0.1986217349767685
20170627_FIRE_om-e-mobo-c,-1680,0.07788021117448807
20170627_FIRE_om-e-mobo-c,-1620,0.12924863398075104
20170627_FIRE_om-e-mobo-c,-1560,0.25000232458114624
20170627_FIRE_om-e-mobo-c,-1500,0.34283360838890076
20170627_FIRE_om-e-mobo-c,-1440,0.34749677777290344
20170627_FIRE_om-e-mobo-c,-1380,0.246353417634964
20170627_FIRE_om-e-mobo-c,-1320,0.40394073724746704
20170627_FIRE_om-e-mobo-c,-1260,0.4518919289112091
20170627_FIRE_om-e-mobo-c,-1200,0.37565746903419495
20170627_FIRE_om-e-mobo-c,-1140,0.323228120803833
20170627_FIRE_om-e-mobo-c,-1080,0.2272329479455948
20170627_FIRE_om-e-mobo-c,-1020,0.18532423675060272
20170627_FIRE_om-e-mobo-c,-960,0.16928420960903168
20170627_FIRE_om-e-mobo-c,-900,0.2583239674568176
20170627_FIRE_om-e-mobo-c,-840,0.13899345695972443
20170627_FIRE_om-e-mobo-c,-780,0.030115097761154175
20170627_FIRE_om-e-mobo-c,-720,0.0011226828210055828
20170627_FIRE_om-e-mobo-c,-660,0.0
20170627_FIRE_om-e-mobo-c,-600,0.0
20170627_FIRE_om-e-mobo-c,-540,0.0
20170627_FIRE_om-e-mobo-c,-480,0.0
20170627_FIRE_om-e-mobo-c,-420,0.0
20170627_FIRE_om-e-mobo-c,-360,0.0
20170627_FIRE_om-e-mobo-c,-300,0.0
20170627_FIRE_om-e-mobo-c,-240,0.0
20170627_FIRE_om-e-mobo-c,-180,0.0
20170627_FIRE_om-e-mobo-c,-120,0.0
20170627_FIRE_om-e-mobo-c,-60,0.0
20170627_FIRE_om-e-mobo-c,0,0.003024396486580372
20170627_FIRE_om-e-mobo-c,60,0.04732578247785568
20170627_FIRE_om-e-mobo-c,120,0.2460460662841797
20170627_FIRE_om-e-mobo-c,180,0.10800616443157196
20170627_FIRE_om-e-mobo-c,240,0.025865262374281883
20170627_FIRE_om-e-mobo-c,300,0.0070199137553572655
20170627_FIRE_om-e-mobo-c,360,0.0
20170627_FIRE_om-e-mobo-c,420,0.0
20170627_FIRE_om-e-mobo-c,480,0.04999352619051933
20170627_FIRE_om-e-mobo-c,540,0.18304528295993805
20170627_FIRE_om-e-mobo-c,600,0.48159822821617126
20170627_FIRE_om-e-mobo-c,660,0.45803239941596985
20170627_FIRE_om-e-mobo-c,720,0.5309492945671082
20170627_FIRE_om-e-mobo-c,780,0.4683459401130676
20170627_FIRE_om-e-mobo-c,840,0.2238348126411438
20170627_FIRE_om-e-mobo-c,900,0.19497603178024292
20170627_FIRE_om-e-mobo-c,960,0.2530282437801361
20170627_FIRE_om-e-mobo-c,1020,0.0511668398976326
20170627_FIRE_om-e-mobo-c,1080,0.057143405079841614
20170627_FIRE_om-e-mobo-c,1140,0.03532470390200615
20170627_FIRE_om-e-mobo-c,1200,0.059132322669029236
20170627_FIRE_om-e-mobo-c,1260,0.007663637399673462
20170627_FIRE_om-e-mobo-c,1320,0.005979054607450962
20170627_FIRE_om-e-mobo-c,1380,0.0029750524554401636
20170627_FIRE_om-e-mobo-c,1440,0.0
20170627_FIRE_om-e-mobo-c,1500,0.0012097107246518135
20170627_FIRE_om-e-mobo-c,1560,0.0
20170627_FIRE_om-e-mobo-c,1620,0.0010245791636407375
20170627_FIRE_om-e-mobo-c,1680,0.0
20170627_FIRE_om-e-mobo-c,1740,0.0
20170627_FIRE_om-e-mobo-c,1800,0.0
20170627_FIRE_om-e-mobo-c,1860,0.0011311856796965003
20170627_FIRE_om-e-mobo-c,1920,0.0
20170627_FIRE_om-e-mobo-c,1980,0.0
20170627_FIRE_om-e-mobo-c,2040,0.007785919588059187
20170627_FIRE_om-e-mobo-c,2100,0.013934564776718616
20170627_FIRE_om-e-mobo-c,2160,0.08139611780643463
20170627_FIRE_om-e-mobo-c,2220,0.04580896347761154
20170627_FIRE_om-e-mobo-c,2280,0.19268260896205902
20170627_FIRE_om-e-mobo-c,2340,0.011647147126495838
20170627_FIRE_om-e-mobo-c,2400,0.009107270278036594
20170708_Whittier_syp-n-mobo-c,-2400,0.0
20170708_Whittier_syp-n-mobo-c,-2340,0.0
20170708_Whittier_syp-n-mobo-c,-2280,0.0
20170708_Whittier_syp-n-mobo-c,-2220,0.0
20170708_Whittier_syp-n-mobo-c,-2160,0.0
20170708_Whittier_syp-n-mobo-c,-2100,0.0
20170708_Whittier_syp-n-mobo-c,-2040,0.0
20170708_Whittier_syp-n-mobo-c,-1980,0.0
20170708_Whittier_syp-n-mobo-c,-1920,0.0
20170708_Whittier_syp-n-mobo-c,-1860,0.0
20170708_Whittier_syp-n-mobo-c,-1800,0.0
20170708_Whittier_syp-n-mobo-c,-1740,0.0
20170708_Whittier_syp-n-mobo-c,-1680,0.0
20170708_Whittier_syp-n-mobo-c,-1620,0.0
20170708_Whittier_syp-n-mobo-c,-1560,0.0
20170708_Whittier_syp-n-mobo-c,-1500,0.0
20170708_Whittier_syp-n-mobo-c,-1440,0.0
20170708_Whittier_syp-n-mobo-c,-1380,0.0
20170708_Whittier_syp-n-mobo-c,-1320,0.005535967648029327
20170708_Whittier_syp-n-mobo-c,-1260,0.0
20170708_Whittier_syp-n-mobo-c,-1200,0.0
20170708_Whittier_syp-n-mobo-c,-1140,0.0
20170708_Whittier_syp-n-mobo-c,-1080,0.0
20170708_Whittier_syp-n-mobo-c,-1020,0.0
20170708_Whittier_syp-n-mobo-c,-960,0.0
20170708_Whittier_syp-n-mobo-c,-900,0.0
20170708_Whittier_syp-n-mobo-c,-840,0.0
20170708_Whittier_syp-n-mobo-c,-780,0.0
20170708_Whittier_syp-n-mobo-c,-720,0.0
20170708_Whittier_syp-n-mobo-c,-660,0.0
20170708_Whittier_syp-n-mobo-c,-600,0.0
20170708_Whittier_syp-n-mobo-c,-540,0.0
20170708_Whittier_syp-n-mobo-c,-480,0.0
20170708_Whittier_syp-n-mobo-c,-420,0.0
20170708_Whittier_syp-n-mobo-c,-360,0.0
20170708_Whittier_syp-n-mobo-c,-300,0.0
20170708_Whittier_syp-n-mobo-c,-240,0.0
20170708_Whittier_syp-n-mobo-c,-180,0.0
20170708_Whittier_syp-n-mobo-c,-120,0.0
20170708_Whittier_syp-n-mobo-c,-60,0.0
20170708_Whittier_syp-n-mobo-c,0,0.0
20170708_Whittier_syp-n-mobo-c,60,0.0
20170708_Whittier_syp-n-mobo-c,120,0.0
20170708_Whittier_syp-n-mobo-c,180,0.0
20170708_Whittier_syp-n-mobo-c,240,0.29030174016952515
20170708_Whittier_syp-n-mobo-c,300,0.6022868752479553
20170708_Whittier_syp-n-mobo-c,360,0.6526272296905518
20170708_Whittier_syp-n-mobo-c,420,0.8708750605583191
20170708_Whittier_syp-n-mobo-c,480,0.7656108140945435
20170708_Whittier_syp-n-mobo-c,540,0.8942095041275024
20170708_Whittier_syp-n-mobo-c,600,0.8534965515136719
20170708_Whittier_syp-n-mobo-c,660,0.6999174356460571
20170708_Whittier_syp-n-mobo-c,720,0.8067910075187683
20170708_Whittier_syp-n-mobo-c,780,0.7109886407852173
20170708_Whittier_syp-n-mobo-c,840,0.6604607105255127
20170708_Whittier_syp-n-mobo-c,900,0.7112296223640442
20170708_Whittier_syp-n-mobo-c,960,0.6889399886131287
20170708_Whittier_syp-n-mobo-c,1020,0.44881197810173035
20170708_Whittier_syp-n-mobo-c,1080,0.3909110426902771
20170708_Whittier_syp-n-mobo-c,1140,0.6574819087982178
20170708_Whittier_syp-n-mobo-c,1200,0.7729058265686035
20170708_Whittier_syp-n-mobo-c,1260,0.6205418705940247
20170708_Whittier_syp-n-mobo-c,1320,0.6789419651031494
20170708_Whittier_syp-n-mobo-c,1380,0.7430617809295654
20170708_Whittier_syp-n-mobo-c,1440,0.7595497965812683
20170708_Whittier_syp-n-mobo-c,1500,0.7302984595298767
20170708_Whittier_syp-n-mobo-c,1560,0.40021640062332153
20170708_Whittier_syp-n-mobo-c,1620,0.7396016716957092
20170708_Whittier_syp-n-mobo-c,1680,0.4670080542564392
20170708_Whittier_syp-n-mobo-c,1740,0.5383002758026123
20170708_Whittier_syp-n-mobo-c,1800,0.5456090569496155
20170708_Whittier_syp-n-mobo-c,1860,0.4963458478450775
20170708_Whittier_syp-n-mobo-c,1920,0.4860587418079376
20170708_Whittier_syp-n-mobo-c,1980,0.39648696780204773
20170708_Whittier_syp-n-mobo-c,2040,0.29587045311927795
20170708_Whittier_syp-n-mobo-c,2100,0.3596232533454895
20170708_Whittier_syp-n-mobo-c,2160,0.2220706343650818
20170708_Whittier_syp-n-mobo-c,2220,0.09023937582969666
20170708_Whittier_syp-n-mobo-c,2280,0.059144116938114166
20170708_Whittier_syp-n-mobo-c,2340,0.050475507974624634
20170708_Whittier_syp-n-mobo-c,2400,0.12672531604766846
20170708_Whittier_syp-n-mobo-m,-2399,0.002806942444294691
20170708_Whittier_syp-n-mobo-m,-2339,0.0037005962803959846
20170708_Whittier_syp-n-mobo-m,-2279,0.0019707379397004843
20170708_Whittier_syp-n-mobo-m,-2219,0.002820211462676525
20170708_Whittier_syp-n-mobo-m,-2159,0.001285706995986402
20170708_Whittier_syp-n-mobo-m,-2099,0.002151227556169033
20170708_Whittier_syp-n-mobo-m,-2039,0.0020719801541417837
20170708_Whittier_syp-n-mobo-m,-1979,0.001850962289609015
20170708_Whittier_syp-n-mobo-m,-1919,0.002599671483039856
20170708_Whittier_syp-n-mobo-m,-1859,0.0022555089090019464
20170708_Whittier_syp-n-mobo-m,-1799,0.0018157821614295244
20170708_Whittier_syp-n-mobo-m,-1739,0.0
20170708_Whittier_syp-n-mobo-m,-1679,0.0012725699925795197
20170708_Whittier_syp-n-mobo-m,-1619,0.0018255128525197506
20170708_Whittier_syp-n-mobo-m,-1559,0.002307269023731351
20170708_Whittier_syp-n-mobo-m,-1499,0.001459407852962613
20170708_Whittier_syp-n-mobo-m,-1439,0.0
20170708_Whittier_syp-n-mobo-m,-1379,0.0
20170708_Whittier_syp-n-mobo-m,-1319,0.0016837535658851266
20170708_Whittier_syp-n-mobo-m,-1259,0.0
20170708_Whittier_syp-n-mobo-m,-1199,0.0014735962031409144
20170708_Whittier_syp-n-mobo-m,-1139,0.0011439076624810696
20170708_Whittier_syp-n-mobo-m,-1079,0.001624732743948698
20170708_Whittier_syp-n-mobo-m,-1019,0.0018582410411909223
20170708_Whittier_syp-n-mobo-m,-959,0.0
20170708_Whittier_syp-n-mobo-m,-899,0.0
20170708_Whittier_syp-n-mobo-m,-839,0.00263589876703918
20170708_Whittier_syp-n-mobo-m,-779,0.0
20170708_Whittier_syp-n-mobo-m,-719,0.0
20170708_Whittier_syp-n-mobo-m,-659,0.0
20170708_Whittier_syp-n-mobo-m,-599,0.0015753591433167458
20170708_Whittier_syp-n-mobo-m,-539,0.0
20170708_Whittier_syp-n-mobo-m,-479,0.0016543121309950948
20170708_Whittier_syp-n-mobo-m,-419,0.0
20170708_Whittier_syp-n-mobo-m,-359,0.0024645410012453794
20170708_Whittier_syp-n-mobo-m,-299,0.0
20170708_Whittier_syp-n-mobo-m,-239,0.0011095104273408651
20170708_Whittier_syp-n-mobo-m,-179,0.0
20170708_Whittier_syp-n-mobo-m,-119,0.0
20170708_Whittier_syp-n-mobo-m,-59,0.001439331448636949
20170708_Whittier_syp-n-mobo-m,1,0.0
20170708_Whittier_syp-n-mobo-m,61,0.0
20170708_Whittier_syp-n-mobo-m,121,0.0
20170708_Whittier_syp-n-mobo-m,181,0.0
20170708_Whittier_syp-n-mobo-m,241,0.0015521293971687555
20170708_Whittier_syp-n-mobo-m,301,0.003208792768418789
20170708_Whittier_syp-n-mobo-m,361,0.06116611137986183
20170708_Whittier_syp-n-mobo-m,421,0.13366813957691193
20170708_Whittier_syp-n-mobo-m,481,0.7836799621582031
20170708_Whittier_syp-n-mobo-m,541,0.7900770306587219
20170708_Whittier_syp-n-mobo-m,601,0.7810114622116089
20170708_Whittier_syp-n-mobo-m,661,0.5847795605659485
20170708_Whittier_syp-n-mobo-m,721,0.7468795776367188
20170708_Whittier_syp-n-mobo-m,781,0.6345136761665344
20170708_Whittier_syp-n-mobo-m,841,0.6256958842277527
20170708_Whittier_syp-n-mobo-m,901,0.47869959473609924
20170708_Whittier_syp-n-mobo-m,961,0.601447582244873
20170708_Whittier_syp-n-mobo-m,1021,0.49693185091018677
20170708_Whittier_syp-n-mobo-m,1081,0.3597932755947113
20170708_Whittier_syp-n-mobo-m,1141,0.6532222032546997
20170708_Whittier_syp-n-mobo-m,1201,0.7351320385932922
20170708_Whittier_syp-n-mobo-m,1261,0.6055871844291687
20170708_Whittier_syp-n-mobo-m,1321,0.3920067548751831
20170708_Whittier_syp-n-mobo-m,1381,0.4242938756942749
20170708_Whittier_syp-n-mobo-m,1441,0.7828696370124817
20170708_Whittier_syp-n-mobo-m,1501,0.48285427689552307
20170708_Whittier_syp-n-mobo-m,1561,0.30148595571517944
20170708_Whittier_syp-n-mobo-m,1621,0.7540311217308044
20170708_Whittier_syp-n-mobo-m,1681,0.3569381535053253
20170708_Whittier_syp-n-mobo-m,1741,0.48644059896469116
20170708_Whittier_syp-n-mobo-m,1801,0.4589059352874756
20170708_Whittier_syp-n-mobo-m,1861,0.752650797367096
20170708_Whittier_syp-n-mobo-m,1921,0.6106693744659424
20170708_Whittier_syp-n-mobo-m,1981,0.357869029045105
20170708_Whittier_syp-n-mobo-m,2041,0.27255499362945557
20170708_Whittier_syp-n-mobo-m,2101,0.32829731702804565
20170708_Whittier_syp-n-mobo-m,2161,0.2066553384065628
20170708_Whittier_syp-n-mobo-m,2221,0.16904884576797485
20170708_Whittier_syp-n-mobo-m,2281,0.026067234575748444
20170708_Whittier_syp-n-mobo-m,2341,0.011976955458521843
20170711_FIRE_bl-e-mobo-c,-2400,0.0
20170711_FIRE_bl-e-mobo-c,-2340,0.0
20170711_FIRE_bl-e-mobo-c,-2280,0.0
20170711_FIRE_bl-e-mobo-c,-2220,0.0
20170711_FIRE_bl-e-mobo-c,-2160,0.0
20170711_FIRE_bl-e-mobo-c,-2100,0.0
20170711_FIRE_bl-e-mobo-c,-2040,0.0
20170711_FIRE_bl-e-mobo-c,-1980,0.0
20170711_FIRE_bl-e-mobo-c,-1920,0.0
20170711_FIRE_bl-e-mobo-c,-1860,0.0
20170711_FIRE_bl-e-mobo-c,-1800,0.0
20170711_FIRE_bl-e-mobo-c,-1740,0.0
20170711_FIRE_bl-e-mobo-c,-1680,0.0
20170711_FIRE_bl-e-mobo-c,-1620,0.0
20170711_FIRE_bl-e-mobo-c,-1560,0.0
20170711_FIRE_bl-e-mobo-c,-1500,0.0
20170711_FIRE_bl-e-mobo-c,-1440,0.0
20170711_FIRE_bl-e-mobo-c,-1380,0.0
20170711_FIRE_bl-e-mobo-c,-1320,0.0
20170711_FIRE_bl-e-mobo-c,-1260,0.0
20170711_FIRE_bl-e-mobo-c,-1200,0.0
20170711_FIRE_bl-e-mobo-c,-1140,0.0
20170711_FIRE_bl-e-mobo-c,-1080,0.0
20170711_FIRE_bl-e-mobo-c,-1020,0.0
20170711_FIRE_bl-e-mobo-c,-960,0.0
20170711_FIRE_bl-e-mobo-c,-900,0.0
20170711_FIRE_bl-e-mobo-c,-840,0.0
20170711_FIRE_bl-e-mobo-c,-780,0.0
20170711_FIRE_bl-e-mobo-c,-720,0.0
20170711_FIRE_bl-e-mobo-c,-660,0.0
20170711_FIRE_bl-e-mobo-c,-600,0.0
20170711_FIRE_bl-e-mobo-c,-540,0.0012924247421324253
20170711_FIRE_bl-e-mobo-c,-480,0.0015685285907238722
20170711_FIRE_bl-e-mobo-c,-420,0.0016162589890882373
20170711_FIRE_bl-e-mobo-c,-360,0.001146724564023316
20170711_FIRE_bl-e-mobo-c,-300,0.0015769348246976733
20170711_FIRE_bl-e-mobo-c,-240,0.0010348620126023889
20170711_FIRE_bl-e-mobo-c,-180,0.0
20170711_FIRE_bl-e-mobo-c,-120,0.0
20170711_FIRE_bl-e-mobo-c,-60,0.001733946381136775
20170711_FIRE_bl-e-mobo-c,0,0.004237152636051178
20170711_FIRE_bl-e-mobo-c,60,0.0
20170711_FIRE_bl-e-mobo-c,120,0.002482898999005556
20170711_FIRE_bl-e-mobo-c,180,0.001037120702676475
20170711_FIRE_bl-e-mobo-c,240,0.0010735057294368744
20170711_FIRE_bl-e-mobo-c,300,0.0
20170711_FIRE_bl-e-mobo-c,360,0.010907630436122417
20170711_FIRE_bl-e-mobo-c,420,0.0030397623777389526
20170711_FIRE_bl-e-mobo-c,480,0.0016294267261400819
20170711_FIRE_bl-e-mobo-c,540,0.06678509712219238
20170711_FIRE_bl-e-mobo-c,600,0.02063899114727974
20170711_FIRE_bl-e-mobo-c,660,0.004784881137311459
20170711_FIRE_bl-e-mobo-c,720,0.0030348142609000206
20170711_FIRE_bl-e-mobo-c,780,0.41732341051101685
20170711_FIRE_bl-e-mobo-c,840,0.09957422316074371
20170711_FIRE_bl-e-mobo-c,900,0.20626436173915863
20170711_FIRE_bl-e-mobo-c,960,0.1879686862230301
20170711_FIRE_bl-e-mobo-c,1020,0.4450052082538605
20170711_FIRE_bl-e-mobo-c,1080,0.25076824426651
20170711_FIRE_bl-e-mobo-c,1140,0.2781514525413513
20170711_FIRE_bl-e-mobo-c,1200,0.12026868760585785
20170711_FIRE_bl-e-mobo-c,1260,0.4829966127872467
20170711_FIRE_bl-e-mobo-c,1320,0.3124831020832062
20170711_FIRE_bl-e-mobo-c,1380,0.39500871300697327
20170711_FIRE_bl-e-mobo-c,1440,0.4380089342594147
20170711_FIRE_bl-e-mobo-c,1500,0.12023258209228516
20170711_FIRE_bl-e-mobo-c,1560,0.16300946474075317
20170711_FIRE_bl-e-mobo-c,1620,0.1719505935907364
20170711_FIRE_bl-e-mobo-c,1680,0.325213223695755
20170711_FIRE_bl-e-mobo-c,1740,0.11149045825004578
20170711_FIRE_bl-e-mobo-c,1800,0.19623731076717377
20170711_FIRE_bl-e-mobo-c,1860,0.22309677302837372
20170711_FIRE_bl-e-mobo-c,1920,0.0558270588517189
20170711_FIRE_bl-e-mobo-c,1980,0.06623707711696625
20170711_FIRE_bl-e-mobo-c,2040,0.054241079837083817
20170711_FIRE_bl-e-mobo-c,2100,0.1453051120042801
20170711_FIRE_bl-e-mobo-c,2160,0.039675332605838776
20170711_FIRE_bl-e-mobo-c,2220,0.022430939599871635
20170711_FIRE_bl-e-mobo-c,2280,0.034329403191804886
20170711_FIRE_bl-e-mobo-c,2340,0.021638942882418633
20170711_FIRE_bl-e-mobo-c,2400,0.04115036875009537
20170711_FIRE_bl-s-mobo-c,-2400,0.0
20170711_FIRE_bl-s-mobo-c,-2340,0.0
20170711_FIRE_bl-s-mobo-c,-2280,0.0
20170711_FIRE_bl-s-mobo-c,-2220,0.0
20170711_FIRE_bl-s-mobo-c,-2160,0.0
20170711_FIRE_bl-s-mobo-c,-2100,0.0
20170711_FIRE_bl-s-mobo-c,-2040,0.0
20170711_FIRE_bl-s-mobo-c,-1980,0.0
20170711_FIRE_bl-s-mobo-c,-1920,0.0
20170711_FIRE_bl-s-mobo-c,-1860,0.0
20170711_FIRE_bl-s-mobo-c,-1800,0.0
20170711_FIRE_bl-s-mobo-c,-1740,0.0
20170711_FIRE_bl-s-mobo-c,-1680,0.0
20170711_FIRE_bl-s-mobo-c,-1620,0.0
20170711_FIRE_bl-s-mobo-c,-1560,0.0
20170711_FIRE_bl-s-mobo-c,-1500,0.0
20170711_FIRE_bl-s-mobo-c,-1440,0.0
20170711_FIRE_bl-s-mobo-c,-1380,0.0
20170711_FIRE_bl-s-mobo-c,-1320,0.0
20170711_FIRE_bl-s-mobo-c,-1260,0.0
20170711_FIRE_bl-s-mobo-c,-1200,0.0
20170711_FIRE_bl-s-mobo-c,-1140,0.0
20170711_FIRE_bl-s-mobo-c,-1080,0.0
20170711_FIRE_bl-s-mobo-c,-1020,0.0
20170711_FIRE_bl-s-mobo-c,-960,0.0
20170711_FIRE_bl-s-mobo-c,-900,0.0
20170711_FIRE_bl-s-mobo-c,-840,0.0
20170711_FIRE_bl-s-mobo-c,-780,0.0
20170711_FIRE_bl-s-mobo-c,-720,0.0
20170711_FIRE_bl-s-mobo-c,-660,0.0
20170711_FIRE_bl-s-mobo-c,-600,0.0
20170711_FIRE_bl-s-mobo-c,-540,0.0
20170711_FIRE_bl-s-mobo-c,-480,0.0
20170711_FIRE_bl-s-mobo-c,-420,0.0
20170711_FIRE_bl-s-mobo-c,-360,0.0
20170711_FIRE_bl-s-mobo-c,-300,0.0
20170711_FIRE_bl-s-mobo-c,-240,0.0
20170711_FIRE_bl-s-mobo-c,-180,0.0
20170711_FIRE_bl-s-mobo-c,-120,0.0
20170711_FIRE_bl-s-mobo-c,-60,0.0
20170711_FIRE_bl-s-mobo-c,0,0.0
20170711_FIRE_bl-s-mobo-c,60,0.0
20170711_FIRE_bl-s-mobo-c,120,0.0
20170711_FIRE_bl-s-mobo-c,180,0.0
20170711_FIRE_bl-s-mobo-c,240,0.0
20170711_FIRE_bl-s-mobo-c,300,0.0
20170711_FIRE_bl-s-mobo-c,360,0.0
20170711_FIRE_bl-s-mobo-c,420,0.0
20170711_FIRE_bl-s-mobo-c,480,0.01595032587647438
20170711_FIRE_bl-s-mobo-c,540,0.002416241681203246
20170711_FIRE_bl-s-mobo-c,600,0.004980010446161032
20170711_FIRE_bl-s-mobo-c,660,0.0027262463700026274
20170711_FIRE_bl-s-mobo-c,720,0.30023401975631714
20170711_FIRE_bl-s-mobo-c,780,0.1847248524427414
20170711_FIRE_bl-s-mobo-c,840,0.12355986982584
20170711_FIRE_bl-s-mobo-c,900,0.032248061150312424
20170711_FIRE_bl-s-mobo-c,960,0.4927540123462677
20170711_FIRE_bl-s-mobo-c,1020,0.06442536413669586
20170711_FIRE_bl-s-mobo-c,1080,0.19091899693012238
20170711_FIRE_bl-s-mobo-c,1140,0.04986093193292618
20170711_FIRE_bl-s-mobo-c,1200,0.40080514550209045
20170711_FIRE_bl-s-mobo-c,1260,0.13561485707759857
20170711_FIRE_bl-s-mobo-c,1320,0.07452702522277832
20170711_FIRE_bl-s-mobo-c,1380,0.2349194437265396
20170711_FIRE_bl-s-mobo-c,1440,0.049392662942409515
20170711_FIRE_bl-s-mobo-c,1500,0.06286591291427612
20170711_FIRE_bl-s-mobo-c,1560,0.06007787212729454
20170711_FIRE_bl-s-mobo-c,1620,0.010969732888042927
20170711_FIRE_bl-s-mobo-c,1680,0.042716581374406815
20170711_FIRE_bl-s-mobo-c,1740,0.019649822264909744
20170711_FIRE_bl-s-mobo-c,1800,0.05683406442403793
20170711_FIRE_bl-s-mobo-c,1860,0.011698862537741661
20170711_FIRE_bl-s-mobo-c,1920,0.10423184186220169
20170711_FIRE_bl-s-mobo-c,1980,0.006173273082822561
20170711_FIRE_bl-s-mobo-c,2040,0.06127416715025902
20170711_FIRE_bl-s-mobo-c,2100,0.006084869150072336
20170711_FIRE_bl-s-mobo-c,2160,0.060362327843904495
20170711_FIRE_bl-s-mobo-c,2220,0.17997433245182037
20170711_FIRE_bl-s-mobo-c,2280,0.008781636133790016
20170711_FIRE_bl-s-mobo-c,2340,0.02374889887869358
20170711_FIRE_bl-s-mobo-c,2400,0.019167376682162285
20170711_FIRE_bm-s-mobo-c,-2400,0.06404025107622147
20170711_FIRE_bm-s-mobo-c,-2340,0.06932669132947922
20170711_FIRE_bm-s-mobo-c,-2280,0.06732124835252762
20170711_FIRE_bm-s-mobo-c,-2220,0.07002020627260208
20170711_FIRE_bm-s-mobo-c,-2160,0.06780299544334412
20170711_FIRE_bm-s-mobo-c,-2100,0.09217014163732529
20170711_FIRE_bm-s-mobo-c,-2040,0.10955226421356201
20170711_FIRE_bm-s-mobo-c,-1980,0.08549138903617859
20170711_FIRE_bm-s-mobo-c,-1920,0.08488555997610092
20170711_FIRE_bm-s-mobo-c,-1860,0.07643632590770721
20170711_FIRE_bm-s-mobo-c,-1800,0.052672769874334335
20170711_FIRE_bm-s-mobo-c,-1740,0.0704307109117508
20170711_FIRE_bm-s-mobo-c,-1680,0.08378739655017853
20170711_FIRE_bm-s-mobo-c,-1620,0.08104166388511658
20170711_FIRE_bm-s-mobo-c,-1560,0.08759481459856033
20170711_FIRE_bm-s-mobo-c,-1500,0.11287182569503784
20170711_FIRE_bm-s-mobo-c,-1440,0.07207886874675751
20170711_FIRE_bm-s-mobo-c,-1380,0.08461563289165497
20170711_FIRE_bm-s-mobo-c,-1320,0.07409601658582687
20170711_FIRE_bm-s-mobo-c,-1260,0.050453782081604004
20170711_FIRE_bm-s-mobo-c,-1200,0.051763489842414856
20170711_FIRE_bm-s-mobo-c,-1140,0.04443114995956421
20170711_FIRE_bm-s-mobo-c,-1080,0.04259367287158966
20170711_FIRE_bm-s-mobo-c,-1020,0.050087522715330124
20170711_FIRE_bm-s-mobo-c,-960,0.046529922634363174
20170711_FIRE_bm-s-mobo-c,-900,0.04070055112242699
20170711_FIRE_bm-s-mobo-c,-840,0.02909676358103752
20170711_FIRE_bm-s-mobo-c,-780,0.0374826081097126
20170711_FIRE_bm-s-mobo-c,-720,0.03084052912890911
20170711_FIRE_bm-s-mobo-c,-660,0.029875319451093674
20170711_FIRE_bm-s-mobo-c,-600,0.03623064234852791
20170711_FIRE_bm-s-mobo-c,-540,0.047802459448575974
20170711_FIRE_bm-s-mobo-c,-480,0.04940197616815567
20170711_FIRE_bm-s-mobo-c,-420,0.046015143394470215
20170711_FIRE_bm-s-mobo-c,-360,0.021326221525669098
20170711_FIRE_bm-s-mobo-c,-300,0.027478832751512527
20170711_FIRE_bm-s-mobo-c,-240,0.023972129449248314
20170711_FIRE_bm-s-mobo-c,-180,0.030602341517806053
20170711_FIRE_bm-s-mobo-c,-120,0.023991193622350693
20170711_FIRE_bm-s-mobo-c,-60,0.034839510917663574
20170711_FIRE_bm-s-mobo-c,0,0.02420605532824993
20170711_FIRE_bm-s-mobo-c,60,0.03074519708752632
20170711_FIRE_bm-s-mobo-c,120,0.04555931314826012
20170711_FIRE_bm-s-mobo-c,180,0.030780568718910217
20170711_FIRE_bm-s-mobo-c,240,0.047070883214473724
20170711_FIRE_bm-s-mobo-c,300,0.049324195832014084
20170711_FIRE_bm-s-mobo-c,360,0.04699956253170967
20170711_FIRE_bm-s-mobo-c,420,0.029268575832247734
20170711_FIRE_bm-s-mobo-c,480,0.03208869323134422
20170711_FIRE_bm-s-mobo-c,540,0.023337310180068016
20170711_FIRE_bm-s-mobo-c,600,0.029680507257580757
20170711_FIRE_bm-s-mobo-c,660,0.05382266268134117
20170711_FIRE_bm-s-mobo-c,720,0.03109273873269558
20170711_FIRE_bm-s-mobo-c,780,0.022059116512537003
20170711_FIRE_bm-s-mobo-c,840,0.018808094784617424
20170711_FIRE_bm-s-mobo-c,900,0.03941553831100464
20170711_FIRE_bm-s-mobo-c,960,0.03014349192380905
20170711_FIRE_bm-s-mobo-c,1020,0.0262723620980978
20170711_FIRE_bm-s-mobo-c,1080,0.05795485898852348
20170711_FIRE_bm-s-mobo-c,1140,0.056027621030807495
20170711_FIRE_bm-s-mobo-c,1200,0.033157963305711746
20170711_FIRE_bm-s-mobo-c,1260,0.018878808245062828
20170711_FIRE_bm-s-mobo-c,1320,0.029464568942785263
20170711_FIRE_bm-s-mobo-c,1380,0.028508896008133888
20170711_FIRE_sdsc-e-mobo-c,-2400,0.0
20170711_FIRE_sdsc-e-mobo-c,-2340,0.0
20170711_FIRE_sdsc-e-mobo-c,-2280,0.0
20170711_FIRE_sdsc-e-mobo-c,-2220,0.0
20170711_FIRE_sdsc-e-mobo-c,-2160,0.0
20170711_FIRE_sdsc-e-mobo-c,-2100,0.0
20170711_FIRE_sdsc-e-mobo-c,-2040,0.0
20170711_FIRE_sdsc-e-mobo-c,-1980,0.0
20170711_FIRE_sdsc-e-mobo-c,-1920,0.0
20170711_FIRE_sdsc-e-mobo-c,-1860,0.0
20170711_FIRE_sdsc-e-mobo-c,-1800,0.0
20170711_FIRE_sdsc-e-mobo-c,-1740,0.0
20170711_FIRE_sdsc-e-mobo-c,-1680,0.0
20170711_FIRE_sdsc-e-mobo-c,-1620,0.0
20170711_FIRE_sdsc-e-mobo-c,-1560,0.0
20170711_FIRE_sdsc-e-mobo-c,-1500,0.0
20170711_FIRE_sdsc-e-mobo-c,-1440,0.0
20170711_FIRE_sdsc-e-mobo-c,-1380,0.0
20170711_FIRE_sdsc-e-mobo-c,-1320,0.0
20170711_FIRE_sdsc-e-mobo-c,-1260,0.0
20170711_FIRE_sdsc-e-mobo-c,-1200,0.0
20170711_FIRE_sdsc-e-mobo-c,-1140,0.0
20170711_FIRE_sdsc-e-mobo-c,-1080,0.0
20170711_FIRE_sdsc-e-mobo-c,-1020,0.0
20170711_FIRE_sdsc-e-mobo-c,-960,0.0
20170711_FIRE_sdsc-e-mobo-c,-900,0.0
20170711_FIRE_sdsc-e-mobo-c,-840,0.0
20170711_FIRE_sdsc-e-mobo-c,-780,0.0
20170711_FIRE_sdsc-e-mobo-c,-720,0.0
20170711_FIRE_sdsc-e-mobo-c,-660,0.0
20170711_FIRE_sdsc-e-mobo-c,-600,0.0
20170711_FIRE_sdsc-e-mobo-c,-540,0.0
20170711_FIRE_sdsc-e-mobo-c,-480,0.0
20170711_FIRE_sdsc-e-mobo-c,-420,0.0
20170711_FIRE_sdsc-e-mobo-c,-360,0.0
20170711_FIRE_sdsc-e-mobo-c,-300,0.0
20170711_FIRE_sdsc-e-mobo-c,-240,0.0
20170711_FIRE_sdsc-e-mobo-c,-180,0.0
20170711_FIRE_sdsc-e-mobo-c,-120,0.0
20170711_FIRE_sdsc-e-mobo-c,-60,0.0
20170711_FIRE_sdsc-e-mobo-c,0,0.0
20170711_FIRE_sdsc-e-mobo-c,60,0.0
20170711_FIRE_sdsc-e-mobo-c,120,0.0
20170711_FIRE_sdsc-e-mobo-c,180,0.0
20170711_FIRE_sdsc-e-mobo-c,240,0.0
20170711_FIRE_sdsc-e-mobo-c,300,0.0
20170711_FIRE_sdsc-e-mobo-c,360,0.0
20170711_FIRE_sdsc-e-mobo-c,420,0.0
20170711_FIRE_sdsc-e-mobo-c,480,0.0
20170711_FIRE_sdsc-e-mobo-c,540,0.0
20170711_FIRE_sdsc-e-mobo-c,600,0.0
20170711_FIRE_sdsc-e-mobo-c,660,0.0
20170711_FIRE_sdsc-e-mobo-c,720,0.0
20170711_FIRE_sdsc-e-mobo-c,780,0.0
20170711_FIRE_sdsc-e-mobo-c,840,0.0
20170711_FIRE_sdsc-e-mobo-c,900,0.0
20170711_FIRE_sdsc-e-mobo-c,960,0.0
20170711_FIRE_sdsc-e-mobo-c,1020,0.0
20170711_FIRE_sdsc-e-mobo-c,1080,0.0
20170711_FIRE_sdsc-e-mobo-c,1140,0.0
20170711_FIRE_sdsc-e-mobo-c,1200,0.0
20170711_FIRE_sdsc-e-mobo-c,1260,0.0
20170711_FIRE_sdsc-e-mobo-c,1320,0.0
20170711_FIRE_sdsc-e-mobo-c,1380,0.0016238086391240358
20170711_FIRE_sdsc-e-mobo-c,1440,0.003383773611858487
20170711_FIRE_sdsc-e-mobo-c,1500,0.0014785834355279803
20170711_FIRE_sdsc-e-mobo-c,1560,0.0
20170711_FIRE_sdsc-e-mobo-c,1620,0.0013995729386806488
20170711_FIRE_sdsc-e-mobo-c,1680,0.0
20170711_FIRE_sdsc-e-mobo-c,1740,0.0
20170711_FIRE_sdsc-e-mobo-c,1800,0.0
20170711_FIRE_sdsc-e-mobo-c,1860,0.0012277874629944563
20170711_FIRE_sdsc-e-mobo-c,1920,0.0
20170711_FIRE_sdsc-e-mobo-c,1980,0.0
20170711_FIRE_sdsc-e-mobo-c,2040,0.0010945721296593547
20170711_FIRE_sdsc-e-mobo-c,2100,0.0
20170711_FIRE_sdsc-e-mobo-c,2160,0.0
20170711_FIRE_sdsc-e-mobo-c,2220,0.0
20170711_FIRE_sdsc-e-mobo-c,2280,0.0
20170711_FIRE_sdsc-e-mobo-c,2340,0.0
20170711_FIRE_sdsc-e-mobo-c,2400,0.0
20170711_FIRE_sm-n-mobo-c,-2400,0.0011154328240081668
20170711_FIRE_sm-n-mobo-c,-2340,0.0
20170711_FIRE_sm-n-mobo-c,-2280,0.0
20170711_FIRE_sm-n-mobo-c,-2220,0.0
20170711_FIRE_sm-n-mobo-c,-2160,0.0
20170711_FIRE_sm-n-mobo-c,-2100,0.0
20170711_FIRE_sm-n-mobo-c,-2040,0.0
20170711_FIRE_sm-n-mobo-c,-1980,0.0010984506225213408
20170711_FIRE_sm-n-mobo-c,-1920,0.0
20170711_FIRE_sm-n-mobo-c,-1860,0.0
20170711_FIRE_sm-n-mobo-c,-1800,0.0011930139735341072
20170711_FIRE_sm-n-mobo-c,-1740,0.0
20170711_FIRE_sm-n-mobo-c,-1680,0.0010636901715770364
20170711_FIRE_sm-n-mobo-c,-1620,0.0
20170711_FIRE_sm-n-mobo-c,-1560,0.00117452850099653
20170711_FIRE_sm-n-mobo-c,-1500,0.0011181122390553355
20170711_FIRE_sm-n-mobo-c,-1440,0.0
20170711_FIRE_sm-n-mobo-c,-1380,0.0
20170711_FIRE_sm-n-mobo-c,-1320,0.0
20170711_FIRE_sm-n-mobo-c,-1260,0.0
20170711_FIRE_sm-n-mobo-c,-1200,0.0
20170711_FIRE_sm-n-mobo-c,-1140,0.0
20170711_FIRE_sm-n-mobo-c,-1080,0.0
20170711_FIRE_sm-n-mobo-c,-1020,0.0
20170711_FIRE_sm-n-mobo-c,-960,0.0014770396519452333
20170711_FIRE_sm-n-mobo-c,-900,0.002666898537427187
20170711_FIRE_sm-n-mobo-c,-840,0.00100426422432065
20170711_FIRE_sm-n-mobo-c,-780,0.002054896205663681
20170711_FIRE_sm-n-mobo-c,-720,0.0017522040288895369
20170711_FIRE_sm-n-mobo-c,-660,0.0012253200402483344
20170711_FIRE_sm-n-mobo-c,-600,0.0
20170711_FIRE_sm-n-mobo-c,-540,0.0
20170711_FIRE_sm-n-mobo-c,-480,0.0
20170711_FIRE_sm-n-mobo-c,-420,0.001254261122085154
20170711_FIRE_sm-n-mobo-c,-360,0.0
20170711_FIRE_sm-n-mobo-c,-300,0.0019163743127137423
20170711_FIRE_sm-n-mobo-c,-240,0.002268432406708598
20170711_FIRE_sm-n-mobo-c,-180,0.0026750685647130013
20170711_FIRE_sm-n-mobo-c,-120,0.0022599678486585617
20170711_FIRE_sm-n-mobo-c,-60,0.0
20170711_FIRE_sm-n-mobo-c,0,0.0
20170711_FIRE_sm-n-mobo-c,60,0.0
20170711_FIRE_sm-n-mobo-c,120,0.0
20170711_FIRE_sm-n-mobo-c,180,0.0014914404600858688
20170711_FIRE_sm-n-mobo-c,240,0.0018116201972588897
20170711_FIRE_sm-n-mobo-c,300,0.03233036771416664
20170711_FIRE_sm-n-mobo-c,360,0.26686447858810425
20170711_FIRE_sm-n-mobo-c,420,0.4383653402328491
20170711_FIRE_sm-n-mobo-c,480,0.4956136643886566
20170711_FIRE_sm-n-mobo-c,540,0.4905991554260254
20170711_FIRE_sm-n-mobo-c,600,0.5862305164337158
20170711_FIRE_sm-n-mobo-c,660,0.39459341764450073
20170711_FIRE_sm-n-mobo-c,720,0.2667407989501953
20170711_FIRE_sm-n-mobo-c,780,0.6242971420288086
20170711_FIRE_sm-n-mobo-c,840,0.26816847920417786
20170711_FIRE_sm-n-mobo-c,900,0.37721124291419983
20170711_FIRE_sm-n-mobo-c,960,0.18610647320747375
20170711_FIRE_sm-n-mobo-c,1020,0.17246849834918976
20170711_FIRE_sm-n-mobo-c,1080,0.08404428511857986
20170711_FIRE_sm-n-mobo-c,1140,0.14917171001434326
20170711_FIRE_sm-n-mobo-c,1200,0.09777364879846573
20170711_FIRE_sm-n-mobo-c,1260,0.3930623531341553
20170711_FIRE_sm-n-mobo-c,1320,0.3932402729988098
20170711_FIRE_sm-n-mobo-c,1380,0.06251662224531174
20170711_FIRE_sm-n-mobo-c,1440,0.03911050036549568
20170711_FIRE_sm-n-mobo-c,1500,0.04995766282081604
20170711_FIRE_sm-n-mobo-c,1560,0.032702699303627014
20170711_FIRE_sm-n-mobo-c,1620,0.12445557117462158
20170711_FIRE_sm-n-mobo-c,1680,0.027749722823500633
20170711_FIRE_sm-n-mobo-c,1740,0.0131334587931633
20170711_FIRE_sm-n-mobo-c,1800,0.02799241431057453
20170711_FIRE_sm-n-mobo-c,1860,0.03966738283634186
20170711_FIRE_sm-n-mobo-c,1920,0.3126586973667145
20170711_FIRE_sm-n-mobo-c,1980,0.4336872696876526
20170711_FIRE_sm-n-mobo-c,2040,0.08278564363718033
20170711_FIRE_sm-n-mobo-c,2100,0.05814903602004051
20170711_FIRE_sm-n-mobo-c,2160,0.15753361582756042
20170711_FIRE_sm-n-mobo-c,2220,0.18871118128299713
20170711_FIRE_sm-n-mobo-c,2280,0.07859554141759872
20170711_FIRE_sm-n-mobo-c,2340,0.0645315870642662
20170711_FIRE_sm-n-mobo-c,2400,0.15403009951114655
20170713_FIRE_smer-tcs8-mobo-c,-2400,0.0
20170713_FIRE_smer-tcs8-mobo-c,-2340,0.0
20170713_FIRE_smer-tcs8-mobo-c,-2280,0.0
20170713_FIRE_smer-tcs8-mobo-c,-2220,0.0
20170713_FIRE_smer-tcs8-mobo-c,-2160,0.0
20170713_FIRE_smer-tcs8-mobo-c,-2100,0.0
20170713_FIRE_smer-tcs8-mobo-c,-2040,0.0
20170713_FIRE_smer-tcs8-mobo-c,-1980,0.0
20170713_FIRE_smer-tcs8-mobo-c,-1920,0.0
20170713_FIRE_smer-tcs8-mobo-c,-1860,0.0
20170713_FIRE_smer-tcs8-mobo-c,-1800,0.0
20170713_FIRE_smer-tcs8-mobo-c,-1740,0.0
20170713_FIRE_smer-tcs8-mobo-c,-1680,0.0
20170713_FIRE_smer-tcs8-mobo-c,-1620,0.0
20170713_FIRE_smer-tcs8-mobo-c,-1560,0.0
20170713_FIRE_smer-tcs8-mobo-c,-1500,0.0
20170713_FIRE_smer-tcs8-mobo-c,-1440,0.0
20170713_FIRE_smer-tcs8-mobo-c,-1380,0.0
20170713_FIRE_smer-tcs8-mobo-c,-1320,0.0
20170713_FIRE_smer-tcs8-mobo-c,-1260,0.0
20170713_FIRE_smer-tcs8-mobo-c,-1200,0.0
20170713_FIRE_smer-tcs8-mobo-c,-1140,0.0
20170713_FIRE_smer-tcs8-mobo-c,-1080,0.0
20170713_FIRE_smer-tcs8-mobo-c,-1020,0.0
20170713_FIRE_smer-tcs8-mobo-c,-960,0.0
20170713_FIRE_smer-tcs8-mobo-c,-900,0.0
20170713_FIRE_smer-tcs8-mobo-c,-840,0.0
20170713_FIRE_smer-tcs8-mobo-c,-780,0.0
20170713_FIRE_smer-tcs8-mobo-c,-720,0.0
20170713_FIRE_smer-tcs8-mobo-c,-660,0.0
20170713_FIRE_smer-tcs8-mobo-c,-600,0.0
20170713_FIRE_smer-tcs8-mobo-c,-540,0.0
20170713_FIRE_smer-tcs8-mobo-c,-480,0.0
20170713_FIRE_smer-tcs8-mobo-c,-420,0.0
20170713_FIRE_smer-tcs8-mobo-c,-360,0.0
20170713_FIRE_smer-tcs8-mobo-c,-300,0.0
20170713_FIRE_smer-tcs8-mobo-c,-240,0.0
20170713_FIRE_smer-tcs8-mobo-c,-180,0.0
20170713_FIRE_smer-tcs8-mobo-c,-120,0.0
20170713_FIRE_smer-tcs8-mobo-c,-60,0.0
20170713_FIRE_smer-tcs8-mobo-c,0,0.0
20170713_FIRE_smer-tcs8-mobo-c,60,0.0
20170713_FIRE_smer-tcs8-mobo-c,120,0.0
20170713_FIRE_smer-tcs8-mobo-c,180,0.0
20170713_FIRE_smer-tcs8-mobo-c,240,0.0
20170713_FIRE_smer-tcs8-mobo-c,300,0.0
20170713_FIRE_smer-tcs8-mobo-c,360,0.0
20170713_FIRE_smer-tcs8-mobo-c,420,0.0
20170713_FIRE_smer-tcs8-mobo-c,480,0.0
20170713_FIRE_smer-tcs8-mobo-c,540,0.0
20170713_FIRE_smer-tcs8-mobo-c,600,0.0
20170713_FIRE_smer-tcs8-mobo-c,660,0.0
20170713_FIRE_smer-tcs8-mobo-c,720,0.0
20170713_FIRE_smer-tcs8-mobo-c,780,0.0
20170713_FIRE_smer-tcs8-mobo-c,840,0.0
20170713_FIRE_smer-tcs8-mobo-c,900,0.0
20170713_FIRE_smer-tcs8-mobo-c,960,0.0
20170713_FIRE_smer-tcs8-mobo-c,1020,0.0
20170713_FIRE_smer-tcs8-mobo-c,1080,0.0
20170713_FIRE_smer-tcs8-mobo-c,1140,0.0
20170713_FIRE_smer-tcs8-mobo-c,1200,0.0
20170713_FIRE_smer-tcs8-mobo-c,1260,0.0
20170713_FIRE_smer-tcs8-mobo-c,1320,0.0
20170713_FIRE_smer-tcs8-mobo-c,1380,0.0
20170713_FIRE_smer-tcs8-mobo-c,1440,0.0
20170713_FIRE_smer-tcs8-mobo-c,1500,0.0
20170713_FIRE_smer-tcs8-mobo-c,1560,0.0
20170713_FIRE_smer-tcs8-mobo-c,1620,0.0
20170713_FIRE_smer-tcs8-mobo-c,1680,0.0
20170713_FIRE_smer-tcs8-mobo-c,1740,0.0
20170713_FIRE_smer-tcs8-mobo-c,1800,0.0
20170713_FIRE_smer-tcs8-mobo-c,1860,0.0
20170713_FIRE_smer-tcs8-mobo-c,1920,0.0
20170713_FIRE_smer-tcs8-mobo-c,1980,0.0
20170713_FIRE_smer-tcs8-mobo-c,2040,0.0
20170713_FIRE_smer-tcs8-mobo-c,2100,0.0
20170713_FIRE_smer-tcs8-mobo-c,2160,0.0
20170722_FIRE_bm-n-mobo-c,-2400,0.0
20170722_FIRE_bm-n-mobo-c,-2340,0.0
20170722_FIRE_bm-n-mobo-c,-2280,0.0
20170722_FIRE_bm-n-mobo-c,-2220,0.0
20170722_FIRE_bm-n-mobo-c,-2160,0.0
20170722_FIRE_bm-n-mobo-c,-2100,0.001160988467745483
20170722_FIRE_bm-n-mobo-c,-2040,0.0
20170722_FIRE_bm-n-mobo-c,-1980,0.0
20170722_FIRE_bm-n-mobo-c,-1920,0.0
20170722_FIRE_bm-n-mobo-c,-1860,0.0
20170722_FIRE_bm-n-mobo-c,-1800,0.0
20170722_FIRE_bm-n-mobo-c,-1740,0.0
20170722_FIRE_bm-n-mobo-c,-1680,0.0
20170722_FIRE_bm-n-mobo-c,-1620,0.0
20170722_FIRE_bm-n-mobo-c,-1560,0.0
20170722_FIRE_bm-n-mobo-c,-1500,0.0
20170722_FIRE_bm-n-mobo-c,-1440,0.0
20170722_FIRE_bm-n-mobo-c,-1380,0.0
20170722_FIRE_bm-n-mobo-c,-1320,0.0
20170722_FIRE_bm-n-mobo-c,-1260,0.0
20170722_FIRE_bm-n-mobo-c,-1200,0.0
20170722_FIRE_bm-n-mobo-c,-1140,0.0
20170722_FIRE_bm-n-mobo-c,-1080,0.0
20170722_FIRE_bm-n-mobo-c,-1020,0.0
20170722_FIRE_bm-n-mobo-c,-960,0.0
20170722_FIRE_bm-n-mobo-c,-900,0.0
20170722_FIRE_bm-n-mobo-c,-840,0.0
20170722_FIRE_bm-n-mobo-c,-780,0.0
20170722_FIRE_bm-n-mobo-c,-720,0.0
20170722_FIRE_bm-n-mobo-c,-660,0.0
20170722_FIRE_bm-n-mobo-c,-600,0.0
20170722_FIRE_bm-n-mobo-c,-540,0.0
20170722_FIRE_bm-n-mobo-c,-480,0.0
20170722_FIRE_bm-n-mobo-c,-420,0.0012765451101586223
20170722_FIRE_bm-n-mobo-c,-360,0.0
20170722_FIRE_bm-n-mobo-c,-300,0.0
20170722_FIRE_bm-n-mobo-c,-240,0.0
20170722_FIRE_bm-n-mobo-c,-180,0.0
20170722_FIRE_bm-n-mobo-c,-120,0.0
20170722_FIRE_bm-n-mobo-c,-60,0.0
20170722_FIRE_bm-n-mobo-c,0,0.0
20170722_FIRE_bm-n-mobo-c,60,0.0
20170722_FIRE_bm-n-mobo-c,120,0.0
20170722_FIRE_bm-n-mobo-c,180,0.0
20170722_FIRE_bm-n-mobo-c,240,0.0
20170722_FIRE_bm-n-mobo-c,300,0.0
20170722_FIRE_bm-n-mobo-c,360,0.0010492006549611688
20170722_FIRE_bm-n-mobo-c,420,0.0
20170722_FIRE_bm-n-mobo-c,480,0.0
20170722_FIRE_bm-n-mobo-c,540,0.0014134524390101433
20170722_FIRE_bm-n-mobo-c,600,0.0033658030442893505
20170722_FIRE_bm-n-mobo-c,660,0.0
20170722_FIRE_bm-n-mobo-c,720,0.0
20170722_FIRE_bm-n-mobo-c,780,0.002748127793893218
20170722_FIRE_bm-n-mobo-c,840,0.005369350779801607
20170722_FIRE_bm-n-mobo-c,900,0.0012515282724052668
20170722_FIRE_bm-n-mobo-c,960,0.024415593594312668
20170722_FIRE_bm-n-mobo-c,1020,0.004303643945604563
20170722_FIRE_bm-n-mobo-c,1080,0.005828825756907463
20170722_FIRE_bm-n-mobo-c,1140,0.028836995363235474
20170722_FIRE_bm-n-mobo-c,1200,0.003192056668922305
20170722_FIRE_bm-n-mobo-c,1260,0.0029125381261110306
20170722_FIRE_bm-n-mobo-c,1320,0.003012200118973851
20170722_FIRE_bm-n-mobo-c,1380,0.003477516584098339
20170722_FIRE_bm-n-mobo-c,1440,0.0
20170722_FIRE_bm-n-mobo-c,1500,0.004125386476516724
20170722_FIRE_bm-n-mobo-c,1560,0.0
20170722_FIRE_bm-n-mobo-c,1620,0.0095805823802948
20170722_FIRE_bm-n-mobo-c,1680,0.033041950315237045
20170722_FIRE_bm-n-mobo-c,1740,0.19344598054885864
20170722_FIRE_bm-n-mobo-c,1800,0.010028756223618984
20170722_FIRE_bm-n-mobo-c,1860,0.0030690140556544065
20170722_FIRE_bm-n-mobo-c,1920,0.007779968902468681
20170722_FIRE_bm-n-mobo-c,1980,0.013382557779550552
20170722_FIRE_bm-n-mobo-c,2040,0.004544553812593222
20170722_FIRE_bm-n-mobo-c,2100,0.0016165776178240776
20170722_FIRE_bm-n-mobo-c,2160,0.0038316298741847277
20170722_FIRE_bm-n-mobo-c,2220,0.04003128781914711
20170722_FIRE_bm-n-mobo-c,2280,0.00735965371131897
20170722_FIRE_bm-n-mobo-c,2340,0.08268721401691437
20170722_FIRE_bm-n-mobo-c,2400,0.01137999352067709
