sequence,offset,max_conf
20160604_FIRE_rm-n-mobo-c,-2400,0.03197646141052246
20160604_FIRE_rm-n-mobo-c,-2340,0.02019881270825863
20160604_FIRE_rm-n-mobo-c,-2280,0.08587020635604858
20160604_FIRE_rm-n-mobo-c,-2220,0.06889130175113678
20160604_FIRE_rm-n-mobo-c,-2160,0.05616030469536781
20160604_FIRE_rm-n-mobo-c,-2100,0.04728194326162338
20160604_FIRE_rm-n-mobo-c,-2040,0.07397373020648956
20160604_FIRE_rm-n-mobo-c,-1980,0.14019149541854858
20160604_FIRE_rm-n-mobo-c,-1920,0.10617842525243759
20160604_FIRE_rm-n-mobo-c,-1860,0.16925840079784393
20160604_FIRE_rm-n-mobo-c,-1800,0.23953768610954285
20160604_FIRE_rm-n-mobo-c,-1740,0.32102903723716736
20160604_FIRE_rm-n-mobo-c,-1680,0.11568479239940643
20160604_FIRE_rm-n-mobo-c,-1620,0.10864106565713882
20160604_FIRE_rm-n-mobo-c,-1560,0.09381528198719025
20160604_FIRE_rm-n-mobo-c,-1500,0.17001011967658997
20160604_FIRE_rm-n-mobo-c,-1440,0.1129244938492775
20160604_FIRE_rm-n-mobo-c,-1380,0.12481783330440521
20160604_FIRE_rm-n-mobo-c,-1320,0.10269209742546082
20160604_FIRE_rm-n-mobo-c,-1260,0.13668008148670197
20160604_FIRE_rm-n-mobo-c,-1200,0.04963330179452896
20160604_FIRE_rm-n-mobo-c,-1140,0.049845486879348755
20160604_FIRE_rm-n-mobo-c,-1080,0.05110125616192818
20160604_FIRE_rm-n-mobo-c,-1020,0.026993485167622566
20160604_FIRE_rm-n-mobo-c,-960,0.012926227413117886
20160604_FIRE_rm-n-mobo-c,-900,0.048159193247556686
20160604_FIRE_rm-n-mobo-c,-840,0.09375673532485962
20160604_FIRE_rm-n-mobo-c,-780,0.0411728173494339
20160604_FIRE_rm-n-mobo-c,-720,0.037207990884780884
20160604_FIRE_rm-n-mobo-c,-660,0.01388031430542469
20160604_FIRE_rm-n-mobo-c,-600,0.01516347099095583
20160604_FIRE_rm-n-mobo-c,-540,0.028606673702597618
20160604_FIRE_rm-n-mobo-c,-480,0.028602227568626404
20160604_FIRE_rm-n-mobo-c,-420,0.04901310056447983
20160604_FIRE_rm-n-mobo-c,-360,0.021750904619693756
20160604_FIRE_rm-n-mobo-c,-300,0.02816310152411461
20160604_FIRE_rm-n-mobo-c,-240,0.03711835667490959
20160604_FIRE_rm-n-mobo-c,-180,0.0860619843006134
20160604_FIRE_rm-n-mobo-c,-120,0.03309730440378189
20160604_FIRE_rm-n-mobo-c,-60,0.06404637545347214
20160604_FIRE_rm-n-mobo-c,0,0.07359243184328079
20160604_FIRE_rm-n-mobo-c,60,0.7509457468986511
20160604_FIRE_rm-n-mobo-c,120,0.793943464756012
20160604_FIRE_rm-n-mobo-c,180,0.8515384197235107
20160604_FIRE_rm-n-mobo-c,240,0.6772872805595398
20160604_FIRE_rm-n-mobo-c,300,0.5580955743789673
20160604_FIRE_rm-n-mobo-c,360,0.6943715810775757
20160604_FIRE_rm-n-mobo-c,420,0.5409862399101257
20160604_FIRE_rm-n-mobo-c,480,0.4464283287525177
20160604_FIRE_rm-n-mobo-c,540,0.40845242142677307
20160604_FIRE_rm-n-mobo-c,600,0.44528791308403015
20160604_FIRE_rm-n-mobo-c,660,0.3801422417163849
20160604_FIRE_rm-n-mobo-c,720,0.5303532481193542
20160604_FIRE_rm-n-mobo-c,780,0.5893404483795166
20160604_FIRE_rm-n-mobo-c,840,0.41100916266441345
20160604_FIRE_rm-n-mobo-c,900,0.21167053282260895
20160604_FIRE_rm-n-mobo-c,960,0.06436609476804733
20160604_FIRE_rm-n-mobo-c,1020,0.264384925365448
20160604_FIRE_rm-n-mobo-c,1080,0.4621615707874298
20160604_FIRE_rm-n-mobo-c,1140,0.5708692669868469
20160604_FIRE_rm-n-mobo-c,1200,0.6207336187362671
20160604_FIRE_rm-n-mobo-c,1260,0.566123366355896
20160604_FIRE_rm-n-mobo-c,1320,0.3700314164161682
20160604_FIRE_rm-n-mobo-c,1380,0.32670190930366516
20160604_FIRE_rm-n-mobo-c,1440,0.33640092611312866
20160604_FIRE_rm-n-mobo-c,1500,0.08365172892808914
20160604_FIRE_rm-n-mobo-c,1560,0.10543175786733627
20160604_FIRE_rm-n-mobo-c,1620,0.08115168660879135
20160604_FIRE_rm-n-mobo-c,1680,0.05781649425625801
20160604_FIRE_rm-n-mobo-c,1740,0.1914784461259842
20160604_FIRE_rm-n-mobo-c,1800,0.23922091722488403
20160604_FIRE_rm-n-mobo-c,1860,0.3146359324455261
20160604_FIRE_rm-n-mobo-c,1920,0.3495961129665375
20160604_FIRE_rm-n-mobo-c,1980,0.17746815085411072
20160604_FIRE_rm-n-mobo-c,2040,0.37447822093963623
20160604_FIRE_rm-n-mobo-c,2100,0.19565129280090332
20160604_FIRE_rm-n-mobo-c,2160,0.019807245582342148
20160604_FIRE_rm-n-mobo-c,2220,0.04654107615351677
20160604_FIRE_rm-n-mobo-c,2280,0.2177467942237854
20160604_FIRE_rm-n-mobo-c,2340,0.2912382483482361
20160604_FIRE_rm-n-mobo-c,2400,0.3525139093399048
20160604_FIRE_smer-tcs3-mobo-c,-2400,0.0029857985209673643
20160604_FIRE_smer-tcs3-mobo-c,-2340,0.002202569041401148
20160604_FIRE_smer-tcs3-mobo-c,-2280,0.005710643250495195
20160604_FIRE_smer-tcs3-mobo-c,-2220,0.00248523848131299
20160604_FIRE_smer-tcs3-mobo-c,-2160,0.0024420376867055893
20160604_FIRE_smer-tcs3-mobo-c,-2100,0.0038556421641260386
20160604_FIRE_smer-tcs3-mobo-c,-2040,0.0018195508746430278
20160604_FIRE_smer-tcs3-mobo-c,-1980,0.006954736541956663
20160604_FIRE_smer-tcs3-mobo-c,-1920,0.0037244786508381367
20160604_FIRE_smer-tcs3-mobo-c,-1860,0.011589061468839645
20160604_FIRE_smer-tcs3-mobo-c,-1800,0.008604468777775764
20160604_FIRE_smer-tcs3-mobo-c,-1740,0.013384773395955563
20160604_FIRE_smer-tcs3-mobo-c,-1680,0.01399312261492014
20160604_FIRE_smer-tcs3-mobo-c,-1620,0.008284308016300201
20160604_FIRE_smer-tcs3-mobo-c,-1560,0.011907574720680714
20160604_FIRE_smer-tcs3-mobo-c,-1500,0.011096098460257053
20160604_FIRE_smer-tcs3-mobo-c,-1440,0.00927940383553505
20160604_FIRE_smer-tcs3-mobo-c,-1380,0.015185226686298847
20160604_FIRE_smer-tcs3-mobo-c,-1320,0.010260817594826221
20160604_FIRE_smer-tcs3-mobo-c,-1260,0.006567521020770073
20160604_FIRE_smer-tcs3-mobo-c,-1200,0.007478241343051195
20160604_FIRE_smer-tcs3-mobo-c,-1140,0.010517959482967854
20160604_FIRE_smer-tcs3-mobo-c,-1080,0.008760654367506504
20160604_FIRE_smer-tcs3-mobo-c,-1020,0.0063659800216555595
20160604_FIRE_smer-tcs3-mobo-c,-960,0.005136754363775253
20160604_FIRE_smer-tcs3-mobo-c,-900,0.0051958635449409485
20160604_FIRE_smer-tcs3-mobo-c,-840,0.022155718877911568
20160604_FIRE_smer-tcs3-mobo-c,-780,0.004840471316128969
20160604_FIRE_smer-tcs3-mobo-c,-720,0.004064671229571104
20160604_FIRE_smer-tcs3-mobo-c,-660,0.004520985297858715
20160604_FIRE_smer-tcs3-mobo-c,-600,0.0028343431185930967
20160604_FIRE_smer-tcs3-mobo-c,-540,0.0027027169708162546
20160604_FIRE_smer-tcs3-mobo-c,-480,0.005061585456132889
20160604_FIRE_smer-tcs3-mobo-c,-420,0.004154353402554989
20160604_FIRE_smer-tcs3-mobo-c,-360,0.003804160049185157
20160604_FIRE_smer-tcs3-mobo-c,-300,0.0038512968458235264
20160604_FIRE_smer-tcs3-mobo-c,-240,0.003793507581576705
20160604_FIRE_smer-tcs3-mobo-c,-180,0.004934643395245075
20160604_FIRE_smer-tcs3-mobo-c,-120,0.005384710617363453
20160604_FIRE_smer-tcs3-mobo-c,-60,0.005429528187960386
20160604_FIRE_smer-tcs3-mobo-c,0,0.3796840012073517
20160604_FIRE_smer-tcs3-mobo-c,60,0.783471405506134
20160604_FIRE_smer-tcs3-mobo-c,120,0.8856222629547119
20160604_FIRE_smer-tcs3-mobo-c,180,0.7462977766990662
20160604_FIRE_smer-tcs3-mobo-c,240,0.02740386500954628
20160604_FIRE_smer-tcs3-mobo-c,300,0.024368438869714737
20160604_FIRE_smer-tcs3-mobo-c,360,0.04588719829916954
20160604_FIRE_smer-tcs3-mobo-c,420,0.005832891445606947
20160604_FIRE_smer-tcs3-mobo-c,480,0.016154197975993156
20160604_FIRE_smer-tcs3-mobo-c,540,0.023135650902986526
20160604_FIRE_smer-tcs3-mobo-c,600,0.010090582072734833
20160604_FIRE_smer-tcs3-mobo-c,660,0.013360099866986275
20160604_FIRE_smer-tcs3-mobo-c,720,0.005137690342962742
20160604_FIRE_smer-tcs3-mobo-c,780,0.017183272168040276
20160604_FIRE_smer-tcs3-mobo-c,840,0.004971926566213369
20160604_FIRE_smer-tcs3-mobo-c,900,0.00936856959015131
20160604_FIRE_smer-tcs3-mobo-c,960,0.0026974291540682316
20160604_FIRE_smer-tcs3-mobo-c,1020,0.0017259725136682391
20160604_FIRE_smer-tcs3-mobo-c,1080,0.0017827332485467196
20160604_FIRE_smer-tcs3-mobo-c,1140,0.0068472460843622684
20160604_FIRE_smer-tcs3-mobo-c,1200,0.002231568330898881
20160604_FIRE_smer-tcs3-mobo-c,1260,0.003588661551475525
20160604_FIRE_smer-tcs3-mobo-c,1320,0.004219369031488895
20160604_FIRE_smer-tcs3-mobo-c,1380,0.004673020448535681
20160604_FIRE_smer-tcs3-mobo-c,1440,0.0038489557337015867
20160604_FIRE_smer-tcs3-mobo-c,1500,0.0034861231688410044
20160604_FIRE_smer-tcs3-mobo-c,1560,0.005432025995105505
20160604_FIRE_smer-tcs3-mobo-c,1620,0.00501358974725008
20160604_FIRE_smer-tcs3-mobo-c,1680,0.004877747967839241
20160604_FIRE_smer-tcs3-mobo-c,1740,0.006216851063072681
20160604_FIRE_smer-tcs3-mobo-c,1800,0.004418842028826475
20160604_FIRE_smer-tcs3-mobo-c,1860,0.0020704129710793495
20160604_FIRE_smer-tcs3-mobo-c,1920,0.003202705644071102
20160604_FIRE_smer-tcs3-mobo-c,1980,0.002389730652794242
20160604_FIRE_smer-tcs3-mobo-c,2040,0.004350002389401197
20160604_FIRE_smer-tcs3-mobo-c,2100,0.0021299030631780624
20160604_FIRE_smer-tcs3-mobo-c,2160,0.003584451973438263
20160604_FIRE_smer-tcs3-mobo-c,2220,0.004106811713427305
20160604_FIRE_smer-tcs3-mobo-c,2280,0.003224629443138838
20160604_FIRE_smer-tcs3-mobo-c,2340,0.0019569890573620796
20160604_FIRE_smer-tcs3-mobo-c,2400,0.003771068761125207
20160619_FIRE_lp-e-iqeye,-2400,0.0
20160619_FIRE_lp-e-iqeye,-2280,0.0
20160619_FIRE_lp-e-iqeye,-2160,0.0
20160619_FIRE_lp-e-iqeye,-2040,0.005578914657235146
20160619_FIRE_lp-e-iqeye,-1920,0.0
20160619_FIRE_lp-e-iqeye,-1800,0.0
20160619_FIRE_lp-e-iqeye,-1680,0.0
20160619_FIRE_lp-e-iqeye,-1560,0.0
20160619_FIRE_lp-e-iqeye,-1440,0.0013710467610508204
20160619_FIRE_lp-e-iqeye,-1320,0.0
20160619_FIRE_lp-e-iqeye,-1200,0.0
20160619_FIRE_lp-e-iqeye,-1080,0.0
20160619_FIRE_lp-e-iqeye,-960,0.0
20160619_FIRE_lp-e-iqeye,-840,0.0
20160619_FIRE_lp-e-iqeye,-720,0.0
20160619_FIRE_lp-e-iqeye,-600,0.0
20160619_FIRE_lp-e-iqeye,-480,0.0
20160619_FIRE_lp-e-iqeye,-360,0.0
20160619_FIRE_lp-e-iqeye,-240,0.0
20160619_FIRE_lp-e-iqeye,-120,0.0
20160619_FIRE_lp-e-iqeye,0,0.01242789812386036
20160619_FIRE_lp-e-iqeye,120,0.0
20160619_FIRE_lp-e-iqeye,240,0.19163160026073456
20160619_FIRE_lp-e-iqeye,360,0.2190319001674652
20160619_FIRE_lp-e-iqeye,480,0.4287991523742676
20160619_FIRE_lp-e-iqeye,600,0.6989707350730896
20160619_FIRE_lp-e-iqeye,720,0.7519459128379822
20160619_FIRE_lp-e-iqeye,840,0.7592834830284119
20160619_FIRE_lp-e-iqeye,960,0.6241407990455627
20160619_FIRE_lp-e-iqeye,1080,0.2679057717323303
20160619_FIRE_lp-e-iqeye,1200,0.6355921626091003
20160619_FIRE_lp-e-iqeye,1320,0.7467833161354065
20160619_FIRE_lp-e-iqeye,1440,0.8179849982261658
20160619_FIRE_lp-e-iqeye,1560,0.8125162720680237
20160619_FIRE_lp-e-iqeye,1680,0.8277121782302856
20160619_FIRE_lp-e-iqeye,1800,0.7627730965614319
20160619_FIRE_lp-e-iqeye,1920,0.620251476764679
20160619_FIRE_lp-e-iqeye,2040,0.35852742195129395
20160619_FIRE_lp-e-iqeye,2160,0.15412627160549164
20160619_FIRE_lp-e-iqeye,2280,0.15328410267829895
20160619_FIRE_lp-e-iqeye,2400,0.4606028199195862
20160619_FIRE_om-e-mobo-c,-2400,0.0
20160619_FIRE_om-e-mobo-c,-2340,0.0
20160619_FIRE_om-e-mobo-c,-2280,0.001179828541353345
20160619_FIRE_om-e-mobo-c,-2220,0.0
20160619_FIRE_om-e-mobo-c,-2160,0.0019598903600126505
20160619_FIRE_om-e-mobo-c,-2100,0.0
20160619_FIRE_om-e-mobo-c,-2040,0.0
20160619_FIRE_om-e-mobo-c,-1980,0.0
20160619_FIRE_om-e-mobo-c,-1920,0.0
20160619_FIRE_om-e-mobo-c,-1860,0.0
20160619_FIRE_om-e-mobo-c,-1800,0.0
20160619_FIRE_om-e-mobo-c,-1740,0.0
20160619_FIRE_om-e-mobo-c,-1680,0.0
20160619_FIRE_om-e-mobo-c,-1620,0.0
20160619_FIRE_om-e-mobo-c,-1560,0.0011287470115348697
20160619_FIRE_om-e-mobo-c,-1500,0.0011429470032453537
20160619_FIRE_om-e-mobo-c,-1440,0.0
20160619_FIRE_om-e-mobo-c,-1380,0.0012000277638435364
20160619_FIRE_om-e-mobo-c,-1320,0.0
20160619_FIRE_om-e-mobo-c,-1260,0.0
20160619_FIRE_om-e-mobo-c,-1200,0.0
20160619_FIRE_om-e-mobo-c,-1140,0.0012405714951455593
20160619_FIRE_om-e-mobo-c,-1080,0.0016789328074082732
20160619_FIRE_om-e-mobo-c,-1020,0.0018995726713910699
20160619_FIRE_om-e-mobo-c,-960,0.001231099246069789
20160619_FIRE_om-e-mobo-c,-900,0.0
20160619_FIRE_om-e-mobo-c,-840,0.0
20160619_FIRE_om-e-mobo-c,-780,0.001058420748449862
20160619_FIRE_om-e-mobo-c,-720,0.0
20160619_FIRE_om-e-mobo-c,-660,0.0
20160619_FIRE_om-e-mobo-c,-600,0.0
20160619_FIRE_om-e-mobo-c,-540,0.00468457443639636
20160619_FIRE_om-e-mobo-c,-480,0.002857689978554845
20160619_FIRE_om-e-mobo-c,-420,0.0070031750947237015
20160619_FIRE_om-e-mobo-c,-360,0.001149705145508051
20160619_FIRE_om-e-mobo-c,-300,0.001680767280049622
20160619_FIRE_om-e-mobo-c,-240,0.0032344439532607794
20160619_FIRE_om-e-mobo-c,-180,0.0014557704562321305
20160619_FIRE_om-e-mobo-c,-120,0.0017801056383177638
20160619_FIRE_om-e-mobo-c,-60,0.0
20160619_FIRE_om-e-mobo-c,0,0.0
20160619_FIRE_om-e-mobo-c,60,0.0
20160619_FIRE_om-e-mobo-c,120,0.001633689389564097
20160619_FIRE_om-e-mobo-c,180,0.0
20160619_FIRE_om-e-mobo-c,240,0.0
20160619_FIRE_om-e-mobo-c,300,0.022717921063303947
20160619_FIRE_om-e-mobo-c,360,0.4914166033267975
20160619_FIRE_om-e-mobo-c,420,0.6259428858757019
20160619_FIRE_om-e-mobo-c,480,0.3376988470554352
20160619_FIRE_om-e-mobo-c,540,0.28483688831329346
20160619_FIRE_om-e-mobo-c,600,0.4204827845096588
20160619_FIRE_om-e-mobo-c,660,0.23029521107673645
20160619_FIRE_om-e-mobo-c,720,0.37701424956321716
20160619_FIRE_om-e-mobo-c,780,0.4854840040206909
20160619_FIRE_om-e-mobo-c,840,0.1383008062839508
20160619_FIRE_om-e-mobo-c,900,0.31164729595184326
20160619_FIRE_om-e-mobo-c,960,0.3958439528942108
20160619_FIRE_om-e-mobo-c,1020,0.4440649151802063
20160619_FIRE_om-e-mobo-c,1080,0.4810098111629486
20160619_FIRE_om-e-mobo-c,1140,0.5596994757652283
20160619_FIRE_om-e-mobo-c,1200,0.6174764037132263
20160619_FIRE_om-e-mobo-c,1260,0.5606945753097534
20160619_FIRE_om-e-mobo-c,1320,0.524309515953064
20160619_FIRE_om-e-mobo-c,1380,0.6651326417922974
20160619_FIRE_om-e-mobo-c,1440,0.7598576545715332
20160619_FIRE_om-e-mobo-c,1500,0.7485248446464539
20160619_FIRE_om-e-mobo-c,1560,0.6542083621025085
20160619_FIRE_om-e-mobo-c,1620,0.7252662777900696
20160619_FIRE_om-e-mobo-c,1680,0.7171685099601746
20160619_FIRE_om-e-mobo-c,1740,0.5764594674110413
20160619_FIRE_om-e-mobo-c,1800,0.6211797595024109
20160619_FIRE_om-e-mobo-c,1860,0.5816864967346191
20160619_FIRE_om-e-mobo-c,1920,0.4639406204223633
20160619_FIRE_om-e-mobo-c,1980,0.4925117492675781
20160619_FIRE_om-e-mobo-c,2040,0.4973198473453522
20160619_FIRE_om-e-mobo-c,2100,0.49269571900367737
20160619_FIRE_om-e-mobo-c,2160,0.5401563048362732
20160619_FIRE_om-e-mobo-c,2220,0.4593124985694885
20160619_FIRE_om-e-mobo-c,2280,0.4354330003261566
20160619_FIRE_om-e-mobo-c,2340,0.5155723094940186
20160619_FIRE_om-e-mobo-c,2400,0.40626758337020874
20160619_FIRE_pi-s-mobo-c,-2400,0.0
20160619_FIRE_pi-s-mobo-c,-2340,0.0
20160619_FIRE_pi-s-mobo-c,-2280,0.0
20160619_FIRE_pi-s-mobo-c,-2220,0.0
20160619_FIRE_pi-s-mobo-c,-2160,0.0
20160619_FIRE_pi-s-mobo-c,-2100,0.0
20160619_FIRE_pi-s-mobo-c,-2040,0.0
20160619_FIRE_pi-s-mobo-c,-1980,0.0
20160619_FIRE_pi-s-mobo-c,-1920,0.0
20160619_FIRE_pi-s-mobo-c,-1860,0.4187251031398773
20160619_FIRE_pi-s-mobo-c,-1800,0.0
20160619_FIRE_pi-s-mobo-c,-1740,0.0017364481464028358
20160619_FIRE_pi-s-mobo-c,-1680,0.0
20160619_FIRE_pi-s-mobo-c,-1620,0.0
20160619_FIRE_pi-s-mobo-c,-1560,0.0
20160619_FIRE_pi-s-mobo-c,-1500,0.0
20160619_FIRE_pi-s-mobo-c,-1440,0.0
20160619_FIRE_pi-s-mobo-c,-1380,0.0
20160619_FIRE_pi-s-mobo-c,-1320,0.0
20160619_FIRE_pi-s-mobo-c,-1260,0.0
20160619_FIRE_pi-s-mobo-c,-1200,0.0
20160619_FIRE_pi-s-mobo-c,-1140,0.0
20160619_FIRE_pi-s-mobo-c,-1080,0.0
20160619_FIRE_pi-s-mobo-c,-1020,0.0
20160619_FIRE_pi-s-mobo-c,-960,0.0011572614312171936
20160619_FIRE_pi-s-mobo-c,-900,0.0
20160619_FIRE_pi-s-mobo-c,-840,0.0
20160619_FIRE_pi-s-mobo-c,-780,0.0
20160619_FIRE_pi-s-mobo-c,-720,0.0
20160619_FIRE_pi-s-mobo-c,-660,0.0
20160619_FIRE_pi-s-mobo-c,-600,0.0
20160619_FIRE_pi-s-mobo-c,-540,0.0
20160619_FIRE_pi-s-mobo-c,-480,0.0
20160619_FIRE_pi-s-mobo-c,-420,0.0
20160619_FIRE_pi-s-mobo-c,-360,0.0
20160619_FIRE_pi-s-mobo-c,-300,0.0
20160619_FIRE_pi-s-mobo-c,-240,0.0
20160619_FIRE_pi-s-mobo-c,-180,0.0
20160619_FIRE_pi-s-mobo-c,-120,0.0
20160619_FIRE_pi-s-mobo-c,-60,0.0
20160619_FIRE_pi-s-mobo-c,0,0.0
20160619_FIRE_pi-s-mobo-c,60,0.0
20160619_FIRE_pi-s-mobo-c,120,0.0
20160619_FIRE_pi-s-mobo-c,180,0.002140860306099057
20160619_FIRE_pi-s-mobo-c,240,0.0
20160619_FIRE_pi-s-mobo-c,300,0.0
20160619_FIRE_pi-s-mobo-c,360,0.0
20160619_FIRE_pi-s-mobo-c,420,0.007125735282897949
20160619_FIRE_pi-s-mobo-c,480,0.1328556388616562
20160619_FIRE_pi-s-mobo-c,540,0.3783518373966217
20160619_FIRE_pi-s-mobo-c,600,0.5174996256828308
20160619_FIRE_pi-s-mobo-c,660,0.5481598973274231
20160619_FIRE_pi-s-mobo-c,720,0.12283044308423996
20160619_FIRE_pi-s-mobo-c,780,0.007536501623690128
20160619_FIRE_pi-s-mobo-c,840,0.038869038224220276
20160619_FIRE_pi-s-mobo-c,900,0.3249623775482178
20160619_FIRE_pi-s-mobo-c,960,0.3483935296535492
20160619_FIRE_pi-s-mobo-c,1020,0.05065091326832771
20160619_FIRE_pi-s-mobo-c,1080,0.32549527287483215
20160619_FIRE_pi-s-mobo-c,1140,0.18459035456180573
20160619_FIRE_pi-s-mobo-c,1200,0.6869133114814758
20160619_FIRE_pi-s-mobo-c,1260,0.7632285356521606
20160619_FIRE_pi-s-mobo-c,1320,0.7042571902275085
20160619_FIRE_pi-s-mobo-c,1380,0.5451310276985168
20160619_FIRE_pi-s-mobo-c,1440,0.5878722071647644
20160619_FIRE_pi-s-mobo-c,1500,0.5406719446182251
20160619_FIRE_pi-s-mobo-c,1560,0.5344789028167725
20160619_FIRE_pi-s-mobo-c,1620,0.5773839354515076
20160619_FIRE_pi-s-mobo-c,1680,0.3076879382133484
20160619_FIRE_pi-s-mobo-c,1740,0.4966370463371277
20160619_FIRE_pi-s-mobo-c,1800,0.3208885192871094
20160619_FIRE_pi-s-mobo-c,1860,0.31965962052345276
20160619_FIRE_pi-s-mobo-c,1920,0.010251122526824474
20160619_FIRE_pi-s-mobo-c,1980,0.0022997732739895582
20160619_FIRE_pi-s-mobo-c,2040,0.0
20160619_FIRE_pi-s-mobo-c,2100,0.0
20160619_FIRE_pi-s-mobo-c,2160,0.0
20160619_FIRE_pi-s-mobo-c,2220,0.0
20160619_FIRE_pi-s-mobo-c,2280,0.0
20160619_FIRE_pi-s-mobo-c,2340,0.0
20160619_FIRE_pi-s-mobo-c,2400,0.0018638488836586475
20160711_FIRE_ml-n-mobo-c,-2400,0.3228992521762848
20160711_FIRE_ml-n-mobo-c,-2340,0.28853413462638855
20160711_FIRE_ml-n-mobo-c,-2280,0.17618411779403687
20160711_FIRE_ml-n-mobo-c,-2220,0.198241725564003
20160711_FIRE_ml-n-mobo-c,-2160,0.22318628430366516
20160711_FIRE_ml-n-mobo-c,-2100,0.24699778854846954
20160711_FIRE_ml-n-mobo-c,-2040,0.17568384110927582
20160711_FIRE_ml-n-mobo-c,-1980,0.23329591751098633
20160711_FIRE_ml-n-mobo-c,-1920,0.18154843151569366
20160711_FIRE_ml-n-mobo-c,-1860,0.18490462005138397
20160711_FIRE_ml-n-mobo-c,-1800,0.26813068985939026
20160711_FIRE_ml-n-mobo-c,-1740,0.28183141350746155
20160711_FIRE_ml-n-mobo-c,-1680,0.33780235052108765
20160711_FIRE_ml-n-mobo-c,-1620,0.22921507060527802
20160711_FIRE_ml-n-mobo-c,-1560,0.27382346987724304
20160711_FIRE_ml-n-mobo-c,-1500,0.21500611305236816
20160711_FIRE_ml-n-mobo-c,-1440,0.2999168336391449
20160711_FIRE_ml-n-mobo-c,-1380,0.25406068563461304
20160711_FIRE_ml-n-mobo-c,-1320,0.2589768171310425
20160711_FIRE_ml-n-mobo-c,-1260,0.2431916743516922
20160711_FIRE_ml-n-mobo-c,-1200,0.2753733992576599
20160711_FIRE_ml-n-mobo-c,-1140,0.3240247070789337
20160711_FIRE_ml-n-mobo-c,-1080,0.2676520347595215
20160711_FIRE_ml-n-mobo-c,-1020,0.24423888325691223
20160711_FIRE_ml-n-mobo-c,-960,0.4055834710597992
20160711_FIRE_ml-n-mobo-c,-900,0.38132205605506897
20160711_FIRE_ml-n-mobo-c,-840,0.15221692621707916
20160711_FIRE_ml-n-mobo-c,-780,0.3651772439479828
20160711_FIRE_ml-n-mobo-c,-720,0.21578794717788696
20160711_FIRE_ml-n-mobo-c,-660,0.26485374569892883
20160711_FIRE_ml-n-mobo-c,-600,0.2472299486398697
20160711_FIRE_ml-n-mobo-c,-540,0.25649788975715637
20160711_FIRE_ml-n-mobo-c,-480,0.14541880786418915
20160711_FIRE_ml-n-mobo-c,-420,0.20236584544181824
20160711_FIRE_ml-n-mobo-c,-360,0.2241012454032898
20160711_FIRE_ml-n-mobo-c,-300,0.24360334873199463
20160711_FIRE_ml-n-mobo-c,-240,0.09908439218997955
20160711_FIRE_ml-n-mobo-c,-180,0.2356630116701126
20160711_FIRE_ml-n-mobo-c,-120,0.13199980556964874
20160711_FIRE_ml-n-mobo-c,-60,0.19866333901882172
20160711_FIRE_ml-n-mobo-c,0,0.21987272799015045
20160711_FIRE_ml-n-mobo-c,60,0.2952563464641571
20160711_FIRE_ml-n-mobo-c,120,0.23055699467658997
20160711_FIRE_ml-n-mobo-c,180,0.17349638044834137
20160711_FIRE_ml-n-mobo-c,240,0.16694122552871704
20160711_FIRE_ml-n-mobo-c,300,0.2630358040332794
20160711_FIRE_ml-n-mobo-c,360,0.30029410123825073
20160711_FIRE_ml-n-mobo-c,420,0.0907842218875885
20160711_FIRE_ml-n-mobo-c,480,0.2051413655281067
20160711_FIRE_ml-n-mobo-c,540,0.21426796913146973
20160711_FIRE_ml-n-mobo-c,600,0.18934841454029083
20160711_FIRE_ml-n-mobo-c,660,0.11558473110198975
20160711_FIRE_ml-n-mobo-c,720,0.09397934377193451
20160711_FIRE_ml-n-mobo-c,780,0.1648380309343338
20160711_FIRE_ml-n-mobo-c,840,0.2365342378616333
20160711_FIRE_ml-n-mobo-c,900,0.19931557774543762
20160711_FIRE_ml-n-mobo-c,960,0.25608134269714355
20160711_FIRE_ml-n-mobo-c,1020,0.22897657752037048
20160711_FIRE_ml-n-mobo-c,1080,0.2630745470523834
20160711_FIRE_ml-n-mobo-c,1140,0.2118423730134964
20160711_FIRE_ml-n-mobo-c,1200,0.15849372744560242
20160711_FIRE_ml-n-mobo-c,1260,0.1990542709827423
20160711_FIRE_ml-n-mobo-c,1320,0.16385281085968018
20160711_FIRE_ml-n-mobo-c,1380,0.07814933359622955
20160711_FIRE_ml-n-mobo-c,1440,0.2206270545721054
20160711_FIRE_ml-n-mobo-c,1500,0.25216951966285706
20160711_FIRE_ml-n-mobo-c,1560,0.2776699364185333
20160711_FIRE_ml-n-mobo-c,1620,0.22595907747745514
20160711_FIRE_ml-n-mobo-c,1680,0.10603763908147812
20160711_FIRE_ml-n-mobo-c,1740,0.12568189203739166
20160711_FIRE_ml-n-mobo-c,1800,0.15028107166290283
20160711_FIRE_ml-n-mobo-c,1860,0.3017980754375458
20160711_FIRE_ml-n-mobo-c,1920,0.17739719152450562
20160711_FIRE_ml-n-mobo-c,1980,0.2269829511642456
20160711_FIRE_ml-n-mobo-c,2040,0.12287633121013641
20160711_FIRE_ml-n-mobo-c,2100,0.1295796036720276
20160711_FIRE_ml-n-mobo-c,2160,0.1149384006857872
20160711_FIRE_ml-n-mobo-c,2220,0.14829902350902557
20160711_FIRE_ml-n-mobo-c,2280,0.1748170256614685
20160711_FIRE_ml-n-mobo-c,2340,0.2682253420352936
20160711_FIRE_ml-n-mobo-c,2400,0.16280226409435272
20160718_FIRE_lp-n-iqeye,-2400,0.10319000482559204
20160718_FIRE_lp-n-iqeye,-2280,0.03815987706184387
20160718_FIRE_lp-n-iqeye,-2160,0.04764382541179657
20160718_FIRE_lp-n-iqeye,-2040,0.0946151539683342
20160718_FIRE_lp-n-iqeye,-1920,0.07169203460216522
20160718_FIRE_lp-n-iqeye,-1800,0.12016309797763824
20160718_FIRE_lp-n-iqeye,-1680,0.08535844832658768
20160718_FIRE_lp-n-iqeye,-1560,0.11928941309452057
20160718_FIRE_lp-n-iqeye,-1440,0.07823488861322403
20160718_FIRE_lp-n-iqeye,-1320,0.027100790292024612
20160718_FIRE_lp-n-iqeye,-1200,0.006887596100568771
20160718_FIRE_lp-n-iqeye,-1080,0.06877479702234268
20160718_FIRE_lp-n-iqeye,-960,0.017087167128920555
20160718_FIRE_lp-n-iqeye,-840,0.02239379473030567
20160718_FIRE_lp-n-iqeye,-720,0.033112332224845886
20160718_FIRE_lp-n-iqeye,-600,0.011715342290699482
20160718_FIRE_lp-n-iqeye,-480,0.01960526593029499
20160718_FIRE_lp-n-iqeye,-360,0.01734798029065132
20160718_FIRE_lp-n-iqeye,-240,0.05003031715750694
20160718_FIRE_lp-n-iqeye,-120,0.04070211946964264
20160718_FIRE_lp-n-iqeye,0,0.007118431851267815
20160718_FIRE_lp-n-iqeye,120,0.030802441760897636
20160718_FIRE_lp-n-iqeye,240,0.015807103365659714
20160718_FIRE_lp-n-iqeye,360,0.30642521381378174
20160718_FIRE_lp-n-iqeye,480,0.5930912494659424
20160718_FIRE_lp-n-iqeye,600,0.7715070843696594
20160718_FIRE_lp-n-iqeye,720,0.6720285415649414
20160718_FIRE_lp-n-iqeye,840,0.7437379360198975
20160718_FIRE_lp-n-iqeye,960,0.5695496201515198
20160718_FIRE_lp-n-iqeye,1080,0.5390689373016357
20160718_FIRE_lp-n-iqeye,1200,0.5754016637802124
20160718_FIRE_lp-n-iqeye,1320,0.3759758472442627
20160718_FIRE_lp-n-iqeye,1440,0.4924381971359253
20160718_FIRE_lp-n-iqeye,1560,0.541824460029602
20160718_FIRE_lp-n-iqeye,1680,0.39530274271965027
20160718_FIRE_lp-n-iqeye,1800,0.36582618951797485
20160718_FIRE_lp-n-iqeye,1920,0.12724488973617554
20160718_FIRE_lp-n-iqeye,2040,0.041048843413591385
20160718_FIRE_lp-n-iqeye,2160,0.24303698539733887
20160718_FIRE_lp-n-iqeye,2280,0.17977920174598694
20160718_FIRE_lp-n-iqeye,2400,0.3607011139392853
20160718_FIRE_mg-s-iqeye,-2400,0.20537570118904114
20160718_FIRE_mg-s-iqeye,-2280,0.13907328248023987
20160718_FIRE_mg-s-iqeye,-2160,0.24418677389621735
20160718_FIRE_mg-s-iqeye,-2040,0.2435399293899536
20160718_FIRE_mg-s-iqeye,-1920,0.12200900167226791
20160718_FIRE_mg-s-iqeye,-1800,0.14116160571575165
20160718_FIRE_mg-s-iqeye,-1680,0.1948721557855606
20160718_FIRE_mg-s-iqeye,-1560,0.15557417273521423
20160718_FIRE_mg-s-iqeye,-1440,0.13341061770915985
20160718_FIRE_mg-s-iqeye,-1320,0.1666831225156784
20160718_FIRE_mg-s-iqeye,-1200,0.18966761231422424
20160718_FIRE_mg-s-iqeye,-1080,0.12492643296718597
20160718_FIRE_mg-s-iqeye,-960,0.09544968605041504
20160718_FIRE_mg-s-iqeye,-840,0.12985245883464813
20160718_FIRE_mg-s-iqeye,-720,0.1394147276878357
20160718_FIRE_mg-s-iqeye,-600,0.13692127168178558
20160718_FIRE_mg-s-iqeye,-480,0.080027274787426
20160718_FIRE_mg-s-iqeye,-360,0.15336309373378754
20160718_FIRE_mg-s-iqeye,-240,0.12927310168743134
20160718_FIRE_mg-s-iqeye,-120,0.054214153438806534
20160718_FIRE_mg-s-iqeye,0,0.15615777671337128
20160718_FIRE_mg-s-iqeye,120,0.2075086385011673
20160718_FIRE_mg-s-iqeye,240,0.1524094194173813
20160718_FIRE_mg-s-iqeye,360,0.1568281501531601
20160718_FIRE_mg-s-iqeye,480,0.07504887878894806
20160718_FIRE_mg-s-iqeye,600,0.0469207689166069
20160718_FIRE_mg-s-iqeye,720,0.5773310661315918
20160718_FIRE_mg-s-iqeye,840,0.7052924036979675
20160718_FIRE_mg-s-iqeye,960,0.7262765169143677
20160718_FIRE_mg-s-iqeye,1080,0.7329769730567932
20160718_FIRE_mg-s-iqeye,1200,0.7252669930458069
20160718_FIRE_mg-s-iqeye,1320,0.7141633033752441
20160718_FIRE_mg-s-iqeye,1440,0.7669354677200317
20160718_FIRE_mg-s-iqeye,1560,0.6407110691070557
20160718_FIRE_mg-s-iqeye,1680,0.5668150782585144
20160718_FIRE_mg-s-iqeye,1800,0.6700595617294312
20160718_FIRE_mg-s-iqeye,1920,0.6967092752456665
20160718_FIRE_mg-s-iqeye,2040,0.7280315160751343
20160718_FIRE_mg-s-iqeye,2160,0.6783059239387512
20160718_FIRE_mg-s-iqeye,2280,0.6414241194725037
20160718_FIRE_mg-s-iqeye,2400,0.5917991399765015
20160718_FIRE_mw-e-mobo-c,-2400,0.022578202188014984
20160718_FIRE_mw-e-mobo-c,-2340,0.002723561367020011
20160718_FIRE_mw-e-mobo-c,-2280,0.005841636098921299
20160718_FIRE_mw-e-mobo-c,-2220,0.002134212525561452
20160718_FIRE_mw-e-mobo-c,-2160,0.00880537647753954
20160718_FIRE_mw-e-mobo-c,-2100,0.0033545803744345903
20160718_FIRE_mw-e-mobo-c,-2040,0.0049115195870399475
20160718_FIRE_mw-e-mobo-c,-1980,0.0025631641037762165
20160718_FIRE_mw-e-mobo-c,-1920,0.0015497892163693905
20160718_FIRE_mw-e-mobo-c,-1860,0.0012717338977381587
20160718_FIRE_mw-e-mobo-c,-1800,0.0042825983837246895
20160718_FIRE_mw-e-mobo-c,-1740,0.0017452309839427471
20160718_FIRE_mw-e-mobo-c,-1680,0.0
20160718_FIRE_mw-e-mobo-c,-1620,0.0016647079028189182
20160718_FIRE_mw-e-mobo-c,-1560,0.0
20160718_FIRE_mw-e-mobo-c,-1500,0.0011130764614790678
20160718_FIRE_mw-e-mobo-c,-1440,0.0010600493988022208
20160718_FIRE_mw-e-mobo-c,-1380,0.0016414874698966742
20160718_FIRE_mw-e-mobo-c,-1320,0.0
20160718_FIRE_mw-e-mobo-c,-1260,0.002015546429902315
20160718_FIRE_mw-e-mobo-c,-1200,0.0
20160718_FIRE_mw-e-mobo-c,-1140,0.0015295838238671422
20160718_FIRE_mw-e-mobo-c,-1080,0.0035839753691107035
20160718_FIRE_mw-e-mobo-c,-1020,0.001132066361606121
20160718_FIRE_mw-e-mobo-c,-960,0.0038586724549531937
20160718_FIRE_mw-e-mobo-c,-900,0.0027404739521443844
20160718_FIRE_mw-e-mobo-c,-840,0.0
20160718_FIRE_mw-e-mobo-c,-780,0.0
20160718_FIRE_mw-e-mobo-c,-720,0.0
20160718_FIRE_mw-e-mobo-c,-660,0.0
20160718_FIRE_mw-e-mobo-c,-600,0.0
20160718_FIRE_mw-e-mobo-c,-540,0.0
20160718_FIRE_mw-e-mobo-c,-480,0.0
20160718_FIRE_mw-e-mobo-c,-420,0.0019994350150227547
20160718_FIRE_mw-e-mobo-c,-360,0.0010088490089401603
20160718_FIRE_mw-e-mobo-c,-300,0.0
20160718_FIRE_mw-e-mobo-c,-240,0.0
20160718_FIRE_mw-e-mobo-c,-180,0.0018769098678603768
20160718_FIRE_mw-e-mobo-c,-120,0.0010570312151685357
20160718_FIRE_mw-e-mobo-c,-60,0.0
20160718_FIRE_mw-e-mobo-c,0,0.0
20160718_FIRE_mw-e-mobo-c,60,0.0
20160718_FIRE_mw-e-mobo-c,120,0.0
20160718_FIRE_mw-e-mobo-c,180,0.0
20160718_FIRE_mw-e-mobo-c,240,0.0
20160718_FIRE_mw-e-mobo-c,300,0.0
20160718_FIRE_mw-e-mobo-c,360,0.0
20160718_FIRE_mw-e-mobo-c,420,0.0
20160718_FIRE_mw-e-mobo-c,480,0.0
20160718_FIRE_mw-e-mobo-c,540,0.0
20160718_FIRE_mw-e-mobo-c,600,0.001394687220454216
20160718_FIRE_mw-e-mobo-c,660,0.016493720933794975
20160718_FIRE_mw-e-mobo-c,720,0.0
20160718_FIRE_mw-e-mobo-c,780,0.13290512561798096
20160718_FIRE_mw-e-mobo-c,840,0.7424035668373108
20160718_FIRE_mw-e-mobo-c,900,0.8186643719673157
20160718_FIRE_mw-e-mobo-c,960,0.6572012901306152
20160718_FIRE_mw-e-mobo-c,1020,0.1448453813791275
20160718_FIRE_mw-e-mobo-c,1080,0.6008184552192688
20160718_FIRE_mw-e-mobo-c,1140,0.49618977308273315
20160718_FIRE_mw-e-mobo-c,1200,0.81690913438797
20160718_FIRE_mw-e-mobo-c,1260,0.8525892496109009
20160718_FIRE_mw-e-mobo-c,1320,0.8766635060310364
20160718_FIRE_mw-e-mobo-c,1380,0.8731589913368225
20160718_FIRE_mw-e-mobo-c,1440,0.8262887597084045
20160718_FIRE_mw-e-mobo-c,1500,0.752769947052002
20160718_FIRE_mw-e-mobo-c,1560,0.41808050870895386
20160718_FIRE_mw-e-mobo-c,1620,0.7218438386917114
20160718_FIRE_mw-e-mobo-c,1680,0.5220550894737244
20160718_FIRE_mw-e-mobo-c,1740,0.4280240833759308
20160718_FIRE_mw-e-mobo-c,1800,0.5911999940872192
20160718_FIRE_mw-e-mobo-c,1860,0.7792721390724182
20160718_FIRE_mw-e-mobo-c,1920,0.7557740211486816
20160718_FIRE_mw-e-mobo-c,1980,0.8220564126968384
20160718_FIRE_mw-e-mobo-c,2040,0.8260794281959534
20160718_FIRE_mw-e-mobo-c,2100,0.7586395144462585
20160718_FIRE_mw-e-mobo-c,2160,0.743140697479248
20160718_FIRE_mw-e-mobo-c,2220,0.7281886339187622
20160718_FIRE_mw-e-mobo-c,2280,0.6789284944534302
20160718_FIRE_mw-e-mobo-c,2340,0.5768900513648987
20160718_FIRE_mw-e-mobo-c,2400,0.6200368404388428
20160722_FIRE_mg-s-iqeye,-2400,0.01838034763932228
20160722_FIRE_mg-s-iqeye,-2280,0.028697052970528603
20160722_FIRE_mg-s-iqeye,-2160,0.02209162525832653
20160722_FIRE_mg-s-iqeye,-2040,0.038799118250608444
20160722_FIRE_mg-s-iqeye,-1920,0.013240023516118526
20160722_FIRE_mg-s-iqeye,-1800,0.034661419689655304
20160722_FIRE_mg-s-iqeye,-1680,0.04397782310843468
20160722_FIRE_mg-s-iqeye,-1560,0.0242628064006567
20160722_FIRE_mg-s-iqeye,-1440,0.03860732913017273
20160722_FIRE_mg-s-iqeye,-1320,0.043026041239500046
20160722_FIRE_mg-s-iqeye,-1200,0.08646631240844727
20160722_FIRE_mg-s-iqeye,-1080,0.016081063076853752
20160722_FIRE_mg-s-iqeye,-960,0.020750219002366066
20160722_FIRE_mg-s-iqeye,-840,0.019499341025948524
20160722_FIRE_mg-s-iqeye,-720,0.058089401572942734
20160722_FIRE_mg-s-iqeye,-600,0.01865134947001934
20160722_FIRE_mg-s-iqeye,-480,0.012999255210161209
20160722_FIRE_mg-s-iqeye,-360,0.022702082991600037
20160722_FIRE_mg-s-iqeye,-240,0.05456937476992607
20160722_FIRE_mg-s-iqeye,-120,0.040084514766931534
20160722_FIRE_mg-s-iqeye,0,0.011891220696270466
20160722_FIRE_mg-s-iqeye,120,0.015610230155289173
20160722_FIRE_mg-s-iqeye,240,0.011448672041296959
20160722_FIRE_mg-s-iqeye,360,0.004544812720268965
20160722_FIRE_mg-s-iqeye,480,0.03695741295814514
20160722_FIRE_mg-s-iqeye,600,0.002688000677153468
20160722_FIRE_mg-s-iqeye,720,0.006093465723097324
20160722_FIRE_mg-s-iqeye,840,0.009067436680197716
20160722_FIRE_mg-s-iqeye,960,0.03215785324573517
20160722_FIRE_mg-s-iqeye,1080,0.058542098850011826
20160722_FIRE_mg-s-iqeye,1200,0.006127318367362022
20160722_FIRE_mg-s-iqeye,1320,0.020480340346693993
20160722_FIRE_mg-s-iqeye,1440,0.007033502217382193
20160722_FIRE_mg-s-iqeye,1560,0.010322071611881256
20160722_FIRE_mg-s-iqeye,1680,0.004182196222245693
20160722_FIRE_mg-s-iqeye,1800,0.003025601850822568
20160722_FIRE_mg-s-iqeye,1920,0.001980734523385763
20160722_FIRE_mg-s-iqeye,2040,0.007434503175318241
20160722_FIRE_mg-s-iqeye,2160,0.006488377694040537
20160722_FIRE_mg-s-iqeye,2280,0.006619966588914394
20160722_FIRE_mg-s-iqeye,2400,0.014471425674855709
20160722_FIRE_mw-e-mobo-c,-2400,0.0011395046021789312
20160722_FIRE_mw-e-mobo-c,-2340,0.004067092668265104
20160722_FIRE_mw-e-mobo-c,-2280,0.001311335596255958
20160722_FIRE_mw-e-mobo-c,-2220,0.0
20160722_FIRE_mw-e-mobo-c,-2160,0.003058452159166336
20160722_FIRE_mw-e-mobo-c,-2100,0.002006546827033162
20160722_FIRE_mw-e-mobo-c,-2040,0.004000791348516941
20160722_FIRE_mw-e-mobo-c,-1980,0.006563067901879549
20160722_FIRE_mw-e-mobo-c,-1920,0.006152254529297352
20160722_FIRE_mw-e-mobo-c,-1860,0.005145217292010784
20160722_FIRE_mw-e-mobo-c,-1800,0.010793198831379414
20160722_FIRE_mw-e-mobo-c,-1740,0.009978151880204678
20160722_FIRE_mw-e-mobo-c,-1680,0.01614062301814556
20160722_FIRE_mw-e-mobo-c,-1620,0.009963211603462696
20160722_FIRE_mw-e-mobo-c,-1560,0.008916729129850864
20160722_FIRE_mw-e-mobo-c,-1500,0.005939284339547157
20160722_FIRE_mw-e-mobo-c,-1440,0.005205314140766859
20160722_FIRE_mw-e-mobo-c,-1380,0.003233565017580986
20160722_FIRE_mw-e-mobo-c,-1320,0.0035966343712061644
20160722_FIRE_mw-e-mobo-c,-1260,0.004543867893517017
20160722_FIRE_mw-e-mobo-c,-1200,0.010079685598611832
20160722_FIRE_mw-e-mobo-c,-1140,0.002207233337685466
20160722_FIRE_mw-e-mobo-c,-1080,0.010339988395571709
20160722_FIRE_mw-e-mobo-c,-1020,0.002391912043094635
20160722_FIRE_mw-e-mobo-c,-960,0.005830591544508934
20160722_FIRE_mw-e-mobo-c,-900,0.0034109745174646378
20160722_FIRE_mw-e-mobo-c,-840,0.002967204200103879
20160722_FIRE_mw-e-mobo-c,-780,0.003309758612886071
20160722_FIRE_mw-e-mobo-c,-720,0.0038277730345726013
20160722_FIRE_mw-e-mobo-c,-660,0.003327478189021349
20160722_FIRE_mw-e-mobo-c,-600,0.003071795916184783
20160722_FIRE_mw-e-mobo-c,-540,0.0027478858828544617
20160722_FIRE_mw-e-mobo-c,-480,0.0
20160722_FIRE_mw-e-mobo-c,-420,0.0
20160722_FIRE_mw-e-mobo-c,-360,0.0
20160722_FIRE_mw-e-mobo-c,-300,0.0
20160722_FIRE_mw-e-mobo-c,-240,0.0
20160722_FIRE_mw-e-mobo-c,-180,0.0
20160722_FIRE_mw-e-mobo-c,-120,0.0020479809027165174
20160722_FIRE_mw-e-mobo-c,-60,0.0019680659752339125
20160722_FIRE_mw-e-mobo-c,0,0.0011454871855676174
20160722_FIRE_mw-e-mobo-c,60,0.0025150568690150976
20160722_FIRE_mw-e-mobo-c,120,0.0024820594117045403
20160722_FIRE_mw-e-mobo-c,180,0.004031541291624308
20160722_FIRE_mw-e-mobo-c,240,0.004260311834514141
20160722_FIRE_mw-e-mobo-c,300,0.002399603370577097
20160722_FIRE_mw-e-mobo-c,360,0.0049181003123521805
20160722_FIRE_mw-e-mobo-c,420,0.0072717079892754555
20160722_FIRE_mw-e-mobo-c,480,0.18396922945976257
20160722_FIRE_mw-e-mobo-c,540,0.08828731626272202
20160722_FIRE_mw-e-mobo-c,600,0.326284259557724
20160722_FIRE_mw-e-mobo-c,660,0.23387286067008972
20160722_FIRE_mw-e-mobo-c,720,0.6026583909988403
20160722_FIRE_mw-e-mobo-c,780,0.6591836810112
20160722_FIRE_mw-e-mobo-c,840,0.4710931181907654
20160722_FIRE_mw-e-mobo-c,900,0.7708116769790649
20160722_FIRE_mw-e-mobo-c,960,0.8285890221595764
20160722_FIRE_mw-e-mobo-c,1020,0.8403022289276123
20160722_FIRE_mw-e-mobo-c,1080,0.4470228850841522
20160722_FIRE_mw-e-mobo-c,1140,0.25662651658058167
20160722_FIRE_mw-e-mobo-c,1200,0.7091346383094788
20160722_FIRE_mw-e-mobo-c,1260,0.5524477958679199
20160722_FIRE_mw-e-mobo-c,1320,0.5201310515403748
20160722_FIRE_mw-e-mobo-c,1380,0.7042286992073059
20160722_FIRE_mw-e-mobo-c,1440,0.5683000087738037
20160722_FIRE_mw-e-mobo-c,1500,0.23050211369991302
20160722_FIRE_mw-e-mobo-c,1560,0.4846769869327545
20160722_FIRE_mw-e-mobo-c,1620,0.3790200650691986
20160722_FIRE_mw-e-mobo-c,1680,0.3296383321285248
20160722_FIRE_mw-e-mobo-c,1740,0.6725058555603027
20160722_FIRE_mw-e-mobo-c,1800,0.5601396560668945
20160722_FIRE_mw-e-mobo-c,1860,0.6573864817619324
20160722_FIRE_mw-e-mobo-c,1920,0.7834076285362244
20160722_FIRE_mw-e-mobo-c,1980,0.7471200227737427
20160722_FIRE_mw-e-mobo-c,2040,0.8546175360679626
20160722_FIRE_mw-e-mobo-c,2100,0.37587177753448486
20160722_FIRE_mw-e-mobo-c,2160,0.8287290334701538
20160722_FIRE_mw-e-mobo-c,2220,0.781649112701416
20160722_FIRE_mw-e-mobo-c,2280,0.6363749504089355
20160722_FIRE_mw-e-mobo-c,2340,0.6700088977813721
20160722_FIRE_mw-e-mobo-c,2400,0.4737417697906494
20161113_FIRE_bl-n-mobo-c,-2400,0.0
20161113_FIRE_bl-n-mobo-c,-2340,0.0022969511337578297
20161113_FIRE_bl-n-mobo-c,-2280,0.0
20161113_FIRE_bl-n-mobo-c,-2220,0.0010003142524510622
20161113_FIRE_bl-n-mobo-c,-2160,0.0014960539992898703
20161113_FIRE_bl-n-mobo-c,-2100,0.0025967725086957216
20161113_FIRE_bl-n-mobo-c,-2040,0.0026165656745433807
20161113_FIRE_bl-n-mobo-c,-1980,0.001243076752871275
20161113_FIRE_bl-n-mobo-c,-1920,0.0
20161113_FIRE_bl-n-mobo-c,-1860,0.0010468229884281754
20161113_FIRE_bl-n-mobo-c,-1800,0.0
20161113_FIRE_bl-n-mobo-c,-1740,0.0
20161113_FIRE_bl-n-mobo-c,-1680,0.0011651180684566498
20161113_FIRE_bl-n-mobo-c,-1620,0.0
20161113_FIRE_bl-n-mobo-c,-1560,0.0015231139259412885
20161113_FIRE_bl-n-mobo-c,-1500,0.0
20161113_FIRE_bl-n-mobo-c,-1440,0.001332341693341732
20161113_FIRE_bl-n-mobo-c,-1380,0.005930725950747728
20161113_FIRE_bl-n-mobo-c,-1320,0.0
20161113_FIRE_bl-n-mobo-c,-1260,0.0
20161113_FIRE_bl-n-mobo-c,-1200,0.0
20161113_FIRE_bl-n-mobo-c,-1140,0.0
20161113_FIRE_bl-n-mobo-c,-1080,0.0017237648135051131
20161113_FIRE_bl-n-mobo-c,-1020,0.0
20161113_FIRE_bl-n-mobo-c,-960,0.0
20161113_FIRE_bl-n-mobo-c,-900,0.0013024408835917711
20161113_FIRE_bl-n-mobo-c,-840,0.0
20161113_FIRE_bl-n-mobo-c,-780,0.0
20161113_FIRE_bl-n-mobo-c,-720,0.0
20161113_FIRE_bl-n-mobo-c,-660,0.0
20161113_FIRE_bl-n-mobo-c,-600,0.0
20161113_FIRE_bl-n-mobo-c,-540,0.0
20161113_FIRE_bl-n-mobo-c,-480,0.0
20161113_FIRE_bl-n-mobo-c,-420,0.0017081324476748705
20161113_FIRE_bl-n-mobo-c,-360,0.0
20161113_FIRE_bl-n-mobo-c,-300,0.0
20161113_FIRE_bl-n-mobo-c,-240,0.0
20161113_FIRE_bl-n-mobo-c,-180,0.0020629114005714655
20161113_FIRE_bl-n-mobo-c,-120,0.0
20161113_FIRE_bl-n-mobo-c,-60,0.0
20161113_FIRE_bl-n-mobo-c,0,0.0
20161113_FIRE_bl-n-mobo-c,60,0.0
20161113_FIRE_bl-n-mobo-c,120,0.025970254093408585
20161113_FIRE_bl-n-mobo-c,180,0.3995160162448883
20161113_FIRE_bl-n-mobo-c,240,0.47482505440711975
20161113_FIRE_bl-n-mobo-c,300,0.3004624545574188
20161113_FIRE_bl-n-mobo-c,360,0.004867412615567446
20161113_FIRE_bl-n-mobo-c,420,0.12808997929096222
20161113_FIRE_bl-n-mobo-c,480,0.2734442949295044
20161113_FIRE_bl-n-mobo-c,540,0.367315411567688
20161113_FIRE_bl-n-mobo-c,600,0.41083136200904846
20161113_FIRE_bl-n-mobo-c,660,0.03235223516821861
20161113_FIRE_bl-n-mobo-c,720,0.33209800720214844
20161113_FIRE_bl-n-mobo-c,780,0.46401357650756836
20161113_FIRE_bl-n-mobo-c,840,0.4107881486415863
20161113_FIRE_bl-n-mobo-c,900,0.4470648169517517
20161113_FIRE_bl-n-mobo-c,960,0.6766684055328369
20161113_FIRE_bl-n-mobo-c,1020,0.7017105221748352
20161113_FIRE_bl-n-mobo-c,1080,0.7250189185142517
20161113_FIRE_bl-n-mobo-c,1140,0.6109917163848877
20161113_FIRE_bl-n-mobo-c,1200,0.33625245094299316
20161113_FIRE_bl-n-mobo-c,1260,0.606652557849884
20161113_FIRE_bl-n-mobo-c,1320,0.6157094836235046
20161113_FIRE_bl-n-mobo-c,1380,0.45175909996032715
20161113_FIRE_bl-n-mobo-c,1440,0.3250916004180908
20161113_FIRE_bl-n-mobo-c,1500,0.2887745797634125
20161113_FIRE_bl-n-mobo-c,1560,0.24983075261116028
20161113_FIRE_bl-n-mobo-c,1620,0.20248757302761078
20161113_FIRE_bl-n-mobo-c,1680,0.3595922887325287
20161113_FIRE_bl-n-mobo-c,1740,0.39881542325019836
20161113_FIRE_bl-n-mobo-c,1800,0.3662770092487335
20161113_FIRE_bl-n-mobo-c,1860,0.575982391834259
20161113_FIRE_bl-n-mobo-c,1920,0.6186078786849976
20161113_FIRE_bl-n-mobo-c,1980,0.5787299871444702
20161113_FIRE_bl-n-mobo-c,2040,0.5735495090484619
20161113_FIRE_bl-n-mobo-c,2100,0.543181300163269
20161113_FIRE_bl-n-mobo-c,2160,0.6917058229446411
20161113_FIRE_bl-n-mobo-c,2220,0.7216694951057434
20161113_FIRE_bl-n-mobo-c,2280,0.654517412185669
20161113_FIRE_bl-n-mobo-c,2340,0.7832406759262085
20161113_FIRE_bl-n-mobo-c,2400,0.656347930431366
20161113_FIRE_bm-n-mobo-c,-2400,0.0028679983224719763
20161113_FIRE_bm-n-mobo-c,-2340,0.0029408573172986507
20161113_FIRE_bm-n-mobo-c,-2280,0.005064049735665321
20161113_FIRE_bm-n-mobo-c,-2220,0.006741706281900406
20161113_FIRE_bm-n-mobo-c,-2160,0.0020734763238579035
20161113_FIRE_bm-n-mobo-c,-2100,0.0034319956321269274
20161113_FIRE_bm-n-mobo-c,-2040,0.003923317417502403
20161113_FIRE_bm-n-mobo-c,-1980,0.0054079568944871426
20161113_FIRE_bm-n-mobo-c,-1920,0.005035969894379377
20161113_FIRE_bm-n-mobo-c,-1860,0.005002324935048819
20161113_FIRE_bm-n-mobo-c,-1800,0.007197998464107513
20161113_FIRE_bm-n-mobo-c,-1740,0.004674823954701424
20161113_FIRE_bm-n-mobo-c,-1680,0.0050621614791452885
20161113_FIRE_bm-n-mobo-c,-1620,0.0034192316234111786
20161113_FIRE_bm-n-mobo-c,-1560,0.003976393956691027
20161113_FIRE_bm-n-mobo-c,-1500,0.0032745772041380405
20161113_FIRE_bm-n-mobo-c,-1440,0.0035217981785535812
20161113_FIRE_bm-n-mobo-c,-1380,0.01884125918149948
20161113_FIRE_bm-n-mobo-c,-1320,0.005221415776759386
20161113_FIRE_bm-n-mobo-c,-1260,0.005771708209067583
20161113_FIRE_bm-n-mobo-c,-1200,0.0029332609847187996
20161113_FIRE_bm-n-mobo-c,-1140,0.005702529568225145
20161113_FIRE_bm-n-mobo-c,-1080,0.007503028027713299
20161113_FIRE_bm-n-mobo-c,-1020,0.00945061631500721
20161113_FIRE_bm-n-mobo-c,-960,0.013677173294126987
20161113_FIRE_bm-n-mobo-c,-900,0.004967456217855215
20161113_FIRE_bm-n-mobo-c,-840,0.005099745467305183
20161113_FIRE_bm-n-mobo-c,-780,0.0038395586889237165
20161113_FIRE_bm-n-mobo-c,-720,0.007095299195498228
20161113_FIRE_bm-n-mobo-c,-660,0.003894874593243003
20161113_FIRE_bm-n-mobo-c,-600,0.006904386915266514
20161113_FIRE_bm-n-mobo-c,-540,0.010864132083952427
20161113_FIRE_bm-n-mobo-c,-480,0.010743794962763786
20161113_FIRE_bm-n-mobo-c,-420,0.0071501340717077255
20161113_FIRE_bm-n-mobo-c,-360,0.005868842825293541
20161113_FIRE_bm-n-mobo-c,-300,0.013269910588860512
20161113_FIRE_bm-n-mobo-c,-240,0.0056868186220526695
20161113_FIRE_bm-n-mobo-c,-180,0.0038730648811906576
20161113_FIRE_bm-n-mobo-c,-120,0.0077150072902441025
20161113_FIRE_bm-n-mobo-c,-60,0.00686523737385869
20161113_FIRE_bm-n-mobo-c,0,0.007001882418990135
20161113_FIRE_bm-n-mobo-c,60,0.003559335134923458
20161113_FIRE_bm-n-mobo-c,120,0.011301685124635696
20161113_FIRE_bm-n-mobo-c,180,0.00999020878225565
20161113_FIRE_bm-n-mobo-c,240,0.010998628102242947
20161113_FIRE_bm-n-mobo-c,300,0.0022322130389511585
20161113_FIRE_bm-n-mobo-c,360,0.0066591426730155945
20161113_FIRE_bm-n-mobo-c,420,0.002786632627248764
20161113_FIRE_bm-n-mobo-c,480,0.004216180648654699
20161113_FIRE_bm-n-mobo-c,540,0.002921930979937315
20161113_FIRE_bm-n-mobo-c,600,0.007388759404420853
20161113_FIRE_bm-n-mobo-c,660,0.006526143290102482
20161113_FIRE_bm-n-mobo-c,720,0.010945755057036877
20161113_FIRE_bm-n-mobo-c,780,0.007838566787540913
20161113_FIRE_bm-n-mobo-c,840,0.01462897751480341
20161113_FIRE_bm-n-mobo-c,900,0.04863595962524414
20161113_FIRE_bm-n-mobo-c,960,0.055569082498550415
20161113_FIRE_bm-n-mobo-c,1020,0.17130278050899506
20161113_FIRE_bm-n-mobo-c,1080,0.1945776492357254
20161113_FIRE_bm-n-mobo-c,1140,0.3952615261077881
20161113_FIRE_bm-n-mobo-c,1200,0.4030259847640991
20161113_FIRE_bm-n-mobo-c,1260,0.22258535027503967
20161113_FIRE_bm-n-mobo-c,1320,0.10026776045560837
20161113_FIRE_bm-n-mobo-c,1380,0.018149923533201218
20161113_FIRE_bm-n-mobo-c,1440,0.01480112038552761
20161113_FIRE_bm-n-mobo-c,1500,0.007088721729815006
20161113_FIRE_bm-n-mobo-c,1560,0.0051977443508803844
20161113_FIRE_bm-n-mobo-c,1620,0.007643023505806923
20161113_FIRE_bm-n-mobo-c,1680,0.006365286651998758
20161113_FIRE_bm-n-mobo-c,1740,0.006149812135845423
20161113_FIRE_bm-n-mobo-c,1800,0.011007791385054588
20161113_FIRE_bm-n-mobo-c,1860,0.004971562884747982
20161113_FIRE_bm-n-mobo-c,1920,0.010337680578231812
20161113_FIRE_bm-n-mobo-c,1980,0.004302160814404488
20161113_FIRE_bm-n-mobo-c,2040,0.004211210645735264
20161113_FIRE_bm-n-mobo-c,2100,0.009468198753893375
20161113_FIRE_bm-n-mobo-c,2160,0.012388556264340878
20161113_FIRE_bm-n-mobo-c,2220,0.0020066697616130114
20161113_FIRE_bm-n-mobo-c,2280,0.003299158997833729
20161113_FIRE_bm-n-mobo-c,2340,0.008998490869998932
20161113_FIRE_bm-n-mobo-c,2400,0.006387209985405207
20161113_FIRE_bm-w-mobo-c,-2400,0.0
20161113_FIRE_bm-w-mobo-c,-2340,0.0010276605607941747
20161113_FIRE_bm-w-mobo-c,-2280,0.0
20161113_FIRE_bm-w-mobo-c,-2220,0.0
20161113_FIRE_bm-w-mobo-c,-2160,0.0
20161113_FIRE_bm-w-mobo-c,-2100,0.0
20161113_FIRE_bm-w-mobo-c,-2040,0.0
20161113_FIRE_bm-w-mobo-c,-1980,0.0
20161113_FIRE_bm-w-mobo-c,-1920,0.0
20161113_FIRE_bm-w-mobo-c,-1860,0.0
20161113_FIRE_bm-w-mobo-c,-1800,0.0
20161113_FIRE_bm-w-mobo-c,-1740,0.0
20161113_FIRE_bm-w-mobo-c,-1680,0.0
20161113_FIRE_bm-w-mobo-c,-1620,0.0
20161113_FIRE_bm-w-mobo-c,-1560,0.0
20161113_FIRE_bm-w-mobo-c,-1500,0.0
20161113_FIRE_bm-w-mobo-c,-1440,0.0
20161113_FIRE_bm-w-mobo-c,-1380,0.0
20161113_FIRE_bm-w-mobo-c,-1320,0.0
20161113_FIRE_bm-w-mobo-c,-1260,0.0
20161113_FIRE_bm-w-mobo-c,-1200,0.0013431438710540533
20161113_FIRE_bm-w-mobo-c,-1140,0.0
20161113_FIRE_bm-w-mobo-c,-1080,0.0
20161113_FIRE_bm-w-mobo-c,-1020,0.0
20161113_FIRE_bm-w-mobo-c,-960,0.0
20161113_FIRE_bm-w-mobo-c,-900,0.0
20161113_FIRE_bm-w-mobo-c,-840,0.0
20161113_FIRE_bm-w-mobo-c,-780,0.0
20161113_FIRE_bm-w-mobo-c,-720,0.0
20161113_FIRE_bm-w-mobo-c,-660,0.0
20161113_FIRE_bm-w-mobo-c,-600,0.0
20161113_FIRE_bm-w-mobo-c,-540,0.0
20161113_FIRE_bm-w-mobo-c,-480,0.0
20161113_FIRE_bm-w-mobo-c,-420,0.0
20161113_FIRE_bm-w-mobo-c,-360,0.0
20161113_FIRE_bm-w-mobo-c,-300,0.0
20161113_FIRE_bm-w-mobo-c,-240,0.0
20161113_FIRE_bm-w-mobo-c,-180,0.0
20161113_FIRE_bm-w-mobo-c,-120,0.0
20161113_FIRE_bm-w-mobo-c,-60,0.0
20161113_FIRE_bm-w-mobo-c,0,0.0
20161113_FIRE_bm-w-mobo-c,60,0.00205685175023973
20161113_FIRE_bm-w-mobo-c,120,0.08377822488546371
20161113_FIRE_bm-w-mobo-c,180,0.41155052185058594
20161113_FIRE_bm-w-mobo-c,240,0.6639765501022339
20161113_FIRE_bm-w-mobo-c,300,0.6738275289535522
20161113_FIRE_bm-w-mobo-c,360,0.7069501280784607
20161113_FIRE_bm-w-mobo-c,420,0.7568575739860535
20161113_FIRE_bm-w-mobo-c,480,0.7407406568527222
20161113_FIRE_bm-w-mobo-c,540,0.727451741695404
20161113_FIRE_bm-w-mobo-c,600,0.7260721921920776
20161113_FIRE_bm-w-mobo-c,660,0.758999228477478
20161113_FIRE_bm-w-mobo-c,720,0.7494387626647949
20161113_FIRE_bm-w-mobo-c,780,0.7525548934936523
20161113_FIRE_bm-w-mobo-c,840,0.7766247391700745
20161113_FIRE_bm-w-mobo-c,900,0.7816928625106812
20161113_FIRE_bm-w-mobo-c,960,0.8125902414321899
20161113_FIRE_bm-w-mobo-c,1020,0.7901315093040466
20161113_FIRE_bm-w-mobo-c,1080,0.7749367356300354
20161113_FIRE_bm-w-mobo-c,1140,0.7692185044288635
20161113_FIRE_bm-w-mobo-c,1200,0.779449999332428
20161113_FIRE_bm-w-mobo-c,1260,0.8064947128295898
20161113_FIRE_bm-w-mobo-c,1320,0.8180559873580933
20161113_FIRE_bm-w-mobo-c,1380,0.7659867405891418
20161113_FIRE_bm-w-mobo-c,1440,0.8224422335624695
20161113_FIRE_bm-w-mobo-c,1500,0.8002349138259888
20161113_FIRE_bm-w-mobo-c,1560,0.7371521592140198
20161113_FIRE_bm-w-mobo-c,1620,0.7706207633018494
20161113_FIRE_bm-w-mobo-c,1680,0.7658630013465881
20161113_FIRE_bm-w-mobo-c,1740,0.7364957332611084
20161113_FIRE_bm-w-mobo-c,1800,0.7408433556556702
20161113_FIRE_bm-w-mobo-c,1860,0.805920422077179
20161113_FIRE_bm-w-mobo-c,1920,0.7900416254997253
20161113_FIRE_bm-w-mobo-c,1980,0.7969155311584473
20161113_FIRE_bm-w-mobo-c,2040,0.7691101431846619
20161113_FIRE_bm-w-mobo-c,2100,0.7584078311920166
20161113_FIRE_bm-w-mobo-c,2160,0.4758684039115906
20161113_FIRE_bm-w-mobo-c,2220,0.4206657409667969
20161113_FIRE_bm-w-mobo-c,2280,0.4713882803916931
20161113_FIRE_bm-w-mobo-c,2340,0.5719494223594666
20161113_FIRE_bm-w-mobo-c,2400,0.6670790910720825
20170519_FIRE_rm-w-mobo-c,-2400,0.0016324958996847272
20170519_FIRE_rm-w-mobo-c,-2340,0.0162199679762125
20170519_FIRE_rm-w-mobo-c,-2280,0.004010018892586231
20170519_FIRE_rm-w-mobo-c,-2220,0.011236680671572685
20170519_FIRE_rm-w-mobo-c,-2160,0.011988658457994461
20170519_FIRE_rm-w-mobo-c,-2100,0.007271984126418829
20170519_FIRE_rm-w-mobo-c,-2040,0.0046249390579760075
20170519_FIRE_rm-w-mobo-c,-1980,0.041593413800001144
20170519_FIRE_rm-w-mobo-c,-1920,0.004767423961311579
20170519_FIRE_rm-w-mobo-c,-1860,0.004083116538822651
20170519_FIRE_rm-w-mobo-c,-1800,0.04735717922449112
20170519_FIRE_rm-w-mobo-c,-1740,0.10524511337280273
20170519_FIRE_rm-w-mobo-c,-1680,0.007135326042771339
20170519_FIRE_rm-w-mobo-c,-1620,0.005478313192725182
20170519_FIRE_rm-w-mobo-c,-1560,0.007429744582623243
20170519_FIRE_rm-w-mobo-c,-1500,0.0042287190444767475
20170519_FIRE_rm-w-mobo-c,-1440,0.009086699225008488
20170519_FIRE_rm-w-mobo-c,-1380,0.004527593497186899
20170519_FIRE_rm-w-mobo-c,-1320,0.005629576742649078
20170519_FIRE_rm-w-mobo-c,-1260,0.0033774981275200844
20170519_FIRE_rm-w-mobo-c,-1200,0.004926129709929228
20170519_FIRE_rm-w-mobo-c,-1140,0.002345719840377569
20170519_FIRE_rm-w-mobo-c,-1080,0.01387376245111227
20170519_FIRE_rm-w-mobo-c,-1020,0.0665978416800499
20170519_FIRE_rm-w-mobo-c,-960,0.006109291221946478
20170519_FIRE_rm-w-mobo-c,-900,0.0064300247468054295
20170519_FIRE_rm-w-mobo-c,-840,0.004165563732385635
20170519_FIRE_rm-w-mobo-c,-780,0.0042625172063708305
20170519_FIRE_rm-w-mobo-c,-720,0.0018962736940011382
20170519_FIRE_rm-w-mobo-c,-660,0.004328839480876923
20170519_FIRE_rm-w-mobo-c,-600,0.00440720422193408
20170519_FIRE_rm-w-mobo-c,-540,0.003462784690782428
20170519_FIRE_rm-w-mobo-c,-480,0.002440794138237834
20170519_FIRE_rm-w-mobo-c,-420,0.008292806334793568
20170519_FIRE_rm-w-mobo-c,-360,0.007645309902727604
20170519_FIRE_rm-w-mobo-c,-300,0.01694810576736927
20170519_FIRE_rm-w-mobo-c,-240,0.0026718175504356623
20170519_FIRE_rm-w-mobo-c,-180,0.004512636456638575
20170519_FIRE_rm-w-mobo-c,-120,0.005689612589776516
20170519_FIRE_rm-w-mobo-c,-60,0.003580436808988452
20170519_FIRE_rm-w-mobo-c,0,0.0022618952207267284
20170519_FIRE_rm-w-mobo-c,60,0.055143583565950394
20170519_FIRE_rm-w-mobo-c,120,0.001084983698092401
20170519_FIRE_rm-w-mobo-c,180,0.003910233732312918
20170519_FIRE_rm-w-mobo-c,240,0.003314329544082284
20170519_FIRE_rm-w-mobo-c,300,0.0031027027871459723
20170519_FIRE_rm-w-mobo-c,360,0.002158303977921605
20170519_FIRE_rm-w-mobo-c,420,0.001833922928199172
20170519_FIRE_rm-w-mobo-c,480,0.0024071168154478073
20170519_FIRE_rm-w-mobo-c,540,0.001960429595783353
20170519_FIRE_rm-w-mobo-c,600,0.00110616663005203
20170519_FIRE_rm-w-mobo-c,660,0.0015486616175621748
20170519_FIRE_rm-w-mobo-c,720,0.0
20170519_FIRE_rm-w-mobo-c,780,0.0
20170519_FIRE_rm-w-mobo-c,840,0.0025750689674168825
20170519_FIRE_rm-w-mobo-c,900,0.025317911058664322
20170519_FIRE_rm-w-mobo-c,960,0.007578449789434671
20170519_FIRE_rm-w-mobo-c,1020,0.0021095031406730413
20170519_FIRE_rm-w-mobo-c,1080,0.0016439298633486032
20170519_FIRE_rm-w-mobo-c,1140,0.023701980710029602
20170519_FIRE_rm-w-mobo-c,1200,0.3578489124774933
20170519_FIRE_rm-w-mobo-c,1260,0.20965884625911713
20170519_FIRE_rm-w-mobo-c,1320,0.049776412546634674
20170519_FIRE_rm-w-mobo-c,1380,0.09372638911008835
20170519_FIRE_rm-w-mobo-c,1440,0.025679225102066994
20170519_FIRE_rm-w-mobo-c,1500,0.113259457051754
20170519_FIRE_rm-w-mobo-c,1560,0.7725585699081421
20170519_FIRE_rm-w-mobo-c,1620,0.6046029925346375
20170519_FIRE_rm-w-mobo-c,1680,0.3140399754047394
20170519_FIRE_rm-w-mobo-c,1740,0.17558148503303528
20170519_FIRE_rm-w-mobo-c,1800,0.49544867873191833
20170519_FIRE_rm-w-mobo-c,1860,0.6036848425865173
20170519_FIRE_rm-w-mobo-c,1920,0.46377530694007874
20170519_FIRE_rm-w-mobo-c,1980,0.22863739728927612
20170519_FIRE_rm-w-mobo-c,2040,0.24252399802207947
20170519_FIRE_rm-w-mobo-c,2100,0.5679478645324707
20170519_FIRE_rm-w-mobo-c,2160,0.5308570265769958
20170519_FIRE_rm-w-mobo-c,2220,0.6037442088127136
20170519_FIRE_rm-w-mobo-c,2280,0.4967643916606903
20170519_FIRE_rm-w-mobo-c,2340,0.4875703454017639
20170519_FIRE_rm-w-mobo-c,2400,0.4249235689640045
20170520_FIRE_lp-s-iqeye,-2400,0.1686779260635376
20170520_FIRE_lp-s-iqeye,-2340,0.03566215932369232
20170520_FIRE_lp-s-iqeye,-2280,0.012636052444577217
20170520_FIRE_lp-s-iqeye,-2220,0.08263645321130753
20170520_FIRE_lp-s-iqeye,-2160,0.01657244563102722
20170520_FIRE_lp-s-iqeye,-2100,0.02571903169155121
20170520_FIRE_lp-s-iqeye,-2040,0.0357925184071064
20170520_FIRE_lp-s-iqeye,-1980,0.009282850660383701
20170520_FIRE_lp-s-iqeye,-1920,0.006671202834695578
20170520_FIRE_lp-s-iqeye,-1860,0.09277578443288803
20170520_FIRE_lp-s-iqeye,-1800,0.07616882771253586
20170520_FIRE_lp-s-iqeye,-1740,0.052972350269556046
20170520_FIRE_lp-s-iqeye,-1680,0.01714407466351986
20170520_FIRE_lp-s-iqeye,-1620,0.048258084803819656
20170520_FIRE_lp-s-iqeye,-1560,0.02578933723270893
20170520_FIRE_lp-s-iqeye,-1500,0.027901029214262962
20170520_FIRE_lp-s-iqeye,-1440,0.050387416034936905
20170520_FIRE_lp-s-iqeye,-1380,0.01190075371414423
20170520_FIRE_lp-s-iqeye,-1320,0.0049879723228514194
20170520_FIRE_lp-s-iqeye,-1260,0.002573155565187335
20170520_FIRE_lp-s-iqeye,-1200,0.0031118146143853664
20170520_FIRE_lp-s-iqeye,-1140,0.01223037764430046
20170520_FIRE_lp-s-iqeye,-1080,0.001154443365521729
20170520_FIRE_lp-s-iqeye,-1020,0.001115972874686122
20170520_FIRE_lp-s-iqeye,-960,0.002292781602591276
20170520_FIRE_lp-s-iqeye,-900,0.003195926547050476
20170520_FIRE_lp-s-iqeye,-840,0.008974620141088963
20170520_FIRE_lp-s-iqeye,-780,0.09150112420320511
20170520_FIRE_lp-s-iqeye,-720,0.03250126913189888
20170520_FIRE_lp-s-iqeye,-660,0.00661569694057107
20170520_FIRE_lp-s-iqeye,-600,0.0015117509756237268
20170520_FIRE_lp-s-iqeye,-540,0.02065550722181797
20170520_FIRE_lp-s-iqeye,-480,0.025984158739447594
20170520_FIRE_lp-s-iqeye,-420,0.04369287192821503
20170520_FIRE_lp-s-iqeye,-360,0.02710297890007496
20170520_FIRE_lp-s-iqeye,-300,0.005683621857315302
20170520_FIRE_lp-s-iqeye,-240,0.0020826675463467836
20170520_FIRE_lp-s-iqeye,-180,0.011470159515738487
20170520_FIRE_lp-s-iqeye,-120,0.009879211895167828
20170520_FIRE_lp-s-iqeye,-60,0.011819022707641125
20170520_FIRE_lp-s-iqeye,0,0.5094301700592041
20170520_FIRE_lp-s-iqeye,60,0.7831922769546509
20170520_FIRE_lp-s-iqeye,120,0.7267992496490479
20170520_FIRE_lp-s-iqeye,180,0.7265287041664124
20170520_FIRE_lp-s-iqeye,240,0.878261923789978
20170520_FIRE_lp-s-iqeye,300,0.8896124958992004
20170520_FIRE_lp-s-iqeye,360,0.7076284885406494
20170520_FIRE_lp-s-iqeye,420,0.8422691226005554
20170520_FIRE_lp-s-iqeye,480,0.8212624788284302
20170520_FIRE_lp-s-iqeye,540,0.8636981844902039
20170520_FIRE_lp-s-iqeye,600,0.8706619739532471
20170520_FIRE_lp-s-iqeye,660,0.8219463229179382
20170520_FIRE_lp-s-iqeye,720,0.7639943361282349
20170520_FIRE_lp-s-iqeye,780,0.8212876915931702
20170520_FIRE_lp-s-iqeye,840,0.7397988438606262
20170520_FIRE_lp-s-iqeye,900,0.7613884806632996
20170520_FIRE_lp-s-iqeye,960,0.5989306569099426
20170520_FIRE_lp-s-iqeye,1020,0.8302660584449768
20170520_FIRE_lp-s-iqeye,1080,0.7886028289794922
20170520_FIRE_lp-s-iqeye,1140,0.6781206727027893
20170520_FIRE_lp-s-iqeye,1200,0.797633945941925
20170520_FIRE_lp-s-iqeye,1260,0.86208176612854
20170520_FIRE_lp-s-iqeye,1320,0.693494975566864
20170520_FIRE_lp-s-iqeye,1380,0.7632509469985962
20170520_FIRE_lp-s-iqeye,1440,0.7622016668319702
20170520_FIRE_lp-s-iqeye,1500,0.6864170432090759
20170520_FIRE_lp-s-iqeye,1560,0.6575831770896912
20170520_FIRE_lp-s-iqeye,1620,0.499814510345459
20170520_FIRE_lp-s-iqeye,1680,0.8248451948165894
20170520_FIRE_lp-s-iqeye,1740,0.6249409914016724
20170520_FIRE_lp-s-iqeye,1800,0.5533205270767212
20170520_FIRE_lp-s-iqeye,1860,0.8348326683044434
20170520_FIRE_lp-s-iqeye,1920,0.7138108015060425
20170520_FIRE_lp-s-iqeye,1980,0.7995249032974243
20170520_FIRE_lp-s-iqeye,2040,0.7541180849075317
20170520_FIRE_lp-s-iqeye,2100,0.782654345035553
20170520_FIRE_lp-s-iqeye,2160,0.7871526479721069
20170520_FIRE_lp-s-iqeye,2220,0.732425332069397
20170520_FIRE_lp-s-iqeye,2280,0.7443137764930725
20170520_FIRE_lp-s-iqeye,2340,0.762987494468689
20170520_FIRE_lp-s-iqeye,2400,0.6732382774353027
20170520_FIRE_om-s-mobo-c,-840,0.012434531934559345
20170520_FIRE_om-s-mobo-c,-780,0.01481946837157011
20170520_FIRE_om-s-mobo-c,-720,0.015334595926105976
20170520_FIRE_om-s-mobo-c,-660,0.021189454942941666
20170520_FIRE_om-s-mobo-c,-600,0.022734876722097397
20170520_FIRE_om-s-mobo-c,-540,0.019260412082076073
20170520_FIRE_om-s-mobo-c,-480,0.029043279588222504
20170520_FIRE_om-s-mobo-c,-420,0.019038228318095207
20170520_FIRE_om-s-mobo-c,-360,0.01547279767692089
20170520_FIRE_om-s-mobo-c,-300,0.016170941293239594
20170520_FIRE_om-s-mobo-c,-240,0.016350455582141876
20170520_FIRE_om-s-mobo-c,-180,0.0273234024643898
20170520_FIRE_om-s-mobo-c,-120,0.024535348638892174
20170520_FIRE_om-s-mobo-c,-60,0.024119475856423378
20170520_FIRE_om-s-mobo-c,0,0.032083138823509216
20170520_FIRE_om-s-mobo-c,60,0.04014796391129494
20170520_FIRE_om-s-mobo-c,120,0.02048618718981743
20170520_FIRE_om-s-mobo-c,180,0.027010509744286537
20170520_FIRE_om-s-mobo-c,240,0.03809356316924095
20170520_FIRE_om-s-mobo-c,300,0.026362530887126923
20170520_FIRE_om-s-mobo-c,360,0.01598534546792507
20170520_FIRE_om-s-mobo-c,420,0.011097250506281853
20170520_FIRE_om-s-mobo-c,480,0.015024187043309212
20170520_FIRE_om-s-mobo-c,540,0.013458547182381153
20170520_FIRE_om-s-mobo-c,600,0.018476873636245728
20170520_FIRE_om-s-mobo-c,660,0.008076696656644344
20170520_FIRE_om-s-mobo-c,720,0.004755750298500061
20170520_FIRE_om-s-mobo-c,780,0.009619731456041336
20170520_FIRE_om-s-mobo-c,840,0.009532686322927475
20170520_FIRE_om-s-mobo-c,900,0.006305688060820103
20170520_FIRE_om-s-mobo-c,960,0.006094300653785467
20170520_FIRE_om-s-mobo-c,1020,0.004373204428702593
20170520_FIRE_om-s-mobo-c,1080,0.004855239763855934
20170520_FIRE_om-s-mobo-c,1140,0.0035645372699946165
20170520_FIRE_om-s-mobo-c,1200,0.004442030098289251
20170520_FIRE_om-s-mobo-c,1260,0.005976988933980465
20170520_FIRE_om-s-mobo-c,1320,0.0040194191969931126
20170520_FIRE_om-s-mobo-c,1380,0.0033001378178596497
20170520_FIRE_om-s-mobo-c,1440,0.0025407159700989723
20170520_FIRE_om-s-mobo-c,1500,0.00243544764816761
20170520_FIRE_om-s-mobo-c,1560,0.002342748921364546
20170520_FIRE_om-s-mobo-c,1620,0.0026625124737620354
20170520_FIRE_om-s-mobo-c,1680,0.0017195056425407529
20170520_FIRE_om-s-mobo-c,1740,0.00247113686054945
20170520_FIRE_om-s-mobo-c,1800,0.003092795377597213
20170520_FIRE_om-s-mobo-c,1860,0.010839462280273438
20170520_FIRE_om-s-mobo-c,1920,0.024294741451740265
20170520_FIRE_om-s-mobo-c,1980,0.4710240066051483
20170520_FIRE_om-s-mobo-c,2040,0.5806390047073364
20170520_FIRE_om-s-mobo-c,2100,0.4653069078922272
20170520_FIRE_om-s-mobo-c,2160,0.7179473638534546
20170520_FIRE_om-s-mobo-c,2220,0.6888371706008911
20170520_FIRE_om-s-mobo-c,2280,0.7204207181930542
20170520_FIRE_om-s-mobo-c,2340,0.678036630153656
20170520_FIRE_om-s-mobo-c,2400,0.6813822388648987
20170520_FIRE_pi-s-mobo-c,-2400,0.0
20170520_FIRE_pi-s-mobo-c,-2340,0.0
20170520_FIRE_pi-s-mobo-c,-2280,0.0
20170520_FIRE_pi-s-mobo-c,-2220,0.0
20170520_FIRE_pi-s-mobo-c,-2160,0.0
20170520_FIRE_pi-s-mobo-c,-2100,0.0
20170520_FIRE_pi-s-mobo-c,-2040,0.0
20170520_FIRE_pi-s-mobo-c,-1980,0.00242233625613153
20170520_FIRE_pi-s-mobo-c,-1920,0.0013469246914610267
20170520_FIRE_pi-s-mobo-c,-1860,0.0
20170520_FIRE_pi-s-mobo-c,-1800,0.0
20170520_FIRE_pi-s-mobo-c,-1740,0.0
20170520_FIRE_pi-s-mobo-c,-1680,0.0
20170520_FIRE_pi-s-mobo-c,-1620,0.0
20170520_FIRE_pi-s-mobo-c,-1560,0.0
20170520_FIRE_pi-s-mobo-c,-1500,0.0
20170520_FIRE_pi-s-mobo-c,-1440,0.0
20170520_FIRE_pi-s-mobo-c,-1380,0.0
20170520_FIRE_pi-s-mobo-c,-1320,0.0
20170520_FIRE_pi-s-mobo-c,-1260,0.0
20170520_FIRE_pi-s-mobo-c,-1200,0.0
20170520_FIRE_pi-s-mobo-c,-1140,0.0
20170520_FIRE_pi-s-mobo-c,-1080,0.0
20170520_FIRE_pi-s-mobo-c,-1020,0.0
20170520_FIRE_pi-s-mobo-c,-960,0.0
20170520_FIRE_pi-s-mobo-c,-900,0.0
20170520_FIRE_pi-s-mobo-c,-840,0.0
20170520_FIRE_pi-s-mobo-c,-780,0.0
20170520_FIRE_pi-s-mobo-c,-720,0.0
20170520_FIRE_pi-s-mobo-c,-660,0.0
20170520_FIRE_pi-s-mobo-c,-600,0.0
20170520_FIRE_pi-s-mobo-c,-540,0.0
20170520_FIRE_pi-s-mobo-c,-480,0.0
20170520_FIRE_pi-s-mobo-c,-420,0.0
20170520_FIRE_pi-s-mobo-c,-360,0.0
20170520_FIRE_pi-s-mobo-c,-300,0.001127636875025928
20170520_FIRE_pi-s-mobo-c,-240,0.0
20170520_FIRE_pi-s-mobo-c,-180,0.0010619446402415633
20170520_FIRE_pi-s-mobo-c,-120,0.0
20170520_FIRE_pi-s-mobo-c,-60,0.0
20170520_FIRE_pi-s-mobo-c,0,0.0
20170520_FIRE_pi-s-mobo-c,60,0.0
20170520_FIRE_pi-s-mobo-c,120,0.0019472194835543633
20170520_FIRE_pi-s-mobo-c,180,0.0012483983300626278
20170520_FIRE_pi-s-mobo-c,240,0.0
20170520_FIRE_pi-s-mobo-c,300,0.0
20170520_FIRE_pi-s-mobo-c,360,0.0
20170520_FIRE_pi-s-mobo-c,420,0.0
20170520_FIRE_pi-s-mobo-c,480,0.0
20170520_FIRE_pi-s-mobo-c,540,0.0015892938245087862
20170520_FIRE_pi-s-mobo-c,600,0.0
20170520_FIRE_pi-s-mobo-c,660,0.0
20170520_FIRE_pi-s-mobo-c,720,0.0
20170520_FIRE_pi-s-mobo-c,780,0.0
20170520_FIRE_pi-s-mobo-c,840,0.0
20170520_FIRE_pi-s-mobo-c,900,0.001352260122075677
20170520_FIRE_pi-s-mobo-c,960,0.0
20170520_FIRE_pi-s-mobo-c,1020,0.0
20170520_FIRE_pi-s-mobo-c,1080,0.0
20170520_FIRE_pi-s-mobo-c,1140,0.0
20170520_FIRE_pi-s-mobo-c,1200,0.0
20170520_FIRE_pi-s-mobo-c,1260,0.0010521374642848969
20170520_FIRE_pi-s-mobo-c,1320,0.0
20170520_FIRE_pi-s-mobo-c,1380,0.0011208918876945972
20170520_FIRE_pi-s-mobo-c,1440,0.0018023280426859856
20170520_FIRE_pi-s-mobo-c,1500,0.0
20170520_FIRE_pi-s-mobo-c,1560,0.0029364617075771093
20170520_FIRE_pi-s-mobo-c,1620,0.0
20170520_FIRE_pi-s-mobo-c,1680,0.0013758378336206079
20170520_FIRE_pi-s-mobo-c,1740,0.0
20170520_FIRE_pi-s-mobo-c,1800,0.01216531079262495
20170520_FIRE_pi-s-mobo-c,1860,0.012511425651609898
20170520_FIRE_pi-s-mobo-c,1920,0.018415046855807304
20170520_FIRE_pi-s-mobo-c,1980,0.00963574554771185
20170520_FIRE_pi-s-mobo-c,2040,0.004506428726017475
20170520_FIRE_pi-s-mobo-c,2100,0.017854899168014526
20170520_FIRE_pi-s-mobo-c,2160,0.02096639946103096
20170520_FIRE_pi-s-mobo-c,2220,0.001655668136663735
20170520_FIRE_pi-s-mobo-c,2280,0.0015599412145093083
20170520_FIRE_pi-s-mobo-c,2340,0.0
20170520_FIRE_pi-s-mobo-c,2400,0.0
20170520_FIRE_pi-w-mobo-c,-2400,0.0017347825923934579
20170520_FIRE_pi-w-mobo-c,-2340,0.0013513717567548156
20170520_FIRE_pi-w-mobo-c,-2280,0.001982752699404955
20170520_FIRE_pi-w-mobo-c,-2220,0.0024754886981099844
20170520_FIRE_pi-w-mobo-c,-2160,0.0010680330451577902
20170520_FIRE_pi-w-mobo-c,-2100,0.0012079731095582247
20170520_FIRE_pi-w-mobo-c,-2040,0.0
20170520_FIRE_pi-w-mobo-c,-1980,0.0013301610015332699
20170520_FIRE_pi-w-mobo-c,-1920,0.0014653694815933704
20170520_FIRE_pi-w-mobo-c,-1860,0.0012919987784698606
20170520_FIRE_pi-w-mobo-c,-1800,0.0011538336984813213
20170520_FIRE_pi-w-mobo-c,-1740,0.0
20170520_FIRE_pi-w-mobo-c,-1680,0.0011968007311224937
20170520_FIRE_pi-w-mobo-c,-1620,0.0010258444817736745
20170520_FIRE_pi-w-mobo-c,-1560,0.0
20170520_FIRE_pi-w-mobo-c,-1500,0.0
20170520_FIRE_pi-w-mobo-c,-1440,0.0010826822835952044
20170520_FIRE_pi-w-mobo-c,-1380,0.0
20170520_FIRE_pi-w-mobo-c,-1320,0.0010208514286205173
20170520_FIRE_pi-w-mobo-c,-1260,0.0
20170520_FIRE_pi-w-mobo-c,-1200,0.0
20170520_FIRE_pi-w-mobo-c,-1140,0.00313805160112679
20170520_FIRE_pi-w-mobo-c,-1080,0.0014754238072782755
20170520_FIRE_pi-w-mobo-c,-1020,0.0
20170520_FIRE_pi-w-mobo-c,-960,0.001339429640211165
20170520_FIRE_pi-w-mobo-c,-900,0.0019603613764047623
20170520_FIRE_pi-w-mobo-c,-840,0.0013051305431872606
20170520_FIRE_pi-w-mobo-c,-780,0.0013670868938788772
20170520_FIRE_pi-w-mobo-c,-720,0.0
20170520_FIRE_pi-w-mobo-c,-660,0.0011934436624869704
20170520_FIRE_pi-w-mobo-c,-600,0.0
20170520_FIRE_pi-w-mobo-c,-540,0.0015290259616449475
20170520_FIRE_pi-w-mobo-c,-480,0.0011991782812401652
20170520_FIRE_pi-w-mobo-c,-420,0.0011463412083685398
20170520_FIRE_pi-w-mobo-c,-360,0.001211674651131034
20170520_FIRE_pi-w-mobo-c,-300,0.001578931580297649
20170520_FIRE_pi-w-mobo-c,-240,0.0016485849628224969
20170520_FIRE_pi-w-mobo-c,-180,0.0
20170520_FIRE_pi-w-mobo-c,-120,0.0013088269624859095
20170520_FIRE_pi-w-mobo-c,-60,0.0019410684471949935
20170520_FIRE_pi-w-mobo-c,0,0.0
20170520_FIRE_pi-w-mobo-c,60,0.0016057785833254457
20170520_FIRE_pi-w-mobo-c,120,0.0012455525575205684
20170520_FIRE_pi-w-mobo-c,180,0.0
20170520_FIRE_pi-w-mobo-c,240,0.0011505872244015336
20170520_FIRE_pi-w-mobo-c,300,0.006432212423533201
20170520_FIRE_pi-w-mobo-c,360,0.4213513433933258
20170520_FIRE_pi-w-mobo-c,420,0.7357046008110046
20170520_FIRE_pi-w-mobo-c,480,0.8246672749519348
20170520_FIRE_pi-w-mobo-c,540,0.8552538752555847
20170520_FIRE_pi-w-mobo-c,600,0.8423088788986206
20170520_FIRE_pi-w-mobo-c,660,0.8535613417625427
20170520_FIRE_pi-w-mobo-c,720,0.8645844459533691
20170520_FIRE_pi-w-mobo-c,780,0.8090711832046509
20170520_FIRE_pi-w-mobo-c,840,0.632946789264679
20170520_FIRE_pi-w-mobo-c,900,0.6901424527168274
20170520_FIRE_pi-w-mobo-c,960,0.5382462739944458
20170520_FIRE_pi-w-mobo-c,1020,0.7668775916099548
20170520_FIRE_pi-w-mobo-c,1080,0.8356727361679077
20170520_FIRE_pi-w-mobo-c,1140,0.7732647657394409
20170520_FIRE_pi-w-mobo-c,1200,0.796658992767334
20170520_FIRE_pi-w-mobo-c,1260,0.7077947854995728
20170520_FIRE_pi-w-mobo-c,1320,0.7030466794967651
20170520_FIRE_pi-w-mobo-c,1380,0.6644148230552673
20170520_FIRE_pi-w-mobo-c,1440,0.5242456197738647
20170520_FIRE_pi-w-mobo-c,1500,0.7806233167648315
20170520_FIRE_pi-w-mobo-c,1560,0.813666582107544
20170520_FIRE_pi-w-mobo-c,1620,0.8350653648376465
20170520_FIRE_pi-w-mobo-c,1680,0.8417398929595947
20170520_FIRE_pi-w-mobo-c,1740,0.8106597065925598
20170520_FIRE_pi-w-mobo-c,1800,0.8164618015289307
20170520_FIRE_pi-w-mobo-c,1860,0.8687070608139038
20170520_FIRE_pi-w-mobo-c,1920,0.8402535319328308
20170520_FIRE_pi-w-mobo-c,1980,0.6782020330429077
20170520_FIRE_pi-w-mobo-c,2040,0.694722056388855
20170520_FIRE_pi-w-mobo-c,2100,0.8185181617736816
20170520_FIRE_pi-w-mobo-c,2160,0.871777355670929
20170520_FIRE_pi-w-mobo-c,2220,0.8564216494560242
20170520_FIRE_pi-w-mobo-c,2280,0.8803583383560181
20170520_FIRE_pi-w-mobo-c,2340,0.8829410076141357
20170520_FIRE_pi-w-mobo-c,2400,0.8741043210029602
20170609_FIRE_sm-n-mobo-c,-2400,0.0012492821551859379
20170609_FIRE_sm-n-mobo-c,-2340,0.0
20170609_FIRE_sm-n-mobo-c,-2280,0.001651990576647222
20170609_FIRE_sm-n-mobo-c,-2220,0.0
20170609_FIRE_sm-n-mobo-c,-2160,0.0
20170609_FIRE_sm-n-mobo-c,-2100,0.001347763231024146
20170609_FIRE_sm-n-mobo-c,-2040,0.0016266535967588425
20170609_FIRE_sm-n-mobo-c,-1980,0.003166990587487817
20170609_FIRE_sm-n-mobo-c,-1920,0.0010057875188067555
20170609_FIRE_sm-n-mobo-c,-1860,0.0010586259886622429
20170609_FIRE_sm-n-mobo-c,-1800,0.0
20170609_FIRE_sm-n-mobo-c,-1740,0.0
20170609_FIRE_sm-n-mobo-c,-1680,0.0
20170609_FIRE_sm-n-mobo-c,-1620,0.0
20170609_FIRE_sm-n-mobo-c,-1560,0.0
20170609_FIRE_sm-n-mobo-c,-1500,0.0
20170609_FIRE_sm-n-mobo-c,-1440,0.0
20170609_FIRE_sm-n-mobo-c,-1380,0.0
20170609_FIRE_sm-n-mobo-c,-1320,0.0
20170609_FIRE_sm-n-mobo-c,-1260,0.0
20170609_FIRE_sm-n-mobo-c,-1200,0.0
20170609_FIRE_sm-n-mobo-c,-1140,0.0
20170609_FIRE_sm-n-mobo-c,-1080,0.001023037126287818
20170609_FIRE_sm-n-mobo-c,-1020,0.0
20170609_FIRE_sm-n-mobo-c,-960,0.0
20170609_FIRE_sm-n-mobo-c,-900,0.0
20170609_FIRE_sm-n-mobo-c,-840,0.0
20170609_FIRE_sm-n-mobo-c,-780,0.0
20170609_FIRE_sm-n-mobo-c,-720,0.0015538957668468356
20170609_FIRE_sm-n-mobo-c,-660,0.0
20170609_FIRE_sm-n-mobo-c,-600,0.0
20170609_FIRE_sm-n-mobo-c,-540,0.0
20170609_FIRE_sm-n-mobo-c,-480,0.0
20170609_FIRE_sm-n-mobo-c,-420,0.0010639865649864078
20170609_FIRE_sm-n-mobo-c,-360,0.0
20170609_FIRE_sm-n-mobo-c,-300,0.001135792350396514
20170609_FIRE_sm-n-mobo-c,-240,0.0012616496533155441
20170609_FIRE_sm-n-mobo-c,-180,0.0
20170609_FIRE_sm-n-mobo-c,-120,0.0
20170609_FIRE_sm-n-mobo-c,-60,0.0
20170609_FIRE_sm-n-mobo-c,0,0.0016790303634479642
20170609_FIRE_sm-n-mobo-c,60,0.0
20170609_FIRE_sm-n-mobo-c,120,0.0
20170609_FIRE_sm-n-mobo-c,180,0.0
20170609_FIRE_sm-n-mobo-c,240,0.0
20170609_FIRE_sm-n-mobo-c,300,0.0
20170609_FIRE_sm-n-mobo-c,360,0.0010903198271989822
20170609_FIRE_sm-n-mobo-c,420,0.002250358462333679
20170609_FIRE_sm-n-mobo-c,480,0.0032502319663763046
20170609_FIRE_sm-n-mobo-c,540,0.056378692388534546
20170609_FIRE_sm-n-mobo-c,600,0.0
20170609_FIRE_sm-n-mobo-c,660,0.0
20170609_FIRE_sm-n-mobo-c,720,0.0012342188274487853
20170609_FIRE_sm-n-mobo-c,780,0.0018752079922705889
20170609_FIRE_sm-n-mobo-c,840,0.0
20170609_FIRE_sm-n-mobo-c,900,0.0
20170609_FIRE_sm-n-mobo-c,960,0.0
20170609_FIRE_sm-n-mobo-c,1020,0.0
20170609_FIRE_sm-n-mobo-c,1080,0.0
20170609_FIRE_sm-n-mobo-c,1140,0.002026941627264023
20170609_FIRE_sm-n-mobo-c,1200,0.0011937858071178198
20170609_FIRE_sm-n-mobo-c,1260,0.010983358137309551
20170609_FIRE_sm-n-mobo-c,1320,0.0
20170609_FIRE_sm-n-mobo-c,1380,0.0
20170609_FIRE_sm-n-mobo-c,1440,0.0
20170609_FIRE_sm-n-mobo-c,1500,0.008546439930796623
20170609_FIRE_sm-n-mobo-c,1560,0.5291902422904968
20170609_FIRE_sm-n-mobo-c,1620,0.38516414165496826
20170609_FIRE_sm-n-mobo-c,1680,0.5599722266197205
20170609_FIRE_sm-n-mobo-c,1740,0.7713819146156311
20170609_FIRE_sm-n-mobo-c,1800,0.5977914929389954
20170609_FIRE_sm-n-mobo-c,1860,0.8102166652679443
20170609_FIRE_sm-n-mobo-c,1920,0.7931320667266846
20170609_FIRE_sm-n-mobo-c,1980,0.7797043919563293
20170609_FIRE_sm-n-mobo-c,2040,0.7942569255828857
20170609_FIRE_sm-n-mobo-c,2100,0.7990854978561401
20170609_FIRE_sm-n-mobo-c,2160,0.7884551286697388
20170609_FIRE_sm-n-mobo-c,2220,0.6238778829574585
20170609_FIRE_sm-n-mobo-c,2280,0.30105316638946533
20170609_FIRE_sm-n-mobo-c,2340,0.19931693375110626
20170609_FIRE_sm-n-mobo-c,2400,0.45765963196754456
20170613_FIRE_bh-w-mobo-c,-2400,0.0
20170613_FIRE_bh-w-mobo-c,-2340,0.0
20170613_FIRE_bh-w-mobo-c,-2280,0.0
20170613_FIRE_bh-w-mobo-c,-2220,0.0
20170613_FIRE_bh-w-mobo-c,-2160,0.002006091410294175
20170613_FIRE_bh-w-mobo-c,-2100,0.0
20170613_FIRE_bh-w-mobo-c,-2040,0.0
20170613_FIRE_bh-w-mobo-c,-1980,0.0
20170613_FIRE_bh-w-mobo-c,-1920,0.0
20170613_FIRE_bh-w-mobo-c,-1860,0.0
20170613_FIRE_bh-w-mobo-c,-1800,0.0
20170613_FIRE_bh-w-mobo-c,-1740,0.0
20170613_FIRE_bh-w-mobo-c,-1680,0.0
20170613_FIRE_bh-w-mobo-c,-1620,0.0
20170613_FIRE_bh-w-mobo-c,-1560,0.0
20170613_FIRE_bh-w-mobo-c,-1500,0.0
20170613_FIRE_bh-w-mobo-c,-1440,0.0
20170613_FIRE_bh-w-mobo-c,-1380,0.0018159274477511644
20170613_FIRE_bh-w-mobo-c,-1320,0.0
20170613_FIRE_bh-w-mobo-c,-1260,0.0
20170613_FIRE_bh-w-mobo-c,-1200,0.0
20170613_FIRE_bh-w-mobo-c,-1140,0.0
20170613_FIRE_bh-w-mobo-c,-1080,0.0
20170613_FIRE_bh-w-mobo-c,-1020,0.00149667973164469
20170613_FIRE_bh-w-mobo-c,-960,0.0
20170613_FIRE_bh-w-mobo-c,-900,0.0
20170613_FIRE_bh-w-mobo-c,-840,0.0014638591092079878
20170613_FIRE_bh-w-mobo-c,-780,0.0
20170613_FIRE_bh-w-mobo-c,-720,0.0
20170613_FIRE_bh-w-mobo-c,-660,0.001088250195607543
20170613_FIRE_bh-w-mobo-c,-600,0.0
20170613_FIRE_bh-w-mobo-c,-540,0.0
20170613_FIRE_bh-w-mobo-c,-480,0.004075073637068272
20170613_FIRE_bh-w-mobo-c,-420,0.0
20170613_FIRE_bh-w-mobo-c,-360,0.0
20170613_FIRE_bh-w-mobo-c,-300,0.0021049347706139088
20170613_FIRE_bh-w-mobo-c,-240,0.0
20170613_FIRE_bh-w-mobo-c,-180,0.0
20170613_FIRE_bh-w-mobo-c,-120,0.0
20170613_FIRE_bh-w-mobo-c,-60,0.0
20170613_FIRE_bh-w-mobo-c,0,0.0
20170613_FIRE_bh-w-mobo-c,60,0.0022554220631718636
20170613_FIRE_bh-w-mobo-c,120,0.0
20170613_FIRE_bh-w-mobo-c,180,0.0
20170613_FIRE_bh-w-mobo-c,240,0.0
20170613_FIRE_bh-w-mobo-c,300,0.0025469576939940453
20170613_FIRE_bh-w-mobo-c,360,0.07274391502141953
20170613_FIRE_bh-w-mobo-c,420,0.1414107084274292
20170613_FIRE_bh-w-mobo-c,480,0.1476062387228012
20170613_FIRE_bh-w-mobo-c,540,0.0327083095908165
20170613_FIRE_bh-w-mobo-c,600,0.08317426592111588
20170613_FIRE_bh-w-mobo-c,660,0.030232561752200127
20170613_FIRE_bh-w-mobo-c,720,0.0016769702779129148
20170613_FIRE_bh-w-mobo-c,780,0.0
20170613_FIRE_bh-w-mobo-c,840,0.0
20170613_FIRE_bh-w-mobo-c,900,0.0
20170613_FIRE_bh-w-mobo-c,960,0.0
20170613_FIRE_bh-w-mobo-c,1020,0.0
20170613_FIRE_bh-w-mobo-c,1080,0.0
20170613_FIRE_bh-w-mobo-c,1140,0.0011810242431238294
20170613_FIRE_bh-w-mobo-c,1200,0.0
20170613_FIRE_bh-w-mobo-c,1260,0.0
20170613_FIRE_bh-w-mobo-c,1320,0.0
20170613_FIRE_bh-w-mobo-c,1380,0.0
20170613_FIRE_bh-w-mobo-c,1440,0.0
20170613_FIRE_bh-w-mobo-c,1500,0.0
20170613_FIRE_bh-w-mobo-c,1560,0.0
20170613_FIRE_bh-w-mobo-c,1620,0.0
20170613_FIRE_bh-w-mobo-c,1680,0.0
20170613_FIRE_bh-w-mobo-c,1740,0.0
20170613_FIRE_bh-w-mobo-c,1800,0.0
20170613_FIRE_bh-w-mobo-c,1860,0.0
20170613_FIRE_bh-w-mobo-c,1920,0.0
20170613_FIRE_bh-w-mobo-c,1980,0.0
20170613_FIRE_bh-w-mobo-c,2040,0.0
20170613_FIRE_bh-w-mobo-c,2100,0.0
20170613_FIRE_bh-w-mobo-c,2160,0.0
20170613_FIRE_bh-w-mobo-c,2220,0.0
20170613_FIRE_bh-w-mobo-c,2280,0.003893735120072961
20170613_FIRE_bh-w-mobo-c,2340,0.0026746615767478943
20170613_FIRE_bh-w-mobo-c,2400,0.0
20170613_FIRE_hp-n-mobo-c,-2400,0.0
20170613_FIRE_hp-n-mobo-c,-2340,0.0
20170613_FIRE_hp-n-mobo-c,-2280,0.001024272758513689
20170613_FIRE_hp-n-mobo-c,-2220,0.0
20170613_FIRE_hp-n-mobo-c,-2160,0.0
20170613_FIRE_hp-n-mobo-c,-2100,0.0
20170613_FIRE_hp-n-mobo-c,-2040,0.0
20170613_FIRE_hp-n-mobo-c,-1980,0.0
20170613_FIRE_hp-n-mobo-c,-1920,0.0
20170613_FIRE_hp-n-mobo-c,-1860,0.0
20170613_FIRE_hp-n-mobo-c,-1800,0.0
20170613_FIRE_hp-n-mobo-c,-1740,0.0
20170613_FIRE_hp-n-mobo-c,-1680,0.0
20170613_FIRE_hp-n-mobo-c,-1620,0.0
20170613_FIRE_hp-n-mobo-c,-1560,0.0
20170613_FIRE_hp-n-mobo-c,-1500,0.0
20170613_FIRE_hp-n-mobo-c,-1440,0.0
20170613_FIRE_hp-n-mobo-c,-1380,0.0
20170613_FIRE_hp-n-mobo-c,-1320,0.0
20170613_FIRE_hp-n-mobo-c,-1260,0.0
20170613_FIRE_hp-n-mobo-c,-1200,0.0
20170613_FIRE_hp-n-mobo-c,-1140,0.0
20170613_FIRE_hp-n-mobo-c,-1080,0.0
20170613_FIRE_hp-n-mobo-c,-1020,0.0
20170613_FIRE_hp-n-mobo-c,-960,0.0
20170613_FIRE_hp-n-mobo-c,-900,0.0
20170613_FIRE_hp-n-mobo-c,-840,0.0
20170613_FIRE_hp-n-mobo-c,-780,0.0
20170613_FIRE_hp-n-mobo-c,-720,0.0
20170613_FIRE_hp-n-mobo-c,-660,0.0
20170613_FIRE_hp-n-mobo-c,-600,0.0
20170613_FIRE_hp-n-mobo-c,-540,0.0
20170613_FIRE_hp-n-mobo-c,-480,0.0
20170613_FIRE_hp-n-mobo-c,-420,0.0
20170613_FIRE_hp-n-mobo-c,-360,0.0
20170613_FIRE_hp-n-mobo-c,-300,0.0
20170613_FIRE_hp-n-mobo-c,-240,0.0
20170613_FIRE_hp-n-mobo-c,-180,0.0
20170613_FIRE_hp-n-mobo-c,-120,0.0
20170613_FIRE_hp-n-mobo-c,-60,0.0
20170613_FIRE_hp-n-mobo-c,0,0.0
20170613_FIRE_hp-n-mobo-c,60,0.0
20170613_FIRE_hp-n-mobo-c,120,0.0
20170613_FIRE_hp-n-mobo-c,180,0.0
20170613_FIRE_hp-n-mobo-c,240,0.0
20170613_FIRE_hp-n-mobo-c,300,0.0
20170613_FIRE_hp-n-mobo-c,360,0.0
20170613_FIRE_hp-n-mobo-c,420,0.0
20170613_FIRE_hp-n-mobo-c,480,0.0
20170613_FIRE_hp-n-mobo-c,540,0.0016400370514020324
20170613_FIRE_hp-n-mobo-c,600,0.0
20170613_FIRE_hp-n-mobo-c,660,0.007210993207991123
20170613_FIRE_hp-n-mobo-c,720,0.2251880019903183
20170613_FIRE_hp-n-mobo-c,780,0.7138789892196655
20170613_FIRE_hp-n-mobo-c,840,0.7745906710624695
20170613_FIRE_hp-n-mobo-c,900,0.681285560131073
20170613_FIRE_hp-n-mobo-c,960,0.6069616079330444
20170613_FIRE_hp-n-mobo-c,1020,0.5862096548080444
20170613_FIRE_hp-n-mobo-c,1080,0.018359314650297165
20170613_FIRE_hp-n-mobo-c,1140,0.0
20170613_FIRE_hp-n-mobo-c,1200,0.0017367664258927107
20170613_FIRE_hp-n-mobo-c,1260,0.0
20170613_FIRE_hp-n-mobo-c,1320,0.0682959109544754
20170613_FIRE_hp-n-mobo-c,1380,0.6617653965950012
20170613_FIRE_hp-n-mobo-c,1440,0.7696374654769897
20170613_FIRE_hp-n-mobo-c,1500,0.7584319710731506
20170613_FIRE_hp-n-mobo-c,1560,0.777169406414032
20170613_FIRE_hp-n-mobo-c,1620,0.60069739818573
20170613_FIRE_hp-n-mobo-c,1680,0.6873353719711304
20170613_FIRE_hp-n-mobo-c,1740,0.7804278135299683
20170613_FIRE_hp-n-mobo-c,1800,0.7287600636482239
20170613_FIRE_hp-n-mobo-c,1860,0.6189340949058533
20170613_FIRE_hp-n-mobo-c,1920,0.5922081470489502
20170613_FIRE_hp-n-mobo-c,1980,0.7198972105979919
20170613_FIRE_hp-n-mobo-c,2040,0.6946558952331543
20170613_FIRE_hp-n-mobo-c,2100,0.5947791934013367
20170613_FIRE_hp-n-mobo-c,2160,0.07498867809772491
20170613_FIRE_hp-n-mobo-c,2220,0.3581897020339966
20170613_FIRE_hp-n-mobo-c,2280,0.02342045307159424
20170613_FIRE_hp-n-mobo-c,2340,0.19270917773246765
20170613_FIRE_hp-n-mobo-c,2400,0.09603738784790039
20170625_BBM_bm-n-mobo,-2400,0.008457282558083534
20170625_BBM_bm-n-mobo,-2340,0.016622459515929222
20170625_BBM_bm-n-mobo,-2280,0.03181568160653114
20170625_BBM_bm-n-mobo,-2220,0.015861475840210915
20170625_BBM_bm-n-mobo,-2160,0.027141600847244263
20170625_BBM_bm-n-mobo,-2100,0.0724402368068695
20170625_BBM_bm-n-mobo,-2040,0.03654284030199051
20170625_BBM_bm-n-mobo,-1980,0.1157132089138031
20170625_BBM_bm-n-mobo,-1920,0.10454227775335312
20170625_BBM_bm-n-mobo,-1860,0.10168096423149109
20170625_BBM_bm-n-mobo,-1800,0.02333138696849346
20170625_BBM_bm-n-mobo,-1740,0.050582483410835266
20170625_BBM_bm-n-mobo,-1680,0.13132624328136444
20170625_BBM_bm-n-mobo,-1620,0.020412348210811615
20170625_BBM_bm-n-mobo,-1560,0.4614838659763336
20170625_BBM_bm-n-mobo,-1500,0.09757935255765915
20170625_BBM_bm-n-mobo,-1440,0.13265740871429443
20170625_BBM_bm-n-mobo,-1380,0.10545425117015839
20170625_BBM_bm-n-mobo,-1320,0.4306442141532898
20170625_BBM_bm-n-mobo,-1260,0.09106258302927017
20170625_BBM_bm-n-mobo,-1200,0.016482368111610413
20170625_BBM_bm-n-mobo,-1140,0.05724843218922615
20170625_BBM_bm-n-mobo,-1080,0.35042041540145874
20170625_BBM_bm-n-mobo,-1020,0.13093435764312744
20170625_BBM_bm-n-mobo,-960,0.35484471917152405
20170625_BBM_bm-n-mobo,-900,0.0702938511967659
20170625_BBM_bm-n-mobo,-840,0.03649551048874855
20170625_BBM_bm-n-mobo,-780,0.07995691150426865
20170625_BBM_bm-n-mobo,-720,0.11121212691068649
20170625_BBM_bm-n-mobo,-660,0.06259074807167053
20170625_BBM_bm-n-mobo,-600,0.029842207208275795
20170625_BBM_bm-n-mobo,-540,0.1448030024766922
20170625_BBM_bm-n-mobo,-480,0.039297960698604584
20170625_BBM_bm-n-mobo,-420,0.021981842815876007
20170625_BBM_bm-n-mobo,-360,0.007696099113672972
20170625_BBM_bm-n-mobo,-300,0.021617209538817406
20170625_BBM_bm-n-mobo,-240,0.010142420418560505
20170625_BBM_bm-n-mobo,-180,0.015518865548074245
20170625_BBM_bm-n-mobo,-120,0.009341767057776451
20170625_BBM_bm-n-mobo,-60,0.014976651407778263
20170625_BBM_bm-n-mobo,0,0.013880372978746891
20170625_BBM_bm-n-mobo,60,0.005836296360939741
20170625_BBM_bm-n-mobo,120,0.22094103693962097
20170625_BBM_bm-n-mobo,180,0.050281722098588943
20170625_BBM_bm-n-mobo,240,0.017673728987574577
20170625_BBM_bm-n-mobo,300,0.03354695066809654
20170625_BBM_bm-n-mobo,360,0.009918089024722576
20170625_BBM_bm-n-mobo,420,0.10982608795166016
20170625_BBM_bm-n-mobo,480,0.7374436259269714
20170625_BBM_bm-n-mobo,540,0.4886251986026764
20170625_BBM_bm-n-mobo,600,0.18289965391159058
20170625_BBM_bm-n-mobo,660,0.3107321858406067
20170625_BBM_bm-n-mobo,720,0.3817484378814697
20170625_BBM_bm-n-mobo,780,0.30895793437957764
20170625_BBM_bm-n-mobo,840,0.7571689486503601
20170625_BBM_bm-n-mobo,900,0.6561504602432251
20170625_BBM_bm-n-mobo,960,0.7739046812057495
20170625_BBM_bm-n-mobo,1020,0.663486123085022
20170625_BBM_bm-n-mobo,1080,0.5077353715896606
20170625_BBM_bm-n-mobo,1140,0.6703103184700012
20170625_BBM_bm-n-mobo,1200,0.39001357555389404
20170625_BBM_bm-n-mobo,1260,0.797535240650177
20170625_BBM_bm-n-mobo,1320,0.7177940607070923
20170625_BBM_bm-n-mobo,1380,0.7362611889839172
20170625_BBM_bm-n-mobo,1440,0.4597243070602417
20170625_BBM_bm-n-mobo,1500,0.7513576745986938
20170625_BBM_bm-n-mobo,1560,0.7654374837875366
20170625_BBM_bm-n-mobo,1620,0.8646318316459656
20170625_BBM_bm-n-mobo,1680,0.7346300482749939
20170625_BBM_bm-n-mobo,1740,0.8710543513298035
20170625_BBM_bm-n-mobo,1800,0.7247390151023865
20170625_BBM_bm-n-mobo,1860,0.8310065269470215
20170625_BBM_bm-n-mobo,1920,0.8335444331169128
20170625_BBM_bm-n-mobo,1980,0.8763301372528076
20170625_BBM_bm-n-mobo,2040,0.81745845079422
20170625_BBM_bm-n-mobo,2100,0.8015597462654114
20170625_BBM_bm-n-mobo,2160,0.7348401546478271
20170625_BBM_bm-n-mobo,2220,0.8185125589370728
20170625_BBM_bm-n-mobo,2280,0.7546274662017822
20170625_BBM_bm-n-mobo,2340,0.7499947547912598
20170625_BBM_bm-n-mobo,2400,0.860794723033905
20170625_FIRE_mg-s-iqeye,-2400,0.3043709993362427
20170625_FIRE_mg-s-iqeye,-2340,0.3459143042564392
20170625_FIRE_mg-s-iqeye,-2280,0.28272560238838196
20170625_FIRE_mg-s-iqeye,-2220,0.31485942006111145
20170625_FIRE_mg-s-iqeye,-2160,0.36463460326194763
20170625_FIRE_mg-s-iqeye,-2100,0.31646600365638733
20170625_FIRE_mg-s-iqeye,-2040,0.335966557264328
20170625_FIRE_mg-s-iqeye,-1980,0.4870949983596802
20170625_FIRE_mg-s-iqeye,-1920,0.2843392491340637
20170625_FIRE_mg-s-iqeye,-1860,0.23496195673942566
20170625_FIRE_mg-s-iqeye,-1800,0.32215407490730286
20170625_FIRE_mg-s-iqeye,-1740,0.3702862858772278
20170625_FIRE_mg-s-iqeye,-1680,0.3670807182788849
20170625_FIRE_mg-s-iqeye,-1620,0.35163336992263794
20170625_FIRE_mg-s-iqeye,-1560,0.3881695866584778
20170625_FIRE_mg-s-iqeye,-1500,0.3868906795978546
20170625_FIRE_mg-s-iqeye,-1440,0.3697633445262909
20170625_FIRE_mg-s-iqeye,-1380,0.3941385746002197
20170625_FIRE_mg-s-iqeye,-1320,0.3822249174118042
20170625_FIRE_mg-s-iqeye,-1260,0.429331511259079
20170625_FIRE_mg-s-iqeye,-1200,0.3888546824455261
20170625_FIRE_mg-s-iqeye,-1140,0.389578640460968
20170625_FIRE_mg-s-iqeye,-1080,0.3007237911224365
20170625_FIRE_mg-s-iqeye,-1020,0.31571683287620544
20170625_FIRE_mg-s-iqeye,-960,0.3778959810733795
20170625_FIRE_mg-s-iqeye,-900,0.3940948247909546
20170625_FIRE_mg-s-iqeye,-840,0.408500075340271
20170625_FIRE_mg-s-iqeye,-780,0.3706682324409485
20170625_FIRE_mg-s-iqeye,-720,0.36235544085502625
20170625_FIRE_mg-s-iqeye,-660,0.3500584065914154
20170625_FIRE_mg-s-iqeye,-600,0.3715108036994934
20170625_FIRE_mg-s-iqeye,-540,0.45484399795532227
20170625_FIRE_mg-s-iqeye,-480,0.32658281922340393
20170625_FIRE_mg-s-iqeye,-420,0.4105417728424072
20170625_FIRE_mg-s-iqeye,-360,0.3496721684932709
20170625_FIRE_mg-s-iqeye,-300,0.4020861089229584
20170625_FIRE_mg-s-iqeye,-240,0.42681485414505005
20170625_FIRE_mg-s-iqeye,-180,0.38164016604423523
20170625_FIRE_mg-s-iqeye,-120,0.3915121257305145
20170625_FIRE_mg-s-iqeye,-60,0.3970564305782318
20170625_FIRE_mg-s-iqeye,0,0.45040327310562134
20170625_FIRE_mg-s-iqeye,60,0.4003177881240845
20170625_FIRE_mg-s-iqeye,120,0.4125618636608124
20170625_FIRE_mg-s-iqeye,180,0.35900449752807617
20170625_FIRE_mg-s-iqeye,240,0.4131172299385071
20170625_FIRE_mg-s-iqeye,300,0.34590303897857666
20170625_FIRE_mg-s-iqeye,360,0.40404796600341797
20170625_FIRE_mg-s-iqeye,420,0.4006909728050232
20170625_FIRE_mg-s-iqeye,480,0.418878436088562
20170625_FIRE_mg-s-iqeye,540,0.36430492997169495
20170625_FIRE_mg-s-iqeye,600,0.3876692056655884
20170625_FIRE_mg-s-iqeye,660,0.37980690598487854
20170625_FIRE_mg-s-iqeye,720,0.42638811469078064
20170625_FIRE_mg-s-iqeye,780,0.3426855504512787
20170625_FIRE_mg-s-iqeye,840,0.6099902391433716
20170625_FIRE_mg-s-iqeye,900,0.42873334884643555
20170625_FIRE_mg-s-iqeye,960,0.4090154767036438
20170625_FIRE_mg-s-iqeye,1020,0.40301984548568726
20170625_FIRE_mg-s-iqeye,1080,0.33946868777275085
20170625_FIRE_mg-s-iqeye,1140,0.37087929248809814
20170625_FIRE_mg-s-iqeye,1200,0.3957805037498474
20170625_FIRE_mg-s-iqeye,1260,0.8340660929679871
20170625_FIRE_mg-s-iqeye,1320,0.4770910441875458
20170625_FIRE_mg-s-iqeye,1380,0.6391375660896301
20170625_FIRE_mg-s-iqeye,1440,0.5895061492919922
20170625_FIRE_mg-s-iqeye,1500,0.4650917053222656
20170625_FIRE_mg-s-iqeye,1560,0.758341908454895
20170625_FIRE_mg-s-iqeye,1620,0.7734771370887756
20170625_FIRE_mg-s-iqeye,1680,0.35014480352401733
20170625_FIRE_mg-s-iqeye,1740,0.7842589616775513
20170625_FIRE_mg-s-iqeye,1800,0.8428608775138855
20170625_FIRE_mg-s-iqeye,1860,0.3387667238712311
20170625_FIRE_mg-s-iqeye,1920,0.7853266000747681
20170625_FIRE_mg-s-iqeye,1980,0.8187596201896667
20170625_FIRE_mg-s-iqeye,2040,0.7870850563049316
20170625_FIRE_mg-s-iqeye,2100,0.6942765712738037
20170625_FIRE_mg-s-iqeye,2160,0.7519115805625916
20170625_FIRE_mg-s-iqeye,2220,0.8086898922920227
20170625_FIRE_mg-s-iqeye,2280,0.6489315032958984
20170625_FIRE_mg-s-iqeye,2340,0.4041866660118103
20170625_FIRE_mg-s-iqeye,2400,0.7926051020622253
20170627_FIRE_lp-n-iqeye,-2400,0.008776336908340454
20170627_FIRE_lp-n-iqeye,-2340,0.0017091751797124743
20170627_FIRE_lp-n-iqeye,-2280,0.003185430308803916
20170627_FIRE_lp-n-iqeye,-2220,0.005003008525818586
20170627_FIRE_lp-n-iqeye,-2160,0.005685990676283836
20170627_FIRE_lp-n-iqeye,-2100,0.0019095524912700057
20170627_FIRE_lp-n-iqeye,-2040,0.002192569198086858
20170627_FIRE_lp-n-iqeye,-1980,0.004229367710649967
20170627_FIRE_lp-n-iqeye,-1920,0.010790801607072353
20170627_FIRE_lp-n-iqeye,-1860,0.00840896088629961
20170627_FIRE_lp-n-iqeye,-1800,0.004621726460754871
20170627_FIRE_lp-n-iqeye,-1740,0.004325090441852808
20170627_FIRE_lp-n-iqeye,-1680,0.004175235517323017
20170627_FIRE_lp-n-iqeye,-1620,0.004236066248267889
20170627_FIRE_lp-n-iqeye,-1560,0.004994365852326155
20170627_FIRE_lp-n-iqeye,-1500,0.002813153201714158
20170627_FIRE_lp-n-iqeye,-1440,0.005406994838267565
20170627_FIRE_lp-n-iqeye,-1380,0.0024313521571457386
20170627_FIRE_lp-n-iqeye,-1320,0.002112080343067646
20170627_FIRE_lp-n-iqeye,-1260,0.0033886719029396772
20170627_FIRE_lp-n-iqeye,-1200,0.0021161946933716536
20170627_FIRE_lp-n-iqeye,-1140,0.005182934924960136
20170627_FIRE_lp-n-iqeye,-1080,0.0027900163549929857
20170627_FIRE_lp-n-iqeye,-1020,0.0031746577005833387
20170627_FIRE_lp-n-iqeye,-960,0.002602030523121357
20170627_FIRE_lp-n-iqeye,-900,0.004133697133511305
20170627_FIRE_lp-n-iqeye,-840,0.0023267141077667475
20170627_FIRE_lp-n-iqeye,-780,0.0025448701344430447
20170627_FIRE_lp-n-iqeye,-720,0.0030922899022698402
20170627_FIRE_lp-n-iqeye,-660,0.002267966279760003
20170627_FIRE_lp-n-iqeye,-600,0.0023136024829000235
20170627_FIRE_lp-n-iqeye,-540,0.002607688307762146
20170627_FIRE_lp-n-iqeye,-480,0.0021291167940944433
20170627_FIRE_lp-n-iqeye,-420,0.0035204447340220213
20170627_FIRE_lp-n-iqeye,-360,0.003797461511567235
20170627_FIRE_lp-n-iqeye,-300,0.0018471016082912683
20170627_FIRE_lp-n-iqeye,-240,0.0020532188937067986
20170627_FIRE_lp-n-iqeye,-180,0.002180335344746709
20170627_FIRE_lp-n-iqeye,-120,0.003382493741810322
20170627_FIRE_lp-n-iqeye,-60,0.0022887394297868013
20170627_FIRE_lp-n-iqeye,0,0.0032756233122199774
20170627_FIRE_lp-n-iqeye,60,0.002748082159087062
20170627_FIRE_lp-n-iqeye,120,0.0037131626158952713
20170627_FIRE_lp-n-iqeye,180,0.0029957143124192953
20170627_FIRE_lp-n-iqeye,240,0.003112813225015998
20170627_FIRE_lp-n-iqeye,300,0.0030459302943199873
20170627_FIRE_lp-n-iqeye,360,0.0016174536431208253
20170627_FIRE_lp-n-iqeye,420,0.003044731682166457
20170627_FIRE_lp-n-iqeye,480,0.002168887760490179
20170627_FIRE_lp-n-iqeye,540,0.003364755306392908
20170627_FIRE_lp-n-iqeye,600,0.001955766463652253
20170627_FIRE_lp-n-iqeye,660,0.004539703018963337
20170627_FIRE_lp-n-iqeye,720,0.021747633814811707
20170627_FIRE_lp-n-iqeye,780,0.0018505897605791688
20170627_FIRE_lp-n-iqeye,840,0.004382511135190725
20170627_FIRE_lp-n-iqeye,900,0.0023770243860781193
20170627_FIRE_lp-n-iqeye,960,0.004011342767626047
20170627_FIRE_lp-n-iqeye,1020,0.012576354667544365
20170627_FIRE_lp-n-iqeye,1080,0.0037773167714476585
20170627_FIRE_lp-n-iqeye,1140,0.006760180927813053
20170627_FIRE_lp-n-iqeye,1200,0.002326168352738023
20170627_FIRE_lp-n-iqeye,1260,0.0028822042513638735
20170627_FIRE_lp-n-iqeye,1320,0.0026232642121613026
20170627_FIRE_lp-n-iqeye,1380,0.0028447513468563557
20170627_FIRE_lp-n-iqeye,1440,0.0037039644084870815
20170627_FIRE_lp-n-iqeye,1500,0.002773911925032735
20170627_FIRE_lp-n-iqeye,1560,0.0012128095841035247
20170627_FIRE_lp-n-iqeye,1620,0.003148287534713745
20170627_FIRE_lp-n-iqeye,1680,0.0018140958854928613
20170627_FIRE_lp-n-iqeye,1740,0.001867055892944336
20170627_FIRE_lp-n-iqeye,1800,0.0011777831241488457
20170627_FIRE_lp-n-iqeye,1860,0.004765668883919716
20170627_FIRE_lp-n-iqeye,1920,0.0058295270428061485
20170627_FIRE_lp-n-iqeye,1980,0.002011033007875085
20170627_FIRE_lp-n-iqeye,2040,0.0026151188649237156
20170627_FIRE_lp-n-iqeye,2100,0.001305731013417244
20170627_FIRE_lp-n-iqeye,2160,0.0016422715270891786
20170627_FIRE_lp-n-iqeye,2220,0.0031018415465950966
20170627_FIRE_lp-n-iqeye,2280,0.008237117901444435
20170627_FIRE_lp-n-iqeye,2340,0.011373638175427914
20170627_FIRE_lp-n-iqeye,2400,0.004877245984971523
20170627_FIRE_om-e-mobo-c,-2400,0.008886503987014294
20170627_FIRE_om-e-mobo-c,-2340,0.05745541304349899
20170627_FIRE_om-e-mobo-c,-2280,0.05809030309319496
20170627_FIRE_om-e-mobo-c,-2220,0.23770754039287567
20170627_FIRE_om-e-mobo-c,-2160,0.19697244465351105
20170627_FIRE_om-e-mobo-c,-2100,0.15051881968975067
20170627_FIRE_om-e-mobo-c,-2040,0.1359139233827591
20170627_FIRE_om-e-mobo-c,-1980,0.05469178780913353
20170627_FIRE_om-e-mobo-c,-1920,0.06176422908902168
20170627_FIRE_om-e-mobo-c,-1860,0.0950036272406578
20170627_FIRE_om-e-mobo-c,-1800,0.06672880053520203
20170627_FIRE_om-e-mobo-c,-1740,0.028160907328128815
20170627_FIRE_om-e-mobo-c,-1680,0.014583510346710682
20170627_FIRE_om-e-mobo-c,-1620,0.02307356707751751
20170627_FIRE_om-e-mobo-c,-1560,0.08601237833499908
20170627_FIRE_om-e-mobo-c,-1500,0.1994079202413559
20170627_FIRE_om-e-mobo-c,-1440,0.3533911406993866
20170627_FIRE_om-e-mobo-c,-1380,0.20871615409851074
20170627_FIRE_om-e-mobo-c,-1320,0.31342002749443054
20170627_FIRE_om-e-mobo-c,-1260,0.22187285125255585
20170627_FIRE_om-e-mobo-c,-1200,0.08312132209539413
20170627_FIRE_om-e-mobo-c,-1140,0.027319006621837616
20170627_FIRE_om-e-mobo-c,-1080,0.003705213777720928
20170627_FIRE_om-e-mobo-c,-1020,0.0
20170627_FIRE_om-e-mobo-c,-960,0.0
20170627_FIRE_om-e-mobo-c,-900,0.0
20170627_FIRE_om-e-mobo-c,-840,0.0
20170627_FIRE_om-e-mobo-c,-780,0.0012100563617423177
20170627_FIRE_om-e-mobo-c,-720,0.0
20170627_FIRE_om-e-mobo-c,-660,0.0
20170627_FIRE_om-e-mobo-c,-600,0.0
20170627_FIRE_om-e-mobo-c,-540,0.0027940270956605673
20170627_FIRE_om-e-mobo-c,-480,0.0
20170627_FIRE_om-e-mobo-c,-420,0.0
20170627_FIRE_om-e-mobo-c,-360,0.0
20170627_FIRE_om-e-mobo-c,-300,0.002956242300570011
20170627_FIRE_om-e-mobo-c,-240,0.0
20170627_FIRE_om-e-mobo-c,-180,0.0
20170627_FIRE_om-e-mobo-c,-120,0.0
20170627_FIRE_om-e-mobo-c,-60,0.0
20170627_FIRE_om-e-mobo-c,0,0.08386074751615524
20170627_FIRE_om-e-mobo-c,60,0.3031120002269745
20170627_FIRE_om-e-mobo-c,120,0.515551745891571
20170627_FIRE_om-e-mobo-c,180,0.4579097330570221
20170627_FIRE_om-e-mobo-c,240,0.18300746381282806
20170627_FIRE_om-e-mobo-c,300,0.05155886709690094
20170627_FIRE_om-e-mobo-c,360,0.0
20170627_FIRE_om-e-mobo-c,420,0.0
20170627_FIRE_om-e-mobo-c,480,0.2615251839160919
20170627_FIRE_om-e-mobo-c,540,0.467957079410553
20170627_FIRE_om-e-mobo-c,600,0.5875324010848999
20170627_FIRE_om-e-mobo-c,660,0.6462074518203735
20170627_FIRE_om-e-mobo-c,720,0.6554190516471863
20170627_FIRE_om-e-mobo-c,780,0.658226490020752
20170627_FIRE_om-e-mobo-c,840,0.5811468362808228
20170627_FIRE_om-e-mobo-c,900,0.5522441267967224
20170627_FIRE_om-e-mobo-c,960,0.5067983865737915
20170627_FIRE_om-e-mobo-c,1020,0.147526815533638
20170627_FIRE_om-e-mobo-c,1080,0.3066856861114502
20170627_FIRE_om-e-mobo-c,1140,0.1871507316827774
20170627_FIRE_om-e-mobo-c,1200,0.2617579698562622
20170627_FIRE_om-e-mobo-c,1260,0.05450102686882019
20170627_FIRE_om-e-mobo-c,1320,0.024095598608255386
20170627_FIRE_om-e-mobo-c,1380,0.03585715591907501
20170627_FIRE_om-e-mobo-c,1440,0.011315567418932915
20170627_FIRE_om-e-mobo-c,1500,0.012268328107893467
20170627_FIRE_om-e-mobo-c,1560,0.03714543208479881
20170627_FIRE_om-e-mobo-c,1620,0.020240388810634613
20170627_FIRE_om-e-mobo-c,1680,0.034985754638910294
20170627_FIRE_om-e-mobo-c,1740,0.012534918263554573
20170627_FIRE_om-e-mobo-c,1800,0.0
20170627_FIRE_om-e-mobo-c,1860,0.006069548428058624
20170627_FIRE_om-e-mobo-c,1920,0.0
20170627_FIRE_om-e-mobo-c,1980,0.01470141764730215
20170627_FIRE_om-e-mobo-c,2040,0.07273737341165543
20170627_FIRE_om-e-mobo-c,2100,0.18793651461601257
20170627_FIRE_om-e-mobo-c,2160,0.4493589997291565
20170627_FIRE_om-e-mobo-c,2220,0.3136110305786133
20170627_FIRE_om-e-mobo-c,2280,0.5879138708114624
20170627_FIRE_om-e-mobo-c,2340,0.3305990993976593
20170627_FIRE_om-e-mobo-c,2400,0.14718320965766907
20170708_Whittier_syp-n-mobo-c,-2400,0.011149175465106964
20170708_Whittier_syp-n-mobo-c,-2340,0.008829601109027863
20170708_Whittier_syp-n-mobo-c,-2280,0.01357706543058157
20170708_Whittier_syp-n-mobo-c,-2220,0.014654342085123062
20170708_Whittier_syp-n-mobo-c,-2160,0.012574986554682255
20170708_Whittier_syp-n-mobo-c,-2100,0.011075680144131184
20170708_Whittier_syp-n-mobo-c,-2040,0.012510253116488457
20170708_Whittier_syp-n-mobo-c,-1980,0.010661586187779903
20170708_Whittier_syp-n-mobo-c,-1920,0.012510435655713081
20170708_Whittier_syp-n-mobo-c,-1860,0.012411019764840603
20170708_Whittier_syp-n-mobo-c,-1800,0.015550668351352215
20170708_Whittier_syp-n-mobo-c,-1740,0.009063135832548141
20170708_Whittier_syp-n-mobo-c,-1680,0.015132313594222069
20170708_Whittier_syp-n-mobo-c,-1620,0.01051077526062727
20170708_Whittier_syp-n-mobo-c,-1560,0.012146329507231712
20170708_Whittier_syp-n-mobo-c,-1500,0.011099872179329395
20170708_Whittier_syp-n-mobo-c,-1440,0.006438425742089748
20170708_Whittier_syp-n-mobo-c,-1380,0.00955116841942072
20170708_Whittier_syp-n-mobo-c,-1320,0.7406015992164612
20170708_Whittier_syp-n-mobo-c,-1260,0.005478162318468094
20170708_Whittier_syp-n-mobo-c,-1200,0.005121332593262196
20170708_Whittier_syp-n-mobo-c,-1140,0.005750451236963272
20170708_Whittier_syp-n-mobo-c,-1080,0.0064656613394618034
20170708_Whittier_syp-n-mobo-c,-1020,0.010613294318318367
20170708_Whittier_syp-n-mobo-c,-960,0.005433785729110241
20170708_Whittier_syp-n-mobo-c,-900,0.006790388375520706
20170708_Whittier_syp-n-mobo-c,-840,0.005989947356283665
20170708_Whittier_syp-n-mobo-c,-780,0.011068594641983509
20170708_Whittier_syp-n-mobo-c,-720,0.009102503769099712
20170708_Whittier_syp-n-mobo-c,-660,0.011304209940135479
20170708_Whittier_syp-n-mobo-c,-600,0.013719402253627777
20170708_Whittier_syp-n-mobo-c,-540,0.010525406338274479
20170708_Whittier_syp-n-mobo-c,-480,0.022493457421660423
20170708_Whittier_syp-n-mobo-c,-420,0.012526108883321285
20170708_Whittier_syp-n-mobo-c,-360,0.008904420770704746
20170708_Whittier_syp-n-mobo-c,-300,0.011437403038144112
20170708_Whittier_syp-n-mobo-c,-240,0.021897418424487114
20170708_Whittier_syp-n-mobo-c,-180,0.01765744388103485
20170708_Whittier_syp-n-mobo-c,-120,0.020693091675639153
20170708_Whittier_syp-n-mobo-c,-60,0.016957594081759453
20170708_Whittier_syp-n-mobo-c,0,0.012767930515110493
20170708_Whittier_syp-n-mobo-c,60,0.015026233159005642
20170708_Whittier_syp-n-mobo-c,120,0.013778791762888432
20170708_Whittier_syp-n-mobo-c,180,0.015245148912072182
20170708_Whittier_syp-n-mobo-c,240,0.5271323919296265
20170708_Whittier_syp-n-mobo-c,300,0.5904697775840759
20170708_Whittier_syp-n-mobo-c,360,0.5853899121284485
20170708_Whittier_syp-n-mobo-c,420,0.8613723516464233
20170708_Whittier_syp-n-mobo-c,480,0.7135196924209595
20170708_Whittier_syp-n-mobo-c,540,0.8816537261009216
20170708_Whittier_syp-n-mobo-c,600,0.8569751977920532
20170708_Whittier_syp-n-mobo-c,660,0.7863195538520813
20170708_Whittier_syp-n-mobo-c,720,0.9024147391319275
20170708_Whittier_syp-n-mobo-c,780,0.800838828086853
20170708_Whittier_syp-n-mobo-c,840,0.8108817338943481
20170708_Whittier_syp-n-mobo-c,900,0.582344114780426
20170708_Whittier_syp-n-mobo-c,960,0.46939805150032043
20170708_Whittier_syp-n-mobo-c,1020,0.4793410301208496
20170708_Whittier_syp-n-mobo-c,1080,0.41681554913520813
20170708_Whittier_syp-n-mobo-c,1140,0.7832983136177063
20170708_Whittier_syp-n-mobo-c,1200,0.8152766227722168
20170708_Whittier_syp-n-mobo-c,1260,0.8055343627929688
20170708_Whittier_syp-n-mobo-c,1320,0.7941626310348511
20170708_Whittier_syp-n-mobo-c,1380,0.7505895495414734
20170708_Whittier_syp-n-mobo-c,1440,0.712315022945404
20170708_Whittier_syp-n-mobo-c,1500,0.7874605655670166
20170708_Whittier_syp-n-mobo-c,1560,0.7293289303779602
20170708_Whittier_syp-n-mobo-c,1620,0.8145902752876282
20170708_Whittier_syp-n-mobo-c,1680,0.4615946114063263
20170708_Whittier_syp-n-mobo-c,1740,0.6951460838317871
20170708_Whittier_syp-n-mobo-c,1800,0.7883707880973816
20170708_Whittier_syp-n-mobo-c,1860,0.7529682517051697
20170708_Whittier_syp-n-mobo-c,1920,0.6604101657867432
20170708_Whittier_syp-n-mobo-c,1980,0.5225457549095154
20170708_Whittier_syp-n-mobo-c,2040,0.5358974933624268
20170708_Whittier_syp-n-mobo-c,2100,0.35369712114334106
20170708_Whittier_syp-n-mobo-c,2160,0.07392783463001251
20170708_Whittier_syp-n-mobo-c,2220,0.1301029920578003
20170708_Whittier_syp-n-mobo-c,2280,0.04961535707116127
20170708_Whittier_syp-n-mobo-c,2340,0.03380395472049713
20170708_Whittier_syp-n-mobo-c,2400,0.021985527127981186
20170708_Whittier_syp-n-mobo-m,-2399,0.022615641355514526
20170708_Whittier_syp-n-mobo-m,-2339,0.032265953719615936
20170708_Whittier_syp-n-mobo-m,-2279,0.050372164696455
20170708_Whittier_syp-n-mobo-m,-2219,0.0275583378970623
20170708_Whittier_syp-n-mobo-m,-2159,0.03752146288752556
20170708_Whittier_syp-n-mobo-m,-2099,0.04385656118392944
20170708_Whittier_syp-n-mobo-m,-2039,0.031770676374435425
20170708_Whittier_syp-n-mobo-m,-1979,0.057694513350725174
20170708_Whittier_syp-n-mobo-m,-1919,0.03933776542544365
20170708_Whittier_syp-n-mobo-m,-1859,0.037834346294403076
20170708_Whittier_syp-n-mobo-m,-1799,0.029087470844388008
20170708_Whittier_syp-n-mobo-m,-1739,0.038144975900650024
20170708_Whittier_syp-n-mobo-m,-1679,0.04136029630899429
20170708_Whittier_syp-n-mobo-m,-1619,0.03749077767133713
20170708_Whittier_syp-n-mobo-m,-1559,0.03629795461893082
20170708_Whittier_syp-n-mobo-m,-1499,0.026511631906032562
20170708_Whittier_syp-n-mobo-m,-1439,0.01811903528869152
20170708_Whittier_syp-n-mobo-m,-1379,0.04781657084822655
20170708_Whittier_syp-n-mobo-m,-1319,0.022573960945010185
20170708_Whittier_syp-n-mobo-m,-1259,0.011407294310629368
20170708_Whittier_syp-n-mobo-m,-1199,0.019351305440068245
20170708_Whittier_syp-n-mobo-m,-1139,0.034884363412857056
20170708_Whittier_syp-n-mobo-m,-1079,0.07181956619024277
20170708_Whittier_syp-n-mobo-m,-1019,0.05380190908908844
20170708_Whittier_syp-n-mobo-m,-959,0.03127894550561905
20170708_Whittier_syp-n-mobo-m,-899,0.04151769354939461
20170708_Whittier_syp-n-mobo-m,-839,0.031052378937602043
20170708_Whittier_syp-n-mobo-m,-779,0.06822846084833145
20170708_Whittier_syp-n-mobo-m,-719,0.03150106221437454
20170708_Whittier_syp-n-mobo-m,-659,0.0680558905005455
20170708_Whittier_syp-n-mobo-m,-599,0.07747568935155869
20170708_Whittier_syp-n-mobo-m,-539,0.03674183040857315
20170708_Whittier_syp-n-mobo-m,-479,0.12749750912189484
20170708_Whittier_syp-n-mobo-m,-419,0.06854738295078278
20170708_Whittier_syp-n-mobo-m,-359,0.12769447267055511
20170708_Whittier_syp-n-mobo-m,-299,0.054910238832235336
20170708_Whittier_syp-n-mobo-m,-239,0.13483890891075134
20170708_Whittier_syp-n-mobo-m,-179,0.11316917091608047
20170708_Whittier_syp-n-mobo-m,-119,0.050988733768463135
20170708_Whittier_syp-n-mobo-m,-59,0.06668143719434738
20170708_Whittier_syp-n-mobo-m,1,0.08559951186180115
20170708_Whittier_syp-n-mobo-m,61,0.04910146817564964
20170708_Whittier_syp-n-mobo-m,121,0.08778492361307144
20170708_Whittier_syp-n-mobo-m,181,0.13281460106372833
20170708_Whittier_syp-n-mobo-m,241,0.0633525475859642
20170708_Whittier_syp-n-mobo-m,301,0.06317733228206635
20170708_Whittier_syp-n-mobo-m,361,0.08909173309803009
20170708_Whittier_syp-n-mobo-m,421,0.13214555382728577
20170708_Whittier_syp-n-mobo-m,481,0.8514546751976013
20170708_Whittier_syp-n-mobo-m,541,0.860763430595398
20170708_Whittier_syp-n-mobo-m,601,0.843886137008667
20170708_Whittier_syp-n-mobo-m,661,0.7296599745750427
20170708_Whittier_syp-n-mobo-m,721,0.8730915784835815
20170708_Whittier_syp-n-mobo-m,781,0.7588239908218384
20170708_Whittier_syp-n-mobo-m,841,0.7473437786102295
20170708_Whittier_syp-n-mobo-m,901,0.5549958348274231
20170708_Whittier_syp-n-mobo-m,961,0.5284987688064575
20170708_Whittier_syp-n-mobo-m,1021,0.3592698574066162
20170708_Whittier_syp-n-mobo-m,1081,0.5136775374412537
20170708_Whittier_syp-n-mobo-m,1141,0.676655650138855
20170708_Whittier_syp-n-mobo-m,1201,0.8408967852592468
20170708_Whittier_syp-n-mobo-m,1261,0.8087941408157349
20170708_Whittier_syp-n-mobo-m,1321,0.6665350794792175
20170708_Whittier_syp-n-mobo-m,1381,0.6427789926528931
20170708_Whittier_syp-n-mobo-m,1441,0.7942503094673157
20170708_Whittier_syp-n-mobo-m,1501,0.7544587254524231
20170708_Whittier_syp-n-mobo-m,1561,0.662078320980072
20170708_Whittier_syp-n-mobo-m,1621,0.8257148265838623
20170708_Whittier_syp-n-mobo-m,1681,0.2875531017780304
20170708_Whittier_syp-n-mobo-m,1741,0.5228652954101562
20170708_Whittier_syp-n-mobo-m,1801,0.8026135563850403
20170708_Whittier_syp-n-mobo-m,1861,0.8564194440841675
20170708_Whittier_syp-n-mobo-m,1921,0.7804083228111267
20170708_Whittier_syp-n-mobo-m,1981,0.44508737325668335
20170708_Whittier_syp-n-mobo-m,2041,0.510001003742218
20170708_Whittier_syp-n-mobo-m,2101,0.674646258354187
20170708_Whittier_syp-n-mobo-m,2161,0.32826077938079834
20170708_Whittier_syp-n-mobo-m,2221,0.200754776597023
20170708_Whittier_syp-n-mobo-m,2281,0.09420082718133926
20170708_Whittier_syp-n-mobo-m,2341,0.04715978726744652
20170711_FIRE_bl-e-mobo-c,-2400,0.0
20170711_FIRE_bl-e-mobo-c,-2340,0.001111167366616428
20170711_FIRE_bl-e-mobo-c,-2280,0.0
20170711_FIRE_bl-e-mobo-c,-2220,0.0010183369740843773
20170711_FIRE_bl-e-mobo-c,-2160,0.0
20170711_FIRE_bl-e-mobo-c,-2100,0.0
20170711_FIRE_bl-e-mobo-c,-2040,0.0
20170711_FIRE_bl-e-mobo-c,-1980,0.0
20170711_FIRE_bl-e-mobo-c,-1920,0.0
20170711_FIRE_bl-e-mobo-c,-1860,0.0
20170711_FIRE_bl-e-mobo-c,-1800,0.0
20170711_FIRE_bl-e-mobo-c,-1740,0.0
20170711_FIRE_bl-e-mobo-c,-1680,0.0
20170711_FIRE_bl-e-mobo-c,-1620,0.0
20170711_FIRE_bl-e-mobo-c,-1560,0.0
20170711_FIRE_bl-e-mobo-c,-1500,0.0
20170711_FIRE_bl-e-mobo-c,-1440,0.0
20170711_FIRE_bl-e-mobo-c,-1380,0.0
20170711_FIRE_bl-e-mobo-c,-1320,0.0
20170711_FIRE_bl-e-mobo-c,-1260,0.0
20170711_FIRE_bl-e-mobo-c,-1200,0.0
20170711_FIRE_bl-e-mobo-c,-1140,0.0
20170711_FIRE_bl-e-mobo-c,-1080,0.0
20170711_FIRE_bl-e-mobo-c,-1020,0.0
20170711_FIRE_bl-e-mobo-c,-960,0.0
20170711_FIRE_bl-e-mobo-c,-900,0.0
20170711_FIRE_bl-e-mobo-c,-840,0.0013119976501911879
20170711_FIRE_bl-e-mobo-c,-780,0.006284989416599274
20170711_FIRE_bl-e-mobo-c,-720,0.004297771491110325
20170711_FIRE_bl-e-mobo-c,-660,0.01576370745897293
20170711_FIRE_bl-e-mobo-c,-600,0.02006976306438446
20170711_FIRE_bl-e-mobo-c,-540,0.02645246684551239
20170711_FIRE_bl-e-mobo-c,-480,0.019446466118097305
20170711_FIRE_bl-e-mobo-c,-420,0.028673315420746803
20170711_FIRE_bl-e-mobo-c,-360,0.03943387046456337
20170711_FIRE_bl-e-mobo-c,-300,0.012331006117165089
20170711_FIRE_bl-e-mobo-c,-240,0.03768495097756386
20170711_FIRE_bl-e-mobo-c,-180,0.028220070526003838
20170711_FIRE_bl-e-mobo-c,-120,0.04894929751753807
20170711_FIRE_bl-e-mobo-c,-60,0.05147634819149971
20170711_FIRE_bl-e-mobo-c,0,0.03057241253554821
20170711_FIRE_bl-e-mobo-c,60,0.03339716047048569
20170711_FIRE_bl-e-mobo-c,120,0.056090615689754486
20170711_FIRE_bl-e-mobo-c,180,0.037021201103925705
20170711_FIRE_bl-e-mobo-c,240,0.07012833654880524
20170711_FIRE_bl-e-mobo-c,300,0.06710851192474365
20170711_FIRE_bl-e-mobo-c,360,0.013271802105009556
20170711_FIRE_bl-e-mobo-c,420,0.0032675410620868206
20170711_FIRE_bl-e-mobo-c,480,0.018501337617635727
20170711_FIRE_bl-e-mobo-c,540,0.02165544405579567
20170711_FIRE_bl-e-mobo-c,600,0.0018169182585552335
20170711_FIRE_bl-e-mobo-c,660,0.0019478107569739223
20170711_FIRE_bl-e-mobo-c,720,0.0456906221807003
20170711_FIRE_bl-e-mobo-c,780,0.761372447013855
20170711_FIRE_bl-e-mobo-c,840,0.4724206030368805
20170711_FIRE_bl-e-mobo-c,900,0.7090185284614563
20170711_FIRE_bl-e-mobo-c,960,0.6034611463546753
20170711_FIRE_bl-e-mobo-c,1020,0.7058862447738647
20170711_FIRE_bl-e-mobo-c,1080,0.721919596195221
20170711_FIRE_bl-e-mobo-c,1140,0.5610746741294861
20170711_FIRE_bl-e-mobo-c,1200,0.27857646346092224
20170711_FIRE_bl-e-mobo-c,1260,0.6234822273254395
20170711_FIRE_bl-e-mobo-c,1320,0.26051145792007446
20170711_FIRE_bl-e-mobo-c,1380,0.4086226224899292
20170711_FIRE_bl-e-mobo-c,1440,0.5204976797103882
20170711_FIRE_bl-e-mobo-c,1500,0.438416451215744
20170711_FIRE_bl-e-mobo-c,1560,0.4626162648200989
20170711_FIRE_bl-e-mobo-c,1620,0.38269615173339844
20170711_FIRE_bl-e-mobo-c,1680,0.3447205424308777
20170711_FIRE_bl-e-mobo-c,1740,0.35031354427337646
20170711_FIRE_bl-e-mobo-c,1800,0.2811136841773987
20170711_FIRE_bl-e-mobo-c,1860,0.2876279950141907
20170711_FIRE_bl-e-mobo-c,1920,0.045115720480680466
20170711_FIRE_bl-e-mobo-c,1980,0.03383375331759453
20170711_FIRE_bl-e-mobo-c,2040,0.02532913349568844
20170711_FIRE_bl-e-mobo-c,2100,0.2811366617679596
20170711_FIRE_bl-e-mobo-c,2160,0.19951482117176056
20170711_FIRE_bl-e-mobo-c,2220,0.10523338615894318
20170711_FIRE_bl-e-mobo-c,2280,0.05853787064552307
20170711_FIRE_bl-e-mobo-c,2340,0.04805765300989151
20170711_FIRE_bl-e-mobo-c,2400,0.057732805609703064
20170711_FIRE_bl-s-mobo-c,-2400,0.0
20170711_FIRE_bl-s-mobo-c,-2340,0.0
20170711_FIRE_bl-s-mobo-c,-2280,0.0
20170711_FIRE_bl-s-mobo-c,-2220,0.0
20170711_FIRE_bl-s-mobo-c,-2160,0.0
20170711_FIRE_bl-s-mobo-c,-2100,0.0
20170711_FIRE_bl-s-mobo-c,-2040,0.0
20170711_FIRE_bl-s-mobo-c,-1980,0.0
20170711_FIRE_bl-s-mobo-c,-1920,0.0
20170711_FIRE_bl-s-mobo-c,-1860,0.0
20170711_FIRE_bl-s-mobo-c,-1800,0.0
20170711_FIRE_bl-s-mobo-c,-1740,0.0
20170711_FIRE_bl-s-mobo-c,-1680,0.0
20170711_FIRE_bl-s-mobo-c,-1620,0.0
20170711_FIRE_bl-s-mobo-c,-1560,0.0
20170711_FIRE_bl-s-mobo-c,-1500,0.0
20170711_FIRE_bl-s-mobo-c,-1440,0.0
20170711_FIRE_bl-s-mobo-c,-1380,0.0
20170711_FIRE_bl-s-mobo-c,-1320,0.0
20170711_FIRE_bl-s-mobo-c,-1260,0.0
20170711_FIRE_bl-s-mobo-c,-1200,0.0
20170711_FIRE_bl-s-mobo-c,-1140,0.0
20170711_FIRE_bl-s-mobo-c,-1080,0.0
20170711_FIRE_bl-s-mobo-c,-1020,0.0
20170711_FIRE_bl-s-mobo-c,-960,0.0
20170711_FIRE_bl-s-mobo-c,-900,0.0
20170711_FIRE_bl-s-mobo-c,-840,0.0
20170711_FIRE_bl-s-mobo-c,-780,0.0
20170711_FIRE_bl-s-mobo-c,-720,0.0
20170711_FIRE_bl-s-mobo-c,-660,0.0
20170711_FIRE_bl-s-mobo-c,-600,0.0
20170711_FIRE_bl-s-mobo-c,-540,0.0
20170711_FIRE_bl-s-mobo-c,-480,0.0
20170711_FIRE_bl-s-mobo-c,-420,0.0
20170711_FIRE_bl-s-mobo-c,-360,0.0
20170711_FIRE_bl-s-mobo-c,-300,0.0
20170711_FIRE_bl-s-mobo-c,-240,0.0
20170711_FIRE_bl-s-mobo-c,-180,0.0
20170711_FIRE_bl-s-mobo-c,-120,0.0
20170711_FIRE_bl-s-mobo-c,-60,0.0
20170711_FIRE_bl-s-mobo-c,0,0.0
20170711_FIRE_bl-s-mobo-c,60,0.0
20170711_FIRE_bl-s-mobo-c,120,0.0
20170711_FIRE_bl-s-mobo-c,180,0.0
20170711_FIRE_bl-s-mobo-c,240,0.0016557658091187477
20170711_FIRE_bl-s-mobo-c,300,0.02555381879210472
20170711_FIRE_bl-s-mobo-c,360,0.00273764762096107
20170711_FIRE_bl-s-mobo-c,420,0.0528508760035038
20170711_FIRE_bl-s-mobo-c,480,0.14077205955982208
20170711_FIRE_bl-s-mobo-c,540,0.22126872837543488
20170711_FIRE_bl-s-mobo-c,600,0.19496199488639832
20170711_FIRE_bl-s-mobo-c,660,0.4862492084503174
20170711_FIRE_bl-s-mobo-c,720,0.7788713574409485
20170711_FIRE_bl-s-mobo-c,780,0.7921828627586365
20170711_FIRE_bl-s-mobo-c,840,0.7795374989509583
20170711_FIRE_bl-s-mobo-c,900,0.6511105298995972
20170711_FIRE_bl-s-mobo-c,960,0.8065001964569092
20170711_FIRE_bl-s-mobo-c,1020,0.6781008243560791
20170711_FIRE_bl-s-mobo-c,1080,0.6493822336196899
20170711_FIRE_bl-s-mobo-c,1140,0.5200299620628357
20170711_FIRE_bl-s-mobo-c,1200,0.6360684633255005
20170711_FIRE_bl-s-mobo-c,1260,0.49632444977760315
20170711_FIRE_bl-s-mobo-c,1320,0.4030939042568207
20170711_FIRE_bl-s-mobo-c,1380,0.6177103519439697
20170711_FIRE_bl-s-mobo-c,1440,0.5095579624176025
20170711_FIRE_bl-s-mobo-c,1500,0.46580687165260315
20170711_FIRE_bl-s-mobo-c,1560,0.414318323135376
20170711_FIRE_bl-s-mobo-c,1620,0.20667622983455658
20170711_FIRE_bl-s-mobo-c,1680,0.2789531350135803
20170711_FIRE_bl-s-mobo-c,1740,0.20936161279678345
20170711_FIRE_bl-s-mobo-c,1800,0.18839070200920105
20170711_FIRE_bl-s-mobo-c,1860,0.18612465262413025
20170711_FIRE_bl-s-mobo-c,1920,0.3576730787754059
20170711_FIRE_bl-s-mobo-c,1980,0.26830586791038513
20170711_FIRE_bl-s-mobo-c,2040,0.4744618535041809
20170711_FIRE_bl-s-mobo-c,2100,0.24910107254981995
20170711_FIRE_bl-s-mobo-c,2160,0.40464499592781067
20170711_FIRE_bl-s-mobo-c,2220,0.4270857274532318
20170711_FIRE_bl-s-mobo-c,2280,0.1926312893629074
20170711_FIRE_bl-s-mobo-c,2340,0.479888379573822
20170711_FIRE_bl-s-mobo-c,2400,0.4174656271934509
20170711_FIRE_bm-s-mobo-c,-2400,0.004407821223139763
20170711_FIRE_bm-s-mobo-c,-2340,0.004904353525489569
20170711_FIRE_bm-s-mobo-c,-2280,0.005724790971726179
20170711_FIRE_bm-s-mobo-c,-2220,0.0036262518260627985
20170711_FIRE_bm-s-mobo-c,-2160,0.003995047416538
20170711_FIRE_bm-s-mobo-c,-2100,0.001923808129504323
20170711_FIRE_bm-s-mobo-c,-2040,0.0043148742988705635
20170711_FIRE_bm-s-mobo-c,-1980,0.006933454889804125
20170711_FIRE_bm-s-mobo-c,-1920,0.004335781559348106
20170711_FIRE_bm-s-mobo-c,-1860,0.004992702975869179
20170711_FIRE_bm-s-mobo-c,-1800,0.0035120004322379827
20170711_FIRE_bm-s-mobo-c,-1740,0.006923186592757702
20170711_FIRE_bm-s-mobo-c,-1680,0.0026635462418198586
20170711_FIRE_bm-s-mobo-c,-1620,0.0011570272035896778
20170711_FIRE_bm-s-mobo-c,-1560,0.0047340295277535915
20170711_FIRE_bm-s-mobo-c,-1500,0.006484342738986015
20170711_FIRE_bm-s-mobo-c,-1440,0.005309887230396271
20170711_FIRE_bm-s-mobo-c,-1380,0.0044444240629673
20170711_FIRE_bm-s-mobo-c,-1320,0.010889032855629921
20170711_FIRE_bm-s-mobo-c,-1260,0.007309622596949339
20170711_FIRE_bm-s-mobo-c,-1200,0.009987379424273968
20170711_FIRE_bm-s-mobo-c,-1140,0.003855352755635977
20170711_FIRE_bm-s-mobo-c,-1080,0.004223644267767668
20170711_FIRE_bm-s-mobo-c,-1020,0.0019702680874615908
20170711_FIRE_bm-s-mobo-c,-960,0.005103792063891888
20170711_FIRE_bm-s-mobo-c,-900,0.008239592425525188
20170711_FIRE_bm-s-mobo-c,-840,0.0040718140080571175
20170711_FIRE_bm-s-mobo-c,-780,0.010067930445075035
20170711_FIRE_bm-s-mobo-c,-720,0.004802629817277193
20170711_FIRE_bm-s-mobo-c,-660,0.004268443211913109
20170711_FIRE_bm-s-mobo-c,-600,0.003497782861813903
20170711_FIRE_bm-s-mobo-c,-540,0.004556896630674601
20170711_FIRE_bm-s-mobo-c,-480,0.004568917211145163
20170711_FIRE_bm-s-mobo-c,-420,0.004043268505483866
20170711_FIRE_bm-s-mobo-c,-360,0.0020267071668058634
20170711_FIRE_bm-s-mobo-c,-300,0.003071433864533901
20170711_FIRE_bm-s-mobo-c,-240,0.003731963224709034
20170711_FIRE_bm-s-mobo-c,-180,0.0024205625522881746
20170711_FIRE_bm-s-mobo-c,-120,0.003315375652164221
20170711_FIRE_bm-s-mobo-c,-60,0.0030769433360546827
20170711_FIRE_bm-s-mobo-c,0,0.0037684361450374126
20170711_FIRE_bm-s-mobo-c,60,0.006999395787715912
20170711_FIRE_bm-s-mobo-c,120,0.006624317262321711
20170711_FIRE_bm-s-mobo-c,180,0.003649709513410926
20170711_FIRE_bm-s-mobo-c,240,0.0062182568944990635
20170711_FIRE_bm-s-mobo-c,300,0.0718965008854866
20170711_FIRE_bm-s-mobo-c,360,0.0968010351061821
20170711_FIRE_bm-s-mobo-c,420,0.0037453011609613895
20170711_FIRE_bm-s-mobo-c,480,0.007705207914113998
20170711_FIRE_bm-s-mobo-c,540,0.38528525829315186
20170711_FIRE_bm-s-mobo-c,600,0.4044409394264221
20170711_FIRE_bm-s-mobo-c,660,0.6886706948280334
20170711_FIRE_bm-s-mobo-c,720,0.7497297525405884
20170711_FIRE_bm-s-mobo-c,780,0.6620509028434753
20170711_FIRE_bm-s-mobo-c,840,0.6331866979598999
20170711_FIRE_bm-s-mobo-c,900,0.6640372276306152
20170711_FIRE_bm-s-mobo-c,960,0.7171318531036377
20170711_FIRE_bm-s-mobo-c,1020,0.7052018046379089
20170711_FIRE_bm-s-mobo-c,1080,0.11242647469043732
20170711_FIRE_bm-s-mobo-c,1140,0.003911630250513554
20170711_FIRE_bm-s-mobo-c,1200,0.004336687736213207
20170711_FIRE_bm-s-mobo-c,1260,0.0056804209016263485
20170711_FIRE_bm-s-mobo-c,1320,0.003304150654003024
20170711_FIRE_bm-s-mobo-c,1380,0.005874167196452618
20170711_FIRE_sdsc-e-mobo-c,-2400,0.0
20170711_FIRE_sdsc-e-mobo-c,-2340,0.0
20170711_FIRE_sdsc-e-mobo-c,-2280,0.0
20170711_FIRE_sdsc-e-mobo-c,-2220,0.0
20170711_FIRE_sdsc-e-mobo-c,-2160,0.0
20170711_FIRE_sdsc-e-mobo-c,-2100,0.0
20170711_FIRE_sdsc-e-mobo-c,-2040,0.0
20170711_FIRE_sdsc-e-mobo-c,-1980,0.0
20170711_FIRE_sdsc-e-mobo-c,-1920,0.0
20170711_FIRE_sdsc-e-mobo-c,-1860,0.0
20170711_FIRE_sdsc-e-mobo-c,-1800,0.0
20170711_FIRE_sdsc-e-mobo-c,-1740,0.0
20170711_FIRE_sdsc-e-mobo-c,-1680,0.0
20170711_FIRE_sdsc-e-mobo-c,-1620,0.0
20170711_FIRE_sdsc-e-mobo-c,-1560,0.0
20170711_FIRE_sdsc-e-mobo-c,-1500,0.0
20170711_FIRE_sdsc-e-mobo-c,-1440,0.0
20170711_FIRE_sdsc-e-mobo-c,-1380,0.0
20170711_FIRE_sdsc-e-mobo-c,-1320,0.0
20170711_FIRE_sdsc-e-mobo-c,-1260,0.0
20170711_FIRE_sdsc-e-mobo-c,-1200,0.0
20170711_FIRE_sdsc-e-mobo-c,-1140,0.0
20170711_FIRE_sdsc-e-mobo-c,-1080,0.0
20170711_FIRE_sdsc-e-mobo-c,-1020,0.0
20170711_FIRE_sdsc-e-mobo-c,-960,0.0
20170711_FIRE_sdsc-e-mobo-c,-900,0.0
20170711_FIRE_sdsc-e-mobo-c,-840,0.0
20170711_FIRE_sdsc-e-mobo-c,-780,0.0
20170711_FIRE_sdsc-e-mobo-c,-720,0.0010260912822559476
20170711_FIRE_sdsc-e-mobo-c,-660,0.0
20170711_FIRE_sdsc-e-mobo-c,-600,0.0
20170711_FIRE_sdsc-e-mobo-c,-540,0.0
20170711_FIRE_sdsc-e-mobo-c,-480,0.0
20170711_FIRE_sdsc-e-mobo-c,-420,0.0
20170711_FIRE_sdsc-e-mobo-c,-360,0.0
20170711_FIRE_sdsc-e-mobo-c,-300,0.0
20170711_FIRE_sdsc-e-mobo-c,-240,0.0
20170711_FIRE_sdsc-e-mobo-c,-180,0.0012249378487467766
20170711_FIRE_sdsc-e-mobo-c,-120,0.0
20170711_FIRE_sdsc-e-mobo-c,-60,0.0
20170711_FIRE_sdsc-e-mobo-c,0,0.0014933570055291057
20170711_FIRE_sdsc-e-mobo-c,60,0.00186740153003484
20170711_FIRE_sdsc-e-mobo-c,120,0.0011897495714947581
20170711_FIRE_sdsc-e-mobo-c,180,0.0013589878799393773
20170711_FIRE_sdsc-e-mobo-c,240,0.004846069496124983
20170711_FIRE_sdsc-e-mobo-c,300,0.001754823257215321
20170711_FIRE_sdsc-e-mobo-c,360,0.0017818824853748083
20170711_FIRE_sdsc-e-mobo-c,420,0.0013923627557232976
20170711_FIRE_sdsc-e-mobo-c,480,0.0013401652686297894
20170711_FIRE_sdsc-e-mobo-c,540,0.002305274363607168
20170711_FIRE_sdsc-e-mobo-c,600,0.0013959973584860563
20170711_FIRE_sdsc-e-mobo-c,660,0.0
20170711_FIRE_sdsc-e-mobo-c,720,0.0026283005718141794
20170711_FIRE_sdsc-e-mobo-c,780,0.006575593259185553
20170711_FIRE_sdsc-e-mobo-c,840,0.005085201933979988
20170711_FIRE_sdsc-e-mobo-c,900,0.004490939900279045
20170711_FIRE_sdsc-e-mobo-c,960,0.004119314253330231
20170711_FIRE_sdsc-e-mobo-c,1020,0.010724766179919243
20170711_FIRE_sdsc-e-mobo-c,1080,0.04717787355184555
20170711_FIRE_sdsc-e-mobo-c,1140,0.01965280808508396
20170711_FIRE_sdsc-e-mobo-c,1200,0.0032292460091412067
20170711_FIRE_sdsc-e-mobo-c,1260,0.007857349701225758
20170711_FIRE_sdsc-e-mobo-c,1320,0.041138555854558945
20170711_FIRE_sdsc-e-mobo-c,1380,0.12998244166374207
20170711_FIRE_sdsc-e-mobo-c,1440,0.05607818439602852
20170711_FIRE_sdsc-e-mobo-c,1500,0.01298407930880785
20170711_FIRE_sdsc-e-mobo-c,1560,0.003843668382614851
20170711_FIRE_sdsc-e-mobo-c,1620,0.04324079304933548
20170711_FIRE_sdsc-e-mobo-c,1680,0.027745237573981285
20170711_FIRE_sdsc-e-mobo-c,1740,0.011876045726239681
20170711_FIRE_sdsc-e-mobo-c,1800,0.04774117097258568
20170711_FIRE_sdsc-e-mobo-c,1860,0.0026881324592977762
20170711_FIRE_sdsc-e-mobo-c,1920,0.002622702857479453
20170711_FIRE_sdsc-e-mobo-c,1980,0.0076911114156246185
20170711_FIRE_sdsc-e-mobo-c,2040,0.030225886031985283
20170711_FIRE_sdsc-e-mobo-c,2100,0.0025443315971642733
20170711_FIRE_sdsc-e-mobo-c,2160,0.0023896419443190098
20170711_FIRE_sdsc-e-mobo-c,2220,0.0013236274244263768
20170711_FIRE_sdsc-e-mobo-c,2280,0.0017287476221099496
20170711_FIRE_sdsc-e-mobo-c,2340,0.011541279032826424
20170711_FIRE_sdsc-e-mobo-c,2400,0.004262770060449839
20170711_FIRE_sm-n-mobo-c,-2400,0.0
20170711_FIRE_sm-n-mobo-c,-2340,0.0
20170711_FIRE_sm-n-mobo-c,-2280,0.0
20170711_FIRE_sm-n-mobo-c,-2220,0.0
20170711_FIRE_sm-n-mobo-c,-2160,0.0
20170711_FIRE_sm-n-mobo-c,-2100,0.0
20170711_FIRE_sm-n-mobo-c,-2040,0.0
20170711_FIRE_sm-n-mobo-c,-1980,0.0
20170711_FIRE_sm-n-mobo-c,-1920,0.0016239996766671538
20170711_FIRE_sm-n-mobo-c,-1860,0.0
20170711_FIRE_sm-n-mobo-c,-1800,0.0021111047826707363
20170711_FIRE_sm-n-mobo-c,-1740,0.001879443065263331
20170711_FIRE_sm-n-mobo-c,-1680,0.0014372741570696235
20170711_FIRE_sm-n-mobo-c,-1620,0.002602105960249901
20170711_FIRE_sm-n-mobo-c,-1560,0.002551330951973796
20170711_FIRE_sm-n-mobo-c,-1500,0.00265407282859087
20170711_FIRE_sm-n-mobo-c,-1440,0.004624214954674244
20170711_FIRE_sm-n-mobo-c,-1380,0.001306300051510334
20170711_FIRE_sm-n-mobo-c,-1320,0.0019799249712377787
20170711_FIRE_sm-n-mobo-c,-1260,0.0017601581057533622
20170711_FIRE_sm-n-mobo-c,-1200,0.0020835348404943943
20170711_FIRE_sm-n-mobo-c,-1140,0.0016300380229949951
20170711_FIRE_sm-n-mobo-c,-1080,0.0027944431640207767
20170711_FIRE_sm-n-mobo-c,-1020,0.0028924690559506416
20170711_FIRE_sm-n-mobo-c,-960,0.0010879012988880277
20170711_FIRE_sm-n-mobo-c,-900,0.002212388440966606
20170711_FIRE_sm-n-mobo-c,-840,0.0034590023569762707
20170711_FIRE_sm-n-mobo-c,-780,0.0024983161129057407
20170711_FIRE_sm-n-mobo-c,-720,0.0026095493230968714
20170711_FIRE_sm-n-mobo-c,-660,0.0028573814779520035
20170711_FIRE_sm-n-mobo-c,-600,0.0026563319843262434
20170711_FIRE_sm-n-mobo-c,-540,0.0026110787875950336
20170711_FIRE_sm-n-mobo-c,-480,0.002817601663991809
20170711_FIRE_sm-n-mobo-c,-420,0.002131537301465869
20170711_FIRE_sm-n-mobo-c,-360,0.0012480119476094842
20170711_FIRE_sm-n-mobo-c,-300,0.002783403964713216
20170711_FIRE_sm-n-mobo-c,-240,0.002281411085277796
20170711_FIRE_sm-n-mobo-c,-180,0.00430267583578825
20170711_FIRE_sm-n-mobo-c,-120,0.0026351793203502893
20170711_FIRE_sm-n-mobo-c,-60,0.00744627183303237
20170711_FIRE_sm-n-mobo-c,0,0.005317211151123047
20170711_FIRE_sm-n-mobo-c,60,0.005105465650558472
20170711_FIRE_sm-n-mobo-c,120,0.003699318505823612
20170711_FIRE_sm-n-mobo-c,180,0.009028957225382328
20170711_FIRE_sm-n-mobo-c,240,0.0034982168581336737
20170711_FIRE_sm-n-mobo-c,300,0.4941307604312897
20170711_FIRE_sm-n-mobo-c,360,0.6820208430290222
20170711_FIRE_sm-n-mobo-c,420,0.6930568814277649
20170711_FIRE_sm-n-mobo-c,480,0.7190127968788147
20170711_FIRE_sm-n-mobo-c,540,0.7266656160354614
20170711_FIRE_sm-n-mobo-c,600,0.7167629599571228
20170711_FIRE_sm-n-mobo-c,660,0.7164375185966492
20170711_FIRE_sm-n-mobo-c,720,0.7952722311019897
20170711_FIRE_sm-n-mobo-c,780,0.8600829839706421
20170711_FIRE_sm-n-mobo-c,840,0.7876553535461426
20170711_FIRE_sm-n-mobo-c,900,0.7946830987930298
20170711_FIRE_sm-n-mobo-c,960,0.6742070913314819
20170711_FIRE_sm-n-mobo-c,1020,0.8100622892379761
20170711_FIRE_sm-n-mobo-c,1080,0.7376636862754822
20170711_FIRE_sm-n-mobo-c,1140,0.719264805316925
20170711_FIRE_sm-n-mobo-c,1200,0.6853607296943665
20170711_FIRE_sm-n-mobo-c,1260,0.6533742547035217
20170711_FIRE_sm-n-mobo-c,1320,0.5439782738685608
20170711_FIRE_sm-n-mobo-c,1380,0.4515385925769806
20170711_FIRE_sm-n-mobo-c,1440,0.35890090465545654
20170711_FIRE_sm-n-mobo-c,1500,0.3633542060852051
20170711_FIRE_sm-n-mobo-c,1560,0.2818211317062378
20170711_FIRE_sm-n-mobo-c,1620,0.3188007175922394
20170711_FIRE_sm-n-mobo-c,1680,0.311847984790802
20170711_FIRE_sm-n-mobo-c,1740,0.2691015899181366
20170711_FIRE_sm-n-mobo-c,1800,0.2643781900405884
20170711_FIRE_sm-n-mobo-c,1860,0.4774153530597687
20170711_FIRE_sm-n-mobo-c,1920,0.68282550573349
20170711_FIRE_sm-n-mobo-c,1980,0.8099461793899536
20170711_FIRE_sm-n-mobo-c,2040,0.728139340877533
20170711_FIRE_sm-n-mobo-c,2100,0.6065012812614441
20170711_FIRE_sm-n-mobo-c,2160,0.4156024158000946
20170711_FIRE_sm-n-mobo-c,2220,0.2894952595233917
20170711_FIRE_sm-n-mobo-c,2280,0.14453041553497314
20170711_FIRE_sm-n-mobo-c,2340,0.22337202727794647
20170711_FIRE_sm-n-mobo-c,2400,0.654958963394165
20170713_FIRE_smer-tcs8-mobo-c,-2400,0.0463864728808403
20170713_FIRE_smer-tcs8-mobo-c,-2340,0.04541761428117752
20170713_FIRE_smer-tcs8-mobo-c,-2280,0.046208932995796204
20170713_FIRE_smer-tcs8-mobo-c,-2220,0.043942563235759735
20170713_FIRE_smer-tcs8-mobo-c,-2160,0.036638736724853516
20170713_FIRE_smer-tcs8-mobo-c,-2100,0.03516252338886261
20170713_FIRE_smer-tcs8-mobo-c,-2040,0.03300319239497185
20170713_FIRE_smer-tcs8-mobo-c,-1980,0.039801109582185745
20170713_FIRE_smer-tcs8-mobo-c,-1920,0.020007262006402016
20170713_FIRE_smer-tcs8-mobo-c,-1860,0.01872626692056656
20170713_FIRE_smer-tcs8-mobo-c,-1800,0.030796073377132416
20170713_FIRE_smer-tcs8-mobo-c,-1740,0.01949188858270645
20170713_FIRE_smer-tcs8-mobo-c,-1680,0.019854087382555008
20170713_FIRE_smer-tcs8-mobo-c,-1620,0.013761824928224087
20170713_FIRE_smer-tcs8-mobo-c,-1560,0.018572209402918816
20170713_FIRE_smer-tcs8-mobo-c,-1500,0.013679931871592999
20170713_FIRE_smer-tcs8-mobo-c,-1440,0.011262834072113037
20170713_FIRE_smer-tcs8-mobo-c,-1380,0.015526685863733292
20170713_FIRE_smer-tcs8-mobo-c,-1320,0.008544621989130974
20170713_FIRE_smer-tcs8-mobo-c,-1260,0.005321268457919359
20170713_FIRE_smer-tcs8-mobo-c,-1200,0.009797305800020695
20170713_FIRE_smer-tcs8-mobo-c,-1140,0.010462780483067036
20170713_FIRE_smer-tcs8-mobo-c,-1080,0.004375177435576916
20170713_FIRE_smer-tcs8-mobo-c,-1020,0.005274679511785507
20170713_FIRE_smer-tcs8-mobo-c,-960,0.007950343191623688
20170713_FIRE_smer-tcs8-mobo-c,-900,0.008466152474284172
20170713_FIRE_smer-tcs8-mobo-c,-840,0.0051672994159162045
20170713_FIRE_smer-tcs8-mobo-c,-780,0.005338371731340885
20170713_FIRE_smer-tcs8-mobo-c,-720,0.004721554461866617
20170713_FIRE_smer-tcs8-mobo-c,-660,0.0
20170713_FIRE_smer-tcs8-mobo-c,-600,0.0
20170713_FIRE_smer-tcs8-mobo-c,-540,0.0
20170713_FIRE_smer-tcs8-mobo-c,-480,0.0
20170713_FIRE_smer-tcs8-mobo-c,-420,0.0015591810224577785
20170713_FIRE_smer-tcs8-mobo-c,-360,0.0
20170713_FIRE_smer-tcs8-mobo-c,-300,0.0
20170713_FIRE_smer-tcs8-mobo-c,-240,0.0
20170713_FIRE_smer-tcs8-mobo-c,-180,0.0
20170713_FIRE_smer-tcs8-mobo-c,-120,0.0
20170713_FIRE_smer-tcs8-mobo-c,-60,0.0
20170713_FIRE_smer-tcs8-mobo-c,0,0.0
20170713_FIRE_smer-tcs8-mobo-c,60,0.0
20170713_FIRE_smer-tcs8-mobo-c,120,0.0
20170713_FIRE_smer-tcs8-mobo-c,180,0.0
20170713_FIRE_smer-tcs8-mobo-c,240,0.0
20170713_FIRE_smer-tcs8-mobo-c,300,0.0012380960397422314
20170713_FIRE_smer-tcs8-mobo-c,360,0.0677676796913147
20170713_FIRE_smer-tcs8-mobo-c,420,0.19551396369934082
20170713_FIRE_smer-tcs8-mobo-c,480,0.18775363266468048
20170713_FIRE_smer-tcs8-mobo-c,540,0.13442379236221313
20170713_FIRE_smer-tcs8-mobo-c,600,0.15556399524211884
20170713_FIRE_smer-tcs8-mobo-c,660,0.19323813915252686
20170713_FIRE_smer-tcs8-mobo-c,720,0.36034131050109863
20170713_FIRE_smer-tcs8-mobo-c,780,0.2222488820552826
20170713_FIRE_smer-tcs8-mobo-c,840,0.15129642188549042
20170713_FIRE_smer-tcs8-mobo-c,900,0.02798531949520111
20170713_FIRE_smer-tcs8-mobo-c,960,0.03418031707406044
20170713_FIRE_smer-tcs8-mobo-c,1020,0.03231918811798096
20170713_FIRE_smer-tcs8-mobo-c,1080,0.005656705237925053
20170713_FIRE_smer-tcs8-mobo-c,1140,0.002627074485644698
20170713_FIRE_smer-tcs8-mobo-c,1200,0.0021792410407215357
20170713_FIRE_smer-tcs8-mobo-c,1260,0.00764596788212657
20170713_FIRE_smer-tcs8-mobo-c,1320,0.0
20170713_FIRE_smer-tcs8-mobo-c,1380,0.0
20170713_FIRE_smer-tcs8-mobo-c,1440,0.0
20170713_FIRE_smer-tcs8-mobo-c,1500,0.0
20170713_FIRE_smer-tcs8-mobo-c,1560,0.0020129182375967503
20170713_FIRE_smer-tcs8-mobo-c,1620,0.0
20170713_FIRE_smer-tcs8-mobo-c,1680,0.0
20170713_FIRE_smer-tcs8-mobo-c,1740,0.0
20170713_FIRE_smer-tcs8-mobo-c,1800,0.0
20170713_FIRE_smer-tcs8-mobo-c,1860,0.0
20170713_FIRE_smer-tcs8-mobo-c,1920,0.0
20170713_FIRE_smer-tcs8-mobo-c,1980,0.0
20170713_FIRE_smer-tcs8-mobo-c,2040,0.0
20170713_FIRE_smer-tcs8-mobo-c,2100,0.0
20170713_FIRE_smer-tcs8-mobo-c,2160,0.0
20170722_FIRE_bm-n-mobo-c,-2400,0.04059218242764473
20170722_FIRE_bm-n-mobo-c,-2340,0.08182147145271301
20170722_FIRE_bm-n-mobo-c,-2280,0.048096202313899994
20170722_FIRE_bm-n-mobo-c,-2220,0.019191358238458633
20170722_FIRE_bm-n-mobo-c,-2160,0.031413886696100235
20170722_FIRE_bm-n-mobo-c,-2100,0.03921542316675186
20170722_FIRE_bm-n-mobo-c,-2040,0.01788632571697235
20170722_FIRE_bm-n-mobo-c,-1980,0.025030629709362984
20170722_FIRE_bm-n-mobo-c,-1920,0.014337852597236633
20170722_FIRE_bm-n-mobo-c,-1860,0.030309876427054405
20170722_FIRE_bm-n-mobo-c,-1800,0.006941487547010183
20170722_FIRE_bm-n-mobo-c,-1740,0.03126276656985283
20170722_FIRE_bm-n-mobo-c,-1680,0.02487887069582939
20170722_FIRE_bm-n-mobo-c,-1620,0.023047639057040215
20170722_FIRE_bm-n-mobo-c,-1560,0.03980492800474167
20170722_FIRE_bm-n-mobo-c,-1500,0.03311233967542648
20170722_FIRE_bm-n-mobo-c,-1440,0.043986644595861435
20170722_FIRE_bm-n-mobo-c,-1380,0.010006888769567013
20170722_FIRE_bm-n-mobo-c,-1320,0.01489283423870802
20170722_FIRE_bm-n-mobo-c,-1260,0.029602965340018272
20170722_FIRE_bm-n-mobo-c,-1200,0.04990033432841301
20170722_FIRE_bm-n-mobo-c,-1140,0.03224001079797745
20170722_FIRE_bm-n-mobo-c,-1080,0.024671262130141258
20170722_FIRE_bm-n-mobo-c,-1020,0.03562876582145691
20170722_FIRE_bm-n-mobo-c,-960,0.01734490878880024
20170722_FIRE_bm-n-mobo-c,-900,0.0152011439204216
20170722_FIRE_bm-n-mobo-c,-840,0.022087853401899338
20170722_FIRE_bm-n-mobo-c,-780,0.012978911399841309
20170722_FIRE_bm-n-mobo-c,-720,0.007870940491557121
20170722_FIRE_bm-n-mobo-c,-660,0.007534048054367304
20170722_FIRE_bm-n-mobo-c,-600,0.01153260562568903
20170722_FIRE_bm-n-mobo-c,-540,0.005686796735972166
20170722_FIRE_bm-n-mobo-c,-480,0.00943822879344225
20170722_FIRE_bm-n-mobo-c,-420,0.004990706220269203
20170722_FIRE_bm-n-mobo-c,-360,0.014262097887694836
20170722_FIRE_bm-n-mobo-c,-300,0.013721087016165257
20170722_FIRE_bm-n-mobo-c,-240,0.01608091965317726
20170722_FIRE_bm-n-mobo-c,-180,0.012978349812328815
20170722_FIRE_bm-n-mobo-c,-120,0.0076003894209861755
20170722_FIRE_bm-n-mobo-c,-60,0.008340549655258656
20170722_FIRE_bm-n-mobo-c,0,0.005155507940798998
20170722_FIRE_bm-n-mobo-c,60,0.00562656857073307
20170722_FIRE_bm-n-mobo-c,120,0.013772650621831417
20170722_FIRE_bm-n-mobo-c,180,0.0029413746669888496
20170722_FIRE_bm-n-mobo-c,240,0.003939521498978138
20170722_FIRE_bm-n-mobo-c,300,0.0012806820450350642
20170722_FIRE_bm-n-mobo-c,360,0.007014438975602388
20170722_FIRE_bm-n-mobo-c,420,0.007649634033441544
20170722_FIRE_bm-n-mobo-c,480,0.004093826282769442
20170722_FIRE_bm-n-mobo-c,540,0.002702549798414111
20170722_FIRE_bm-n-mobo-c,600,0.004944486543536186
20170722_FIRE_bm-n-mobo-c,660,0.003780364990234375
20170722_FIRE_bm-n-mobo-c,720,0.05286059156060219
20170722_FIRE_bm-n-mobo-c,780,0.019912412390112877
20170722_FIRE_bm-n-mobo-c,840,0.004913703538477421
20170722_FIRE_bm-n-mobo-c,900,0.003785340813919902
20170722_FIRE_bm-n-mobo-c,960,0.5467374324798584
20170722_FIRE_bm-n-mobo-c,1020,0.005312759429216385
20170722_FIRE_bm-n-mobo-c,1080,0.003942246548831463
20170722_FIRE_bm-n-mobo-c,1140,0.01888849586248398
20170722_FIRE_bm-n-mobo-c,1200,0.0015303281834349036
20170722_FIRE_bm-n-mobo-c,1260,0.0026981784030795097
20170722_FIRE_bm-n-mobo-c,1320,0.0035025915130972862
20170722_FIRE_bm-n-mobo-c,1380,0.0017810192657634616
20170722_FIRE_bm-n-mobo-c,1440,0.009072721004486084
20170722_FIRE_bm-n-mobo-c,1500,0.04131438583135605
20170722_FIRE_bm-n-mobo-c,1560,0.15173040330410004
20170722_FIRE_bm-n-mobo-c,1620,0.001732362317852676
20170722_FIRE_bm-n-mobo-c,1680,0.43872445821762085
20170722_FIRE_bm-n-mobo-c,1740,0.6592812538146973
20170722_FIRE_bm-n-mobo-c,1800,0.16019971668720245
20170722_FIRE_bm-n-mobo-c,1860,0.03333577141165733
20170722_FIRE_bm-n-mobo-c,1920,0.004158061929047108
20170722_FIRE_bm-n-mobo-c,1980,0.03664861246943474
20170722_FIRE_bm-n-mobo-c,2040,0.0028050560504198074
20170722_FIRE_bm-n-mobo-c,2100,0.003885391866788268
20170722_FIRE_bm-n-mobo-c,2160,0.019724881276488304
20170722_FIRE_bm-n-mobo-c,2220,0.1706753671169281
20170722_FIRE_bm-n-mobo-c,2280,0.012264994904398918
20170722_FIRE_bm-n-mobo-c,2340,0.17608538269996643
20170722_FIRE_bm-n-mobo-c,2400,0.0
