sequence,offset,max_conf
20160604_FIRE_rm-n-mobo-c,-2400,0.18445724248886108
20160604_FIRE_rm-n-mobo-c,-2340,0.10755513608455658
20160604_FIRE_rm-n-mobo-c,-2280,0.15119285881519318
20160604_FIRE_rm-n-mobo-c,-2220,0.25662097334861755
20160604_FIRE_rm-n-mobo-c,-2160,0.21375927329063416
20160604_FIRE_rm-n-mobo-c,-2100,0.2688324749469757
20160604_FIRE_rm-n-mobo-c,-2040,0.13756537437438965
20160604_FIRE_rm-n-mobo-c,-1980,0.21576324105262756
20160604_FIRE_rm-n-mobo-c,-1920,0.30937692523002625
20160604_FIRE_rm-n-mobo-c,-1860,0.23799008131027222
20160604_FIRE_rm-n-mobo-c,-1800,0.45069581270217896
20160604_FIRE_rm-n-mobo-c,-1740,0.4911750555038452
20160604_FIRE_rm-n-mobo-c,-1680,0.2519361972808838
20160604_FIRE_rm-n-mobo-c,-1620,0.32252514362335205
20160604_FIRE_rm-n-mobo-c,-1560,0.2775673270225525
20160604_FIRE_rm-n-mobo-c,-1500,0.2648673951625824
20160604_FIRE_rm-n-mobo-c,-1440,0.2784670293331146
20160604_FIRE_rm-n-mobo-c,-1380,0.18062558770179749
20160604_FIRE_rm-n-mobo-c,-1320,0.2604912221431732
20160604_FIRE_rm-n-mobo-c,-1260,0.1494617760181427
20160604_FIRE_rm-n-mobo-c,-1200,0.0385536253452301
20160604_FIRE_rm-n-mobo-c,-1140,0.16281576454639435
20160604_FIRE_rm-n-mobo-c,-1080,0.15921132266521454
20160604_FIRE_rm-n-mobo-c,-1020,0.09198877960443497
20160604_FIRE_rm-n-mobo-c,-960,0.053320541977882385
20160604_FIRE_rm-n-mobo-c,-900,0.22010865807533264
20160604_FIRE_rm-n-mobo-c,-840,0.4480125606060028
20160604_FIRE_rm-n-mobo-c,-780,0.40173062682151794
20160604_FIRE_rm-n-mobo-c,-720,0.35682016611099243
20160604_FIRE_rm-n-mobo-c,-660,0.12774057686328888
20160604_FIRE_rm-n-mobo-c,-600,0.2576168179512024
20160604_FIRE_rm-n-mobo-c,-540,0.3013676106929779
20160604_FIRE_rm-n-mobo-c,-480,0.18365953862667084
20160604_FIRE_rm-n-mobo-c,-420,0.2821830213069916
20160604_FIRE_rm-n-mobo-c,-360,0.24764637649059296
20160604_FIRE_rm-n-mobo-c,-300,0.2948814034461975
20160604_FIRE_rm-n-mobo-c,-240,0.2989388704299927
20160604_FIRE_rm-n-mobo-c,-180,0.1978827565908432
20160604_FIRE_rm-n-mobo-c,-120,0.18997587263584137
20160604_FIRE_rm-n-mobo-c,-60,0.18209825456142426
20160604_FIRE_rm-n-mobo-c,0,0.28212451934814453
20160604_FIRE_rm-n-mobo-c,60,0.7103532552719116
20160604_FIRE_rm-n-mobo-c,120,0.7465603947639465
20160604_FIRE_rm-n-mobo-c,180,0.7247216701507568
20160604_FIRE_rm-n-mobo-c,240,0.5794224143028259
20160604_FIRE_rm-n-mobo-c,300,0.42096781730651855
20160604_FIRE_rm-n-mobo-c,360,0.16473372280597687
20160604_FIRE_rm-n-mobo-c,420,0.026905886828899384
20160604_FIRE_rm-n-mobo-c,480,0.054064951837062836
20160604_FIRE_rm-n-mobo-c,540,0.028355587273836136
20160604_FIRE_rm-n-mobo-c,600,0.0514310747385025
20160604_FIRE_rm-n-mobo-c,660,0.26390540599823
20160604_FIRE_rm-n-mobo-c,720,0.44742658734321594
20160604_FIRE_rm-n-mobo-c,780,0.3960268795490265
20160604_FIRE_rm-n-mobo-c,840,0.20508696138858795
20160604_FIRE_rm-n-mobo-c,900,0.1746376007795334
20160604_FIRE_rm-n-mobo-c,960,0.10573095828294754
20160604_FIRE_rm-n-mobo-c,1020,0.21915550529956818
20160604_FIRE_rm-n-mobo-c,1080,0.2466314435005188
20160604_FIRE_rm-n-mobo-c,1140,0.4051777124404907
20160604_FIRE_rm-n-mobo-c,1200,0.5194626450538635
20160604_FIRE_rm-n-mobo-c,1260,0.39934784173965454
20160604_FIRE_rm-n-mobo-c,1320,0.3668723404407501
20160604_FIRE_rm-n-mobo-c,1380,0.3294924795627594
20160604_FIRE_rm-n-mobo-c,1440,0.30069565773010254
20160604_FIRE_rm-n-mobo-c,1500,0.0846678838133812
20160604_FIRE_rm-n-mobo-c,1560,0.17272259294986725
20160604_FIRE_rm-n-mobo-c,1620,0.07681706547737122
20160604_FIRE_rm-n-mobo-c,1680,0.10980261862277985
20160604_FIRE_rm-n-mobo-c,1740,0.23458008468151093
20160604_FIRE_rm-n-mobo-c,1800,0.13438329100608826
20160604_FIRE_rm-n-mobo-c,1860,0.2540755867958069
20160604_FIRE_rm-n-mobo-c,1920,0.08006730675697327
20160604_FIRE_rm-n-mobo-c,1980,0.13868488371372223
20160604_FIRE_rm-n-mobo-c,2040,0.17811675369739532
20160604_FIRE_rm-n-mobo-c,2100,0.15461011230945587
20160604_FIRE_rm-n-mobo-c,2160,0.08082520961761475
20160604_FIRE_rm-n-mobo-c,2220,0.03630381077528
20160604_FIRE_rm-n-mobo-c,2280,0.10739410668611526
20160604_FIRE_rm-n-mobo-c,2340,0.11650601029396057
20160604_FIRE_rm-n-mobo-c,2400,0.2254181206226349
20160604_FIRE_smer-tcs3-mobo-c,-2400,0.042188528925180435
20160604_FIRE_smer-tcs3-mobo-c,-2340,0.03770344704389572
20160604_FIRE_smer-tcs3-mobo-c,-2280,0.04418439045548439
20160604_FIRE_smer-tcs3-mobo-c,-2220,0.02470027282834053
20160604_FIRE_smer-tcs3-mobo-c,-2160,0.025551509112119675
20160604_FIRE_smer-tcs3-mobo-c,-2100,0.04235899820923805
20160604_FIRE_smer-tcs3-mobo-c,-2040,0.033412106335163116
20160604_FIRE_smer-tcs3-mobo-c,-1980,0.03737853094935417
20160604_FIRE_smer-tcs3-mobo-c,-1920,0.028386922553181648
20160604_FIRE_smer-tcs3-mobo-c,-1860,0.06009587273001671
20160604_FIRE_smer-tcs3-mobo-c,-1800,0.0884622260928154
20160604_FIRE_smer-tcs3-mobo-c,-1740,0.07987792044878006
20160604_FIRE_smer-tcs3-mobo-c,-1680,0.07366349548101425
20160604_FIRE_smer-tcs3-mobo-c,-1620,0.07413947582244873
20160604_FIRE_smer-tcs3-mobo-c,-1560,0.07536391168832779
20160604_FIRE_smer-tcs3-mobo-c,-1500,0.07107560336589813
20160604_FIRE_smer-tcs3-mobo-c,-1440,0.07692426443099976
20160604_FIRE_smer-tcs3-mobo-c,-1380,0.06468746811151505
20160604_FIRE_smer-tcs3-mobo-c,-1320,0.08689124882221222
20160604_FIRE_smer-tcs3-mobo-c,-1260,0.06489641219377518
20160604_FIRE_smer-tcs3-mobo-c,-1200,0.04183964058756828
20160604_FIRE_smer-tcs3-mobo-c,-1140,0.058198634535074234
20160604_FIRE_smer-tcs3-mobo-c,-1080,0.05648742616176605
20160604_FIRE_smer-tcs3-mobo-c,-1020,0.07496830821037292
20160604_FIRE_smer-tcs3-mobo-c,-960,0.0519510954618454
20160604_FIRE_smer-tcs3-mobo-c,-900,0.05228475108742714
20160604_FIRE_smer-tcs3-mobo-c,-840,0.059179820120334625
20160604_FIRE_smer-tcs3-mobo-c,-780,0.04180588200688362
20160604_FIRE_smer-tcs3-mobo-c,-720,0.037983499467372894
20160604_FIRE_smer-tcs3-mobo-c,-660,0.07105270773172379
20160604_FIRE_smer-tcs3-mobo-c,-600,0.042474258691072464
20160604_FIRE_smer-tcs3-mobo-c,-540,0.05175173655152321
20160604_FIRE_smer-tcs3-mobo-c,-480,0.02575424127280712
20160604_FIRE_smer-tcs3-mobo-c,-420,0.02064952254295349
20160604_FIRE_smer-tcs3-mobo-c,-360,0.03765282407402992
20160604_FIRE_smer-tcs3-mobo-c,-300,0.035127364099025726
20160604_FIRE_smer-tcs3-mobo-c,-240,0.04214004799723625
20160604_FIRE_smer-tcs3-mobo-c,-180,0.030031248927116394
20160604_FIRE_smer-tcs3-mobo-c,-120,0.053216323256492615
20160604_FIRE_smer-tcs3-mobo-c,-60,0.022647015750408173
20160604_FIRE_smer-tcs3-mobo-c,0,0.2009599357843399
20160604_FIRE_smer-tcs3-mobo-c,60,0.758822500705719
20160604_FIRE_smer-tcs3-mobo-c,120,0.8298155069351196
20160604_FIRE_smer-tcs3-mobo-c,180,0.81424480676651
20160604_FIRE_smer-tcs3-mobo-c,240,0.0505213662981987
20160604_FIRE_smer-tcs3-mobo-c,300,0.026711903512477875
20160604_FIRE_smer-tcs3-mobo-c,360,0.00712733156979084
20160604_FIRE_smer-tcs3-mobo-c,420,0.01858937367796898
20160604_FIRE_smer-tcs3-mobo-c,480,0.06928578019142151
20160604_FIRE_smer-tcs3-mobo-c,540,0.010033790022134781
20160604_FIRE_smer-tcs3-mobo-c,600,0.005137439351528883
20160604_FIRE_smer-tcs3-mobo-c,660,0.004479174967855215
20160604_FIRE_smer-tcs3-mobo-c,720,0.016994556412100792
20160604_FIRE_smer-tcs3-mobo-c,780,0.05356832593679428
20160604_FIRE_smer-tcs3-mobo-c,840,0.042878665030002594
20160604_FIRE_smer-tcs3-mobo-c,900,0.010492507368326187
20160604_FIRE_smer-tcs3-mobo-c,960,0.017026113346219063
20160604_FIRE_smer-tcs3-mobo-c,1020,0.01831618882715702
20160604_FIRE_smer-tcs3-mobo-c,1080,0.04172489047050476
20160604_FIRE_smer-tcs3-mobo-c,1140,0.06085601821541786
20160604_FIRE_smer-tcs3-mobo-c,1200,0.013797095976769924
20160604_FIRE_smer-tcs3-mobo-c,1260,0.010946440510451794
20160604_FIRE_smer-tcs3-mobo-c,1320,0.17936401069164276
20160604_FIRE_smer-tcs3-mobo-c,1380,0.0699847862124443
20160604_FIRE_smer-tcs3-mobo-c,1440,0.0731353834271431
20160604_FIRE_smer-tcs3-mobo-c,1500,0.08032450824975967
20160604_FIRE_smer-tcs3-mobo-c,1560,0.03599222004413605
20160604_FIRE_smer-tcs3-mobo-c,1620,0.008161766454577446
20160604_FIRE_smer-tcs3-mobo-c,1680,0.030591480433940887
20160604_FIRE_smer-tcs3-mobo-c,1740,0.05372689664363861
20160604_FIRE_smer-tcs3-mobo-c,1800,0.020469142124056816
20160604_FIRE_smer-tcs3-mobo-c,1860,0.09802853316068649
20160604_FIRE_smer-tcs3-mobo-c,1920,0.08189529925584793
20160604_FIRE_smer-tcs3-mobo-c,1980,0.009382502175867558
20160604_FIRE_smer-tcs3-mobo-c,2040,0.004645198117941618
20160604_FIRE_smer-tcs3-mobo-c,2100,0.0
20160604_FIRE_smer-tcs3-mobo-c,2160,0.0010543052339926362
20160604_FIRE_smer-tcs3-mobo-c,2220,0.028810778632760048
20160604_FIRE_smer-tcs3-mobo-c,2280,0.0
20160604_FIRE_smer-tcs3-mobo-c,2340,0.0
20160604_FIRE_smer-tcs3-mobo-c,2400,0.0
20160619_FIRE_lp-e-iqeye,-2400,0.003150756238028407
20160619_FIRE_lp-e-iqeye,-2280,0.006614402402192354
20160619_FIRE_lp-e-iqeye,-2160,0.01136377640068531
20160619_FIRE_lp-e-iqeye,-2040,0.0021452601067721844
20160619_FIRE_lp-e-iqeye,-1920,0.002405343810096383
20160619_FIRE_lp-e-iqeye,-1800,0.002627607202157378
20160619_FIRE_lp-e-iqeye,-1680,0.0075854030437767506
20160619_FIRE_lp-e-iqeye,-1560,0.0024111978709697723
20160619_FIRE_lp-e-iqeye,-1440,0.0024481939617544413
20160619_FIRE_lp-e-iqeye,-1320,0.002398103941231966
20160619_FIRE_lp-e-iqeye,-1200,0.003360198112204671
20160619_FIRE_lp-e-iqeye,-1080,0.009702683426439762
20160619_FIRE_lp-e-iqeye,-960,0.001733313431032002
20160619_FIRE_lp-e-iqeye,-840,0.003915879875421524
20160619_FIRE_lp-e-iqeye,-720,0.0015123203629627824
20160619_FIRE_lp-e-iqeye,-600,0.002527349628508091
20160619_FIRE_lp-e-iqeye,-480,0.010875857435166836
20160619_FIRE_lp-e-iqeye,-360,0.003882801625877619
20160619_FIRE_lp-e-iqeye,-240,0.003114956896752119
20160619_FIRE_lp-e-iqeye,-120,0.0018058839486911893
20160619_FIRE_lp-e-iqeye,0,0.0012790485052391887
20160619_FIRE_lp-e-iqeye,120,0.0015169971156865358
20160619_FIRE_lp-e-iqeye,240,0.35942211747169495
20160619_FIRE_lp-e-iqeye,360,0.42527416348457336
20160619_FIRE_lp-e-iqeye,480,0.4391248822212219
20160619_FIRE_lp-e-iqeye,600,0.5749432444572449
20160619_FIRE_lp-e-iqeye,720,0.715998113155365
20160619_FIRE_lp-e-iqeye,840,0.7434024810791016
20160619_FIRE_lp-e-iqeye,960,0.6352186799049377
20160619_FIRE_lp-e-iqeye,1080,0.5206783413887024
20160619_FIRE_lp-e-iqeye,1200,0.7806852459907532
20160619_FIRE_lp-e-iqeye,1320,0.6608807444572449
20160619_FIRE_lp-e-iqeye,1440,0.770074725151062
20160619_FIRE_lp-e-iqeye,1560,0.7886480689048767
20160619_FIRE_lp-e-iqeye,1680,0.7970386147499084
20160619_FIRE_lp-e-iqeye,1800,0.7568851709365845
20160619_FIRE_lp-e-iqeye,1920,0.44727471470832825
20160619_FIRE_lp-e-iqeye,2040,0.39539119601249695
20160619_FIRE_lp-e-iqeye,2160,0.30137011408805847
20160619_FIRE_lp-e-iqeye,2280,0.23553374409675598
20160619_FIRE_lp-e-iqeye,2400,0.352761834859848
20160619_FIRE_om-e-mobo-c,-2400,0.0
20160619_FIRE_om-e-mobo-c,-2340,0.0
20160619_FIRE_om-e-mobo-c,-2280,0.0
20160619_FIRE_om-e-mobo-c,-2220,0.0
20160619_FIRE_om-e-mobo-c,-2160,0.0010634723585098982
20160619_FIRE_om-e-mobo-c,-2100,0.0
20160619_FIRE_om-e-mobo-c,-2040,0.0
20160619_FIRE_om-e-mobo-c,-1980,0.0
20160619_FIRE_om-e-mobo-c,-1920,0.0016178078949451447
20160619_FIRE_om-e-mobo-c,-1860,0.0
20160619_FIRE_om-e-mobo-c,-1800,0.0
20160619_FIRE_om-e-mobo-c,-1740,0.0
20160619_FIRE_om-e-mobo-c,-1680,0.0
20160619_FIRE_om-e-mobo-c,-1620,0.0
20160619_FIRE_om-e-mobo-c,-1560,0.0038426679093390703
20160619_FIRE_om-e-mobo-c,-1500,0.0017533311620354652
20160619_FIRE_om-e-mobo-c,-1440,0.0
20160619_FIRE_om-e-mobo-c,-1380,0.0
20160619_FIRE_om-e-mobo-c,-1320,0.0
20160619_FIRE_om-e-mobo-c,-1260,0.0
20160619_FIRE_om-e-mobo-c,-1200,0.0
20160619_FIRE_om-e-mobo-c,-1140,0.0010853806743398309
20160619_FIRE_om-e-mobo-c,-1080,0.0017536742379888892
20160619_FIRE_om-e-mobo-c,-1020,0.0
20160619_FIRE_om-e-mobo-c,-960,0.0025834180414676666
20160619_FIRE_om-e-mobo-c,-900,0.004976802505552769
20160619_FIRE_om-e-mobo-c,-840,0.0010275626555085182
20160619_FIRE_om-e-mobo-c,-780,0.0
20160619_FIRE_om-e-mobo-c,-720,0.0
20160619_FIRE_om-e-mobo-c,-660,0.0
20160619_FIRE_om-e-mobo-c,-600,0.0012280476512387395
20160619_FIRE_om-e-mobo-c,-540,0.0011674033012241125
20160619_FIRE_om-e-mobo-c,-480,0.0011064185528084636
20160619_FIRE_om-e-mobo-c,-420,0.0035015461035072803
20160619_FIRE_om-e-mobo-c,-360,0.0
20160619_FIRE_om-e-mobo-c,-300,0.0010232413187623024
20160619_FIRE_om-e-mobo-c,-240,0.011829775758087635
20160619_FIRE_om-e-mobo-c,-180,0.0010460757184773684
20160619_FIRE_om-e-mobo-c,-120,0.002556966384872794
20160619_FIRE_om-e-mobo-c,-60,0.0014870669692754745
20160619_FIRE_om-e-mobo-c,0,0.0016962415538728237
20160619_FIRE_om-e-mobo-c,60,0.0
20160619_FIRE_om-e-mobo-c,120,0.0012009494239464402
20160619_FIRE_om-e-mobo-c,180,0.006352466996759176
20160619_FIRE_om-e-mobo-c,240,0.0208168663084507
20160619_FIRE_om-e-mobo-c,300,0.6001664996147156
20160619_FIRE_om-e-mobo-c,360,0.7921700477600098
20160619_FIRE_om-e-mobo-c,420,0.78180992603302
20160619_FIRE_om-e-mobo-c,480,0.6249507069587708
20160619_FIRE_om-e-mobo-c,540,0.5393502712249756
20160619_FIRE_om-e-mobo-c,600,0.6516978740692139
20160619_FIRE_om-e-mobo-c,660,0.604558527469635
20160619_FIRE_om-e-mobo-c,720,0.5758551955223083
20160619_FIRE_om-e-mobo-c,780,0.5532971620559692
20160619_FIRE_om-e-mobo-c,840,0.35626310110092163
20160619_FIRE_om-e-mobo-c,900,0.5677228569984436
20160619_FIRE_om-e-mobo-c,960,0.6156853437423706
20160619_FIRE_om-e-mobo-c,1020,0.6898728013038635
20160619_FIRE_om-e-mobo-c,1080,0.6086004376411438
20160619_FIRE_om-e-mobo-c,1140,0.7159150838851929
20160619_FIRE_om-e-mobo-c,1200,0.7058634161949158
20160619_FIRE_om-e-mobo-c,1260,0.6436259746551514
20160619_FIRE_om-e-mobo-c,1320,0.6951929926872253
20160619_FIRE_om-e-mobo-c,1380,0.7695034742355347
20160619_FIRE_om-e-mobo-c,1440,0.7884157299995422
20160619_FIRE_om-e-mobo-c,1500,0.7274996638298035
20160619_FIRE_om-e-mobo-c,1560,0.67610764503479
20160619_FIRE_om-e-mobo-c,1620,0.713387131690979
20160619_FIRE_om-e-mobo-c,1680,0.6816845536231995
20160619_FIRE_om-e-mobo-c,1740,0.17082460224628448
20160619_FIRE_om-e-mobo-c,1800,0.6270923614501953
20160619_FIRE_om-e-mobo-c,1860,0.5337870717048645
20160619_FIRE_om-e-mobo-c,1920,0.548453688621521
20160619_FIRE_om-e-mobo-c,1980,0.5894731283187866
20160619_FIRE_om-e-mobo-c,2040,0.6390728950500488
20160619_FIRE_om-e-mobo-c,2100,0.6803274750709534
20160619_FIRE_om-e-mobo-c,2160,0.6706480979919434
20160619_FIRE_om-e-mobo-c,2220,0.6128098964691162
20160619_FIRE_om-e-mobo-c,2280,0.6297559142112732
20160619_FIRE_om-e-mobo-c,2340,0.7089809775352478
20160619_FIRE_om-e-mobo-c,2400,0.5979785323143005
20160619_FIRE_pi-s-mobo-c,-2400,0.008345164358615875
20160619_FIRE_pi-s-mobo-c,-2340,0.007358134724199772
20160619_FIRE_pi-s-mobo-c,-2280,0.012906256131827831
20160619_FIRE_pi-s-mobo-c,-2220,0.004442951641976833
20160619_FIRE_pi-s-mobo-c,-2160,0.016464492306113243
20160619_FIRE_pi-s-mobo-c,-2100,0.011475999839603901
20160619_FIRE_pi-s-mobo-c,-2040,0.01166752353310585
20160619_FIRE_pi-s-mobo-c,-1980,0.007213393226265907
20160619_FIRE_pi-s-mobo-c,-1920,0.009895713068544865
20160619_FIRE_pi-s-mobo-c,-1860,0.5903060436248779
20160619_FIRE_pi-s-mobo-c,-1800,0.031401943415403366
20160619_FIRE_pi-s-mobo-c,-1740,0.005494809243828058
20160619_FIRE_pi-s-mobo-c,-1680,0.00932904053479433
20160619_FIRE_pi-s-mobo-c,-1620,0.01065883506089449
20160619_FIRE_pi-s-mobo-c,-1560,0.011903704144060612
20160619_FIRE_pi-s-mobo-c,-1500,0.009984452277421951
20160619_FIRE_pi-s-mobo-c,-1440,0.004155535250902176
20160619_FIRE_pi-s-mobo-c,-1380,0.006828587036579847
20160619_FIRE_pi-s-mobo-c,-1320,0.003005644539371133
20160619_FIRE_pi-s-mobo-c,-1260,0.007815185934305191
20160619_FIRE_pi-s-mobo-c,-1200,0.004715049639344215
20160619_FIRE_pi-s-mobo-c,-1140,0.007117819041013718
20160619_FIRE_pi-s-mobo-c,-1080,0.0034391824156045914
20160619_FIRE_pi-s-mobo-c,-1020,0.0024470388889312744
20160619_FIRE_pi-s-mobo-c,-960,0.006553436629474163
20160619_FIRE_pi-s-mobo-c,-900,0.005740650463849306
20160619_FIRE_pi-s-mobo-c,-840,0.0038603406865149736
20160619_FIRE_pi-s-mobo-c,-780,0.05901007726788521
20160619_FIRE_pi-s-mobo-c,-720,0.010845604352653027
20160619_FIRE_pi-s-mobo-c,-660,0.002467515878379345
20160619_FIRE_pi-s-mobo-c,-600,0.005910418927669525
20160619_FIRE_pi-s-mobo-c,-540,0.010141707956790924
20160619_FIRE_pi-s-mobo-c,-480,0.006624520756304264
20160619_FIRE_pi-s-mobo-c,-420,0.002704211976379156
20160619_FIRE_pi-s-mobo-c,-360,0.0018441026331856847
20160619_FIRE_pi-s-mobo-c,-300,0.002228270983323455
20160619_FIRE_pi-s-mobo-c,-240,0.006036488339304924
20160619_FIRE_pi-s-mobo-c,-180,0.0078037031926214695
20160619_FIRE_pi-s-mobo-c,-120,0.01253516599535942
20160619_FIRE_pi-s-mobo-c,-60,0.007622490171343088
20160619_FIRE_pi-s-mobo-c,0,0.009945334866642952
20160619_FIRE_pi-s-mobo-c,60,0.01690245233476162
20160619_FIRE_pi-s-mobo-c,120,0.006002144422382116
20160619_FIRE_pi-s-mobo-c,180,0.03183731436729431
20160619_FIRE_pi-s-mobo-c,240,0.029242893680930138
20160619_FIRE_pi-s-mobo-c,300,0.024144480004906654
20160619_FIRE_pi-s-mobo-c,360,0.006243329495191574
20160619_FIRE_pi-s-mobo-c,420,0.28197476267814636
20160619_FIRE_pi-s-mobo-c,480,0.3758675754070282
20160619_FIRE_pi-s-mobo-c,540,0.6679960489273071
20160619_FIRE_pi-s-mobo-c,600,0.6899165511131287
20160619_FIRE_pi-s-mobo-c,660,0.7033907175064087
20160619_FIRE_pi-s-mobo-c,720,0.5830883979797363
20160619_FIRE_pi-s-mobo-c,780,0.12971147894859314
20160619_FIRE_pi-s-mobo-c,840,0.5410881042480469
20160619_FIRE_pi-s-mobo-c,900,0.5217087864875793
20160619_FIRE_pi-s-mobo-c,960,0.4285544157028198
20160619_FIRE_pi-s-mobo-c,1020,0.1598239541053772
20160619_FIRE_pi-s-mobo-c,1080,0.5707158446311951
20160619_FIRE_pi-s-mobo-c,1140,0.7542122602462769
20160619_FIRE_pi-s-mobo-c,1200,0.7990842461585999
20160619_FIRE_pi-s-mobo-c,1260,0.8182086944580078
20160619_FIRE_pi-s-mobo-c,1320,0.7962597608566284
20160619_FIRE_pi-s-mobo-c,1380,0.7514086365699768
20160619_FIRE_pi-s-mobo-c,1440,0.761650562286377
20160619_FIRE_pi-s-mobo-c,1500,0.7061677575111389
20160619_FIRE_pi-s-mobo-c,1560,0.7072792649269104
20160619_FIRE_pi-s-mobo-c,1620,0.8180064558982849
20160619_FIRE_pi-s-mobo-c,1680,0.640717089176178
20160619_FIRE_pi-s-mobo-c,1740,0.7508093118667603
20160619_FIRE_pi-s-mobo-c,1800,0.607288658618927
20160619_FIRE_pi-s-mobo-c,1860,0.6041236519813538
20160619_FIRE_pi-s-mobo-c,1920,0.22096696496009827
20160619_FIRE_pi-s-mobo-c,1980,0.3086834251880646
20160619_FIRE_pi-s-mobo-c,2040,0.16989247500896454
20160619_FIRE_pi-s-mobo-c,2100,0.016911471262574196
20160619_FIRE_pi-s-mobo-c,2160,0.011124158278107643
20160619_FIRE_pi-s-mobo-c,2220,0.013780075125396252
20160619_FIRE_pi-s-mobo-c,2280,0.01713653840124607
20160619_FIRE_pi-s-mobo-c,2340,0.006760263815522194
20160619_FIRE_pi-s-mobo-c,2400,0.02768225409090519
20160711_FIRE_ml-n-mobo-c,-2400,0.014752511866390705
20160711_FIRE_ml-n-mobo-c,-2340,0.0280661191791296
20160711_FIRE_ml-n-mobo-c,-2280,0.010957443155348301
20160711_FIRE_ml-n-mobo-c,-2220,0.010652218945324421
20160711_FIRE_ml-n-mobo-c,-2160,0.011115411296486855
20160711_FIRE_ml-n-mobo-c,-2100,0.010325257666409016
20160711_FIRE_ml-n-mobo-c,-2040,0.007042829412966967
20160711_FIRE_ml-n-mobo-c,-1980,0.005118838045746088
20160711_FIRE_ml-n-mobo-c,-1920,0.00801850762218237
20160711_FIRE_ml-n-mobo-c,-1860,0.01965407095849514
20160711_FIRE_ml-n-mobo-c,-1800,0.01402980089187622
20160711_FIRE_ml-n-mobo-c,-1740,0.010629730299115181
20160711_FIRE_ml-n-mobo-c,-1680,0.019031688570976257
20160711_FIRE_ml-n-mobo-c,-1620,0.014138090424239635
20160711_FIRE_ml-n-mobo-c,-1560,0.007688465993851423
20160711_FIRE_ml-n-mobo-c,-1500,0.0063197375275194645
20160711_FIRE_ml-n-mobo-c,-1440,0.013333803042769432
20160711_FIRE_ml-n-mobo-c,-1380,0.013406213372945786
20160711_FIRE_ml-n-mobo-c,-1320,0.01254453044384718
20160711_FIRE_ml-n-mobo-c,-1260,0.007755280006676912
20160711_FIRE_ml-n-mobo-c,-1200,0.005347502417862415
20160711_FIRE_ml-n-mobo-c,-1140,0.023202408105134964
20160711_FIRE_ml-n-mobo-c,-1080,0.008804215118288994
20160711_FIRE_ml-n-mobo-c,-1020,0.005820939317345619
20160711_FIRE_ml-n-mobo-c,-960,0.022032402455806732
20160711_FIRE_ml-n-mobo-c,-900,0.05002647265791893
20160711_FIRE_ml-n-mobo-c,-840,0.004074369091540575
20160711_FIRE_ml-n-mobo-c,-780,0.01730378344655037
20160711_FIRE_ml-n-mobo-c,-720,0.005209321156144142
20160711_FIRE_ml-n-mobo-c,-660,0.01111216377466917
20160711_FIRE_ml-n-mobo-c,-600,0.021715665236115456
20160711_FIRE_ml-n-mobo-c,-540,0.01799875497817993
20160711_FIRE_ml-n-mobo-c,-480,0.0050269016064703465
20160711_FIRE_ml-n-mobo-c,-420,0.013426890596747398
20160711_FIRE_ml-n-mobo-c,-360,0.016013609245419502
20160711_FIRE_ml-n-mobo-c,-300,0.007259629666805267
20160711_FIRE_ml-n-mobo-c,-240,0.00527913449332118
20160711_FIRE_ml-n-mobo-c,-180,0.008778922259807587
20160711_FIRE_ml-n-mobo-c,-120,0.008885134011507034
20160711_FIRE_ml-n-mobo-c,-60,0.00436370586976409
20160711_FIRE_ml-n-mobo-c,0,0.00603414885699749
20160711_FIRE_ml-n-mobo-c,60,0.009271574206650257
20160711_FIRE_ml-n-mobo-c,120,0.008936231955885887
20160711_FIRE_ml-n-mobo-c,180,0.00805603712797165
20160711_FIRE_ml-n-mobo-c,240,0.0062117003835737705
20160711_FIRE_ml-n-mobo-c,300,0.0066013941541314125
20160711_FIRE_ml-n-mobo-c,360,0.008846761658787727
20160711_FIRE_ml-n-mobo-c,420,0.004666595254093409
20160711_FIRE_ml-n-mobo-c,480,0.007895151153206825
20160711_FIRE_ml-n-mobo-c,540,0.012506289407610893
20160711_FIRE_ml-n-mobo-c,600,0.005074178799986839
20160711_FIRE_ml-n-mobo-c,660,0.01763271354138851
20160711_FIRE_ml-n-mobo-c,720,0.00838079396635294
20160711_FIRE_ml-n-mobo-c,780,0.005224262364208698
20160711_FIRE_ml-n-mobo-c,840,0.0030612375121563673
20160711_FIRE_ml-n-mobo-c,900,0.009421201422810555
20160711_FIRE_ml-n-mobo-c,960,0.012637331150472164
20160711_FIRE_ml-n-mobo-c,1020,0.004549435805529356
20160711_FIRE_ml-n-mobo-c,1080,0.004724199417978525
20160711_FIRE_ml-n-mobo-c,1140,0.004593309946358204
20160711_FIRE_ml-n-mobo-c,1200,0.007409257348626852
20160711_FIRE_ml-n-mobo-c,1260,0.015092561952769756
20160711_FIRE_ml-n-mobo-c,1320,0.0047308942303061485
20160711_FIRE_ml-n-mobo-c,1380,0.003431289689615369
20160711_FIRE_ml-n-mobo-c,1440,0.004351528827100992
20160711_FIRE_ml-n-mobo-c,1500,0.0062323990277945995
20160711_FIRE_ml-n-mobo-c,1560,0.004108871333301067
20160711_FIRE_ml-n-mobo-c,1620,0.008840851485729218
20160711_FIRE_ml-n-mobo-c,1680,0.007090231869369745
20160711_FIRE_ml-n-mobo-c,1740,0.018077600747346878
20160711_FIRE_ml-n-mobo-c,1800,0.00461543956771493
20160711_FIRE_ml-n-mobo-c,1860,0.005046232603490353
20160711_FIRE_ml-n-mobo-c,1920,0.012891411781311035
20160711_FIRE_ml-n-mobo-c,1980,0.008868806064128876
20160711_FIRE_ml-n-mobo-c,2040,0.007964421063661575
20160711_FIRE_ml-n-mobo-c,2100,0.00441137608140707
20160711_FIRE_ml-n-mobo-c,2160,0.009860794991254807
20160711_FIRE_ml-n-mobo-c,2220,0.009860483929514885
20160711_FIRE_ml-n-mobo-c,2280,0.007483608089387417
20160711_FIRE_ml-n-mobo-c,2340,0.00752262631431222
20160711_FIRE_ml-n-mobo-c,2400,0.01613052561879158
20160718_FIRE_lp-n-iqeye,-2400,0.4735780954360962
20160718_FIRE_lp-n-iqeye,-2280,0.001598923816345632
20160718_FIRE_lp-n-iqeye,-2160,0.02216145768761635
20160718_FIRE_lp-n-iqeye,-2040,0.02853430062532425
20160718_FIRE_lp-n-iqeye,-1920,0.03970988467335701
20160718_FIRE_lp-n-iqeye,-1800,0.027940118685364723
20160718_FIRE_lp-n-iqeye,-1680,0.0012310639722272754
20160718_FIRE_lp-n-iqeye,-1560,0.0
20160718_FIRE_lp-n-iqeye,-1440,0.0014679408632218838
20160718_FIRE_lp-n-iqeye,-1320,0.02086469903588295
20160718_FIRE_lp-n-iqeye,-1200,0.0013916190946474671
20160718_FIRE_lp-n-iqeye,-1080,0.0
20160718_FIRE_lp-n-iqeye,-960,0.0026128797326236963
20160718_FIRE_lp-n-iqeye,-840,0.003290327964350581
20160718_FIRE_lp-n-iqeye,-720,0.0
20160718_FIRE_lp-n-iqeye,-600,0.0
20160718_FIRE_lp-n-iqeye,-480,0.001111928722821176
20160718_FIRE_lp-n-iqeye,-360,0.001172364572994411
20160718_FIRE_lp-n-iqeye,-240,0.0013651482295244932
20160718_FIRE_lp-n-iqeye,-120,0.0065743629820644855
20160718_FIRE_lp-n-iqeye,0,0.003613107604905963
20160718_FIRE_lp-n-iqeye,120,0.001816886942833662
20160718_FIRE_lp-n-iqeye,240,0.003606711979955435
20160718_FIRE_lp-n-iqeye,360,0.05780540034174919
20160718_FIRE_lp-n-iqeye,480,0.3235500454902649
20160718_FIRE_lp-n-iqeye,600,0.6145449280738831
20160718_FIRE_lp-n-iqeye,720,0.6060082316398621
20160718_FIRE_lp-n-iqeye,840,0.6785156726837158
20160718_FIRE_lp-n-iqeye,960,0.5340495109558105
20160718_FIRE_lp-n-iqeye,1080,0.47797247767448425
20160718_FIRE_lp-n-iqeye,1200,0.5578466057777405
20160718_FIRE_lp-n-iqeye,1320,0.18644118309020996
20160718_FIRE_lp-n-iqeye,1440,0.1840454638004303
20160718_FIRE_lp-n-iqeye,1560,0.4521019160747528
20160718_FIRE_lp-n-iqeye,1680,0.14956483244895935
20160718_FIRE_lp-n-iqeye,1800,0.034917961806058884
20160718_FIRE_lp-n-iqeye,1920,0.004105918575078249
20160718_FIRE_lp-n-iqeye,2040,0.0066121844574809074
20160718_FIRE_lp-n-iqeye,2160,0.18506138026714325
20160718_FIRE_lp-n-iqeye,2280,0.09438426792621613
20160718_FIRE_lp-n-iqeye,2400,0.33861279487609863
20160718_FIRE_mg-s-iqeye,-2400,0.41987043619155884
20160718_FIRE_mg-s-iqeye,-2280,0.32169365882873535
20160718_FIRE_mg-s-iqeye,-2160,0.46742212772369385
20160718_FIRE_mg-s-iqeye,-2040,0.48597896099090576
20160718_FIRE_mg-s-iqeye,-1920,0.48179036378860474
20160718_FIRE_mg-s-iqeye,-1800,0.3714476227760315
20160718_FIRE_mg-s-iqeye,-1680,0.4571758806705475
20160718_FIRE_mg-s-iqeye,-1560,0.3649681806564331
20160718_FIRE_mg-s-iqeye,-1440,0.386961966753006
20160718_FIRE_mg-s-iqeye,-1320,0.35651683807373047
20160718_FIRE_mg-s-iqeye,-1200,0.363986074924469
20160718_FIRE_mg-s-iqeye,-1080,0.22925932705402374
20160718_FIRE_mg-s-iqeye,-960,0.32570701837539673
20160718_FIRE_mg-s-iqeye,-840,0.37368714809417725
20160718_FIRE_mg-s-iqeye,-720,0.3098308742046356
20160718_FIRE_mg-s-iqeye,-600,0.28375953435897827
20160718_FIRE_mg-s-iqeye,-480,0.21823789179325104
20160718_FIRE_mg-s-iqeye,-360,0.36654576659202576
20160718_FIRE_mg-s-iqeye,-240,0.3723408281803131
20160718_FIRE_mg-s-iqeye,-120,0.18429718911647797
20160718_FIRE_mg-s-iqeye,0,0.24077819287776947
20160718_FIRE_mg-s-iqeye,120,0.23626208305358887
20160718_FIRE_mg-s-iqeye,240,0.3196733593940735
20160718_FIRE_mg-s-iqeye,360,0.19000066816806793
20160718_FIRE_mg-s-iqeye,480,0.27341485023498535
20160718_FIRE_mg-s-iqeye,600,0.2019527405500412
20160718_FIRE_mg-s-iqeye,720,0.5652061700820923
20160718_FIRE_mg-s-iqeye,840,0.7555060982704163
20160718_FIRE_mg-s-iqeye,960,0.6998257637023926
20160718_FIRE_mg-s-iqeye,1080,0.8034080266952515
20160718_FIRE_mg-s-iqeye,1200,0.7720598578453064
20160718_FIRE_mg-s-iqeye,1320,0.7585595846176147
20160718_FIRE_mg-s-iqeye,1440,0.8111550807952881
20160718_FIRE_mg-s-iqeye,1560,0.7845507264137268
20160718_FIRE_mg-s-iqeye,1680,0.7433890104293823
20160718_FIRE_mg-s-iqeye,1800,0.7510215044021606
20160718_FIRE_mg-s-iqeye,1920,0.7926911115646362
20160718_FIRE_mg-s-iqeye,2040,0.791892945766449
20160718_FIRE_mg-s-iqeye,2160,0.753600001335144
20160718_FIRE_mg-s-iqeye,2280,0.6927254796028137
20160718_FIRE_mg-s-iqeye,2400,0.6503103375434875
20160718_FIRE_mw-e-mobo-c,-2400,0.052721720188856125
20160718_FIRE_mw-e-mobo-c,-2340,0.036665674299001694
20160718_FIRE_mw-e-mobo-c,-2280,0.0330948568880558
20160718_FIRE_mw-e-mobo-c,-2220,0.024664675816893578
20160718_FIRE_mw-e-mobo-c,-2160,0.08482656627893448
20160718_FIRE_mw-e-mobo-c,-2100,0.02671484835445881
20160718_FIRE_mw-e-mobo-c,-2040,0.06056905537843704
20160718_FIRE_mw-e-mobo-c,-1980,0.03445105999708176
20160718_FIRE_mw-e-mobo-c,-1920,0.04531363770365715
20160718_FIRE_mw-e-mobo-c,-1860,0.030086776241660118
20160718_FIRE_mw-e-mobo-c,-1800,0.08325894922018051
20160718_FIRE_mw-e-mobo-c,-1740,0.022641131654381752
20160718_FIRE_mw-e-mobo-c,-1680,0.06089310720562935
20160718_FIRE_mw-e-mobo-c,-1620,0.01796604134142399
20160718_FIRE_mw-e-mobo-c,-1560,0.025497905910015106
20160718_FIRE_mw-e-mobo-c,-1500,0.03366212919354439
20160718_FIRE_mw-e-mobo-c,-1440,0.024407552555203438
20160718_FIRE_mw-e-mobo-c,-1380,0.02693845145404339
20160718_FIRE_mw-e-mobo-c,-1320,0.032464537769556046
20160718_FIRE_mw-e-mobo-c,-1260,0.014822065830230713
20160718_FIRE_mw-e-mobo-c,-1200,0.018706899136304855
20160718_FIRE_mw-e-mobo-c,-1140,0.01663210429251194
20160718_FIRE_mw-e-mobo-c,-1080,0.02636144682765007
20160718_FIRE_mw-e-mobo-c,-1020,0.02613469958305359
20160718_FIRE_mw-e-mobo-c,-960,0.03661736845970154
20160718_FIRE_mw-e-mobo-c,-900,0.02147330716252327
20160718_FIRE_mw-e-mobo-c,-840,0.01738595776259899
20160718_FIRE_mw-e-mobo-c,-780,0.02726759761571884
20160718_FIRE_mw-e-mobo-c,-720,0.023714806884527206
20160718_FIRE_mw-e-mobo-c,-660,0.022101538255810738
20160718_FIRE_mw-e-mobo-c,-600,0.031779758632183075
20160718_FIRE_mw-e-mobo-c,-540,0.04182064160704613
20160718_FIRE_mw-e-mobo-c,-480,0.021504022181034088
20160718_FIRE_mw-e-mobo-c,-420,0.04540649428963661
20160718_FIRE_mw-e-mobo-c,-360,0.03693590685725212
20160718_FIRE_mw-e-mobo-c,-300,0.033580243587493896
20160718_FIRE_mw-e-mobo-c,-240,0.03933340311050415
20160718_FIRE_mw-e-mobo-c,-180,0.013745603151619434
20160718_FIRE_mw-e-mobo-c,-120,0.03963274881243706
20160718_FIRE_mw-e-mobo-c,-60,0.02869373932480812
20160718_FIRE_mw-e-mobo-c,0,0.043815240263938904
20160718_FIRE_mw-e-mobo-c,60,0.022793002426624298
20160718_FIRE_mw-e-mobo-c,120,0.019044239073991776
20160718_FIRE_mw-e-mobo-c,180,0.027413954958319664
20160718_FIRE_mw-e-mobo-c,240,0.033126991242170334
20160718_FIRE_mw-e-mobo-c,300,0.027113668620586395
20160718_FIRE_mw-e-mobo-c,360,0.023433303460478783
20160718_FIRE_mw-e-mobo-c,420,0.027594352141022682
20160718_FIRE_mw-e-mobo-c,480,0.018625784665346146
20160718_FIRE_mw-e-mobo-c,540,0.02063385769724846
20160718_FIRE_mw-e-mobo-c,600,0.09306679666042328
20160718_FIRE_mw-e-mobo-c,660,0.5125377774238586
20160718_FIRE_mw-e-mobo-c,720,0.045230064541101456
20160718_FIRE_mw-e-mobo-c,780,0.33639711141586304
20160718_FIRE_mw-e-mobo-c,840,0.7639273405075073
20160718_FIRE_mw-e-mobo-c,900,0.8131036162376404
20160718_FIRE_mw-e-mobo-c,960,0.5692108273506165
20160718_FIRE_mw-e-mobo-c,1020,0.20482520759105682
20160718_FIRE_mw-e-mobo-c,1080,0.7380977869033813
20160718_FIRE_mw-e-mobo-c,1140,0.72138512134552
20160718_FIRE_mw-e-mobo-c,1200,0.800047755241394
20160718_FIRE_mw-e-mobo-c,1260,0.8191313743591309
20160718_FIRE_mw-e-mobo-c,1320,0.8464938998222351
20160718_FIRE_mw-e-mobo-c,1380,0.859779953956604
20160718_FIRE_mw-e-mobo-c,1440,0.8359085917472839
20160718_FIRE_mw-e-mobo-c,1500,0.8087843656539917
20160718_FIRE_mw-e-mobo-c,1560,0.7196477651596069
20160718_FIRE_mw-e-mobo-c,1620,0.7825568318367004
20160718_FIRE_mw-e-mobo-c,1680,0.7231500744819641
20160718_FIRE_mw-e-mobo-c,1740,0.32492783665657043
20160718_FIRE_mw-e-mobo-c,1800,0.6507760882377625
20160718_FIRE_mw-e-mobo-c,1860,0.7594122886657715
20160718_FIRE_mw-e-mobo-c,1920,0.8182304501533508
20160718_FIRE_mw-e-mobo-c,1980,0.858454167842865
20160718_FIRE_mw-e-mobo-c,2040,0.8584263920783997
20160718_FIRE_mw-e-mobo-c,2100,0.8431826233863831
20160718_FIRE_mw-e-mobo-c,2160,0.8058901429176331
20160718_FIRE_mw-e-mobo-c,2220,0.7166783213615417
20160718_FIRE_mw-e-mobo-c,2280,0.5104343295097351
20160718_FIRE_mw-e-mobo-c,2340,0.4483804404735565
20160718_FIRE_mw-e-mobo-c,2400,0.6246109008789062
20160722_FIRE_mg-s-iqeye,-2400,0.5872374176979065
20160722_FIRE_mg-s-iqeye,-2280,0.6128043532371521
20160722_FIRE_mg-s-iqeye,-2160,0.460065096616745
20160722_FIRE_mg-s-iqeye,-2040,0.30890828371047974
20160722_FIRE_mg-s-iqeye,-1920,0.48903709650039673
20160722_FIRE_mg-s-iqeye,-1800,0.337238073348999
20160722_FIRE_mg-s-iqeye,-1680,0.4103206992149353
20160722_FIRE_mg-s-iqeye,-1560,0.5304762721061707
20160722_FIRE_mg-s-iqeye,-1440,0.37445539236068726
20160722_FIRE_mg-s-iqeye,-1320,0.4821370542049408
20160722_FIRE_mg-s-iqeye,-1200,0.6410796642303467
20160722_FIRE_mg-s-iqeye,-1080,0.40592268109321594
20160722_FIRE_mg-s-iqeye,-960,0.5651494264602661
20160722_FIRE_mg-s-iqeye,-840,0.34732088446617126
20160722_FIRE_mg-s-iqeye,-720,0.486089289188385
20160722_FIRE_mg-s-iqeye,-600,0.31309282779693604
20160722_FIRE_mg-s-iqeye,-480,0.378405898809433
20160722_FIRE_mg-s-iqeye,-360,0.5213150978088379
20160722_FIRE_mg-s-iqeye,-240,0.6264716982841492
20160722_FIRE_mg-s-iqeye,-120,0.39342790842056274
20160722_FIRE_mg-s-iqeye,0,0.37677666544914246
20160722_FIRE_mg-s-iqeye,120,0.23824580013751984
20160722_FIRE_mg-s-iqeye,240,0.009849288500845432
20160722_FIRE_mg-s-iqeye,360,0.034651704132556915
20160722_FIRE_mg-s-iqeye,480,0.009741825051605701
20160722_FIRE_mg-s-iqeye,600,0.0035154414363205433
20160722_FIRE_mg-s-iqeye,720,0.002099189441651106
20160722_FIRE_mg-s-iqeye,840,0.0074858334846794605
20160722_FIRE_mg-s-iqeye,960,0.03471962362527847
20160722_FIRE_mg-s-iqeye,1080,0.06851649284362793
20160722_FIRE_mg-s-iqeye,1200,0.006903406698256731
20160722_FIRE_mg-s-iqeye,1320,0.14607186615467072
20160722_FIRE_mg-s-iqeye,1440,0.04367842897772789
20160722_FIRE_mg-s-iqeye,1560,0.030122820287942886
20160722_FIRE_mg-s-iqeye,1680,0.010859798640012741
20160722_FIRE_mg-s-iqeye,1800,0.0047355215065181255
20160722_FIRE_mg-s-iqeye,1920,0.009644517675042152
20160722_FIRE_mg-s-iqeye,2040,0.0064939833246171474
20160722_FIRE_mg-s-iqeye,2160,0.0034454832784831524
20160722_FIRE_mg-s-iqeye,2280,0.0010548512218520045
20160722_FIRE_mg-s-iqeye,2400,0.0
20160722_FIRE_mw-e-mobo-c,-2400,0.04267098009586334
20160722_FIRE_mw-e-mobo-c,-2340,0.09150908142328262
20160722_FIRE_mw-e-mobo-c,-2280,0.03141838312149048
20160722_FIRE_mw-e-mobo-c,-2220,0.03579063341021538
20160722_FIRE_mw-e-mobo-c,-2160,0.055855121463537216
20160722_FIRE_mw-e-mobo-c,-2100,0.08050977438688278
20160722_FIRE_mw-e-mobo-c,-2040,0.037075843662023544
20160722_FIRE_mw-e-mobo-c,-1980,0.07907500118017197
20160722_FIRE_mw-e-mobo-c,-1920,0.07226927578449249
20160722_FIRE_mw-e-mobo-c,-1860,0.0740676000714302
20160722_FIRE_mw-e-mobo-c,-1800,0.09160759299993515
20160722_FIRE_mw-e-mobo-c,-1740,0.08603879064321518
20160722_FIRE_mw-e-mobo-c,-1680,0.11034432798624039
20160722_FIRE_mw-e-mobo-c,-1620,0.08793730288743973
20160722_FIRE_mw-e-mobo-c,-1560,0.06973353028297424
20160722_FIRE_mw-e-mobo-c,-1500,0.06894771754741669
20160722_FIRE_mw-e-mobo-c,-1440,0.050646811723709106
20160722_FIRE_mw-e-mobo-c,-1380,0.05131048336625099
20160722_FIRE_mw-e-mobo-c,-1320,0.04979272186756134
20160722_FIRE_mw-e-mobo-c,-1260,0.0817490816116333
20160722_FIRE_mw-e-mobo-c,-1200,0.0566234290599823
20160722_FIRE_mw-e-mobo-c,-1140,0.06162299960851669
20160722_FIRE_mw-e-mobo-c,-1080,0.09944865107536316
20160722_FIRE_mw-e-mobo-c,-1020,0.08607906848192215
20160722_FIRE_mw-e-mobo-c,-960,0.07864505797624588
20160722_FIRE_mw-e-mobo-c,-900,0.07280165702104568
20160722_FIRE_mw-e-mobo-c,-840,0.08508508652448654
20160722_FIRE_mw-e-mobo-c,-780,0.08509531617164612
20160722_FIRE_mw-e-mobo-c,-720,0.09368773549795151
20160722_FIRE_mw-e-mobo-c,-660,0.07077176868915558
20160722_FIRE_mw-e-mobo-c,-600,0.0786803811788559
20160722_FIRE_mw-e-mobo-c,-540,0.046570781618356705
20160722_FIRE_mw-e-mobo-c,-480,0.058487314730882645
20160722_FIRE_mw-e-mobo-c,-420,0.04544678330421448
20160722_FIRE_mw-e-mobo-c,-360,0.046377744525671005
20160722_FIRE_mw-e-mobo-c,-300,0.027522306889295578
20160722_FIRE_mw-e-mobo-c,-240,0.031661078333854675
20160722_FIRE_mw-e-mobo-c,-180,0.04169536009430885
20160722_FIRE_mw-e-mobo-c,-120,0.07150298357009888
20160722_FIRE_mw-e-mobo-c,-60,0.056360404938459396
20160722_FIRE_mw-e-mobo-c,0,0.06793362647294998
20160722_FIRE_mw-e-mobo-c,60,0.05138223245739937
20160722_FIRE_mw-e-mobo-c,120,0.0417514406144619
20160722_FIRE_mw-e-mobo-c,180,0.05970596522092819
20160722_FIRE_mw-e-mobo-c,240,0.09122753143310547
20160722_FIRE_mw-e-mobo-c,300,0.060568664222955704
20160722_FIRE_mw-e-mobo-c,360,0.03305261954665184
20160722_FIRE_mw-e-mobo-c,420,0.04121782258152962
20160722_FIRE_mw-e-mobo-c,480,0.3828323781490326
20160722_FIRE_mw-e-mobo-c,540,0.19956150650978088
20160722_FIRE_mw-e-mobo-c,600,0.3501337468624115
20160722_FIRE_mw-e-mobo-c,660,0.5171594023704529
20160722_FIRE_mw-e-mobo-c,720,0.5133673548698425
20160722_FIRE_mw-e-mobo-c,780,0.7492587566375732
20160722_FIRE_mw-e-mobo-c,840,0.5522255301475525
20160722_FIRE_mw-e-mobo-c,900,0.8131900429725647
20160722_FIRE_mw-e-mobo-c,960,0.8504378199577332
20160722_FIRE_mw-e-mobo-c,1020,0.8741604685783386
20160722_FIRE_mw-e-mobo-c,1080,0.5572254061698914
20160722_FIRE_mw-e-mobo-c,1140,0.3557654023170471
20160722_FIRE_mw-e-mobo-c,1200,0.7044718861579895
20160722_FIRE_mw-e-mobo-c,1260,0.6462956070899963
20160722_FIRE_mw-e-mobo-c,1320,0.6375638246536255
20160722_FIRE_mw-e-mobo-c,1380,0.7732364535331726
20160722_FIRE_mw-e-mobo-c,1440,0.6606340408325195
20160722_FIRE_mw-e-mobo-c,1500,0.33138561248779297
20160722_FIRE_mw-e-mobo-c,1560,0.6352553367614746
20160722_FIRE_mw-e-mobo-c,1620,0.5636706352233887
20160722_FIRE_mw-e-mobo-c,1680,0.4673928916454315
20160722_FIRE_mw-e-mobo-c,1740,0.7782989740371704
20160722_FIRE_mw-e-mobo-c,1800,0.722191572189331
20160722_FIRE_mw-e-mobo-c,1860,0.5741279721260071
20160722_FIRE_mw-e-mobo-c,1920,0.81015944480896
20160722_FIRE_mw-e-mobo-c,1980,0.7659493088722229
20160722_FIRE_mw-e-mobo-c,2040,0.8633736371994019
20160722_FIRE_mw-e-mobo-c,2100,0.6059650182723999
20160722_FIRE_mw-e-mobo-c,2160,0.8295961022377014
20160722_FIRE_mw-e-mobo-c,2220,0.8274710774421692
20160722_FIRE_mw-e-mobo-c,2280,0.42565953731536865
20160722_FIRE_mw-e-mobo-c,2340,0.70728999376297
20160722_FIRE_mw-e-mobo-c,2400,0.573270857334137
20161113_FIRE_bl-n-mobo-c,-2400,0.0013772686943411827
20161113_FIRE_bl-n-mobo-c,-2340,0.0
20161113_FIRE_bl-n-mobo-c,-2280,0.0
20161113_FIRE_bl-n-mobo-c,-2220,0.0019238620297983289
20161113_FIRE_bl-n-mobo-c,-2160,0.0014054753119125962
20161113_FIRE_bl-n-mobo-c,-2100,0.0014476451324298978
20161113_FIRE_bl-n-mobo-c,-2040,0.0020682821050286293
20161113_FIRE_bl-n-mobo-c,-1980,0.0011193127138540149
20161113_FIRE_bl-n-mobo-c,-1920,0.0013641383266076446
20161113_FIRE_bl-n-mobo-c,-1860,0.0
20161113_FIRE_bl-n-mobo-c,-1800,0.0
20161113_FIRE_bl-n-mobo-c,-1740,0.0
20161113_FIRE_bl-n-mobo-c,-1680,0.0026206455659121275
20161113_FIRE_bl-n-mobo-c,-1620,0.0
20161113_FIRE_bl-n-mobo-c,-1560,0.0
20161113_FIRE_bl-n-mobo-c,-1500,0.0
20161113_FIRE_bl-n-mobo-c,-1440,0.0012273092288523912
20161113_FIRE_bl-n-mobo-c,-1380,0.0014270547544583678
20161113_FIRE_bl-n-mobo-c,-1320,0.0
20161113_FIRE_bl-n-mobo-c,-1260,0.0
20161113_FIRE_bl-n-mobo-c,-1200,0.0
20161113_FIRE_bl-n-mobo-c,-1140,0.0
20161113_FIRE_bl-n-mobo-c,-1080,0.0
20161113_FIRE_bl-n-mobo-c,-1020,0.0
20161113_FIRE_bl-n-mobo-c,-960,0.0
20161113_FIRE_bl-n-mobo-c,-900,0.0011013152543455362
20161113_FIRE_bl-n-mobo-c,-840,0.0
20161113_FIRE_bl-n-mobo-c,-780,0.00101157755125314
20161113_FIRE_bl-n-mobo-c,-720,0.0
20161113_FIRE_bl-n-mobo-c,-660,0.0
20161113_FIRE_bl-n-mobo-c,-600,0.0
20161113_FIRE_bl-n-mobo-c,-540,0.0
20161113_FIRE_bl-n-mobo-c,-480,0.0
20161113_FIRE_bl-n-mobo-c,-420,0.0
20161113_FIRE_bl-n-mobo-c,-360,0.003972215112298727
20161113_FIRE_bl-n-mobo-c,-300,0.0
20161113_FIRE_bl-n-mobo-c,-240,0.0
20161113_FIRE_bl-n-mobo-c,-180,0.002464237390086055
20161113_FIRE_bl-n-mobo-c,-120,0.0
20161113_FIRE_bl-n-mobo-c,-60,0.0
20161113_FIRE_bl-n-mobo-c,0,0.0
20161113_FIRE_bl-n-mobo-c,60,0.0
20161113_FIRE_bl-n-mobo-c,120,0.026486003771424294
20161113_FIRE_bl-n-mobo-c,180,0.20953719317913055
20161113_FIRE_bl-n-mobo-c,240,0.11407817155122757
20161113_FIRE_bl-n-mobo-c,300,0.006193063221871853
20161113_FIRE_bl-n-mobo-c,360,0.0016971462173387408
20161113_FIRE_bl-n-mobo-c,420,0.06468599289655685
20161113_FIRE_bl-n-mobo-c,480,0.06656832993030548
20161113_FIRE_bl-n-mobo-c,540,0.03901357203722
20161113_FIRE_bl-n-mobo-c,600,0.19642962515354156
20161113_FIRE_bl-n-mobo-c,660,0.007324203848838806
20161113_FIRE_bl-n-mobo-c,720,0.13092033565044403
20161113_FIRE_bl-n-mobo-c,780,0.32554903626441956
20161113_FIRE_bl-n-mobo-c,840,0.3235626220703125
20161113_FIRE_bl-n-mobo-c,900,0.2457578480243683
20161113_FIRE_bl-n-mobo-c,960,0.5581796765327454
20161113_FIRE_bl-n-mobo-c,1020,0.6318153738975525
20161113_FIRE_bl-n-mobo-c,1080,0.6487035155296326
20161113_FIRE_bl-n-mobo-c,1140,0.4968982934951782
20161113_FIRE_bl-n-mobo-c,1200,0.38146165013313293
20161113_FIRE_bl-n-mobo-c,1260,0.27502185106277466
20161113_FIRE_bl-n-mobo-c,1320,0.5362743735313416
20161113_FIRE_bl-n-mobo-c,1380,0.5010082125663757
20161113_FIRE_bl-n-mobo-c,1440,0.4827119708061218
20161113_FIRE_bl-n-mobo-c,1500,0.33457711338996887
20161113_FIRE_bl-n-mobo-c,1560,0.4021023213863373
20161113_FIRE_bl-n-mobo-c,1620,0.6203732490539551
20161113_FIRE_bl-n-mobo-c,1680,0.38785064220428467
20161113_FIRE_bl-n-mobo-c,1740,0.2554336190223694
20161113_FIRE_bl-n-mobo-c,1800,0.24402718245983124
20161113_FIRE_bl-n-mobo-c,1860,0.3587172329425812
20161113_FIRE_bl-n-mobo-c,1920,0.562544047832489
20161113_FIRE_bl-n-mobo-c,1980,0.34913551807403564
20161113_FIRE_bl-n-mobo-c,2040,0.47868433594703674
20161113_FIRE_bl-n-mobo-c,2100,0.5079999566078186
20161113_FIRE_bl-n-mobo-c,2160,0.6398334503173828
20161113_FIRE_bl-n-mobo-c,2220,0.6272766590118408
20161113_FIRE_bl-n-mobo-c,2280,0.3628261983394623
20161113_FIRE_bl-n-mobo-c,2340,0.6932873129844666
20161113_FIRE_bl-n-mobo-c,2400,0.4477241337299347
20161113_FIRE_bm-n-mobo-c,-2400,0.06425230205059052
20161113_FIRE_bm-n-mobo-c,-2340,0.07547252625226974
20161113_FIRE_bm-n-mobo-c,-2280,0.11667417734861374
20161113_FIRE_bm-n-mobo-c,-2220,0.08771058171987534
20161113_FIRE_bm-n-mobo-c,-2160,0.17423179745674133
20161113_FIRE_bm-n-mobo-c,-2100,0.09436005353927612
20161113_FIRE_bm-n-mobo-c,-2040,0.0643700361251831
20161113_FIRE_bm-n-mobo-c,-1980,0.09291423857212067
20161113_FIRE_bm-n-mobo-c,-1920,0.02836778201162815
20161113_FIRE_bm-n-mobo-c,-1860,0.0451306514441967
20161113_FIRE_bm-n-mobo-c,-1800,0.3158048093318939
20161113_FIRE_bm-n-mobo-c,-1740,0.06561808288097382
20161113_FIRE_bm-n-mobo-c,-1680,0.03918148949742317
20161113_FIRE_bm-n-mobo-c,-1620,0.06904187053442001
20161113_FIRE_bm-n-mobo-c,-1560,0.12625561654567719
20161113_FIRE_bm-n-mobo-c,-1500,0.17932678759098053
20161113_FIRE_bm-n-mobo-c,-1440,0.13414211571216583
20161113_FIRE_bm-n-mobo-c,-1380,0.04215288534760475
20161113_FIRE_bm-n-mobo-c,-1320,0.16782647371292114
20161113_FIRE_bm-n-mobo-c,-1260,0.06527853012084961
20161113_FIRE_bm-n-mobo-c,-1200,0.011949574574828148
20161113_FIRE_bm-n-mobo-c,-1140,0.13769009709358215
20161113_FIRE_bm-n-mobo-c,-1080,0.06826256960630417
20161113_FIRE_bm-n-mobo-c,-1020,0.15907904505729675
20161113_FIRE_bm-n-mobo-c,-960,0.051047857850790024
20161113_FIRE_bm-n-mobo-c,-900,0.12235633283853531
20161113_FIRE_bm-n-mobo-c,-840,0.2068851739168167
20161113_FIRE_bm-n-mobo-c,-780,0.12732499837875366
20161113_FIRE_bm-n-mobo-c,-720,0.016078144311904907
20161113_FIRE_bm-n-mobo-c,-660,0.016594422981142998
20161113_FIRE_bm-n-mobo-c,-600,0.15935304760932922
20161113_FIRE_bm-n-mobo-c,-540,0.010843941010534763
20161113_FIRE_bm-n-mobo-c,-480,0.030973032116889954
20161113_FIRE_bm-n-mobo-c,-420,0.00515828188508749
20161113_FIRE_bm-n-mobo-c,-360,0.008547680452466011
20161113_FIRE_bm-n-mobo-c,-300,0.029719827696681023
20161113_FIRE_bm-n-mobo-c,-240,0.03416631743311882
20161113_FIRE_bm-n-mobo-c,-180,0.0065058511681854725
20161113_FIRE_bm-n-mobo-c,-120,0.01705220527946949
20161113_FIRE_bm-n-mobo-c,-60,0.008405808359384537
20161113_FIRE_bm-n-mobo-c,0,0.08224451541900635
20161113_FIRE_bm-n-mobo-c,60,0.03644533455371857
20161113_FIRE_bm-n-mobo-c,120,0.026467161253094673
20161113_FIRE_bm-n-mobo-c,180,0.052628569304943085
20161113_FIRE_bm-n-mobo-c,240,0.028851479291915894
20161113_FIRE_bm-n-mobo-c,300,0.02339145354926586
20161113_FIRE_bm-n-mobo-c,360,0.013024603016674519
20161113_FIRE_bm-n-mobo-c,420,0.03424563258886337
20161113_FIRE_bm-n-mobo-c,480,0.004962972830981016
20161113_FIRE_bm-n-mobo-c,540,0.005404582712799311
20161113_FIRE_bm-n-mobo-c,600,0.03828513249754906
20161113_FIRE_bm-n-mobo-c,660,0.014293095096945763
20161113_FIRE_bm-n-mobo-c,720,0.008290696889162064
20161113_FIRE_bm-n-mobo-c,780,0.00618794746696949
20161113_FIRE_bm-n-mobo-c,840,0.018086303025484085
20161113_FIRE_bm-n-mobo-c,900,0.01530382502824068
20161113_FIRE_bm-n-mobo-c,960,0.009820962324738503
20161113_FIRE_bm-n-mobo-c,1020,0.06748208403587341
20161113_FIRE_bm-n-mobo-c,1080,0.05510738119482994
20161113_FIRE_bm-n-mobo-c,1140,0.39217808842658997
20161113_FIRE_bm-n-mobo-c,1200,0.10341722518205643
20161113_FIRE_bm-n-mobo-c,1260,0.09052996337413788
20161113_FIRE_bm-n-mobo-c,1320,0.016439329832792282
20161113_FIRE_bm-n-mobo-c,1380,0.03052423894405365
20161113_FIRE_bm-n-mobo-c,1440,0.00427209259942174
20161113_FIRE_bm-n-mobo-c,1500,0.020915817469358444
20161113_FIRE_bm-n-mobo-c,1560,0.02806882932782173
20161113_FIRE_bm-n-mobo-c,1620,0.0039526051841676235
20161113_FIRE_bm-n-mobo-c,1680,0.003616727888584137
20161113_FIRE_bm-n-mobo-c,1740,0.004037743899971247
20161113_FIRE_bm-n-mobo-c,1800,0.01519021112471819
20161113_FIRE_bm-n-mobo-c,1860,0.013119739480316639
20161113_FIRE_bm-n-mobo-c,1920,0.03739624097943306
20161113_FIRE_bm-n-mobo-c,1980,0.04698918014764786
20161113_FIRE_bm-n-mobo-c,2040,0.05001266300678253
20161113_FIRE_bm-n-mobo-c,2100,0.06269773840904236
20161113_FIRE_bm-n-mobo-c,2160,0.005146896466612816
20161113_FIRE_bm-n-mobo-c,2220,0.018568119034171104
20161113_FIRE_bm-n-mobo-c,2280,0.0038890275172889233
20161113_FIRE_bm-n-mobo-c,2340,0.0045597851276397705
20161113_FIRE_bm-n-mobo-c,2400,0.007681393530219793
20161113_FIRE_bm-w-mobo-c,-2400,0.0
20161113_FIRE_bm-w-mobo-c,-2340,0.0
20161113_FIRE_bm-w-mobo-c,-2280,0.0
20161113_FIRE_bm-w-mobo-c,-2220,0.0
20161113_FIRE_bm-w-mobo-c,-2160,0.0
20161113_FIRE_bm-w-mobo-c,-2100,0.0
20161113_FIRE_bm-w-mobo-c,-2040,0.0
20161113_FIRE_bm-w-mobo-c,-1980,0.0
20161113_FIRE_bm-w-mobo-c,-1920,0.0
20161113_FIRE_bm-w-mobo-c,-1860,0.0
20161113_FIRE_bm-w-mobo-c,-1800,0.0011822229716926813
20161113_FIRE_bm-w-mobo-c,-1740,0.0
20161113_FIRE_bm-w-mobo-c,-1680,0.0010564830154180527
20161113_FIRE_bm-w-mobo-c,-1620,0.0013135417830199003
20161113_FIRE_bm-w-mobo-c,-1560,0.0
20161113_FIRE_bm-w-mobo-c,-1500,0.0
20161113_FIRE_bm-w-mobo-c,-1440,0.0
20161113_FIRE_bm-w-mobo-c,-1380,0.0
20161113_FIRE_bm-w-mobo-c,-1320,0.0
20161113_FIRE_bm-w-mobo-c,-1260,0.0
20161113_FIRE_bm-w-mobo-c,-1200,0.001083922223187983
20161113_FIRE_bm-w-mobo-c,-1140,0.0
20161113_FIRE_bm-w-mobo-c,-1080,0.0
20161113_FIRE_bm-w-mobo-c,-1020,0.0013057453325018287
20161113_FIRE_bm-w-mobo-c,-960,0.0
20161113_FIRE_bm-w-mobo-c,-900,0.0
20161113_FIRE_bm-w-mobo-c,-840,0.0012813500361517072
20161113_FIRE_bm-w-mobo-c,-780,0.0017580436542630196
20161113_FIRE_bm-w-mobo-c,-720,0.0073729343712329865
20161113_FIRE_bm-w-mobo-c,-660,0.0
20161113_FIRE_bm-w-mobo-c,-600,0.0027431324124336243
20161113_FIRE_bm-w-mobo-c,-540,0.0012008906342089176
20161113_FIRE_bm-w-mobo-c,-480,0.0017464219126850367
20161113_FIRE_bm-w-mobo-c,-420,0.0
20161113_FIRE_bm-w-mobo-c,-360,0.0
20161113_FIRE_bm-w-mobo-c,-300,0.0
20161113_FIRE_bm-w-mobo-c,-240,0.0
20161113_FIRE_bm-w-mobo-c,-180,0.0016080468194559216
20161113_FIRE_bm-w-mobo-c,-120,0.0
20161113_FIRE_bm-w-mobo-c,-60,0.0
20161113_FIRE_bm-w-mobo-c,0,0.0
20161113_FIRE_bm-w-mobo-c,60,0.07063786685466766
20161113_FIRE_bm-w-mobo-c,120,0.45410022139549255
20161113_FIRE_bm-w-mobo-c,180,0.621753454208374
20161113_FIRE_bm-w-mobo-c,240,0.7222703099250793
20161113_FIRE_bm-w-mobo-c,300,0.7706414461135864
20161113_FIRE_bm-w-mobo-c,360,0.775526762008667
20161113_FIRE_bm-w-mobo-c,420,0.782636284828186
20161113_FIRE_bm-w-mobo-c,480,0.7998520135879517
20161113_FIRE_bm-w-mobo-c,540,0.7739370465278625
20161113_FIRE_bm-w-mobo-c,600,0.7764027714729309
20161113_FIRE_bm-w-mobo-c,660,0.7923014163970947
20161113_FIRE_bm-w-mobo-c,720,0.7860317826271057
20161113_FIRE_bm-w-mobo-c,780,0.8259090781211853
20161113_FIRE_bm-w-mobo-c,840,0.8285326957702637
20161113_FIRE_bm-w-mobo-c,900,0.8394721746444702
20161113_FIRE_bm-w-mobo-c,960,0.8324430584907532
20161113_FIRE_bm-w-mobo-c,1020,0.8022811412811279
20161113_FIRE_bm-w-mobo-c,1080,0.8006485104560852
20161113_FIRE_bm-w-mobo-c,1140,0.8120921850204468
20161113_FIRE_bm-w-mobo-c,1200,0.8116257190704346
20161113_FIRE_bm-w-mobo-c,1260,0.8284733891487122
20161113_FIRE_bm-w-mobo-c,1320,0.827995240688324
20161113_FIRE_bm-w-mobo-c,1380,0.7922852039337158
20161113_FIRE_bm-w-mobo-c,1440,0.7948577404022217
20161113_FIRE_bm-w-mobo-c,1500,0.7920277714729309
20161113_FIRE_bm-w-mobo-c,1560,0.7835440039634705
20161113_FIRE_bm-w-mobo-c,1620,0.8217247128486633
20161113_FIRE_bm-w-mobo-c,1680,0.8301169276237488
20161113_FIRE_bm-w-mobo-c,1740,0.7384483218193054
20161113_FIRE_bm-w-mobo-c,1800,0.7026633620262146
20161113_FIRE_bm-w-mobo-c,1860,0.8383417725563049
20161113_FIRE_bm-w-mobo-c,1920,0.8504996299743652
20161113_FIRE_bm-w-mobo-c,1980,0.8248557448387146
20161113_FIRE_bm-w-mobo-c,2040,0.839461624622345
20161113_FIRE_bm-w-mobo-c,2100,0.8553265333175659
20161113_FIRE_bm-w-mobo-c,2160,0.7913004159927368
20161113_FIRE_bm-w-mobo-c,2220,0.698575496673584
20161113_FIRE_bm-w-mobo-c,2280,0.7590395212173462
20161113_FIRE_bm-w-mobo-c,2340,0.7337923049926758
20161113_FIRE_bm-w-mobo-c,2400,0.7887557148933411
20170519_FIRE_rm-w-mobo-c,-2400,0.0031318289693444967
20170519_FIRE_rm-w-mobo-c,-2340,0.004592280834913254
20170519_FIRE_rm-w-mobo-c,-2280,0.01263806875795126
20170519_FIRE_rm-w-mobo-c,-2220,0.06477201730012894
20170519_FIRE_rm-w-mobo-c,-2160,0.03458018973469734
20170519_FIRE_rm-w-mobo-c,-2100,0.011520360596477985
20170519_FIRE_rm-w-mobo-c,-2040,0.07103240489959717
20170519_FIRE_rm-w-mobo-c,-1980,0.0364813357591629
20170519_FIRE_rm-w-mobo-c,-1920,0.046004731208086014
20170519_FIRE_rm-w-mobo-c,-1860,0.010358904488384724
20170519_FIRE_rm-w-mobo-c,-1800,0.08654148131608963
20170519_FIRE_rm-w-mobo-c,-1740,0.17873138189315796
20170519_FIRE_rm-w-mobo-c,-1680,0.018249167129397392
20170519_FIRE_rm-w-mobo-c,-1620,0.011137268505990505
20170519_FIRE_rm-w-mobo-c,-1560,0.03771023079752922
20170519_FIRE_rm-w-mobo-c,-1500,0.06311608850955963
20170519_FIRE_rm-w-mobo-c,-1440,0.02693292684853077
20170519_FIRE_rm-w-mobo-c,-1380,0.012382619082927704
20170519_FIRE_rm-w-mobo-c,-1320,0.027775276452302933
20170519_FIRE_rm-w-mobo-c,-1260,0.03215509280562401
20170519_FIRE_rm-w-mobo-c,-1200,0.05386094003915787
20170519_FIRE_rm-w-mobo-c,-1140,0.11529406160116196
20170519_FIRE_rm-w-mobo-c,-1080,0.030494071543216705
20170519_FIRE_rm-w-mobo-c,-1020,0.02088369056582451
20170519_FIRE_rm-w-mobo-c,-960,0.025414548814296722
20170519_FIRE_rm-w-mobo-c,-900,0.026572655886411667
20170519_FIRE_rm-w-mobo-c,-840,0.015160408802330494
20170519_FIRE_rm-w-mobo-c,-780,0.020326213911175728
20170519_FIRE_rm-w-mobo-c,-720,0.01814553514122963
20170519_FIRE_rm-w-mobo-c,-660,0.03404907137155533
20170519_FIRE_rm-w-mobo-c,-600,0.0352150984108448
20170519_FIRE_rm-w-mobo-c,-540,0.02343039959669113
20170519_FIRE_rm-w-mobo-c,-480,0.01194189116358757
20170519_FIRE_rm-w-mobo-c,-420,0.06365073472261429
20170519_FIRE_rm-w-mobo-c,-360,0.0552092082798481
20170519_FIRE_rm-w-mobo-c,-300,0.04118278995156288
20170519_FIRE_rm-w-mobo-c,-240,0.1167009100317955
20170519_FIRE_rm-w-mobo-c,-180,0.027316967025399208
20170519_FIRE_rm-w-mobo-c,-120,0.10917115211486816
20170519_FIRE_rm-w-mobo-c,-60,0.08126138895750046
20170519_FIRE_rm-w-mobo-c,0,0.05986586585640907
20170519_FIRE_rm-w-mobo-c,60,0.2120899260044098
20170519_FIRE_rm-w-mobo-c,120,0.004593375138938427
20170519_FIRE_rm-w-mobo-c,180,0.13069263100624084
20170519_FIRE_rm-w-mobo-c,240,0.005254183430224657
20170519_FIRE_rm-w-mobo-c,300,0.022220714017748833
20170519_FIRE_rm-w-mobo-c,360,0.10797998309135437
20170519_FIRE_rm-w-mobo-c,420,0.008470441214740276
20170519_FIRE_rm-w-mobo-c,480,0.012393375858664513
20170519_FIRE_rm-w-mobo-c,540,0.16297730803489685
20170519_FIRE_rm-w-mobo-c,600,0.012728902511298656
20170519_FIRE_rm-w-mobo-c,660,0.04265597090125084
20170519_FIRE_rm-w-mobo-c,720,0.03993964567780495
20170519_FIRE_rm-w-mobo-c,780,0.11434703320264816
20170519_FIRE_rm-w-mobo-c,840,0.2782273590564728
20170519_FIRE_rm-w-mobo-c,900,0.5455166697502136
20170519_FIRE_rm-w-mobo-c,960,0.061685990542173386
20170519_FIRE_rm-w-mobo-c,1020,0.07860298454761505
20170519_FIRE_rm-w-mobo-c,1080,0.014109560288488865
20170519_FIRE_rm-w-mobo-c,1140,0.530164897441864
20170519_FIRE_rm-w-mobo-c,1200,0.6824347376823425
20170519_FIRE_rm-w-mobo-c,1260,0.5628786683082581
20170519_FIRE_rm-w-mobo-c,1320,0.4293133616447449
20170519_FIRE_rm-w-mobo-c,1380,0.5718483328819275
20170519_FIRE_rm-w-mobo-c,1440,0.36315035820007324
20170519_FIRE_rm-w-mobo-c,1500,0.6440268158912659
20170519_FIRE_rm-w-mobo-c,1560,0.7674986720085144
20170519_FIRE_rm-w-mobo-c,1620,0.5905438661575317
20170519_FIRE_rm-w-mobo-c,1680,0.428092896938324
20170519_FIRE_rm-w-mobo-c,1740,0.48037269711494446
20170519_FIRE_rm-w-mobo-c,1800,0.6329084634780884
20170519_FIRE_rm-w-mobo-c,1860,0.626603901386261
20170519_FIRE_rm-w-mobo-c,1920,0.4180239140987396
20170519_FIRE_rm-w-mobo-c,1980,0.56511390209198
20170519_FIRE_rm-w-mobo-c,2040,0.4205145835876465
20170519_FIRE_rm-w-mobo-c,2100,0.6941493153572083
20170519_FIRE_rm-w-mobo-c,2160,0.6387474536895752
20170519_FIRE_rm-w-mobo-c,2220,0.7315431833267212
20170519_FIRE_rm-w-mobo-c,2280,0.6483269929885864
20170519_FIRE_rm-w-mobo-c,2340,0.749544084072113
20170519_FIRE_rm-w-mobo-c,2400,0.681158185005188
20170520_FIRE_lp-s-iqeye,-2400,0.018774405121803284
20170520_FIRE_lp-s-iqeye,-2340,0.011613957583904266
20170520_FIRE_lp-s-iqeye,-2280,0.017673496156930923
20170520_FIRE_lp-s-iqeye,-2220,0.007624431513249874
20170520_FIRE_lp-s-iqeye,-2160,0.007943504489958286
20170520_FIRE_lp-s-iqeye,-2100,0.009878036566078663
20170520_FIRE_lp-s-iqeye,-2040,0.007486180402338505
20170520_FIRE_lp-s-iqeye,-1980,0.008200419135391712
20170520_FIRE_lp-s-iqeye,-1920,0.008841954171657562
20170520_FIRE_lp-s-iqeye,-1860,0.02260693721473217
20170520_FIRE_lp-s-iqeye,-1800,0.006180647294968367
20170520_FIRE_lp-s-iqeye,-1740,0.01855996623635292
20170520_FIRE_lp-s-iqeye,-1680,0.014564513228833675
20170520_FIRE_lp-s-iqeye,-1620,0.004663621541112661
20170520_FIRE_lp-s-iqeye,-1560,0.010477684438228607
20170520_FIRE_lp-s-iqeye,-1500,0.01457129791378975
20170520_FIRE_lp-s-iqeye,-1440,0.024987665936350822
20170520_FIRE_lp-s-iqeye,-1380,0.01016510371118784
20170520_FIRE_lp-s-iqeye,-1320,0.002370378002524376
20170520_FIRE_lp-s-iqeye,-1260,0.00568964472040534
20170520_FIRE_lp-s-iqeye,-1200,0.004409784451127052
20170520_FIRE_lp-s-iqeye,-1140,0.011264639906585217
20170520_FIRE_lp-s-iqeye,-1080,0.001920147449709475
20170520_FIRE_lp-s-iqeye,-1020,0.004284827504307032
20170520_FIRE_lp-s-iqeye,-960,0.0017304460052400827
20170520_FIRE_lp-s-iqeye,-900,0.007231534458696842
20170520_FIRE_lp-s-iqeye,-840,0.007812424562871456
20170520_FIRE_lp-s-iqeye,-780,0.030573038384318352
20170520_FIRE_lp-s-iqeye,-720,0.008546415716409683
20170520_FIRE_lp-s-iqeye,-660,0.005878899712115526
20170520_FIRE_lp-s-iqeye,-600,0.0011143097653985023
20170520_FIRE_lp-s-iqeye,-540,0.029053116217255592
20170520_FIRE_lp-s-iqeye,-480,0.1020745262503624
20170520_FIRE_lp-s-iqeye,-420,0.038493555039167404
20170520_FIRE_lp-s-iqeye,-360,0.03515136241912842
20170520_FIRE_lp-s-iqeye,-300,0.0054816678166389465
20170520_FIRE_lp-s-iqeye,-240,0.002947968663647771
20170520_FIRE_lp-s-iqeye,-180,0.009731222875416279
20170520_FIRE_lp-s-iqeye,-120,0.015971548855304718
20170520_FIRE_lp-s-iqeye,-60,0.01674739643931389
20170520_FIRE_lp-s-iqeye,0,0.2966165840625763
20170520_FIRE_lp-s-iqeye,60,0.6404829025268555
20170520_FIRE_lp-s-iqeye,120,0.7839716076850891
20170520_FIRE_lp-s-iqeye,180,0.7303972244262695
20170520_FIRE_lp-s-iqeye,240,0.8532530665397644
20170520_FIRE_lp-s-iqeye,300,0.8928490877151489
20170520_FIRE_lp-s-iqeye,360,0.42290836572647095
20170520_FIRE_lp-s-iqeye,420,0.8240181803703308
20170520_FIRE_lp-s-iqeye,480,0.6945177912712097
20170520_FIRE_lp-s-iqeye,540,0.7784250378608704
20170520_FIRE_lp-s-iqeye,600,0.735565721988678
20170520_FIRE_lp-s-iqeye,660,0.6562504768371582
20170520_FIRE_lp-s-iqeye,720,0.8218741416931152
20170520_FIRE_lp-s-iqeye,780,0.6793326139450073
20170520_FIRE_lp-s-iqeye,840,0.41137856245040894
20170520_FIRE_lp-s-iqeye,900,0.6617408394813538
20170520_FIRE_lp-s-iqeye,960,0.5415033102035522
20170520_FIRE_lp-s-iqeye,1020,0.6585100293159485
20170520_FIRE_lp-s-iqeye,1080,0.6879743337631226
20170520_FIRE_lp-s-iqeye,1140,0.6396737694740295
20170520_FIRE_lp-s-iqeye,1200,0.6022953391075134
20170520_FIRE_lp-s-iqeye,1260,0.6637698411941528
20170520_FIRE_lp-s-iqeye,1320,0.6884076595306396
20170520_FIRE_lp-s-iqeye,1380,0.7424591779708862
20170520_FIRE_lp-s-iqeye,1440,0.618956446647644
20170520_FIRE_lp-s-iqeye,1500,0.7443545460700989
20170520_FIRE_lp-s-iqeye,1560,0.4849759638309479
20170520_FIRE_lp-s-iqeye,1620,0.42884352803230286
20170520_FIRE_lp-s-iqeye,1680,0.8371159434318542
20170520_FIRE_lp-s-iqeye,1740,0.20813198387622833
20170520_FIRE_lp-s-iqeye,1800,0.5392595529556274
20170520_FIRE_lp-s-iqeye,1860,0.7265217900276184
20170520_FIRE_lp-s-iqeye,1920,0.49866780638694763
20170520_FIRE_lp-s-iqeye,1980,0.6614446640014648
20170520_FIRE_lp-s-iqeye,2040,0.678104817867279
20170520_FIRE_lp-s-iqeye,2100,0.8163095712661743
20170520_FIRE_lp-s-iqeye,2160,0.7529181241989136
20170520_FIRE_lp-s-iqeye,2220,0.6978912949562073
20170520_FIRE_lp-s-iqeye,2280,0.7475313544273376
20170520_FIRE_lp-s-iqeye,2340,0.7102882266044617
20170520_FIRE_lp-s-iqeye,2400,0.7455758452415466
20170520_FIRE_om-s-mobo-c,-840,0.026300743222236633
20170520_FIRE_om-s-mobo-c,-780,0.054497022181749344
20170520_FIRE_om-s-mobo-c,-720,0.04121149331331253
20170520_FIRE_om-s-mobo-c,-660,0.050252221524715424
20170520_FIRE_om-s-mobo-c,-600,0.05139807239174843
20170520_FIRE_om-s-mobo-c,-540,0.05162736773490906
20170520_FIRE_om-s-mobo-c,-480,0.04385712370276451
20170520_FIRE_om-s-mobo-c,-420,0.04917304217815399
20170520_FIRE_om-s-mobo-c,-360,0.02483985759317875
20170520_FIRE_om-s-mobo-c,-300,0.02856578305363655
20170520_FIRE_om-s-mobo-c,-240,0.03289570286870003
20170520_FIRE_om-s-mobo-c,-180,0.03699623793363571
20170520_FIRE_om-s-mobo-c,-120,0.044176362454891205
20170520_FIRE_om-s-mobo-c,-60,0.03743113577365875
20170520_FIRE_om-s-mobo-c,0,0.022898703813552856
20170520_FIRE_om-s-mobo-c,60,0.03501567244529724
20170520_FIRE_om-s-mobo-c,120,0.026929784566164017
20170520_FIRE_om-s-mobo-c,180,0.014623500406742096
20170520_FIRE_om-s-mobo-c,240,0.013792775571346283
20170520_FIRE_om-s-mobo-c,300,0.0141841359436512
20170520_FIRE_om-s-mobo-c,360,0.008764519356191158
20170520_FIRE_om-s-mobo-c,420,0.009963060729205608
20170520_FIRE_om-s-mobo-c,480,0.021188076585531235
20170520_FIRE_om-s-mobo-c,540,0.013581919483840466
20170520_FIRE_om-s-mobo-c,600,0.0137259466573596
20170520_FIRE_om-s-mobo-c,660,0.010807350277900696
20170520_FIRE_om-s-mobo-c,720,0.00949692539870739
20170520_FIRE_om-s-mobo-c,780,0.021052543073892593
20170520_FIRE_om-s-mobo-c,840,0.016802102327346802
20170520_FIRE_om-s-mobo-c,900,0.007925615645945072
20170520_FIRE_om-s-mobo-c,960,0.01695515401661396
20170520_FIRE_om-s-mobo-c,1020,0.008058217354118824
20170520_FIRE_om-s-mobo-c,1080,0.014970426447689533
20170520_FIRE_om-s-mobo-c,1140,0.0118694007396698
20170520_FIRE_om-s-mobo-c,1200,0.0052953255362808704
20170520_FIRE_om-s-mobo-c,1260,0.02016768604516983
20170520_FIRE_om-s-mobo-c,1320,0.01185519341379404
20170520_FIRE_om-s-mobo-c,1380,0.011370956897735596
20170520_FIRE_om-s-mobo-c,1440,0.012198510579764843
20170520_FIRE_om-s-mobo-c,1500,0.00950702279806137
20170520_FIRE_om-s-mobo-c,1560,0.02005407027900219
20170520_FIRE_om-s-mobo-c,1620,0.0212533138692379
20170520_FIRE_om-s-mobo-c,1680,0.012695909477770329
20170520_FIRE_om-s-mobo-c,1740,0.010094884783029556
20170520_FIRE_om-s-mobo-c,1800,0.013603707775473595
20170520_FIRE_om-s-mobo-c,1860,0.014129425399005413
20170520_FIRE_om-s-mobo-c,1920,0.005620846524834633
20170520_FIRE_om-s-mobo-c,1980,0.1876620501279831
20170520_FIRE_om-s-mobo-c,2040,0.5597144365310669
20170520_FIRE_om-s-mobo-c,2100,0.4998033940792084
20170520_FIRE_om-s-mobo-c,2160,0.7302361130714417
20170520_FIRE_om-s-mobo-c,2220,0.739391565322876
20170520_FIRE_om-s-mobo-c,2280,0.7127506732940674
20170520_FIRE_om-s-mobo-c,2340,0.6686362624168396
20170520_FIRE_om-s-mobo-c,2400,0.689655601978302
20170520_FIRE_pi-s-mobo-c,-2400,0.009589138440787792
20170520_FIRE_pi-s-mobo-c,-2340,0.03143245354294777
20170520_FIRE_pi-s-mobo-c,-2280,0.012438308447599411
20170520_FIRE_pi-s-mobo-c,-2220,0.020190369337797165
20170520_FIRE_pi-s-mobo-c,-2160,0.015466353856027126
20170520_FIRE_pi-s-mobo-c,-2100,0.013682371005415916
20170520_FIRE_pi-s-mobo-c,-2040,0.01206201035529375
20170520_FIRE_pi-s-mobo-c,-1980,0.011891449801623821
20170520_FIRE_pi-s-mobo-c,-1920,0.018287912011146545
20170520_FIRE_pi-s-mobo-c,-1860,0.01211368478834629
20170520_FIRE_pi-s-mobo-c,-1800,0.018062923103570938
20170520_FIRE_pi-s-mobo-c,-1740,0.020625827834010124
20170520_FIRE_pi-s-mobo-c,-1680,0.010969158262014389
20170520_FIRE_pi-s-mobo-c,-1620,0.006941000930964947
20170520_FIRE_pi-s-mobo-c,-1560,0.010974488221108913
20170520_FIRE_pi-s-mobo-c,-1500,0.009571212343871593
20170520_FIRE_pi-s-mobo-c,-1440,0.012063817121088505
20170520_FIRE_pi-s-mobo-c,-1380,0.011786775663495064
20170520_FIRE_pi-s-mobo-c,-1320,0.013406106270849705
20170520_FIRE_pi-s-mobo-c,-1260,0.008337863720953465
20170520_FIRE_pi-s-mobo-c,-1200,0.0045055365189909935
20170520_FIRE_pi-s-mobo-c,-1140,0.0027661591302603483
20170520_FIRE_pi-s-mobo-c,-1080,0.00798752997070551
20170520_FIRE_pi-s-mobo-c,-1020,0.011687131598591805
20170520_FIRE_pi-s-mobo-c,-960,0.013513917103409767
20170520_FIRE_pi-s-mobo-c,-900,0.0036950167268514633
20170520_FIRE_pi-s-mobo-c,-840,0.004580758046358824
20170520_FIRE_pi-s-mobo-c,-780,0.004615016747266054
20170520_FIRE_pi-s-mobo-c,-720,0.012010536156594753
20170520_FIRE_pi-s-mobo-c,-660,0.00554753327742219
20170520_FIRE_pi-s-mobo-c,-600,0.004776564426720142
20170520_FIRE_pi-s-mobo-c,-540,0.004503668285906315
20170520_FIRE_pi-s-mobo-c,-480,0.006269058678299189
20170520_FIRE_pi-s-mobo-c,-420,0.003804707434028387
20170520_FIRE_pi-s-mobo-c,-360,0.004965141881257296
20170520_FIRE_pi-s-mobo-c,-300,0.008016099222004414
20170520_FIRE_pi-s-mobo-c,-240,0.005969969555735588
20170520_FIRE_pi-s-mobo-c,-180,0.007091612089425325
20170520_FIRE_pi-s-mobo-c,-120,0.00478600338101387
20170520_FIRE_pi-s-mobo-c,-60,0.0034221899695694447
20170520_FIRE_pi-s-mobo-c,0,0.009239431470632553
20170520_FIRE_pi-s-mobo-c,60,0.005610283464193344
20170520_FIRE_pi-s-mobo-c,120,0.005367421079427004
20170520_FIRE_pi-s-mobo-c,180,0.005204931367188692
20170520_FIRE_pi-s-mobo-c,240,0.0035259020514786243
20170520_FIRE_pi-s-mobo-c,300,0.0037606372497975826
20170520_FIRE_pi-s-mobo-c,360,0.0034580130595713854
20170520_FIRE_pi-s-mobo-c,420,0.0023196495603770018
20170520_FIRE_pi-s-mobo-c,480,0.007882525213062763
20170520_FIRE_pi-s-mobo-c,540,0.003618919523432851
20170520_FIRE_pi-s-mobo-c,600,0.005754926707595587
20170520_FIRE_pi-s-mobo-c,660,0.005211465992033482
20170520_FIRE_pi-s-mobo-c,720,0.005643200594931841
20170520_FIRE_pi-s-mobo-c,780,0.00502883642911911
20170520_FIRE_pi-s-mobo-c,840,0.00239994702860713
20170520_FIRE_pi-s-mobo-c,900,0.002551791025325656
20170520_FIRE_pi-s-mobo-c,960,0.005065255798399448
20170520_FIRE_pi-s-mobo-c,1020,0.004089543595910072
20170520_FIRE_pi-s-mobo-c,1080,0.003885181387886405
20170520_FIRE_pi-s-mobo-c,1140,0.003705756040289998
20170520_FIRE_pi-s-mobo-c,1200,0.012836970388889313
20170520_FIRE_pi-s-mobo-c,1260,0.00804340373724699
20170520_FIRE_pi-s-mobo-c,1320,0.0022740860003978014
20170520_FIRE_pi-s-mobo-c,1380,0.007451404817402363
20170520_FIRE_pi-s-mobo-c,1440,0.0025753385853022337
20170520_FIRE_pi-s-mobo-c,1500,0.0018705673282966018
20170520_FIRE_pi-s-mobo-c,1560,0.016352517530322075
20170520_FIRE_pi-s-mobo-c,1620,0.03653867915272713
20170520_FIRE_pi-s-mobo-c,1680,0.1864505261182785
20170520_FIRE_pi-s-mobo-c,1740,0.3385365903377533
20170520_FIRE_pi-s-mobo-c,1800,0.23389503359794617
20170520_FIRE_pi-s-mobo-c,1860,0.44432777166366577
20170520_FIRE_pi-s-mobo-c,1920,0.44781601428985596
20170520_FIRE_pi-s-mobo-c,1980,0.3133408725261688
20170520_FIRE_pi-s-mobo-c,2040,0.27486974000930786
20170520_FIRE_pi-s-mobo-c,2100,0.35124140977859497
20170520_FIRE_pi-s-mobo-c,2160,0.45795613527297974
20170520_FIRE_pi-s-mobo-c,2220,0.2567005157470703
20170520_FIRE_pi-s-mobo-c,2280,0.20965105295181274
20170520_FIRE_pi-s-mobo-c,2340,0.14311572909355164
20170520_FIRE_pi-s-mobo-c,2400,0.006368218455463648
20170520_FIRE_pi-w-mobo-c,-2400,0.0014216426061466336
20170520_FIRE_pi-w-mobo-c,-2340,0.0024374062195420265
20170520_FIRE_pi-w-mobo-c,-2280,0.0036502075381577015
20170520_FIRE_pi-w-mobo-c,-2220,0.0023728646337985992
20170520_FIRE_pi-w-mobo-c,-2160,0.004009139258414507
20170520_FIRE_pi-w-mobo-c,-2100,0.001232034177519381
20170520_FIRE_pi-w-mobo-c,-2040,0.0
20170520_FIRE_pi-w-mobo-c,-1980,0.0017101477133110166
20170520_FIRE_pi-w-mobo-c,-1920,0.0026447249110788107
20170520_FIRE_pi-w-mobo-c,-1860,0.0012247540289536119
20170520_FIRE_pi-w-mobo-c,-1800,0.0018229384440928698
20170520_FIRE_pi-w-mobo-c,-1740,0.0018103523179888725
20170520_FIRE_pi-w-mobo-c,-1680,0.0023607700131833553
20170520_FIRE_pi-w-mobo-c,-1620,0.002463090233504772
20170520_FIRE_pi-w-mobo-c,-1560,0.0017817713087424636
20170520_FIRE_pi-w-mobo-c,-1500,0.00270900153554976
20170520_FIRE_pi-w-mobo-c,-1440,0.004260607063770294
20170520_FIRE_pi-w-mobo-c,-1380,0.0017724091885611415
20170520_FIRE_pi-w-mobo-c,-1320,0.001877714996226132
20170520_FIRE_pi-w-mobo-c,-1260,0.005329136271029711
20170520_FIRE_pi-w-mobo-c,-1200,0.0016296316171064973
20170520_FIRE_pi-w-mobo-c,-1140,0.005376363638788462
20170520_FIRE_pi-w-mobo-c,-1080,0.002859983127564192
20170520_FIRE_pi-w-mobo-c,-1020,0.0023300459142774343
20170520_FIRE_pi-w-mobo-c,-960,0.0015789330936968327
20170520_FIRE_pi-w-mobo-c,-900,0.0015160158509388566
20170520_FIRE_pi-w-mobo-c,-840,0.0026821207720786333
20170520_FIRE_pi-w-mobo-c,-780,0.0020768167451024055
20170520_FIRE_pi-w-mobo-c,-720,0.0018337727524340153
20170520_FIRE_pi-w-mobo-c,-660,0.001516788499429822
20170520_FIRE_pi-w-mobo-c,-600,0.0014478740049526095
20170520_FIRE_pi-w-mobo-c,-540,0.00118511903565377
20170520_FIRE_pi-w-mobo-c,-480,0.0
20170520_FIRE_pi-w-mobo-c,-420,0.0017042866675183177
20170520_FIRE_pi-w-mobo-c,-360,0.002247585216537118
20170520_FIRE_pi-w-mobo-c,-300,0.001112791826017201
20170520_FIRE_pi-w-mobo-c,-240,0.0
20170520_FIRE_pi-w-mobo-c,-180,0.0014166664332151413
20170520_FIRE_pi-w-mobo-c,-120,0.002335876924917102
20170520_FIRE_pi-w-mobo-c,-60,0.0020138341933488846
20170520_FIRE_pi-w-mobo-c,0,0.0013836806174367666
20170520_FIRE_pi-w-mobo-c,60,0.0027777913492172956
20170520_FIRE_pi-w-mobo-c,120,0.00481074582785368
20170520_FIRE_pi-w-mobo-c,180,0.0
20170520_FIRE_pi-w-mobo-c,240,0.003030372317880392
20170520_FIRE_pi-w-mobo-c,300,0.00752811087295413
20170520_FIRE_pi-w-mobo-c,360,0.4099966287612915
20170520_FIRE_pi-w-mobo-c,420,0.7667102217674255
20170520_FIRE_pi-w-mobo-c,480,0.8173628449440002
20170520_FIRE_pi-w-mobo-c,540,0.8384551405906677
20170520_FIRE_pi-w-mobo-c,600,0.826744556427002
20170520_FIRE_pi-w-mobo-c,660,0.8281784653663635
20170520_FIRE_pi-w-mobo-c,720,0.8544170260429382
20170520_FIRE_pi-w-mobo-c,780,0.8184523582458496
20170520_FIRE_pi-w-mobo-c,840,0.8268885016441345
20170520_FIRE_pi-w-mobo-c,900,0.8582525253295898
20170520_FIRE_pi-w-mobo-c,960,0.8426634073257446
20170520_FIRE_pi-w-mobo-c,1020,0.8401861786842346
20170520_FIRE_pi-w-mobo-c,1080,0.7987807989120483
20170520_FIRE_pi-w-mobo-c,1140,0.8048943281173706
20170520_FIRE_pi-w-mobo-c,1200,0.7516687512397766
20170520_FIRE_pi-w-mobo-c,1260,0.8556445837020874
20170520_FIRE_pi-w-mobo-c,1320,0.778083860874176
20170520_FIRE_pi-w-mobo-c,1380,0.7057589292526245
20170520_FIRE_pi-w-mobo-c,1440,0.8443315029144287
20170520_FIRE_pi-w-mobo-c,1500,0.7321015000343323
20170520_FIRE_pi-w-mobo-c,1560,0.557768702507019
20170520_FIRE_pi-w-mobo-c,1620,0.5409154891967773
20170520_FIRE_pi-w-mobo-c,1680,0.7390726804733276
20170520_FIRE_pi-w-mobo-c,1740,0.7554376721382141
20170520_FIRE_pi-w-mobo-c,1800,0.7906367182731628
20170520_FIRE_pi-w-mobo-c,1860,0.8544378280639648
20170520_FIRE_pi-w-mobo-c,1920,0.8722248077392578
20170520_FIRE_pi-w-mobo-c,1980,0.8346813917160034
20170520_FIRE_pi-w-mobo-c,2040,0.8490591645240784
20170520_FIRE_pi-w-mobo-c,2100,0.719664454460144
20170520_FIRE_pi-w-mobo-c,2160,0.7667238712310791
20170520_FIRE_pi-w-mobo-c,2220,0.7783967852592468
20170520_FIRE_pi-w-mobo-c,2280,0.814191460609436
20170520_FIRE_pi-w-mobo-c,2340,0.8056833744049072
20170520_FIRE_pi-w-mobo-c,2400,0.8209757804870605
20170609_FIRE_sm-n-mobo-c,-2400,0.00135496084112674
20170609_FIRE_sm-n-mobo-c,-2340,0.0
20170609_FIRE_sm-n-mobo-c,-2280,0.0
20170609_FIRE_sm-n-mobo-c,-2220,0.0
20170609_FIRE_sm-n-mobo-c,-2160,0.0
20170609_FIRE_sm-n-mobo-c,-2100,0.0
20170609_FIRE_sm-n-mobo-c,-2040,0.0
20170609_FIRE_sm-n-mobo-c,-1980,0.0
20170609_FIRE_sm-n-mobo-c,-1920,0.0
20170609_FIRE_sm-n-mobo-c,-1860,0.0
20170609_FIRE_sm-n-mobo-c,-1800,0.0
20170609_FIRE_sm-n-mobo-c,-1740,0.0
20170609_FIRE_sm-n-mobo-c,-1680,0.0
20170609_FIRE_sm-n-mobo-c,-1620,0.0
20170609_FIRE_sm-n-mobo-c,-1560,0.0
20170609_FIRE_sm-n-mobo-c,-1500,0.0
20170609_FIRE_sm-n-mobo-c,-1440,0.0
20170609_FIRE_sm-n-mobo-c,-1380,0.0
20170609_FIRE_sm-n-mobo-c,-1320,0.0
20170609_FIRE_sm-n-mobo-c,-1260,0.0
20170609_FIRE_sm-n-mobo-c,-1200,0.0
20170609_FIRE_sm-n-mobo-c,-1140,0.0
20170609_FIRE_sm-n-mobo-c,-1080,0.0
20170609_FIRE_sm-n-mobo-c,-1020,0.0
20170609_FIRE_sm-n-mobo-c,-960,0.0
20170609_FIRE_sm-n-mobo-c,-900,0.0
20170609_FIRE_sm-n-mobo-c,-840,0.0
20170609_FIRE_sm-n-mobo-c,-780,0.0
20170609_FIRE_sm-n-mobo-c,-720,0.0
20170609_FIRE_sm-n-mobo-c,-660,0.0
20170609_FIRE_sm-n-mobo-c,-600,0.0
20170609_FIRE_sm-n-mobo-c,-540,0.0011476841755211353
20170609_FIRE_sm-n-mobo-c,-480,0.0
20170609_FIRE_sm-n-mobo-c,-420,0.0
20170609_FIRE_sm-n-mobo-c,-360,0.0
20170609_FIRE_sm-n-mobo-c,-300,0.0
20170609_FIRE_sm-n-mobo-c,-240,0.0
20170609_FIRE_sm-n-mobo-c,-180,0.0
20170609_FIRE_sm-n-mobo-c,-120,0.0
20170609_FIRE_sm-n-mobo-c,-60,0.0
20170609_FIRE_sm-n-mobo-c,0,0.0
20170609_FIRE_sm-n-mobo-c,60,0.0
20170609_FIRE_sm-n-mobo-c,120,0.0
20170609_FIRE_sm-n-mobo-c,180,0.0
20170609_FIRE_sm-n-mobo-c,240,0.0
20170609_FIRE_sm-n-mobo-c,300,0.0
20170609_FIRE_sm-n-mobo-c,360,0.0
20170609_FIRE_sm-n-mobo-c,420,0.0026299050077795982
20170609_FIRE_sm-n-mobo-c,480,0.0
20170609_FIRE_sm-n-mobo-c,540,0.010838337242603302
20170609_FIRE_sm-n-mobo-c,600,0.0015924733597785234
20170609_FIRE_sm-n-mobo-c,660,0.0
20170609_FIRE_sm-n-mobo-c,720,0.0031003733165562153
20170609_FIRE_sm-n-mobo-c,780,0.002690546913072467
20170609_FIRE_sm-n-mobo-c,840,0.0
20170609_FIRE_sm-n-mobo-c,900,0.0
20170609_FIRE_sm-n-mobo-c,960,0.0
20170609_FIRE_sm-n-mobo-c,1020,0.0
20170609_FIRE_sm-n-mobo-c,1080,0.0
20170609_FIRE_sm-n-mobo-c,1140,0.0
20170609_FIRE_sm-n-mobo-c,1200,0.0
20170609_FIRE_sm-n-mobo-c,1260,0.00426784111186862
20170609_FIRE_sm-n-mobo-c,1320,0.0
20170609_FIRE_sm-n-mobo-c,1380,0.0
20170609_FIRE_sm-n-mobo-c,1440,0.0
20170609_FIRE_sm-n-mobo-c,1500,0.0
20170609_FIRE_sm-n-mobo-c,1560,0.28631269931793213
20170609_FIRE_sm-n-mobo-c,1620,0.27979281544685364
20170609_FIRE_sm-n-mobo-c,1680,0.06362207233905792
20170609_FIRE_sm-n-mobo-c,1740,0.23535089194774628
20170609_FIRE_sm-n-mobo-c,1800,0.19525174796581268
20170609_FIRE_sm-n-mobo-c,1860,0.6181784868240356
20170609_FIRE_sm-n-mobo-c,1920,0.3216732442378998
20170609_FIRE_sm-n-mobo-c,1980,0.2514834702014923
20170609_FIRE_sm-n-mobo-c,2040,0.512980043888092
20170609_FIRE_sm-n-mobo-c,2100,0.466303288936615
20170609_FIRE_sm-n-mobo-c,2160,0.46999698877334595
20170609_FIRE_sm-n-mobo-c,2220,0.2831215560436249
20170609_FIRE_sm-n-mobo-c,2280,0.19032585620880127
20170609_FIRE_sm-n-mobo-c,2340,0.1891787350177765
20170609_FIRE_sm-n-mobo-c,2400,0.3894787132740021
20170613_FIRE_bh-w-mobo-c,-2400,0.002039835089817643
20170613_FIRE_bh-w-mobo-c,-2340,0.0
20170613_FIRE_bh-w-mobo-c,-2280,0.0
20170613_FIRE_bh-w-mobo-c,-2220,0.0019626952707767487
20170613_FIRE_bh-w-mobo-c,-2160,0.008633298799395561
20170613_FIRE_bh-w-mobo-c,-2100,0.0011536611709743738
20170613_FIRE_bh-w-mobo-c,-2040,0.0
20170613_FIRE_bh-w-mobo-c,-1980,0.0
20170613_FIRE_bh-w-mobo-c,-1920,0.0
20170613_FIRE_bh-w-mobo-c,-1860,0.0017541834386065602
20170613_FIRE_bh-w-mobo-c,-1800,0.0010047857649624348
20170613_FIRE_bh-w-mobo-c,-1740,0.0
20170613_FIRE_bh-w-mobo-c,-1680,0.0016372926766052842
20170613_FIRE_bh-w-mobo-c,-1620,0.0
20170613_FIRE_bh-w-mobo-c,-1560,0.0010772680398076773
20170613_FIRE_bh-w-mobo-c,-1500,0.0011895914794877172
20170613_FIRE_bh-w-mobo-c,-1440,0.0
20170613_FIRE_bh-w-mobo-c,-1380,0.0029008963610976934
20170613_FIRE_bh-w-mobo-c,-1320,0.0
20170613_FIRE_bh-w-mobo-c,-1260,0.0011648951331153512
20170613_FIRE_bh-w-mobo-c,-1200,0.0
20170613_FIRE_bh-w-mobo-c,-1140,0.0032915978226810694
20170613_FIRE_bh-w-mobo-c,-1080,0.001045877463184297
20170613_FIRE_bh-w-mobo-c,-1020,0.004591943230479956
20170613_FIRE_bh-w-mobo-c,-960,0.0023914624471217394
20170613_FIRE_bh-w-mobo-c,-900,0.0018926518969237804
20170613_FIRE_bh-w-mobo-c,-840,0.002224455587565899
20170613_FIRE_bh-w-mobo-c,-780,0.0021910718642175198
20170613_FIRE_bh-w-mobo-c,-720,0.0011506726732477546
20170613_FIRE_bh-w-mobo-c,-660,0.00148645113222301
20170613_FIRE_bh-w-mobo-c,-600,0.002087062457576394
20170613_FIRE_bh-w-mobo-c,-540,0.0
20170613_FIRE_bh-w-mobo-c,-480,0.009755265899002552
20170613_FIRE_bh-w-mobo-c,-420,0.002751841675490141
20170613_FIRE_bh-w-mobo-c,-360,0.0023270007222890854
20170613_FIRE_bh-w-mobo-c,-300,0.0038917677011340857
20170613_FIRE_bh-w-mobo-c,-240,0.0
20170613_FIRE_bh-w-mobo-c,-180,0.0
20170613_FIRE_bh-w-mobo-c,-120,0.002666016109287739
20170613_FIRE_bh-w-mobo-c,-60,0.0014593842206522822
20170613_FIRE_bh-w-mobo-c,0,0.0023018354550004005
20170613_FIRE_bh-w-mobo-c,60,0.007162358146160841
20170613_FIRE_bh-w-mobo-c,120,0.0018903175368905067
20170613_FIRE_bh-w-mobo-c,180,0.003755806013941765
20170613_FIRE_bh-w-mobo-c,240,0.0037680440582334995
20170613_FIRE_bh-w-mobo-c,300,0.006456970702856779
20170613_FIRE_bh-w-mobo-c,360,0.03501969203352928
20170613_FIRE_bh-w-mobo-c,420,0.12475357204675674
20170613_FIRE_bh-w-mobo-c,480,0.194387748837471
20170613_FIRE_bh-w-mobo-c,540,0.08578748255968094
20170613_FIRE_bh-w-mobo-c,600,0.11598774790763855
20170613_FIRE_bh-w-mobo-c,660,0.052315641194581985
20170613_FIRE_bh-w-mobo-c,720,0.010694878175854683
20170613_FIRE_bh-w-mobo-c,780,0.0017973155481740832
20170613_FIRE_bh-w-mobo-c,840,0.002428577048704028
20170613_FIRE_bh-w-mobo-c,900,0.0016400737222284079
20170613_FIRE_bh-w-mobo-c,960,0.0018100541783496737
20170613_FIRE_bh-w-mobo-c,1020,0.0
20170613_FIRE_bh-w-mobo-c,1080,0.006193304434418678
20170613_FIRE_bh-w-mobo-c,1140,0.002256178529933095
20170613_FIRE_bh-w-mobo-c,1200,0.0015736634377390146
20170613_FIRE_bh-w-mobo-c,1260,0.0010681144194677472
20170613_FIRE_bh-w-mobo-c,1320,0.0031180232763290405
20170613_FIRE_bh-w-mobo-c,1380,0.029887167736887932
20170613_FIRE_bh-w-mobo-c,1440,0.0010011423146352172
20170613_FIRE_bh-w-mobo-c,1500,0.0
20170613_FIRE_bh-w-mobo-c,1560,0.0
20170613_FIRE_bh-w-mobo-c,1620,0.002019122475758195
20170613_FIRE_bh-w-mobo-c,1680,0.0022343038581311703
20170613_FIRE_bh-w-mobo-c,1740,0.004278143402189016
20170613_FIRE_bh-w-mobo-c,1800,0.013111086562275887
20170613_FIRE_bh-w-mobo-c,1860,0.023271819576621056
20170613_FIRE_bh-w-mobo-c,1920,0.01345926895737648
20170613_FIRE_bh-w-mobo-c,1980,0.008216945454478264
20170613_FIRE_bh-w-mobo-c,2040,0.008875565603375435
20170613_FIRE_bh-w-mobo-c,2100,0.0039113108068704605
20170613_FIRE_bh-w-mobo-c,2160,0.006758884061127901
20170613_FIRE_bh-w-mobo-c,2220,0.0025914942380040884
20170613_FIRE_bh-w-mobo-c,2280,0.011043897829949856
20170613_FIRE_bh-w-mobo-c,2340,0.010255733504891396
20170613_FIRE_bh-w-mobo-c,2400,0.002098053228110075
20170613_FIRE_hp-n-mobo-c,-2400,0.005232769530266523
20170613_FIRE_hp-n-mobo-c,-2340,0.0018935322295874357
20170613_FIRE_hp-n-mobo-c,-2280,0.0011065918952226639
20170613_FIRE_hp-n-mobo-c,-2220,0.0011811109725385904
20170613_FIRE_hp-n-mobo-c,-2160,0.0010178015800192952
20170613_FIRE_hp-n-mobo-c,-2100,0.0013503874652087688
20170613_FIRE_hp-n-mobo-c,-2040,0.0
20170613_FIRE_hp-n-mobo-c,-1980,0.001079800189472735
20170613_FIRE_hp-n-mobo-c,-1920,0.001816401956602931
20170613_FIRE_hp-n-mobo-c,-1860,0.001198769430629909
20170613_FIRE_hp-n-mobo-c,-1800,0.0012290370650589466
20170613_FIRE_hp-n-mobo-c,-1740,0.0
20170613_FIRE_hp-n-mobo-c,-1680,0.0
20170613_FIRE_hp-n-mobo-c,-1620,0.0
20170613_FIRE_hp-n-mobo-c,-1560,0.001758055412210524
20170613_FIRE_hp-n-mobo-c,-1500,0.0
20170613_FIRE_hp-n-mobo-c,-1440,0.0
20170613_FIRE_hp-n-mobo-c,-1380,0.0
20170613_FIRE_hp-n-mobo-c,-1320,0.0
20170613_FIRE_hp-n-mobo-c,-1260,0.0
20170613_FIRE_hp-n-mobo-c,-1200,0.001959404442459345
20170613_FIRE_hp-n-mobo-c,-1140,0.0020834417082369328
20170613_FIRE_hp-n-mobo-c,-1080,0.0012311917962506413
20170613_FIRE_hp-n-mobo-c,-1020,0.0
20170613_FIRE_hp-n-mobo-c,-960,0.0
20170613_FIRE_hp-n-mobo-c,-900,0.0
20170613_FIRE_hp-n-mobo-c,-840,0.0011792375007644296
20170613_FIRE_hp-n-mobo-c,-780,0.0
20170613_FIRE_hp-n-mobo-c,-720,0.0
20170613_FIRE_hp-n-mobo-c,-660,0.0
20170613_FIRE_hp-n-mobo-c,-600,0.0
20170613_FIRE_hp-n-mobo-c,-540,0.0011740223271772265
20170613_FIRE_hp-n-mobo-c,-480,0.0021771809551864862
20170613_FIRE_hp-n-mobo-c,-420,0.0
20170613_FIRE_hp-n-mobo-c,-360,0.0014142111176624894
20170613_FIRE_hp-n-mobo-c,-300,0.0
20170613_FIRE_hp-n-mobo-c,-240,0.0
20170613_FIRE_hp-n-mobo-c,-180,0.001854368718340993
20170613_FIRE_hp-n-mobo-c,-120,0.0012355325743556023
20170613_FIRE_hp-n-mobo-c,-60,0.0011081668781116605
20170613_FIRE_hp-n-mobo-c,0,0.0
20170613_FIRE_hp-n-mobo-c,60,0.0
20170613_FIRE_hp-n-mobo-c,120,0.0512453094124794
20170613_FIRE_hp-n-mobo-c,180,0.0
20170613_FIRE_hp-n-mobo-c,240,0.0024717836640775204
20170613_FIRE_hp-n-mobo-c,300,0.00284588523209095
20170613_FIRE_hp-n-mobo-c,360,0.003619157010689378
20170613_FIRE_hp-n-mobo-c,420,0.016400963068008423
20170613_FIRE_hp-n-mobo-c,480,0.0027088376227766275
20170613_FIRE_hp-n-mobo-c,540,0.001533670350909233
20170613_FIRE_hp-n-mobo-c,600,0.0
20170613_FIRE_hp-n-mobo-c,660,0.05777902156114578
20170613_FIRE_hp-n-mobo-c,720,0.34829914569854736
20170613_FIRE_hp-n-mobo-c,780,0.7408111691474915
20170613_FIRE_hp-n-mobo-c,840,0.7932925820350647
20170613_FIRE_hp-n-mobo-c,900,0.7593203186988831
20170613_FIRE_hp-n-mobo-c,960,0.6798663139343262
20170613_FIRE_hp-n-mobo-c,1020,0.6931302547454834
20170613_FIRE_hp-n-mobo-c,1080,0.21546614170074463
20170613_FIRE_hp-n-mobo-c,1140,0.029138104990124702
20170613_FIRE_hp-n-mobo-c,1200,0.10167370736598969
20170613_FIRE_hp-n-mobo-c,1260,0.0
20170613_FIRE_hp-n-mobo-c,1320,0.31962648034095764
20170613_FIRE_hp-n-mobo-c,1380,0.7377337217330933
20170613_FIRE_hp-n-mobo-c,1440,0.8080099821090698
20170613_FIRE_hp-n-mobo-c,1500,0.7695961594581604
20170613_FIRE_hp-n-mobo-c,1560,0.7988788485527039
20170613_FIRE_hp-n-mobo-c,1620,0.5825559496879578
20170613_FIRE_hp-n-mobo-c,1680,0.6956852674484253
20170613_FIRE_hp-n-mobo-c,1740,0.7927276492118835
20170613_FIRE_hp-n-mobo-c,1800,0.7246517539024353
20170613_FIRE_hp-n-mobo-c,1860,0.5044305920600891
20170613_FIRE_hp-n-mobo-c,1920,0.7138763070106506
20170613_FIRE_hp-n-mobo-c,1980,0.7935203313827515
20170613_FIRE_hp-n-mobo-c,2040,0.7646077275276184
20170613_FIRE_hp-n-mobo-c,2100,0.4656450152397156
20170613_FIRE_hp-n-mobo-c,2160,0.07312297075986862
20170613_FIRE_hp-n-mobo-c,2220,0.36330080032348633
20170613_FIRE_hp-n-mobo-c,2280,0.18683680891990662
20170613_FIRE_hp-n-mobo-c,2340,0.4129462242126465
20170613_FIRE_hp-n-mobo-c,2400,0.316844642162323
20170625_BBM_bm-n-mobo,-2400,0.01719040796160698
20170625_BBM_bm-n-mobo,-2340,0.025964705273509026
20170625_BBM_bm-n-mobo,-2280,0.016032516956329346
20170625_BBM_bm-n-mobo,-2220,0.10870922356843948
20170625_BBM_bm-n-mobo,-2160,0.010258144699037075
20170625_BBM_bm-n-mobo,-2100,0.07803033292293549
20170625_BBM_bm-n-mobo,-2040,0.04196915775537491
20170625_BBM_bm-n-mobo,-1980,0.060221415013074875
20170625_BBM_bm-n-mobo,-1920,0.05360995605587959
20170625_BBM_bm-n-mobo,-1860,0.05085213854908943
20170625_BBM_bm-n-mobo,-1800,0.013421092182397842
20170625_BBM_bm-n-mobo,-1740,0.019439993426203728
20170625_BBM_bm-n-mobo,-1680,0.013795915991067886
20170625_BBM_bm-n-mobo,-1620,0.017870333045721054
20170625_BBM_bm-n-mobo,-1560,0.260780394077301
20170625_BBM_bm-n-mobo,-1500,0.09787563234567642
20170625_BBM_bm-n-mobo,-1440,0.10290002822875977
20170625_BBM_bm-n-mobo,-1380,0.04469550773501396
20170625_BBM_bm-n-mobo,-1320,0.1245562732219696
20170625_BBM_bm-n-mobo,-1260,0.07534659653902054
20170625_BBM_bm-n-mobo,-1200,0.01090933382511139
20170625_BBM_bm-n-mobo,-1140,0.027633026242256165
20170625_BBM_bm-n-mobo,-1080,0.1476556658744812
20170625_BBM_bm-n-mobo,-1020,0.06371573358774185
20170625_BBM_bm-n-mobo,-960,0.18791691958904266
20170625_BBM_bm-n-mobo,-900,0.04541211947798729
20170625_BBM_bm-n-mobo,-840,0.018283937126398087
20170625_BBM_bm-n-mobo,-780,0.08050475269556046
20170625_BBM_bm-n-mobo,-720,0.07142967730760574
20170625_BBM_bm-n-mobo,-660,0.027863454073667526
20170625_BBM_bm-n-mobo,-600,0.04849609360098839
20170625_BBM_bm-n-mobo,-540,0.11818977445363998
20170625_BBM_bm-n-mobo,-480,0.07625258713960648
20170625_BBM_bm-n-mobo,-420,0.028651520609855652
20170625_BBM_bm-n-mobo,-360,0.012634261511266232
20170625_BBM_bm-n-mobo,-300,0.021577922627329826
20170625_BBM_bm-n-mobo,-240,0.008273088373243809
20170625_BBM_bm-n-mobo,-180,0.019355544820427895
20170625_BBM_bm-n-mobo,-120,0.008137796074151993
20170625_BBM_bm-n-mobo,-60,0.015127957798540592
20170625_BBM_bm-n-mobo,0,0.014031405560672283
20170625_BBM_bm-n-mobo,60,0.012432639487087727
20170625_BBM_bm-n-mobo,120,0.07779765129089355
20170625_BBM_bm-n-mobo,180,0.050512030720710754
20170625_BBM_bm-n-mobo,240,0.019531425088644028
20170625_BBM_bm-n-mobo,300,0.015203291550278664
20170625_BBM_bm-n-mobo,360,0.022284112870693207
20170625_BBM_bm-n-mobo,420,0.018176233395934105
20170625_BBM_bm-n-mobo,480,0.7324948906898499
20170625_BBM_bm-n-mobo,540,0.324920117855072
20170625_BBM_bm-n-mobo,600,0.19191521406173706
20170625_BBM_bm-n-mobo,660,0.6396929621696472
20170625_BBM_bm-n-mobo,720,0.3721943795681
20170625_BBM_bm-n-mobo,780,0.42205294966697693
20170625_BBM_bm-n-mobo,840,0.6556639075279236
20170625_BBM_bm-n-mobo,900,0.60614013671875
20170625_BBM_bm-n-mobo,960,0.736988365650177
20170625_BBM_bm-n-mobo,1020,0.5589513778686523
20170625_BBM_bm-n-mobo,1080,0.34606313705444336
20170625_BBM_bm-n-mobo,1140,0.6806024312973022
20170625_BBM_bm-n-mobo,1200,0.4694586396217346
20170625_BBM_bm-n-mobo,1260,0.6385518312454224
20170625_BBM_bm-n-mobo,1320,0.7651986479759216
20170625_BBM_bm-n-mobo,1380,0.6568872332572937
20170625_BBM_bm-n-mobo,1440,0.6276454925537109
20170625_BBM_bm-n-mobo,1500,0.6128355264663696
20170625_BBM_bm-n-mobo,1560,0.6791586875915527
20170625_BBM_bm-n-mobo,1620,0.8307367563247681
20170625_BBM_bm-n-mobo,1680,0.7484221458435059
20170625_BBM_bm-n-mobo,1740,0.8629283905029297
20170625_BBM_bm-n-mobo,1800,0.6715357899665833
20170625_BBM_bm-n-mobo,1860,0.8203592896461487
20170625_BBM_bm-n-mobo,1920,0.8255197405815125
20170625_BBM_bm-n-mobo,1980,0.8701186180114746
20170625_BBM_bm-n-mobo,2040,0.8204991817474365
20170625_BBM_bm-n-mobo,2100,0.8059090375900269
20170625_BBM_bm-n-mobo,2160,0.6608105301856995
20170625_BBM_bm-n-mobo,2220,0.8089613318443298
20170625_BBM_bm-n-mobo,2280,0.6091479659080505
20170625_BBM_bm-n-mobo,2340,0.7249046564102173
20170625_BBM_bm-n-mobo,2400,0.7778139710426331
20170625_FIRE_mg-s-iqeye,-2400,0.5459471344947815
20170625_FIRE_mg-s-iqeye,-2340,0.5672627687454224
20170625_FIRE_mg-s-iqeye,-2280,0.5270129442214966
20170625_FIRE_mg-s-iqeye,-2220,0.4930974841117859
20170625_FIRE_mg-s-iqeye,-2160,0.538818359375
20170625_FIRE_mg-s-iqeye,-2100,0.5631819367408752
20170625_FIRE_mg-s-iqeye,-2040,0.5433657169342041
20170625_FIRE_mg-s-iqeye,-1980,0.5703176259994507
20170625_FIRE_mg-s-iqeye,-1920,0.5283921360969543
20170625_FIRE_mg-s-iqeye,-1860,0.5013116002082825
20170625_FIRE_mg-s-iqeye,-1800,0.5319606065750122
20170625_FIRE_mg-s-iqeye,-1740,0.5527617335319519
20170625_FIRE_mg-s-iqeye,-1680,0.5675203800201416
20170625_FIRE_mg-s-iqeye,-1620,0.52769935131073
20170625_FIRE_mg-s-iqeye,-1560,0.568813145160675
20170625_FIRE_mg-s-iqeye,-1500,0.5560242533683777
20170625_FIRE_mg-s-iqeye,-1440,0.525205135345459
20170625_FIRE_mg-s-iqeye,-1380,0.523476779460907
20170625_FIRE_mg-s-iqeye,-1320,0.5555642247200012
20170625_FIRE_mg-s-iqeye,-1260,0.5721035003662109
20170625_FIRE_mg-s-iqeye,-1200,0.5519245862960815
20170625_FIRE_mg-s-iqeye,-1140,0.5827428102493286
20170625_FIRE_mg-s-iqeye,-1080,0.4575674533843994
20170625_FIRE_mg-s-iqeye,-1020,0.5088147521018982
20170625_FIRE_mg-s-iqeye,-960,0.5693638920783997
20170625_FIRE_mg-s-iqeye,-900,0.5599909424781799
20170625_FIRE_mg-s-iqeye,-840,0.5229909420013428
20170625_FIRE_mg-s-iqeye,-780,0.5482677221298218
20170625_FIRE_mg-s-iqeye,-720,0.5498456954956055
20170625_FIRE_mg-s-iqeye,-660,0.5195708274841309
20170625_FIRE_mg-s-iqeye,-600,0.5416737198829651
20170625_FIRE_mg-s-iqeye,-540,0.6026247143745422
20170625_FIRE_mg-s-iqeye,-480,0.5253198146820068
20170625_FIRE_mg-s-iqeye,-420,0.580655038356781
20170625_FIRE_mg-s-iqeye,-360,0.5211389660835266
20170625_FIRE_mg-s-iqeye,-300,0.5283957719802856
20170625_FIRE_mg-s-iqeye,-240,0.545144259929657
20170625_FIRE_mg-s-iqeye,-180,0.49542900919914246
20170625_FIRE_mg-s-iqeye,-120,0.5421655178070068
20170625_FIRE_mg-s-iqeye,-60,0.5368412137031555
20170625_FIRE_mg-s-iqeye,0,0.5072914958000183
20170625_FIRE_mg-s-iqeye,60,0.557623565196991
20170625_FIRE_mg-s-iqeye,120,0.5099378824234009
20170625_FIRE_mg-s-iqeye,180,0.5330793857574463
20170625_FIRE_mg-s-iqeye,240,0.5561032295227051
20170625_FIRE_mg-s-iqeye,300,0.5380926132202148
20170625_FIRE_mg-s-iqeye,360,0.5300725102424622
20170625_FIRE_mg-s-iqeye,420,0.46884962916374207
20170625_FIRE_mg-s-iqeye,480,0.5581980347633362
20170625_FIRE_mg-s-iqeye,540,0.5194533467292786
20170625_FIRE_mg-s-iqeye,600,0.5534594655036926
20170625_FIRE_mg-s-iqeye,660,0.533465564250946
20170625_FIRE_mg-s-iqeye,720,0.6040436029434204
20170625_FIRE_mg-s-iqeye,780,0.5255063772201538
20170625_FIRE_mg-s-iqeye,840,0.5387731790542603
20170625_FIRE_mg-s-iqeye,900,0.5403498411178589
20170625_FIRE_mg-s-iqeye,960,0.5302982926368713
20170625_FIRE_mg-s-iqeye,1020,0.4983527362346649
20170625_FIRE_mg-s-iqeye,1080,0.5304919481277466
20170625_FIRE_mg-s-iqeye,1140,0.4939402937889099
20170625_FIRE_mg-s-iqeye,1200,0.5328344106674194
20170625_FIRE_mg-s-iqeye,1260,0.8279290199279785
20170625_FIRE_mg-s-iqeye,1320,0.47430694103240967
20170625_FIRE_mg-s-iqeye,1380,0.5697724223136902
20170625_FIRE_mg-s-iqeye,1440,0.47261500358581543
20170625_FIRE_mg-s-iqeye,1500,0.49275487661361694
20170625_FIRE_mg-s-iqeye,1560,0.7265073657035828
20170625_FIRE_mg-s-iqeye,1620,0.765372097492218
20170625_FIRE_mg-s-iqeye,1680,0.5358200073242188
20170625_FIRE_mg-s-iqeye,1740,0.8212997913360596
20170625_FIRE_mg-s-iqeye,1800,0.8353091478347778
20170625_FIRE_mg-s-iqeye,1860,0.5057888031005859
20170625_FIRE_mg-s-iqeye,1920,0.8242271542549133
20170625_FIRE_mg-s-iqeye,1980,0.79803067445755
20170625_FIRE_mg-s-iqeye,2040,0.816990077495575
20170625_FIRE_mg-s-iqeye,2100,0.625471830368042
20170625_FIRE_mg-s-iqeye,2160,0.7529025077819824
20170625_FIRE_mg-s-iqeye,2220,0.8025675415992737
20170625_FIRE_mg-s-iqeye,2280,0.7424924969673157
20170625_FIRE_mg-s-iqeye,2340,0.5381117463111877
20170625_FIRE_mg-s-iqeye,2400,0.7985089421272278
20170627_FIRE_lp-n-iqeye,-2400,0.0019703786820173264
20170627_FIRE_lp-n-iqeye,-2340,0.0034880570601671934
20170627_FIRE_lp-n-iqeye,-2280,0.003985473420470953
20170627_FIRE_lp-n-iqeye,-2220,0.0025567025877535343
20170627_FIRE_lp-n-iqeye,-2160,0.0024627819657325745
20170627_FIRE_lp-n-iqeye,-2100,0.001153832650743425
20170627_FIRE_lp-n-iqeye,-2040,0.005221482831984758
20170627_FIRE_lp-n-iqeye,-1980,0.007138580083847046
20170627_FIRE_lp-n-iqeye,-1920,0.004871657583862543
20170627_FIRE_lp-n-iqeye,-1860,0.0037840050645172596
20170627_FIRE_lp-n-iqeye,-1800,0.006520639639347792
20170627_FIRE_lp-n-iqeye,-1740,0.008864108473062515
20170627_FIRE_lp-n-iqeye,-1680,0.006641339510679245
20170627_FIRE_lp-n-iqeye,-1620,0.0017766054952517152
20170627_FIRE_lp-n-iqeye,-1560,0.01272076740860939
20170627_FIRE_lp-n-iqeye,-1500,0.0035038096830248833
20170627_FIRE_lp-n-iqeye,-1440,0.01115303486585617
20170627_FIRE_lp-n-iqeye,-1380,0.0045915222726762295
20170627_FIRE_lp-n-iqeye,-1320,0.0031585595570504665
20170627_FIRE_lp-n-iqeye,-1260,0.009909986518323421
20170627_FIRE_lp-n-iqeye,-1200,0.001956612803041935
20170627_FIRE_lp-n-iqeye,-1140,0.0027777014765888453
20170627_FIRE_lp-n-iqeye,-1080,0.002724394202232361
20170627_FIRE_lp-n-iqeye,-1020,0.004336133599281311
20170627_FIRE_lp-n-iqeye,-960,0.004625268280506134
20170627_FIRE_lp-n-iqeye,-900,0.0031815897673368454
20170627_FIRE_lp-n-iqeye,-840,0.0017595004756003618
20170627_FIRE_lp-n-iqeye,-780,0.0017153394874185324
20170627_FIRE_lp-n-iqeye,-720,0.003965331241488457
20170627_FIRE_lp-n-iqeye,-660,0.002053182804957032
20170627_FIRE_lp-n-iqeye,-600,0.001806864282116294
20170627_FIRE_lp-n-iqeye,-540,0.004036374855786562
20170627_FIRE_lp-n-iqeye,-480,0.004520665854215622
20170627_FIRE_lp-n-iqeye,-420,0.003081982024013996
20170627_FIRE_lp-n-iqeye,-360,0.0030700587667524815
20170627_FIRE_lp-n-iqeye,-300,0.0035118369851261377
20170627_FIRE_lp-n-iqeye,-240,0.00475025549530983
20170627_FIRE_lp-n-iqeye,-180,0.004665466025471687
20170627_FIRE_lp-n-iqeye,-120,0.006428294349461794
20170627_FIRE_lp-n-iqeye,-60,0.005862283520400524
20170627_FIRE_lp-n-iqeye,0,0.005035866983234882
20170627_FIRE_lp-n-iqeye,60,0.0052775549702346325
20170627_FIRE_lp-n-iqeye,120,0.006841071881353855
20170627_FIRE_lp-n-iqeye,180,0.004907256457954645
20170627_FIRE_lp-n-iqeye,240,0.003732528770342469
20170627_FIRE_lp-n-iqeye,300,0.004619305487722158
20170627_FIRE_lp-n-iqeye,360,0.004707503132522106
20170627_FIRE_lp-n-iqeye,420,0.00881288293749094
20170627_FIRE_lp-n-iqeye,480,0.003804161911830306
20170627_FIRE_lp-n-iqeye,540,0.009344438090920448
20170627_FIRE_lp-n-iqeye,600,0.0038517978973686695
20170627_FIRE_lp-n-iqeye,660,0.00613189022988081
20170627_FIRE_lp-n-iqeye,720,0.003582647303119302
20170627_FIRE_lp-n-iqeye,780,0.006823072675615549
20170627_FIRE_lp-n-iqeye,840,0.007015627343207598
20170627_FIRE_lp-n-iqeye,900,0.00662114517763257
20170627_FIRE_lp-n-iqeye,960,0.00556801026687026
20170627_FIRE_lp-n-iqeye,1020,0.008728365413844585
20170627_FIRE_lp-n-iqeye,1080,0.005510865245014429
20170627_FIRE_lp-n-iqeye,1140,0.008331329561769962
20170627_FIRE_lp-n-iqeye,1200,0.008364399895071983
20170627_FIRE_lp-n-iqeye,1260,0.00601116381585598
20170627_FIRE_lp-n-iqeye,1320,0.005586006212979555
20170627_FIRE_lp-n-iqeye,1380,0.005589193664491177
20170627_FIRE_lp-n-iqeye,1440,0.008431614376604557
20170627_FIRE_lp-n-iqeye,1500,0.005500920116901398
20170627_FIRE_lp-n-iqeye,1560,0.004823034163564444
20170627_FIRE_lp-n-iqeye,1620,0.008338266052305698
20170627_FIRE_lp-n-iqeye,1680,0.00787755660712719
20170627_FIRE_lp-n-iqeye,1740,0.005941021256148815
20170627_FIRE_lp-n-iqeye,1800,0.0033430259209126234
20170627_FIRE_lp-n-iqeye,1860,0.0073460242711007595
20170627_FIRE_lp-n-iqeye,1920,0.004760578274726868
20170627_FIRE_lp-n-iqeye,1980,0.004614103119820356
20170627_FIRE_lp-n-iqeye,2040,0.005651750601828098
20170627_FIRE_lp-n-iqeye,2100,0.004118609707802534
20170627_FIRE_lp-n-iqeye,2160,0.004075665958225727
20170627_FIRE_lp-n-iqeye,2220,0.004519333131611347
20170627_FIRE_lp-n-iqeye,2280,0.0022021636832505465
20170627_FIRE_lp-n-iqeye,2340,0.01365362387150526
20170627_FIRE_lp-n-iqeye,2400,0.00775899738073349
20170627_FIRE_om-e-mobo-c,-2400,0.10583633929491043
20170627_FIRE_om-e-mobo-c,-2340,0.15638765692710876
20170627_FIRE_om-e-mobo-c,-2280,0.1866583675146103
20170627_FIRE_om-e-mobo-c,-2220,0.32435888051986694
20170627_FIRE_om-e-mobo-c,-2160,0.48406967520713806
20170627_FIRE_om-e-mobo-c,-2100,0.32434093952178955
20170627_FIRE_om-e-mobo-c,-2040,0.30673691630363464
20170627_FIRE_om-e-mobo-c,-1980,0.19318795204162598
20170627_FIRE_om-e-mobo-c,-1920,0.1522465944290161
20170627_FIRE_om-e-mobo-c,-1860,0.17082326114177704
20170627_FIRE_om-e-mobo-c,-1800,0.14383278787136078
20170627_FIRE_om-e-mobo-c,-1740,0.2849248945713043
20170627_FIRE_om-e-mobo-c,-1680,0.05516264587640762
20170627_FIRE_om-e-mobo-c,-1620,0.02054402232170105
20170627_FIRE_om-e-mobo-c,-1560,0.057551492005586624
20170627_FIRE_om-e-mobo-c,-1500,0.13143399357795715
20170627_FIRE_om-e-mobo-c,-1440,0.27765652537345886
20170627_FIRE_om-e-mobo-c,-1380,0.11606140434741974
20170627_FIRE_om-e-mobo-c,-1320,0.24508483707904816
20170627_FIRE_om-e-mobo-c,-1260,0.18882158398628235
20170627_FIRE_om-e-mobo-c,-1200,0.07983078807592392
20170627_FIRE_om-e-mobo-c,-1140,0.0012498260475695133
20170627_FIRE_om-e-mobo-c,-1080,0.0024192973505705595
20170627_FIRE_om-e-mobo-c,-1020,0.0011682398617267609
20170627_FIRE_om-e-mobo-c,-960,0.001790123526006937
20170627_FIRE_om-e-mobo-c,-900,0.0018868938786908984
20170627_FIRE_om-e-mobo-c,-840,0.0
20170627_FIRE_om-e-mobo-c,-780,0.0015211449936032295
20170627_FIRE_om-e-mobo-c,-720,0.0022263105493038893
20170627_FIRE_om-e-mobo-c,-660,0.0013680552365258336
20170627_FIRE_om-e-mobo-c,-600,0.0
20170627_FIRE_om-e-mobo-c,-540,0.0
20170627_FIRE_om-e-mobo-c,-480,0.0
20170627_FIRE_om-e-mobo-c,-420,0.002691071480512619
20170627_FIRE_om-e-mobo-c,-360,0.0
20170627_FIRE_om-e-mobo-c,-300,0.0016696221427991986
20170627_FIRE_om-e-mobo-c,-240,0.0014300087932497263
20170627_FIRE_om-e-mobo-c,-180,0.0
20170627_FIRE_om-e-mobo-c,-120,0.001296088332310319
20170627_FIRE_om-e-mobo-c,-60,0.002005926100537181
20170627_FIRE_om-e-mobo-c,0,0.3911539316177368
20170627_FIRE_om-e-mobo-c,60,0.5302693843841553
20170627_FIRE_om-e-mobo-c,120,0.6026502251625061
20170627_FIRE_om-e-mobo-c,180,0.632770836353302
20170627_FIRE_om-e-mobo-c,240,0.5342050790786743
20170627_FIRE_om-e-mobo-c,300,0.23811444640159607
20170627_FIRE_om-e-mobo-c,360,0.014667162671685219
20170627_FIRE_om-e-mobo-c,420,0.02353750355541706
20170627_FIRE_om-e-mobo-c,480,0.5755066871643066
20170627_FIRE_om-e-mobo-c,540,0.5342702269554138
20170627_FIRE_om-e-mobo-c,600,0.7118484377861023
20170627_FIRE_om-e-mobo-c,660,0.7353700399398804
20170627_FIRE_om-e-mobo-c,720,0.7536632418632507
20170627_FIRE_om-e-mobo-c,780,0.7720040082931519
20170627_FIRE_om-e-mobo-c,840,0.6025197505950928
20170627_FIRE_om-e-mobo-c,900,0.6977759599685669
20170627_FIRE_om-e-mobo-c,960,0.5168765783309937
20170627_FIRE_om-e-mobo-c,1020,0.46186935901641846
20170627_FIRE_om-e-mobo-c,1080,0.5702152252197266
20170627_FIRE_om-e-mobo-c,1140,0.46338894963264465
20170627_FIRE_om-e-mobo-c,1200,0.4515991508960724
20170627_FIRE_om-e-mobo-c,1260,0.2961907684803009
20170627_FIRE_om-e-mobo-c,1320,0.20785802602767944
20170627_FIRE_om-e-mobo-c,1380,0.10973045229911804
20170627_FIRE_om-e-mobo-c,1440,0.07988014072179794
20170627_FIRE_om-e-mobo-c,1500,0.2665524482727051
20170627_FIRE_om-e-mobo-c,1560,0.03758003190159798
20170627_FIRE_om-e-mobo-c,1620,0.15280866622924805
20170627_FIRE_om-e-mobo-c,1680,0.1309608668088913
20170627_FIRE_om-e-mobo-c,1740,0.10223110020160675
20170627_FIRE_om-e-mobo-c,1800,0.0013486691750586033
20170627_FIRE_om-e-mobo-c,1860,0.0012320417445152998
20170627_FIRE_om-e-mobo-c,1920,0.0010940004140138626
20170627_FIRE_om-e-mobo-c,1980,0.0980018600821495
20170627_FIRE_om-e-mobo-c,2040,0.20833349227905273
20170627_FIRE_om-e-mobo-c,2100,0.24381119012832642
20170627_FIRE_om-e-mobo-c,2160,0.40175068378448486
20170627_FIRE_om-e-mobo-c,2220,0.3615776300430298
20170627_FIRE_om-e-mobo-c,2280,0.6509707570075989
20170627_FIRE_om-e-mobo-c,2340,0.40761786699295044
20170627_FIRE_om-e-mobo-c,2400,0.39113324880599976
20170708_Whittier_syp-n-mobo-c,-2400,0.056713003665208817
20170708_Whittier_syp-n-mobo-c,-2340,0.04572144150733948
20170708_Whittier_syp-n-mobo-c,-2280,0.03460406884551048
20170708_Whittier_syp-n-mobo-c,-2220,0.03851465880870819
20170708_Whittier_syp-n-mobo-c,-2160,0.05470343306660652
20170708_Whittier_syp-n-mobo-c,-2100,0.041375961154699326
20170708_Whittier_syp-n-mobo-c,-2040,0.05067755654454231
20170708_Whittier_syp-n-mobo-c,-1980,0.05324779450893402
20170708_Whittier_syp-n-mobo-c,-1920,0.04709094017744064
20170708_Whittier_syp-n-mobo-c,-1860,0.025609249249100685
20170708_Whittier_syp-n-mobo-c,-1800,0.028822338208556175
20170708_Whittier_syp-n-mobo-c,-1740,0.02648860029876232
20170708_Whittier_syp-n-mobo-c,-1680,0.040823377668857574
20170708_Whittier_syp-n-mobo-c,-1620,0.036776281893253326
20170708_Whittier_syp-n-mobo-c,-1560,0.032383523881435394
20170708_Whittier_syp-n-mobo-c,-1500,0.05369327589869499
20170708_Whittier_syp-n-mobo-c,-1440,0.04692356288433075
20170708_Whittier_syp-n-mobo-c,-1380,0.034561656415462494
20170708_Whittier_syp-n-mobo-c,-1320,0.4424484670162201
20170708_Whittier_syp-n-mobo-c,-1260,0.047622352838516235
20170708_Whittier_syp-n-mobo-c,-1200,0.026320545002818108
20170708_Whittier_syp-n-mobo-c,-1140,0.02646050415933132
20170708_Whittier_syp-n-mobo-c,-1080,0.024938102811574936
20170708_Whittier_syp-n-mobo-c,-1020,0.04976552352309227
20170708_Whittier_syp-n-mobo-c,-960,0.04061969742178917
20170708_Whittier_syp-n-mobo-c,-900,0.042088303714990616
20170708_Whittier_syp-n-mobo-c,-840,0.03383355215191841
20170708_Whittier_syp-n-mobo-c,-780,0.0430690199136734
20170708_Whittier_syp-n-mobo-c,-720,0.04014783352613449
20170708_Whittier_syp-n-mobo-c,-660,0.03596114739775658
20170708_Whittier_syp-n-mobo-c,-600,0.029704278334975243
20170708_Whittier_syp-n-mobo-c,-540,0.042989689856767654
20170708_Whittier_syp-n-mobo-c,-480,0.019942330196499825
20170708_Whittier_syp-n-mobo-c,-420,0.033683426678180695
20170708_Whittier_syp-n-mobo-c,-360,0.04339136555790901
20170708_Whittier_syp-n-mobo-c,-300,0.045723773539066315
20170708_Whittier_syp-n-mobo-c,-240,0.05066739395260811
20170708_Whittier_syp-n-mobo-c,-180,0.035696543753147125
20170708_Whittier_syp-n-mobo-c,-120,0.041304849088191986
20170708_Whittier_syp-n-mobo-c,-60,0.048419687896966934
20170708_Whittier_syp-n-mobo-c,0,0.05170163884758949
20170708_Whittier_syp-n-mobo-c,60,0.0191141776740551
20170708_Whittier_syp-n-mobo-c,120,0.030258111655712128
20170708_Whittier_syp-n-mobo-c,180,0.035713206976652145
20170708_Whittier_syp-n-mobo-c,240,0.5895031094551086
20170708_Whittier_syp-n-mobo-c,300,0.7130799293518066
20170708_Whittier_syp-n-mobo-c,360,0.675092875957489
20170708_Whittier_syp-n-mobo-c,420,0.8601202964782715
20170708_Whittier_syp-n-mobo-c,480,0.7089776992797852
20170708_Whittier_syp-n-mobo-c,540,0.8916804790496826
20170708_Whittier_syp-n-mobo-c,600,0.850091814994812
20170708_Whittier_syp-n-mobo-c,660,0.7519586682319641
20170708_Whittier_syp-n-mobo-c,720,0.8933866024017334
20170708_Whittier_syp-n-mobo-c,780,0.7659852504730225
20170708_Whittier_syp-n-mobo-c,840,0.8136849999427795
20170708_Whittier_syp-n-mobo-c,900,0.6330677270889282
20170708_Whittier_syp-n-mobo-c,960,0.5392595529556274
20170708_Whittier_syp-n-mobo-c,1020,0.6056300401687622
20170708_Whittier_syp-n-mobo-c,1080,0.5503143668174744
20170708_Whittier_syp-n-mobo-c,1140,0.820287823677063
20170708_Whittier_syp-n-mobo-c,1200,0.8443924188613892
20170708_Whittier_syp-n-mobo-c,1260,0.7037575840950012
20170708_Whittier_syp-n-mobo-c,1320,0.7460898756980896
20170708_Whittier_syp-n-mobo-c,1380,0.6236576437950134
20170708_Whittier_syp-n-mobo-c,1440,0.8459379076957703
20170708_Whittier_syp-n-mobo-c,1500,0.7499023079872131
20170708_Whittier_syp-n-mobo-c,1560,0.4370659291744232
20170708_Whittier_syp-n-mobo-c,1620,0.8256198167800903
20170708_Whittier_syp-n-mobo-c,1680,0.42981067299842834
20170708_Whittier_syp-n-mobo-c,1740,0.7525506019592285
20170708_Whittier_syp-n-mobo-c,1800,0.6605656147003174
20170708_Whittier_syp-n-mobo-c,1860,0.7064618468284607
20170708_Whittier_syp-n-mobo-c,1920,0.579033613204956
20170708_Whittier_syp-n-mobo-c,1980,0.5133281350135803
20170708_Whittier_syp-n-mobo-c,2040,0.36132827401161194
20170708_Whittier_syp-n-mobo-c,2100,0.31330302357673645
20170708_Whittier_syp-n-mobo-c,2160,0.25060567259788513
20170708_Whittier_syp-n-mobo-c,2220,0.21644902229309082
20170708_Whittier_syp-n-mobo-c,2280,0.3553440272808075
20170708_Whittier_syp-n-mobo-c,2340,0.19092857837677002
20170708_Whittier_syp-n-mobo-c,2400,0.3732020854949951
20170708_Whittier_syp-n-mobo-m,-2399,0.00740797771140933
20170708_Whittier_syp-n-mobo-m,-2339,0.008767460472881794
20170708_Whittier_syp-n-mobo-m,-2279,0.016009341925382614
20170708_Whittier_syp-n-mobo-m,-2219,0.004365603905171156
20170708_Whittier_syp-n-mobo-m,-2159,0.015382044017314911
20170708_Whittier_syp-n-mobo-m,-2099,0.01771417446434498
20170708_Whittier_syp-n-mobo-m,-2039,0.003199756843969226
20170708_Whittier_syp-n-mobo-m,-1979,0.014549636282026768
20170708_Whittier_syp-n-mobo-m,-1919,0.003897282062098384
20170708_Whittier_syp-n-mobo-m,-1859,0.010247045196592808
20170708_Whittier_syp-n-mobo-m,-1799,0.004775578156113625
20170708_Whittier_syp-n-mobo-m,-1739,0.007191264536231756
20170708_Whittier_syp-n-mobo-m,-1679,0.0032083813566714525
20170708_Whittier_syp-n-mobo-m,-1619,0.016760200262069702
20170708_Whittier_syp-n-mobo-m,-1559,0.014930903911590576
20170708_Whittier_syp-n-mobo-m,-1499,0.013533192686736584
20170708_Whittier_syp-n-mobo-m,-1439,0.007513916119933128
20170708_Whittier_syp-n-mobo-m,-1379,0.002223255578428507
20170708_Whittier_syp-n-mobo-m,-1319,0.008653160184621811
20170708_Whittier_syp-n-mobo-m,-1259,0.009011826477944851
20170708_Whittier_syp-n-mobo-m,-1199,0.011032149195671082
20170708_Whittier_syp-n-mobo-m,-1139,0.01052210945636034
20170708_Whittier_syp-n-mobo-m,-1079,0.0032199732959270477
20170708_Whittier_syp-n-mobo-m,-1019,0.004735180176794529
20170708_Whittier_syp-n-mobo-m,-959,0.010896657593548298
20170708_Whittier_syp-n-mobo-m,-899,0.007821126841008663
20170708_Whittier_syp-n-mobo-m,-839,0.004852588754147291
20170708_Whittier_syp-n-mobo-m,-779,0.002408587606623769
20170708_Whittier_syp-n-mobo-m,-719,0.007518397644162178
20170708_Whittier_syp-n-mobo-m,-659,0.0017674360424280167
20170708_Whittier_syp-n-mobo-m,-599,0.0020263753831386566
20170708_Whittier_syp-n-mobo-m,-539,0.005445273593068123
20170708_Whittier_syp-n-mobo-m,-479,0.0013484437949955463
20170708_Whittier_syp-n-mobo-m,-419,0.004041175823658705
20170708_Whittier_syp-n-mobo-m,-359,0.0028535963501781225
20170708_Whittier_syp-n-mobo-m,-299,0.004489865619689226
20170708_Whittier_syp-n-mobo-m,-239,0.0011450491147115827
20170708_Whittier_syp-n-mobo-m,-179,0.0
20170708_Whittier_syp-n-mobo-m,-119,0.0058225649408996105
20170708_Whittier_syp-n-mobo-m,-59,0.0074374317191541195
20170708_Whittier_syp-n-mobo-m,1,0.005738184787333012
20170708_Whittier_syp-n-mobo-m,61,0.008350868709385395
20170708_Whittier_syp-n-mobo-m,121,0.009709980338811874
20170708_Whittier_syp-n-mobo-m,181,0.0018990772077813745
20170708_Whittier_syp-n-mobo-m,241,0.009352350607514381
20170708_Whittier_syp-n-mobo-m,301,0.004185796249657869
20170708_Whittier_syp-n-mobo-m,361,0.2031233161687851
20170708_Whittier_syp-n-mobo-m,421,0.013537566177546978
20170708_Whittier_syp-n-mobo-m,481,0.7078936696052551
20170708_Whittier_syp-n-mobo-m,541,0.8696991801261902
20170708_Whittier_syp-n-mobo-m,601,0.7922744154930115
20170708_Whittier_syp-n-mobo-m,661,0.6996406316757202
20170708_Whittier_syp-n-mobo-m,721,0.8671269416809082
20170708_Whittier_syp-n-mobo-m,781,0.7241505980491638
20170708_Whittier_syp-n-mobo-m,841,0.7500576972961426
20170708_Whittier_syp-n-mobo-m,901,0.3714122176170349
20170708_Whittier_syp-n-mobo-m,961,0.5174635052680969
20170708_Whittier_syp-n-mobo-m,1021,0.4201807975769043
20170708_Whittier_syp-n-mobo-m,1081,0.4511558711528778
20170708_Whittier_syp-n-mobo-m,1141,0.6961846947669983
20170708_Whittier_syp-n-mobo-m,1201,0.8082166314125061
20170708_Whittier_syp-n-mobo-m,1261,0.7204740643501282
20170708_Whittier_syp-n-mobo-m,1321,0.6468438506126404
20170708_Whittier_syp-n-mobo-m,1381,0.49698901176452637
20170708_Whittier_syp-n-mobo-m,1441,0.6480151414871216
20170708_Whittier_syp-n-mobo-m,1501,0.43099671602249146
20170708_Whittier_syp-n-mobo-m,1561,0.3873293995857239
20170708_Whittier_syp-n-mobo-m,1621,0.792425811290741
20170708_Whittier_syp-n-mobo-m,1681,0.15201367437839508
20170708_Whittier_syp-n-mobo-m,1741,0.5176369547843933
20170708_Whittier_syp-n-mobo-m,1801,0.6690868139266968
20170708_Whittier_syp-n-mobo-m,1861,0.8401547074317932
20170708_Whittier_syp-n-mobo-m,1921,0.7638254761695862
20170708_Whittier_syp-n-mobo-m,1981,0.4611627757549286
20170708_Whittier_syp-n-mobo-m,2041,0.4369908273220062
20170708_Whittier_syp-n-mobo-m,2101,0.6128658652305603
20170708_Whittier_syp-n-mobo-m,2161,0.29466351866722107
20170708_Whittier_syp-n-mobo-m,2221,0.19033779203891754
20170708_Whittier_syp-n-mobo-m,2281,0.30323106050491333
20170708_Whittier_syp-n-mobo-m,2341,0.0742846354842186
20170711_FIRE_bl-e-mobo-c,-2400,0.0
20170711_FIRE_bl-e-mobo-c,-2340,0.0
20170711_FIRE_bl-e-mobo-c,-2280,0.0
20170711_FIRE_bl-e-mobo-c,-2220,0.0
20170711_FIRE_bl-e-mobo-c,-2160,0.0
20170711_FIRE_bl-e-mobo-c,-2100,0.0
20170711_FIRE_bl-e-mobo-c,-2040,0.0
20170711_FIRE_bl-e-mobo-c,-1980,0.0
20170711_FIRE_bl-e-mobo-c,-1920,0.0
20170711_FIRE_bl-e-mobo-c,-1860,0.0
20170711_FIRE_bl-e-mobo-c,-1800,0.0
20170711_FIRE_bl-e-mobo-c,-1740,0.0
20170711_FIRE_bl-e-mobo-c,-1680,0.0
20170711_FIRE_bl-e-mobo-c,-1620,0.0
20170711_FIRE_bl-e-mobo-c,-1560,0.0
20170711_FIRE_bl-e-mobo-c,-1500,0.0
20170711_FIRE_bl-e-mobo-c,-1440,0.0
20170711_FIRE_bl-e-mobo-c,-1380,0.0
20170711_FIRE_bl-e-mobo-c,-1320,0.0
20170711_FIRE_bl-e-mobo-c,-1260,0.0
20170711_FIRE_bl-e-mobo-c,-1200,0.0
20170711_FIRE_bl-e-mobo-c,-1140,0.0
20170711_FIRE_bl-e-mobo-c,-1080,0.0
20170711_FIRE_bl-e-mobo-c,-1020,0.0
20170711_FIRE_bl-e-mobo-c,-960,0.0
20170711_FIRE_bl-e-mobo-c,-900,0.005324403755366802
20170711_FIRE_bl-e-mobo-c,-840,0.010448788292706013
20170711_FIRE_bl-e-mobo-c,-780,0.0420464426279068
20170711_FIRE_bl-e-mobo-c,-720,0.03563203662633896
20170711_FIRE_bl-e-mobo-c,-660,0.1251429319381714
20170711_FIRE_bl-e-mobo-c,-600,0.0824941024184227
20170711_FIRE_bl-e-mobo-c,-540,0.1222328245639801
20170711_FIRE_bl-e-mobo-c,-480,0.23993174731731415
20170711_FIRE_bl-e-mobo-c,-420,0.13542717695236206
20170711_FIRE_bl-e-mobo-c,-360,0.15753833949565887
20170711_FIRE_bl-e-mobo-c,-300,0.09244126081466675
20170711_FIRE_bl-e-mobo-c,-240,0.14527924358844757
20170711_FIRE_bl-e-mobo-c,-180,0.1109292209148407
20170711_FIRE_bl-e-mobo-c,-120,0.16767552495002747
20170711_FIRE_bl-e-mobo-c,-60,0.07717861980199814
20170711_FIRE_bl-e-mobo-c,0,0.1489895135164261
20170711_FIRE_bl-e-mobo-c,60,0.11556018143892288
20170711_FIRE_bl-e-mobo-c,120,0.14936374127864838
20170711_FIRE_bl-e-mobo-c,180,0.04818250983953476
20170711_FIRE_bl-e-mobo-c,240,0.06205898895859718
20170711_FIRE_bl-e-mobo-c,300,0.02640649862587452
20170711_FIRE_bl-e-mobo-c,360,0.34246259927749634
20170711_FIRE_bl-e-mobo-c,420,0.07498272508382797
20170711_FIRE_bl-e-mobo-c,480,0.051957033574581146
20170711_FIRE_bl-e-mobo-c,540,0.41256198287010193
20170711_FIRE_bl-e-mobo-c,600,0.41311535239219666
20170711_FIRE_bl-e-mobo-c,660,0.13203558325767517
20170711_FIRE_bl-e-mobo-c,720,0.377037912607193
20170711_FIRE_bl-e-mobo-c,780,0.7199984192848206
20170711_FIRE_bl-e-mobo-c,840,0.5096295475959778
20170711_FIRE_bl-e-mobo-c,900,0.6326034665107727
20170711_FIRE_bl-e-mobo-c,960,0.6431862115859985
20170711_FIRE_bl-e-mobo-c,1020,0.774005115032196
20170711_FIRE_bl-e-mobo-c,1080,0.7454658150672913
20170711_FIRE_bl-e-mobo-c,1140,0.6727096438407898
20170711_FIRE_bl-e-mobo-c,1200,0.5456972122192383
20170711_FIRE_bl-e-mobo-c,1260,0.5949473977088928
20170711_FIRE_bl-e-mobo-c,1320,0.46473753452301025
20170711_FIRE_bl-e-mobo-c,1380,0.4211530387401581
20170711_FIRE_bl-e-mobo-c,1440,0.4784771502017975
20170711_FIRE_bl-e-mobo-c,1500,0.3962431848049164
20170711_FIRE_bl-e-mobo-c,1560,0.5366297960281372
20170711_FIRE_bl-e-mobo-c,1620,0.4458528459072113
20170711_FIRE_bl-e-mobo-c,1680,0.546207845211029
20170711_FIRE_bl-e-mobo-c,1740,0.26890021562576294
20170711_FIRE_bl-e-mobo-c,1800,0.39294007420539856
20170711_FIRE_bl-e-mobo-c,1860,0.4943440854549408
20170711_FIRE_bl-e-mobo-c,1920,0.18316642940044403
20170711_FIRE_bl-e-mobo-c,1980,0.11392651498317719
20170711_FIRE_bl-e-mobo-c,2040,0.1350746899843216
20170711_FIRE_bl-e-mobo-c,2100,0.33762115240097046
20170711_FIRE_bl-e-mobo-c,2160,0.2585345208644867
20170711_FIRE_bl-e-mobo-c,2220,0.14279566705226898
20170711_FIRE_bl-e-mobo-c,2280,0.16468733549118042
20170711_FIRE_bl-e-mobo-c,2340,0.13507187366485596
20170711_FIRE_bl-e-mobo-c,2400,0.18720383942127228
20170711_FIRE_bl-s-mobo-c,-2400,0.0
20170711_FIRE_bl-s-mobo-c,-2340,0.0
20170711_FIRE_bl-s-mobo-c,-2280,0.0011472436599433422
20170711_FIRE_bl-s-mobo-c,-2220,0.0
20170711_FIRE_bl-s-mobo-c,-2160,0.0
20170711_FIRE_bl-s-mobo-c,-2100,0.0
20170711_FIRE_bl-s-mobo-c,-2040,0.0
20170711_FIRE_bl-s-mobo-c,-1980,0.0018434181110933423
20170711_FIRE_bl-s-mobo-c,-1920,0.0
20170711_FIRE_bl-s-mobo-c,-1860,0.0
20170711_FIRE_bl-s-mobo-c,-1800,0.0
20170711_FIRE_bl-s-mobo-c,-1740,0.0
20170711_FIRE_bl-s-mobo-c,-1680,0.0
20170711_FIRE_bl-s-mobo-c,-1620,0.0
20170711_FIRE_bl-s-mobo-c,-1560,0.0
20170711_FIRE_bl-s-mobo-c,-1500,0.0
20170711_FIRE_bl-s-mobo-c,-1440,0.0
20170711_FIRE_bl-s-mobo-c,-1380,0.0
20170711_FIRE_bl-s-mobo-c,-1320,0.0
20170711_FIRE_bl-s-mobo-c,-1260,0.0
20170711_FIRE_bl-s-mobo-c,-1200,0.0
20170711_FIRE_bl-s-mobo-c,-1140,0.0
20170711_FIRE_bl-s-mobo-c,-1080,0.0
20170711_FIRE_bl-s-mobo-c,-1020,0.0
20170711_FIRE_bl-s-mobo-c,-960,0.0
20170711_FIRE_bl-s-mobo-c,-900,0.0
20170711_FIRE_bl-s-mobo-c,-840,0.0010050844866782427
20170711_FIRE_bl-s-mobo-c,-780,0.002869419753551483
20170711_FIRE_bl-s-mobo-c,-720,0.0
20170711_FIRE_bl-s-mobo-c,-660,0.0
20170711_FIRE_bl-s-mobo-c,-600,0.0
20170711_FIRE_bl-s-mobo-c,-540,0.0
20170711_FIRE_bl-s-mobo-c,-480,0.0
20170711_FIRE_bl-s-mobo-c,-420,0.0
20170711_FIRE_bl-s-mobo-c,-360,0.0
20170711_FIRE_bl-s-mobo-c,-300,0.0
20170711_FIRE_bl-s-mobo-c,-240,0.0
20170711_FIRE_bl-s-mobo-c,-180,0.0
20170711_FIRE_bl-s-mobo-c,-120,0.0
20170711_FIRE_bl-s-mobo-c,-60,0.0
20170711_FIRE_bl-s-mobo-c,0,0.0
20170711_FIRE_bl-s-mobo-c,60,0.0
20170711_FIRE_bl-s-mobo-c,120,0.0
20170711_FIRE_bl-s-mobo-c,180,0.0
20170711_FIRE_bl-s-mobo-c,240,0.0014542345888912678
20170711_FIRE_bl-s-mobo-c,300,0.10288521647453308
20170711_FIRE_bl-s-mobo-c,360,0.0038803403731435537
20170711_FIRE_bl-s-mobo-c,420,0.0616137757897377
20170711_FIRE_bl-s-mobo-c,480,0.22276923060417175
20170711_FIRE_bl-s-mobo-c,540,0.2687337100505829
20170711_FIRE_bl-s-mobo-c,600,0.14641577005386353
20170711_FIRE_bl-s-mobo-c,660,0.5183147192001343
20170711_FIRE_bl-s-mobo-c,720,0.7375181317329407
20170711_FIRE_bl-s-mobo-c,780,0.6869104504585266
20170711_FIRE_bl-s-mobo-c,840,0.4393170475959778
20170711_FIRE_bl-s-mobo-c,900,0.5256038308143616
20170711_FIRE_bl-s-mobo-c,960,0.7925406098365784
20170711_FIRE_bl-s-mobo-c,1020,0.6584245562553406
20170711_FIRE_bl-s-mobo-c,1080,0.6668587327003479
20170711_FIRE_bl-s-mobo-c,1140,0.6487424373626709
20170711_FIRE_bl-s-mobo-c,1200,0.748382568359375
20170711_FIRE_bl-s-mobo-c,1260,0.6357026100158691
20170711_FIRE_bl-s-mobo-c,1320,0.636185348033905
20170711_FIRE_bl-s-mobo-c,1380,0.7267637252807617
20170711_FIRE_bl-s-mobo-c,1440,0.6732178926467896
20170711_FIRE_bl-s-mobo-c,1500,0.5302866101264954
20170711_FIRE_bl-s-mobo-c,1560,0.4530205726623535
20170711_FIRE_bl-s-mobo-c,1620,0.3830417990684509
20170711_FIRE_bl-s-mobo-c,1680,0.4013201892375946
20170711_FIRE_bl-s-mobo-c,1740,0.3392122983932495
20170711_FIRE_bl-s-mobo-c,1800,0.3654835522174835
20170711_FIRE_bl-s-mobo-c,1860,0.22286130487918854
20170711_FIRE_bl-s-mobo-c,1920,0.24529998004436493
20170711_FIRE_bl-s-mobo-c,1980,0.27469402551651
20170711_FIRE_bl-s-mobo-c,2040,0.3751397132873535
20170711_FIRE_bl-s-mobo-c,2100,0.440565288066864
20170711_FIRE_bl-s-mobo-c,2160,0.2589362859725952
20170711_FIRE_bl-s-mobo-c,2220,0.5452860593795776
20170711_FIRE_bl-s-mobo-c,2280,0.31999078392982483
20170711_FIRE_bl-s-mobo-c,2340,0.3741573691368103
20170711_FIRE_bl-s-mobo-c,2400,0.43413713574409485
20170711_FIRE_bm-s-mobo-c,-2400,0.003089333651587367
20170711_FIRE_bm-s-mobo-c,-2340,0.010213835164904594
20170711_FIRE_bm-s-mobo-c,-2280,0.005003141239285469
20170711_FIRE_bm-s-mobo-c,-2220,0.002912358148023486
20170711_FIRE_bm-s-mobo-c,-2160,0.004355447366833687
20170711_FIRE_bm-s-mobo-c,-2100,0.0032529367599636316
20170711_FIRE_bm-s-mobo-c,-2040,0.021153895184397697
20170711_FIRE_bm-s-mobo-c,-1980,0.006248935591429472
20170711_FIRE_bm-s-mobo-c,-1920,0.007497852668166161
20170711_FIRE_bm-s-mobo-c,-1860,0.009448018856346607
20170711_FIRE_bm-s-mobo-c,-1800,0.003157752100378275
20170711_FIRE_bm-s-mobo-c,-1740,0.008223647251725197
20170711_FIRE_bm-s-mobo-c,-1680,0.0013993257889524102
20170711_FIRE_bm-s-mobo-c,-1620,0.0019757328554987907
20170711_FIRE_bm-s-mobo-c,-1560,0.004249535501003265
20170711_FIRE_bm-s-mobo-c,-1500,0.003229497466236353
20170711_FIRE_bm-s-mobo-c,-1440,0.0013285030145198107
20170711_FIRE_bm-s-mobo-c,-1380,0.0010013454593718052
20170711_FIRE_bm-s-mobo-c,-1320,0.0020688942167907953
20170711_FIRE_bm-s-mobo-c,-1260,0.004710218869149685
20170711_FIRE_bm-s-mobo-c,-1200,0.00282120518386364
20170711_FIRE_bm-s-mobo-c,-1140,0.0012600674526765943
20170711_FIRE_bm-s-mobo-c,-1080,0.0
20170711_FIRE_bm-s-mobo-c,-1020,0.0028644222766160965
20170711_FIRE_bm-s-mobo-c,-960,0.008386308327317238
20170711_FIRE_bm-s-mobo-c,-900,0.024191007018089294
20170711_FIRE_bm-s-mobo-c,-840,0.007347683422267437
20170711_FIRE_bm-s-mobo-c,-780,0.0056315758265554905
20170711_FIRE_bm-s-mobo-c,-720,0.004199931863695383
20170711_FIRE_bm-s-mobo-c,-660,0.014503701590001583
20170711_FIRE_bm-s-mobo-c,-600,0.01691286824643612
20170711_FIRE_bm-s-mobo-c,-540,0.015501356683671474
20170711_FIRE_bm-s-mobo-c,-480,0.004619171842932701
20170711_FIRE_bm-s-mobo-c,-420,0.002946374239400029
20170711_FIRE_bm-s-mobo-c,-360,0.004360797815024853
20170711_FIRE_bm-s-mobo-c,-300,0.005575701128691435
20170711_FIRE_bm-s-mobo-c,-240,0.009253077208995819
20170711_FIRE_bm-s-mobo-c,-180,0.009004036895930767
20170711_FIRE_bm-s-mobo-c,-120,0.0
20170711_FIRE_bm-s-mobo-c,-60,0.0075692422688007355
20170711_FIRE_bm-s-mobo-c,0,0.004400854464620352
20170711_FIRE_bm-s-mobo-c,60,0.002228126861155033
20170711_FIRE_bm-s-mobo-c,120,0.012295649386942387
20170711_FIRE_bm-s-mobo-c,180,0.005572601221501827
20170711_FIRE_bm-s-mobo-c,240,0.0012470256770029664
20170711_FIRE_bm-s-mobo-c,300,0.046566158533096313
20170711_FIRE_bm-s-mobo-c,360,0.07565448433160782
20170711_FIRE_bm-s-mobo-c,420,0.007323842495679855
20170711_FIRE_bm-s-mobo-c,480,0.0016809593653306365
20170711_FIRE_bm-s-mobo-c,540,0.17992225289344788
20170711_FIRE_bm-s-mobo-c,600,0.06092085689306259
20170711_FIRE_bm-s-mobo-c,660,0.3060186505317688
20170711_FIRE_bm-s-mobo-c,720,0.5593904256820679
20170711_FIRE_bm-s-mobo-c,780,0.5269867181777954
20170711_FIRE_bm-s-mobo-c,840,0.49909719824790955
20170711_FIRE_bm-s-mobo-c,900,0.5598940849304199
20170711_FIRE_bm-s-mobo-c,960,0.6469104886054993
20170711_FIRE_bm-s-mobo-c,1020,0.43018820881843567
20170711_FIRE_bm-s-mobo-c,1080,0.018808387219905853
20170711_FIRE_bm-s-mobo-c,1140,0.0033415346406400204
20170711_FIRE_bm-s-mobo-c,1200,0.002526778494939208
20170711_FIRE_bm-s-mobo-c,1260,0.004332069773226976
20170711_FIRE_bm-s-mobo-c,1320,0.0014237805735319853
20170711_FIRE_bm-s-mobo-c,1380,0.0047783758491277695
20170711_FIRE_sdsc-e-mobo-c,-2400,0.0038478004280477762
20170711_FIRE_sdsc-e-mobo-c,-2340,0.0014500347897410393
20170711_FIRE_sdsc-e-mobo-c,-2280,0.002112702466547489
20170711_FIRE_sdsc-e-mobo-c,-2220,0.002822824753820896
20170711_FIRE_sdsc-e-mobo-c,-2160,0.0029041406232863665
20170711_FIRE_sdsc-e-mobo-c,-2100,0.0015510146040469408
20170711_FIRE_sdsc-e-mobo-c,-2040,0.0010779892327263951
20170711_FIRE_sdsc-e-mobo-c,-1980,0.006203928496688604
20170711_FIRE_sdsc-e-mobo-c,-1920,0.0019764991011470556
20170711_FIRE_sdsc-e-mobo-c,-1860,0.0014937658561393619
20170711_FIRE_sdsc-e-mobo-c,-1800,0.0014933618949726224
20170711_FIRE_sdsc-e-mobo-c,-1740,0.004274754785001278
20170711_FIRE_sdsc-e-mobo-c,-1680,0.0
20170711_FIRE_sdsc-e-mobo-c,-1620,0.0038670594803988934
20170711_FIRE_sdsc-e-mobo-c,-1560,0.001204031752422452
20170711_FIRE_sdsc-e-mobo-c,-1500,0.0
20170711_FIRE_sdsc-e-mobo-c,-1440,0.0
20170711_FIRE_sdsc-e-mobo-c,-1380,0.0073312376625835896
20170711_FIRE_sdsc-e-mobo-c,-1320,0.009678649716079235
20170711_FIRE_sdsc-e-mobo-c,-1260,0.0
20170711_FIRE_sdsc-e-mobo-c,-1200,0.004105698317289352
20170711_FIRE_sdsc-e-mobo-c,-1140,0.0015751717146486044
20170711_FIRE_sdsc-e-mobo-c,-1080,0.007570262998342514
20170711_FIRE_sdsc-e-mobo-c,-1020,0.0030028093606233597
20170711_FIRE_sdsc-e-mobo-c,-960,0.004012720659375191
20170711_FIRE_sdsc-e-mobo-c,-900,0.003589038038626313
20170711_FIRE_sdsc-e-mobo-c,-840,0.004087033215910196
20170711_FIRE_sdsc-e-mobo-c,-780,0.0023824332747608423
20170711_FIRE_sdsc-e-mobo-c,-720,0.0011804619571194053
20170711_FIRE_sdsc-e-mobo-c,-660,0.0014996014069765806
20170711_FIRE_sdsc-e-mobo-c,-600,0.0015027883928269148
20170711_FIRE_sdsc-e-mobo-c,-540,0.0
20170711_FIRE_sdsc-e-mobo-c,-480,0.003061204217374325
20170711_FIRE_sdsc-e-mobo-c,-420,0.0065788147039711475
20170711_FIRE_sdsc-e-mobo-c,-360,0.0
20170711_FIRE_sdsc-e-mobo-c,-300,0.0048601059243083
20170711_FIRE_sdsc-e-mobo-c,-240,0.001235733856447041
20170711_FIRE_sdsc-e-mobo-c,-180,0.0
20170711_FIRE_sdsc-e-mobo-c,-120,0.0015788610326126218
20170711_FIRE_sdsc-e-mobo-c,-60,0.0013262091670185328
20170711_FIRE_sdsc-e-mobo-c,0,0.0
20170711_FIRE_sdsc-e-mobo-c,60,0.0026896335184574127
20170711_FIRE_sdsc-e-mobo-c,120,0.002592393197119236
20170711_FIRE_sdsc-e-mobo-c,180,0.001502682571299374
20170711_FIRE_sdsc-e-mobo-c,240,0.0
20170711_FIRE_sdsc-e-mobo-c,300,0.0013602057006210089
20170711_FIRE_sdsc-e-mobo-c,360,0.0010678295511752367
20170711_FIRE_sdsc-e-mobo-c,420,0.0019328789785504341
20170711_FIRE_sdsc-e-mobo-c,480,0.0
20170711_FIRE_sdsc-e-mobo-c,540,0.0016233286587521434
20170711_FIRE_sdsc-e-mobo-c,600,0.0
20170711_FIRE_sdsc-e-mobo-c,660,0.002061746548861265
20170711_FIRE_sdsc-e-mobo-c,720,0.0
20170711_FIRE_sdsc-e-mobo-c,780,0.012684068642556667
20170711_FIRE_sdsc-e-mobo-c,840,0.04417473450303078
20170711_FIRE_sdsc-e-mobo-c,900,0.015145359560847282
20170711_FIRE_sdsc-e-mobo-c,960,0.2571122348308563
20170711_FIRE_sdsc-e-mobo-c,1020,0.06928820163011551
20170711_FIRE_sdsc-e-mobo-c,1080,0.11493775248527527
20170711_FIRE_sdsc-e-mobo-c,1140,0.13357099890708923
20170711_FIRE_sdsc-e-mobo-c,1200,0.00935273990035057
20170711_FIRE_sdsc-e-mobo-c,1260,0.003385399468243122
20170711_FIRE_sdsc-e-mobo-c,1320,0.03829052299261093
20170711_FIRE_sdsc-e-mobo-c,1380,0.18037919700145721
20170711_FIRE_sdsc-e-mobo-c,1440,0.237197145819664
20170711_FIRE_sdsc-e-mobo-c,1500,0.21102070808410645
20170711_FIRE_sdsc-e-mobo-c,1560,0.014216464012861252
20170711_FIRE_sdsc-e-mobo-c,1620,0.20347893238067627
20170711_FIRE_sdsc-e-mobo-c,1680,0.09632263332605362
20170711_FIRE_sdsc-e-mobo-c,1740,0.042525697499513626
20170711_FIRE_sdsc-e-mobo-c,1800,0.1290598064661026
20170711_FIRE_sdsc-e-mobo-c,1860,0.3549618721008301
20170711_FIRE_sdsc-e-mobo-c,1920,0.034428611397743225
20170711_FIRE_sdsc-e-mobo-c,1980,0.05690492317080498
20170711_FIRE_sdsc-e-mobo-c,2040,0.2911921739578247
20170711_FIRE_sdsc-e-mobo-c,2100,0.0011232278775423765
20170711_FIRE_sdsc-e-mobo-c,2160,0.001250591711141169
20170711_FIRE_sdsc-e-mobo-c,2220,0.012273217551410198
20170711_FIRE_sdsc-e-mobo-c,2280,0.03484271839261055
20170711_FIRE_sdsc-e-mobo-c,2340,0.30135300755500793
20170711_FIRE_sdsc-e-mobo-c,2400,0.13987977802753448
20170711_FIRE_sm-n-mobo-c,-2400,0.009412895888090134
20170711_FIRE_sm-n-mobo-c,-2340,0.009679893031716347
20170711_FIRE_sm-n-mobo-c,-2280,0.01985984668135643
20170711_FIRE_sm-n-mobo-c,-2220,0.01241031289100647
20170711_FIRE_sm-n-mobo-c,-2160,0.005204719491302967
20170711_FIRE_sm-n-mobo-c,-2100,0.007090336177498102
20170711_FIRE_sm-n-mobo-c,-2040,0.012025329284369946
20170711_FIRE_sm-n-mobo-c,-1980,0.015349434688687325
20170711_FIRE_sm-n-mobo-c,-1920,0.013501044362783432
20170711_FIRE_sm-n-mobo-c,-1860,0.01186007633805275
20170711_FIRE_sm-n-mobo-c,-1800,0.021644728258252144
20170711_FIRE_sm-n-mobo-c,-1740,0.028251415118575096
20170711_FIRE_sm-n-mobo-c,-1680,0.01789390854537487
20170711_FIRE_sm-n-mobo-c,-1620,0.017220957204699516
20170711_FIRE_sm-n-mobo-c,-1560,0.019048957154154778
20170711_FIRE_sm-n-mobo-c,-1500,0.023590609431266785
20170711_FIRE_sm-n-mobo-c,-1440,0.016855135560035706
20170711_FIRE_sm-n-mobo-c,-1380,0.015273487195372581
20170711_FIRE_sm-n-mobo-c,-1320,0.015473704785108566
20170711_FIRE_sm-n-mobo-c,-1260,0.012293355539441109
20170711_FIRE_sm-n-mobo-c,-1200,0.02613450400531292
20170711_FIRE_sm-n-mobo-c,-1140,0.02226230688393116
20170711_FIRE_sm-n-mobo-c,-1080,0.024466585367918015
20170711_FIRE_sm-n-mobo-c,-1020,0.018819015473127365
20170711_FIRE_sm-n-mobo-c,-960,0.015770018100738525
20170711_FIRE_sm-n-mobo-c,-900,0.027325745671987534
20170711_FIRE_sm-n-mobo-c,-840,0.04094824194908142
20170711_FIRE_sm-n-mobo-c,-780,0.01723570190370083
20170711_FIRE_sm-n-mobo-c,-720,0.020059730857610703
20170711_FIRE_sm-n-mobo-c,-660,0.014017174951732159
20170711_FIRE_sm-n-mobo-c,-600,0.009577439166605473
20170711_FIRE_sm-n-mobo-c,-540,0.01702731102705002
20170711_FIRE_sm-n-mobo-c,-480,0.028467847034335136
20170711_FIRE_sm-n-mobo-c,-420,0.026013270020484924
20170711_FIRE_sm-n-mobo-c,-360,0.03461227938532829
20170711_FIRE_sm-n-mobo-c,-300,0.04015268757939339
20170711_FIRE_sm-n-mobo-c,-240,0.0454239621758461
20170711_FIRE_sm-n-mobo-c,-180,0.043398648500442505
20170711_FIRE_sm-n-mobo-c,-120,0.05437231808900833
20170711_FIRE_sm-n-mobo-c,-60,0.009918749332427979
20170711_FIRE_sm-n-mobo-c,0,0.025472324341535568
20170711_FIRE_sm-n-mobo-c,60,0.02124510332942009
20170711_FIRE_sm-n-mobo-c,120,0.015413404442369938
20170711_FIRE_sm-n-mobo-c,180,0.01260441169142723
20170711_FIRE_sm-n-mobo-c,240,0.018722984939813614
20170711_FIRE_sm-n-mobo-c,300,0.13482750952243805
20170711_FIRE_sm-n-mobo-c,360,0.5119506120681763
20170711_FIRE_sm-n-mobo-c,420,0.7253100275993347
20170711_FIRE_sm-n-mobo-c,480,0.6741650700569153
20170711_FIRE_sm-n-mobo-c,540,0.710726261138916
20170711_FIRE_sm-n-mobo-c,600,0.6590239405632019
20170711_FIRE_sm-n-mobo-c,660,0.7484599351882935
20170711_FIRE_sm-n-mobo-c,720,0.6991708278656006
20170711_FIRE_sm-n-mobo-c,780,0.8295883536338806
20170711_FIRE_sm-n-mobo-c,840,0.6701094508171082
20170711_FIRE_sm-n-mobo-c,900,0.7767717242240906
20170711_FIRE_sm-n-mobo-c,960,0.394906610250473
20170711_FIRE_sm-n-mobo-c,1020,0.36505362391471863
20170711_FIRE_sm-n-mobo-c,1080,0.44051143527030945
20170711_FIRE_sm-n-mobo-c,1140,0.34215953946113586
20170711_FIRE_sm-n-mobo-c,1200,0.5544204711914062
20170711_FIRE_sm-n-mobo-c,1260,0.5425967574119568
20170711_FIRE_sm-n-mobo-c,1320,0.3776213824748993
20170711_FIRE_sm-n-mobo-c,1380,0.11092173308134079
20170711_FIRE_sm-n-mobo-c,1440,0.23650547862052917
20170711_FIRE_sm-n-mobo-c,1500,0.37764593958854675
20170711_FIRE_sm-n-mobo-c,1560,0.14223811030387878
20170711_FIRE_sm-n-mobo-c,1620,0.2191605418920517
20170711_FIRE_sm-n-mobo-c,1680,0.18673139810562134
20170711_FIRE_sm-n-mobo-c,1740,0.07159601897001266
20170711_FIRE_sm-n-mobo-c,1800,0.2537524104118347
20170711_FIRE_sm-n-mobo-c,1860,0.4304121136665344
20170711_FIRE_sm-n-mobo-c,1920,0.7231012582778931
20170711_FIRE_sm-n-mobo-c,1980,0.7557671070098877
20170711_FIRE_sm-n-mobo-c,2040,0.5319285988807678
20170711_FIRE_sm-n-mobo-c,2100,0.23860594630241394
20170711_FIRE_sm-n-mobo-c,2160,0.17468756437301636
20170711_FIRE_sm-n-mobo-c,2220,0.2516728341579437
20170711_FIRE_sm-n-mobo-c,2280,0.16313216090202332
20170711_FIRE_sm-n-mobo-c,2340,0.13450857996940613
20170711_FIRE_sm-n-mobo-c,2400,0.5521189570426941
20170713_FIRE_smer-tcs8-mobo-c,-2400,0.004105823114514351
20170713_FIRE_smer-tcs8-mobo-c,-2340,0.0031562289223074913
20170713_FIRE_smer-tcs8-mobo-c,-2280,0.004895495716482401
20170713_FIRE_smer-tcs8-mobo-c,-2220,0.002231443068012595
20170713_FIRE_smer-tcs8-mobo-c,-2160,0.0034832239616662264
20170713_FIRE_smer-tcs8-mobo-c,-2100,0.002659497084096074
20170713_FIRE_smer-tcs8-mobo-c,-2040,0.0029711539391428232
20170713_FIRE_smer-tcs8-mobo-c,-1980,0.0033797877840697765
20170713_FIRE_smer-tcs8-mobo-c,-1920,0.004436752758920193
20170713_FIRE_smer-tcs8-mobo-c,-1860,0.005425532814115286
20170713_FIRE_smer-tcs8-mobo-c,-1800,0.004104409832507372
20170713_FIRE_smer-tcs8-mobo-c,-1740,0.004396473523229361
20170713_FIRE_smer-tcs8-mobo-c,-1680,0.005462639033794403
20170713_FIRE_smer-tcs8-mobo-c,-1620,0.0039279880002141
20170713_FIRE_smer-tcs8-mobo-c,-1560,0.008932149037718773
20170713_FIRE_smer-tcs8-mobo-c,-1500,0.005285355728119612
20170713_FIRE_smer-tcs8-mobo-c,-1440,0.0031933889258652925
20170713_FIRE_smer-tcs8-mobo-c,-1380,0.0019474808359518647
20170713_FIRE_smer-tcs8-mobo-c,-1320,0.002217421308159828
20170713_FIRE_smer-tcs8-mobo-c,-1260,0.0018601330230012536
20170713_FIRE_smer-tcs8-mobo-c,-1200,0.003947185352444649
20170713_FIRE_smer-tcs8-mobo-c,-1140,0.004226053599268198
20170713_FIRE_smer-tcs8-mobo-c,-1080,0.00271469890139997
20170713_FIRE_smer-tcs8-mobo-c,-1020,0.002559008076786995
20170713_FIRE_smer-tcs8-mobo-c,-960,0.007382432464510202
20170713_FIRE_smer-tcs8-mobo-c,-900,0.005611196160316467
20170713_FIRE_smer-tcs8-mobo-c,-840,0.0041992696933448315
20170713_FIRE_smer-tcs8-mobo-c,-780,0.0037816346157342196
20170713_FIRE_smer-tcs8-mobo-c,-720,0.004371763672679663
20170713_FIRE_smer-tcs8-mobo-c,-660,0.001893760054372251
20170713_FIRE_smer-tcs8-mobo-c,-600,0.0021768214646726847
20170713_FIRE_smer-tcs8-mobo-c,-540,0.0037665623240172863
20170713_FIRE_smer-tcs8-mobo-c,-480,0.0019508287077769637
20170713_FIRE_smer-tcs8-mobo-c,-420,0.0024861807469278574
20170713_FIRE_smer-tcs8-mobo-c,-360,0.0013195228530094028
20170713_FIRE_smer-tcs8-mobo-c,-300,0.0
20170713_FIRE_smer-tcs8-mobo-c,-240,0.0012275688350200653
20170713_FIRE_smer-tcs8-mobo-c,-180,0.0012927921488881111
20170713_FIRE_smer-tcs8-mobo-c,-120,0.0013282557483762503
20170713_FIRE_smer-tcs8-mobo-c,-60,0.0010841003386303782
20170713_FIRE_smer-tcs8-mobo-c,0,0.0
20170713_FIRE_smer-tcs8-mobo-c,60,0.0011008710134774446
20170713_FIRE_smer-tcs8-mobo-c,120,0.0025916460435837507
20170713_FIRE_smer-tcs8-mobo-c,180,0.0012332751648500562
20170713_FIRE_smer-tcs8-mobo-c,240,0.0026069865562021732
20170713_FIRE_smer-tcs8-mobo-c,300,0.053857941180467606
20170713_FIRE_smer-tcs8-mobo-c,360,0.19535860419273376
20170713_FIRE_smer-tcs8-mobo-c,420,0.2161368876695633
20170713_FIRE_smer-tcs8-mobo-c,480,0.32373833656311035
20170713_FIRE_smer-tcs8-mobo-c,540,0.45545199513435364
20170713_FIRE_smer-tcs8-mobo-c,600,0.41829338669776917
20170713_FIRE_smer-tcs8-mobo-c,660,0.41511282324790955
20170713_FIRE_smer-tcs8-mobo-c,720,0.6318424940109253
20170713_FIRE_smer-tcs8-mobo-c,780,0.430728942155838
20170713_FIRE_smer-tcs8-mobo-c,840,0.34623363614082336
20170713_FIRE_smer-tcs8-mobo-c,900,0.1672399491071701
20170713_FIRE_smer-tcs8-mobo-c,960,0.3108203709125519
20170713_FIRE_smer-tcs8-mobo-c,1020,0.193587988615036
20170713_FIRE_smer-tcs8-mobo-c,1080,0.1275140941143036
20170713_FIRE_smer-tcs8-mobo-c,1140,0.009889132343232632
20170713_FIRE_smer-tcs8-mobo-c,1200,0.008308593183755875
20170713_FIRE_smer-tcs8-mobo-c,1260,0.0357792042195797
20170713_FIRE_smer-tcs8-mobo-c,1320,0.005126809235662222
20170713_FIRE_smer-tcs8-mobo-c,1380,0.004605681169778109
20170713_FIRE_smer-tcs8-mobo-c,1440,0.0034108818508684635
20170713_FIRE_smer-tcs8-mobo-c,1500,0.004261420574039221
20170713_FIRE_smer-tcs8-mobo-c,1560,0.005371612496674061
20170713_FIRE_smer-tcs8-mobo-c,1620,0.01216184999793768
20170713_FIRE_smer-tcs8-mobo-c,1680,0.004377629142254591
20170713_FIRE_smer-tcs8-mobo-c,1740,0.003712663659825921
20170713_FIRE_smer-tcs8-mobo-c,1800,0.0
20170713_FIRE_smer-tcs8-mobo-c,1860,0.0
20170713_FIRE_smer-tcs8-mobo-c,1920,0.0
20170713_FIRE_smer-tcs8-mobo-c,1980,0.0
20170713_FIRE_smer-tcs8-mobo-c,2040,0.0
20170713_FIRE_smer-tcs8-mobo-c,2100,0.0
20170713_FIRE_smer-tcs8-mobo-c,2160,0.002475153189152479
20170722_FIRE_bm-n-mobo-c,-2400,0.0029842315707355738
20170722_FIRE_bm-n-mobo-c,-2340,0.004099683836102486
20170722_FIRE_bm-n-mobo-c,-2280,0.0031445424538105726
20170722_FIRE_bm-n-mobo-c,-2220,0.0040427520871162415
20170722_FIRE_bm-n-mobo-c,-2160,0.0042476714588701725
20170722_FIRE_bm-n-mobo-c,-2100,0.0062563782557845116
20170722_FIRE_bm-n-mobo-c,-2040,0.001808529021218419
20170722_FIRE_bm-n-mobo-c,-1980,0.0012392161879688501
20170722_FIRE_bm-n-mobo-c,-1920,0.004937915131449699
20170722_FIRE_bm-n-mobo-c,-1860,0.004613155033439398
20170722_FIRE_bm-n-mobo-c,-1800,0.002016100101172924
20170722_FIRE_bm-n-mobo-c,-1740,0.001345713622868061
20170722_FIRE_bm-n-mobo-c,-1680,0.002331735799089074
20170722_FIRE_bm-n-mobo-c,-1620,0.005015956703573465
20170722_FIRE_bm-n-mobo-c,-1560,0.003117772750556469
20170722_FIRE_bm-n-mobo-c,-1500,0.0023323060013353825
20170722_FIRE_bm-n-mobo-c,-1440,0.0043639750219881535
20170722_FIRE_bm-n-mobo-c,-1380,0.0035536892246454954
20170722_FIRE_bm-n-mobo-c,-1320,0.004466017708182335
20170722_FIRE_bm-n-mobo-c,-1260,0.0030843268614262342
20170722_FIRE_bm-n-mobo-c,-1200,0.0018442589789628983
20170722_FIRE_bm-n-mobo-c,-1140,0.0023544332943856716
20170722_FIRE_bm-n-mobo-c,-1080,0.0018675606697797775
20170722_FIRE_bm-n-mobo-c,-1020,0.003123960457742214
20170722_FIRE_bm-n-mobo-c,-960,0.0011582892620936036
20170722_FIRE_bm-n-mobo-c,-900,0.002188229700550437
20170722_FIRE_bm-n-mobo-c,-840,0.001350098173134029
20170722_FIRE_bm-n-mobo-c,-780,0.0
20170722_FIRE_bm-n-mobo-c,-720,0.0015645631356164813
20170722_FIRE_bm-n-mobo-c,-660,0.0023570198100060225
20170722_FIRE_bm-n-mobo-c,-600,0.0022930805571377277
20170722_FIRE_bm-n-mobo-c,-540,0.0
20170722_FIRE_bm-n-mobo-c,-480,0.0016284644370898604
20170722_FIRE_bm-n-mobo-c,-420,0.0015996508300304413
20170722_FIRE_bm-n-mobo-c,-360,0.001861616619862616
20170722_FIRE_bm-n-mobo-c,-300,0.0012908285716548562
20170722_FIRE_bm-n-mobo-c,-240,0.0018683429807424545
20170722_FIRE_bm-n-mobo-c,-180,0.002075725933536887
20170722_FIRE_bm-n-mobo-c,-120,0.0015847228933125734
20170722_FIRE_bm-n-mobo-c,-60,0.0010468214750289917
20170722_FIRE_bm-n-mobo-c,0,0.00231823418289423
20170722_FIRE_bm-n-mobo-c,60,0.0
20170722_FIRE_bm-n-mobo-c,120,0.0013242478016763926
20170722_FIRE_bm-n-mobo-c,180,0.0014730511466041207
20170722_FIRE_bm-n-mobo-c,240,0.002590613439679146
20170722_FIRE_bm-n-mobo-c,300,0.003991337958723307
20170722_FIRE_bm-n-mobo-c,360,0.0046356613747775555
20170722_FIRE_bm-n-mobo-c,420,0.004401130136102438
20170722_FIRE_bm-n-mobo-c,480,0.0024844573345035315
20170722_FIRE_bm-n-mobo-c,540,0.0020108099561184645
20170722_FIRE_bm-n-mobo-c,600,0.00851980596780777
20170722_FIRE_bm-n-mobo-c,660,0.0018242351943627
20170722_FIRE_bm-n-mobo-c,720,0.2078191637992859
20170722_FIRE_bm-n-mobo-c,780,0.3927718698978424
20170722_FIRE_bm-n-mobo-c,840,0.09839332848787308
20170722_FIRE_bm-n-mobo-c,900,0.3171127438545227
20170722_FIRE_bm-n-mobo-c,960,0.5763911008834839
20170722_FIRE_bm-n-mobo-c,1020,0.16989876329898834
20170722_FIRE_bm-n-mobo-c,1080,0.2140016108751297
20170722_FIRE_bm-n-mobo-c,1140,0.2324966937303543
20170722_FIRE_bm-n-mobo-c,1200,0.004036842845380306
20170722_FIRE_bm-n-mobo-c,1260,0.0020794649608433247
20170722_FIRE_bm-n-mobo-c,1320,0.003537830663844943
20170722_FIRE_bm-n-mobo-c,1380,0.020788580179214478
20170722_FIRE_bm-n-mobo-c,1440,0.13511282205581665
20170722_FIRE_bm-n-mobo-c,1500,0.45402640104293823
20170722_FIRE_bm-n-mobo-c,1560,0.30005452036857605
20170722_FIRE_bm-n-mobo-c,1620,0.3408380448818207
20170722_FIRE_bm-n-mobo-c,1680,0.4811548590660095
20170722_FIRE_bm-n-mobo-c,1740,0.6166195869445801
20170722_FIRE_bm-n-mobo-c,1800,0.2000541090965271
20170722_FIRE_bm-n-mobo-c,1860,0.1066494733095169
20170722_FIRE_bm-n-mobo-c,1920,0.14370818436145782
20170722_FIRE_bm-n-mobo-c,1980,0.2361181676387787
20170722_FIRE_bm-n-mobo-c,2040,0.001540699158795178
20170722_FIRE_bm-n-mobo-c,2100,0.0
20170722_FIRE_bm-n-mobo-c,2160,0.31238889694213867
20170722_FIRE_bm-n-mobo-c,2220,0.388985812664032
20170722_FIRE_bm-n-mobo-c,2280,0.3640865385532379
20170722_FIRE_bm-n-mobo-c,2340,0.2836487293243408
20170722_FIRE_bm-n-mobo-c,2400,0.11146951466798782
