sequence,offset,max_conf
20160604_FIRE_rm-n-mobo-c,-2400,0.0011143230367451906
20160604_FIRE_rm-n-mobo-c,-2340,0.0022970440331846476
20160604_FIRE_rm-n-mobo-c,-2280,0.003149776952341199
20160604_FIRE_rm-n-mobo-c,-2220,0.0038892102893441916
20160604_FIRE_rm-n-mobo-c,-2160,0.0015228507108986378
20160604_FIRE_rm-n-mobo-c,-2100,0.0018957306165248156
20160604_FIRE_rm-n-mobo-c,-2040,0.0
20160604_FIRE_rm-n-mobo-c,-1980,0.0032827428076416254
20160604_FIRE_rm-n-mobo-c,-1920,0.004039639141410589
20160604_FIRE_rm-n-mobo-c,-1860,0.009102104231715202
20160604_FIRE_rm-n-mobo-c,-1800,0.0062529463320970535
20160604_FIRE_rm-n-mobo-c,-1740,0.01718229614198208
20160604_FIRE_rm-n-mobo-c,-1680,0.00554194301366806
20160604_FIRE_rm-n-mobo-c,-1620,0.00672415504232049
20160604_FIRE_rm-n-mobo-c,-1560,0.009306490421295166
20160604_FIRE_rm-n-mobo-c,-1500,0.002273953752592206
20160604_FIRE_rm-n-mobo-c,-1440,0.005133395083248615
20160604_FIRE_rm-n-mobo-c,-1380,0.004305270966142416
20160604_FIRE_rm-n-mobo-c,-1320,0.0033837815281003714
20160604_FIRE_rm-n-mobo-c,-1260,0.002072559902444482
20160604_FIRE_rm-n-mobo-c,-1200,0.0015650740824639797
20160604_FIRE_rm-n-mobo-c,-1140,0.0018031629733741283
20160604_FIRE_rm-n-mobo-c,-1080,0.0
20160604_FIRE_rm-n-mobo-c,-1020,0.0
20160604_FIRE_rm-n-mobo-c,-960,0.0
20160604_FIRE_rm-n-mobo-c,-900,0.0
20160604_FIRE_rm-n-mobo-c,-840,0.0012012057704851031
20160604_FIRE_rm-n-mobo-c,-780,0.0
20160604_FIRE_rm-n-mobo-c,-720,0.0
20160604_FIRE_rm-n-mobo-c,-660,0.0
20160604_FIRE_rm-n-mobo-c,-600,0.0
20160604_FIRE_rm-n-mobo-c,-540,0.0
20160604_FIRE_rm-n-mobo-c,-480,0.0
20160604_FIRE_rm-n-mobo-c,-420,0.0014066153671592474
20160604_FIRE_rm-n-mobo-c,-360,0.0011240692110732198
20160604_FIRE_rm-n-mobo-c,-300,0.0049332077614963055
20160604_FIRE_rm-n-mobo-c,-240,0.012004714459180832
20160604_FIRE_rm-n-mobo-c,-180,0.0029400938656181097
20160604_FIRE_rm-n-mobo-c,-120,0.0014588061021640897
20160604_FIRE_rm-n-mobo-c,-60,0.0
20160604_FIRE_rm-n-mobo-c,0,0.002224832307547331
20160604_FIRE_rm-n-mobo-c,60,0.6736525893211365
20160604_FIRE_rm-n-mobo-c,120,0.7094947695732117
20160604_FIRE_rm-n-mobo-c,180,0.6539955735206604
20160604_FIRE_rm-n-mobo-c,240,0.1798497885465622
20160604_FIRE_rm-n-mobo-c,300,0.03115139901638031
20160604_FIRE_rm-n-mobo-c,360,0.002593718934804201
20160604_FIRE_rm-n-mobo-c,420,0.0016367986099794507
20160604_FIRE_rm-n-mobo-c,480,0.0017570557538419962
20160604_FIRE_rm-n-mobo-c,540,0.0
20160604_FIRE_rm-n-mobo-c,600,0.0
20160604_FIRE_rm-n-mobo-c,660,0.0
20160604_FIRE_rm-n-mobo-c,720,0.00276021845638752
20160604_FIRE_rm-n-mobo-c,780,0.007436720188707113
20160604_FIRE_rm-n-mobo-c,840,0.0014400662621483207
20160604_FIRE_rm-n-mobo-c,900,0.0
20160604_FIRE_rm-n-mobo-c,960,0.0
20160604_FIRE_rm-n-mobo-c,1020,0.0011282729683443904
20160604_FIRE_rm-n-mobo-c,1080,0.0011987705947831273
20160604_FIRE_rm-n-mobo-c,1140,0.0014554059598594904
20160604_FIRE_rm-n-mobo-c,1200,0.0014119549887254834
20160604_FIRE_rm-n-mobo-c,1260,0.0064544472843408585
20160604_FIRE_rm-n-mobo-c,1320,0.0058424584567546844
20160604_FIRE_rm-n-mobo-c,1380,0.0026909715961664915
20160604_FIRE_rm-n-mobo-c,1440,0.0
20160604_FIRE_rm-n-mobo-c,1500,0.0010301346192136407
20160604_FIRE_rm-n-mobo-c,1560,0.0032705659978091717
20160604_FIRE_rm-n-mobo-c,1620,0.004559674765914679
20160604_FIRE_rm-n-mobo-c,1680,0.0019256381783634424
20160604_FIRE_rm-n-mobo-c,1740,0.002465360565111041
20160604_FIRE_rm-n-mobo-c,1800,0.003007714170962572
20160604_FIRE_rm-n-mobo-c,1860,0.003269818378612399
20160604_FIRE_rm-n-mobo-c,1920,0.0061136214062571526
20160604_FIRE_rm-n-mobo-c,1980,0.005536587443202734
20160604_FIRE_rm-n-mobo-c,2040,0.0068369098007678986
20160604_FIRE_rm-n-mobo-c,2100,0.002138747600838542
20160604_FIRE_rm-n-mobo-c,2160,0.006311657838523388
20160604_FIRE_rm-n-mobo-c,2220,0.00817936472594738
20160604_FIRE_rm-n-mobo-c,2280,0.005507628433406353
20160604_FIRE_rm-n-mobo-c,2340,0.005388302728533745
20160604_FIRE_rm-n-mobo-c,2400,0.003927409648895264
20160604_FIRE_smer-tcs3-mobo-c,-2400,0.02359328418970108
20160604_FIRE_smer-tcs3-mobo-c,-2340,0.0029112230986356735
20160604_FIRE_smer-tcs3-mobo-c,-2280,0.010925150476396084
20160604_FIRE_smer-tcs3-mobo-c,-2220,0.0072013624012470245
20160604_FIRE_smer-tcs3-mobo-c,-2160,0.0025791237130761147
20160604_FIRE_smer-tcs3-mobo-c,-2100,0.002099656965583563
20160604_FIRE_smer-tcs3-mobo-c,-2040,0.007580260746181011
20160604_FIRE_smer-tcs3-mobo-c,-1980,0.0035159545950591564
20160604_FIRE_smer-tcs3-mobo-c,-1920,0.00382043095305562
20160604_FIRE_smer-tcs3-mobo-c,-1860,0.0015340844402089715
20160604_FIRE_smer-tcs3-mobo-c,-1800,0.002348249778151512
20160604_FIRE_smer-tcs3-mobo-c,-1740,0.005225412547588348
20160604_FIRE_smer-tcs3-mobo-c,-1680,0.003641558578237891
20160604_FIRE_smer-tcs3-mobo-c,-1620,0.0014093111967667937
20160604_FIRE_smer-tcs3-mobo-c,-1560,0.010563255287706852
20160604_FIRE_smer-tcs3-mobo-c,-1500,0.00272250734269619
20160604_FIRE_smer-tcs3-mobo-c,-1440,0.0027646624948829412
20160604_FIRE_smer-tcs3-mobo-c,-1380,0.002194940811023116
20160604_FIRE_smer-tcs3-mobo-c,-1320,0.0013622598489746451
20160604_FIRE_smer-tcs3-mobo-c,-1260,0.0024702332448214293
20160604_FIRE_smer-tcs3-mobo-c,-1200,0.003592940280213952
20160604_FIRE_smer-tcs3-mobo-c,-1140,0.0050494251772761345
20160604_FIRE_smer-tcs3-mobo-c,-1080,0.0018032067455351353
20160604_FIRE_smer-tcs3-mobo-c,-1020,0.004860375542193651
20160604_FIRE_smer-tcs3-mobo-c,-960,0.0017243088223040104
20160604_FIRE_smer-tcs3-mobo-c,-900,0.00213065929710865
20160604_FIRE_smer-tcs3-mobo-c,-840,0.06736530363559723
20160604_FIRE_smer-tcs3-mobo-c,-780,0.007426438853144646
20160604_FIRE_smer-tcs3-mobo-c,-720,0.003076826222240925
20160604_FIRE_smer-tcs3-mobo-c,-660,0.004330588970333338
20160604_FIRE_smer-tcs3-mobo-c,-600,0.004835986997932196
20160604_FIRE_smer-tcs3-mobo-c,-540,0.001988994888961315
20160604_FIRE_smer-tcs3-mobo-c,-480,0.0016816203715279698
20160604_FIRE_smer-tcs3-mobo-c,-420,0.00514239352196455
20160604_FIRE_smer-tcs3-mobo-c,-360,0.0029501980170607567
20160604_FIRE_smer-tcs3-mobo-c,-300,0.003258130978792906
20160604_FIRE_smer-tcs3-mobo-c,-240,0.001995709491893649
20160604_FIRE_smer-tcs3-mobo-c,-180,0.012097831815481186
20160604_FIRE_smer-tcs3-mobo-c,-120,0.004380942787975073
20160604_FIRE_smer-tcs3-mobo-c,-60,0.0029931061435490847
20160604_FIRE_smer-tcs3-mobo-c,0,0.05031459033489227
20160604_FIRE_smer-tcs3-mobo-c,60,0.7939373850822449
20160604_FIRE_smer-tcs3-mobo-c,120,0.7567780613899231
20160604_FIRE_smer-tcs3-mobo-c,180,0.27764183282852173
20160604_FIRE_smer-tcs3-mobo-c,240,0.016711002215743065
20160604_FIRE_smer-tcs3-mobo-c,300,0.007054122630506754
20160604_FIRE_smer-tcs3-mobo-c,360,0.00688866525888443
20160604_FIRE_smer-tcs3-mobo-c,420,0.004033841658383608
20160604_FIRE_smer-tcs3-mobo-c,480,0.0057847341522574425
20160604_FIRE_smer-tcs3-mobo-c,540,0.011445483192801476
20160604_FIRE_smer-tcs3-mobo-c,600,0.002564718946814537
20160604_FIRE_smer-tcs3-mobo-c,660,0.0030443714931607246
20160604_FIRE_smer-tcs3-mobo-c,720,0.0017904285341501236
20160604_FIRE_smer-tcs3-mobo-c,780,0.007541296537965536
20160604_FIRE_smer-tcs3-mobo-c,840,0.005214478354901075
20160604_FIRE_smer-tcs3-mobo-c,900,0.004020999651402235
20160604_FIRE_smer-tcs3-mobo-c,960,0.0020565581507980824
20160604_FIRE_smer-tcs3-mobo-c,1020,0.0021547514479607344
20160604_FIRE_smer-tcs3-mobo-c,1080,0.0025279170367866755
20160604_FIRE_smer-tcs3-mobo-c,1140,0.007425912190228701
20160604_FIRE_smer-tcs3-mobo-c,1200,0.0013586825225502253
20160604_FIRE_smer-tcs3-mobo-c,1260,0.0012431821087375283
20160604_FIRE_smer-tcs3-mobo-c,1320,0.0029277950525283813
20160604_FIRE_smer-tcs3-mobo-c,1380,0.0016103987582027912
20160604_FIRE_smer-tcs3-mobo-c,1440,0.0017944478895515203
20160604_FIRE_smer-tcs3-mobo-c,1500,0.002856612903997302
20160604_FIRE_smer-tcs3-mobo-c,1560,0.0029519768431782722
20160604_FIRE_smer-tcs3-mobo-c,1620,0.0020962068811059
20160604_FIRE_smer-tcs3-mobo-c,1680,0.0019752541556954384
20160604_FIRE_smer-tcs3-mobo-c,1740,0.0027570887468755245
20160604_FIRE_smer-tcs3-mobo-c,1800,0.008410265669226646
20160604_FIRE_smer-tcs3-mobo-c,1860,0.0055234129540622234
20160604_FIRE_smer-tcs3-mobo-c,1920,0.019427502527832985
20160604_FIRE_smer-tcs3-mobo-c,1980,0.017708424478769302
20160604_FIRE_smer-tcs3-mobo-c,2040,0.0012147935340180993
20160604_FIRE_smer-tcs3-mobo-c,2100,0.0
20160604_FIRE_smer-tcs3-mobo-c,2160,0.004251882899552584
20160604_FIRE_smer-tcs3-mobo-c,2220,0.0010839279275387526
20160604_FIRE_smer-tcs3-mobo-c,2280,0.0016587465070188046
20160604_FIRE_smer-tcs3-mobo-c,2340,0.001834561233408749
20160604_FIRE_smer-tcs3-mobo-c,2400,0.004172464832663536
20160619_FIRE_lp-e-iqeye,-2400,0.0
20160619_FIRE_lp-e-iqeye,-2280,0.0016756152035668492
20160619_FIRE_lp-e-iqeye,-2160,0.001671880017966032
20160619_FIRE_lp-e-iqeye,-2040,0.0011399552458897233
20160619_FIRE_lp-e-iqeye,-1920,0.0
20160619_FIRE_lp-e-iqeye,-1800,0.0
20160619_FIRE_lp-e-iqeye,-1680,0.0
20160619_FIRE_lp-e-iqeye,-1560,0.0015251871664077044
20160619_FIRE_lp-e-iqeye,-1440,0.0010398528538644314
20160619_FIRE_lp-e-iqeye,-1320,0.0
20160619_FIRE_lp-e-iqeye,-1200,0.0
20160619_FIRE_lp-e-iqeye,-1080,0.0
20160619_FIRE_lp-e-iqeye,-960,0.0
20160619_FIRE_lp-e-iqeye,-840,0.0
20160619_FIRE_lp-e-iqeye,-720,0.0
20160619_FIRE_lp-e-iqeye,-600,0.0
20160619_FIRE_lp-e-iqeye,-480,0.0
20160619_FIRE_lp-e-iqeye,-360,0.0
20160619_FIRE_lp-e-iqeye,-240,0.0
20160619_FIRE_lp-e-iqeye,-120,0.0
20160619_FIRE_lp-e-iqeye,0,0.0
20160619_FIRE_lp-e-iqeye,120,0.0
20160619_FIRE_lp-e-iqeye,240,0.08087494224309921
20160619_FIRE_lp-e-iqeye,360,0.14827071130275726
20160619_FIRE_lp-e-iqeye,480,0.1719687283039093
20160619_FIRE_lp-e-iqeye,600,0.3043781816959381
20160619_FIRE_lp-e-iqeye,720,0.42168667912483215
20160619_FIRE_lp-e-iqeye,840,0.4173930287361145
20160619_FIRE_lp-e-iqeye,960,0.162350594997406
20160619_FIRE_lp-e-iqeye,1080,0.14322900772094727
20160619_FIRE_lp-e-iqeye,1200,0.490653932094574
20160619_FIRE_lp-e-iqeye,1320,0.5553117990493774
20160619_FIRE_lp-e-iqeye,1440,0.2955579459667206
20160619_FIRE_lp-e-iqeye,1560,0.5020889043807983
20160619_FIRE_lp-e-iqeye,1680,0.5793202519416809
20160619_FIRE_lp-e-iqeye,1800,0.3594617545604706
20160619_FIRE_lp-e-iqeye,1920,0.2940322160720825
20160619_FIRE_lp-e-iqeye,2040,0.08026660233736038
20160619_FIRE_lp-e-iqeye,2160,0.029935229569673538
20160619_FIRE_lp-e-iqeye,2280,0.06373007595539093
20160619_FIRE_lp-e-iqeye,2400,0.12777043879032135
20160619_FIRE_om-e-mobo-c,-2400,0.0014270541723817587
20160619_FIRE_om-e-mobo-c,-2340,0.003128742566332221
20160619_FIRE_om-e-mobo-c,-2280,0.0016908948309719563
20160619_FIRE_om-e-mobo-c,-2220,0.0014183990424498916
20160619_FIRE_om-e-mobo-c,-2160,0.0040624309331178665
20160619_FIRE_om-e-mobo-c,-2100,0.001030166051350534
20160619_FIRE_om-e-mobo-c,-2040,0.0024223732762038708
20160619_FIRE_om-e-mobo-c,-1980,0.004061250481754541
20160619_FIRE_om-e-mobo-c,-1920,0.001580802258104086
20160619_FIRE_om-e-mobo-c,-1860,0.001206810469739139
20160619_FIRE_om-e-mobo-c,-1800,0.0013579180231317878
20160619_FIRE_om-e-mobo-c,-1740,0.0
20160619_FIRE_om-e-mobo-c,-1680,0.0033843349665403366
20160619_FIRE_om-e-mobo-c,-1620,0.003990628756582737
20160619_FIRE_om-e-mobo-c,-1560,0.002518152352422476
20160619_FIRE_om-e-mobo-c,-1500,0.00319990748539567
20160619_FIRE_om-e-mobo-c,-1440,0.0041481852531433105
20160619_FIRE_om-e-mobo-c,-1380,0.0016120080836117268
20160619_FIRE_om-e-mobo-c,-1320,0.001015756744891405
20160619_FIRE_om-e-mobo-c,-1260,0.00269150547683239
20160619_FIRE_om-e-mobo-c,-1200,0.001905759098008275
20160619_FIRE_om-e-mobo-c,-1140,0.0099044069647789
20160619_FIRE_om-e-mobo-c,-1080,0.005661191418766975
20160619_FIRE_om-e-mobo-c,-1020,0.005428459495306015
20160619_FIRE_om-e-mobo-c,-960,0.007334104273468256
20160619_FIRE_om-e-mobo-c,-900,0.003211589530110359
20160619_FIRE_om-e-mobo-c,-840,0.0
20160619_FIRE_om-e-mobo-c,-780,0.002245271345600486
20160619_FIRE_om-e-mobo-c,-720,0.004328535404056311
20160619_FIRE_om-e-mobo-c,-660,0.005324388854205608
20160619_FIRE_om-e-mobo-c,-600,0.002051407238468528
20160619_FIRE_om-e-mobo-c,-540,0.013941504061222076
20160619_FIRE_om-e-mobo-c,-480,0.006021024193614721
20160619_FIRE_om-e-mobo-c,-420,0.0017765708034858108
20160619_FIRE_om-e-mobo-c,-360,0.0020501650869846344
20160619_FIRE_om-e-mobo-c,-300,0.004088372457772493
20160619_FIRE_om-e-mobo-c,-240,0.0177137590944767
20160619_FIRE_om-e-mobo-c,-180,0.003094295272603631
20160619_FIRE_om-e-mobo-c,-120,0.00963106844574213
20160619_FIRE_om-e-mobo-c,-60,0.0021440652199089527
20160619_FIRE_om-e-mobo-c,0,0.002610599622130394
20160619_FIRE_om-e-mobo-c,60,0.006163354963064194
20160619_FIRE_om-e-mobo-c,120,0.01162630133330822
20160619_FIRE_om-e-mobo-c,180,0.0032943051774054766
20160619_FIRE_om-e-mobo-c,240,0.008687176741659641
20160619_FIRE_om-e-mobo-c,300,0.021958308294415474
20160619_FIRE_om-e-mobo-c,360,0.37494444847106934
20160619_FIRE_om-e-mobo-c,420,0.4507123529911041
20160619_FIRE_om-e-mobo-c,480,0.1487196534872055
20160619_FIRE_om-e-mobo-c,540,0.009634007699787617
20160619_FIRE_om-e-mobo-c,600,0.053176429122686386
20160619_FIRE_om-e-mobo-c,660,0.09312579780817032
20160619_FIRE_om-e-mobo-c,720,0.18774504959583282
20160619_FIRE_om-e-mobo-c,780,0.15535245835781097
20160619_FIRE_om-e-mobo-c,840,0.01221067551523447
20160619_FIRE_om-e-mobo-c,900,0.0735805407166481
20160619_FIRE_om-e-mobo-c,960,0.3449057340621948
20160619_FIRE_om-e-mobo-c,1020,0.2695252299308777
20160619_FIRE_om-e-mobo-c,1080,0.04917457699775696
20160619_FIRE_om-e-mobo-c,1140,0.28206756711006165
20160619_FIRE_om-e-mobo-c,1200,0.3287389874458313
20160619_FIRE_om-e-mobo-c,1260,0.2784792184829712
20160619_FIRE_om-e-mobo-c,1320,0.25707125663757324
20160619_FIRE_om-e-mobo-c,1380,0.5926392078399658
20160619_FIRE_om-e-mobo-c,1440,0.5326551795005798
20160619_FIRE_om-e-mobo-c,1500,0.41458404064178467
20160619_FIRE_om-e-mobo-c,1560,0.40148451924324036
20160619_FIRE_om-e-mobo-c,1620,0.5537701845169067
20160619_FIRE_om-e-mobo-c,1680,0.5456283688545227
20160619_FIRE_om-e-mobo-c,1740,0.07381924241781235
20160619_FIRE_om-e-mobo-c,1800,0.3509581685066223
20160619_FIRE_om-e-mobo-c,1860,0.3327651023864746
20160619_FIRE_om-e-mobo-c,1920,0.3271210193634033
20160619_FIRE_om-e-mobo-c,1980,0.4126279056072235
20160619_FIRE_om-e-mobo-c,2040,0.26114556193351746
20160619_FIRE_om-e-mobo-c,2100,0.24196502566337585
20160619_FIRE_om-e-mobo-c,2160,0.26669809222221375
20160619_FIRE_om-e-mobo-c,2220,0.07792891561985016
20160619_FIRE_om-e-mobo-c,2280,0.14040206372737885
20160619_FIRE_om-e-mobo-c,2340,0.0885317474603653
20160619_FIRE_om-e-mobo-c,2400,0.09075476229190826
20160619_FIRE_pi-s-mobo-c,-2400,0.0
20160619_FIRE_pi-s-mobo-c,-2340,0.0
20160619_FIRE_pi-s-mobo-c,-2280,0.0012215699534863234
20160619_FIRE_pi-s-mobo-c,-2220,0.0016293235821649432
20160619_FIRE_pi-s-mobo-c,-2160,0.0
20160619_FIRE_pi-s-mobo-c,-2100,0.0
20160619_FIRE_pi-s-mobo-c,-2040,0.0012565539218485355
20160619_FIRE_pi-s-mobo-c,-1980,0.0
20160619_FIRE_pi-s-mobo-c,-1920,0.001228081644512713
20160619_FIRE_pi-s-mobo-c,-1860,0.06355956941843033
20160619_FIRE_pi-s-mobo-c,-1800,0.0
20160619_FIRE_pi-s-mobo-c,-1740,0.0018222462385892868
20160619_FIRE_pi-s-mobo-c,-1680,0.0
20160619_FIRE_pi-s-mobo-c,-1620,0.0
20160619_FIRE_pi-s-mobo-c,-1560,0.0
20160619_FIRE_pi-s-mobo-c,-1500,0.0
20160619_FIRE_pi-s-mobo-c,-1440,0.0
20160619_FIRE_pi-s-mobo-c,-1380,0.0
20160619_FIRE_pi-s-mobo-c,-1320,0.0
20160619_FIRE_pi-s-mobo-c,-1260,0.0
20160619_FIRE_pi-s-mobo-c,-1200,0.0
20160619_FIRE_pi-s-mobo-c,-1140,0.0
20160619_FIRE_pi-s-mobo-c,-1080,0.001756007201038301
20160619_FIRE_pi-s-mobo-c,-1020,0.001530052162706852
20160619_FIRE_pi-s-mobo-c,-960,0.0
20160619_FIRE_pi-s-mobo-c,-900,0.0
20160619_FIRE_pi-s-mobo-c,-840,0.0
20160619_FIRE_pi-s-mobo-c,-780,0.0
20160619_FIRE_pi-s-mobo-c,-720,0.0
20160619_FIRE_pi-s-mobo-c,-660,0.0
20160619_FIRE_pi-s-mobo-c,-600,0.0
20160619_FIRE_pi-s-mobo-c,-540,0.0
20160619_FIRE_pi-s-mobo-c,-480,0.0012985082576051354
20160619_FIRE_pi-s-mobo-c,-420,0.002014942467212677
20160619_FIRE_pi-s-mobo-c,-360,0.0
20160619_FIRE_pi-s-mobo-c,-300,0.0
20160619_FIRE_pi-s-mobo-c,-240,0.0010468533728271723
20160619_FIRE_pi-s-mobo-c,-180,0.0024479771964251995
20160619_FIRE_pi-s-mobo-c,-120,0.0010551362065598369
20160619_FIRE_pi-s-mobo-c,-60,0.0013264580629765987
20160619_FIRE_pi-s-mobo-c,0,0.0027262347284704447
20160619_FIRE_pi-s-mobo-c,60,0.001974419690668583
20160619_FIRE_pi-s-mobo-c,120,0.001051611383445561
20160619_FIRE_pi-s-mobo-c,180,0.0023003118112683296
20160619_FIRE_pi-s-mobo-c,240,0.002213406376540661
20160619_FIRE_pi-s-mobo-c,300,0.0030190011020749807
20160619_FIRE_pi-s-mobo-c,360,0.0011593556264415383
20160619_FIRE_pi-s-mobo-c,420,0.0010478826006874442
20160619_FIRE_pi-s-mobo-c,480,0.001319745322689414
20160619_FIRE_pi-s-mobo-c,540,0.0024385391734540462
20160619_FIRE_pi-s-mobo-c,600,0.0
20160619_FIRE_pi-s-mobo-c,660,0.0020293535199016333
20160619_FIRE_pi-s-mobo-c,720,0.0
20160619_FIRE_pi-s-mobo-c,780,0.0
20160619_FIRE_pi-s-mobo-c,840,0.0
20160619_FIRE_pi-s-mobo-c,900,0.4586086869239807
20160619_FIRE_pi-s-mobo-c,960,0.3417995870113373
20160619_FIRE_pi-s-mobo-c,1020,0.1688772290945053
20160619_FIRE_pi-s-mobo-c,1080,0.0
20160619_FIRE_pi-s-mobo-c,1140,0.0022302765864878893
20160619_FIRE_pi-s-mobo-c,1200,0.11199736595153809
20160619_FIRE_pi-s-mobo-c,1260,0.11066679656505585
20160619_FIRE_pi-s-mobo-c,1320,0.0014505776343867183
20160619_FIRE_pi-s-mobo-c,1380,0.0
20160619_FIRE_pi-s-mobo-c,1440,0.0
20160619_FIRE_pi-s-mobo-c,1500,0.0
20160619_FIRE_pi-s-mobo-c,1560,0.0
20160619_FIRE_pi-s-mobo-c,1620,0.008501940406858921
20160619_FIRE_pi-s-mobo-c,1680,0.0
20160619_FIRE_pi-s-mobo-c,1740,0.005076269153505564
20160619_FIRE_pi-s-mobo-c,1800,0.006890822201967239
20160619_FIRE_pi-s-mobo-c,1860,0.006441272795200348
20160619_FIRE_pi-s-mobo-c,1920,0.0
20160619_FIRE_pi-s-mobo-c,1980,0.0
20160619_FIRE_pi-s-mobo-c,2040,0.0
20160619_FIRE_pi-s-mobo-c,2100,0.001551503548398614
20160619_FIRE_pi-s-mobo-c,2160,0.0
20160619_FIRE_pi-s-mobo-c,2220,0.001509220921434462
20160619_FIRE_pi-s-mobo-c,2280,0.0017505076248198748
20160619_FIRE_pi-s-mobo-c,2340,0.0
20160619_FIRE_pi-s-mobo-c,2400,0.0017331797862425447
20160711_FIRE_ml-n-mobo-c,-2400,0.0018342363182455301
20160711_FIRE_ml-n-mobo-c,-2340,0.0014020082307979465
20160711_FIRE_ml-n-mobo-c,-2280,0.0024951903615146875
20160711_FIRE_ml-n-mobo-c,-2220,0.0016362547175958753
20160711_FIRE_ml-n-mobo-c,-2160,0.0010656126542016864
20160711_FIRE_ml-n-mobo-c,-2100,0.0023641290608793497
20160711_FIRE_ml-n-mobo-c,-2040,0.0016860762843862176
20160711_FIRE_ml-n-mobo-c,-1980,0.002410698914900422
20160711_FIRE_ml-n-mobo-c,-1920,0.0022356300614774227
20160711_FIRE_ml-n-mobo-c,-1860,0.002615869976580143
20160711_FIRE_ml-n-mobo-c,-1800,0.002593717770650983
20160711_FIRE_ml-n-mobo-c,-1740,0.0016714868834242225
20160711_FIRE_ml-n-mobo-c,-1680,0.00313626229763031
20160711_FIRE_ml-n-mobo-c,-1620,0.00366046535782516
20160711_FIRE_ml-n-mobo-c,-1560,0.0017479880480095744
20160711_FIRE_ml-n-mobo-c,-1500,0.0020378984045237303
20160711_FIRE_ml-n-mobo-c,-1440,0.002377307042479515
20160711_FIRE_ml-n-mobo-c,-1380,0.0019624431151896715
20160711_FIRE_ml-n-mobo-c,-1320,0.008870458230376244
20160711_FIRE_ml-n-mobo-c,-1260,0.027331463992595673
20160711_FIRE_ml-n-mobo-c,-1200,0.019852368161082268
20160711_FIRE_ml-n-mobo-c,-1140,0.015287372283637524
20160711_FIRE_ml-n-mobo-c,-1080,0.02040710113942623
20160711_FIRE_ml-n-mobo-c,-1020,0.004192177206277847
20160711_FIRE_ml-n-mobo-c,-960,0.005812809802591801
20160711_FIRE_ml-n-mobo-c,-900,0.003316814312711358
20160711_FIRE_ml-n-mobo-c,-840,0.0020254431292414665
20160711_FIRE_ml-n-mobo-c,-780,0.002492267871275544
20160711_FIRE_ml-n-mobo-c,-720,0.0025344963651150465
20160711_FIRE_ml-n-mobo-c,-660,0.001744346576742828
20160711_FIRE_ml-n-mobo-c,-600,0.0029490843880921602
20160711_FIRE_ml-n-mobo-c,-540,0.0025265647564083338
20160711_FIRE_ml-n-mobo-c,-480,0.007192214950919151
20160711_FIRE_ml-n-mobo-c,-420,0.0024948022328317165
20160711_FIRE_ml-n-mobo-c,-360,0.002688206499442458
20160711_FIRE_ml-n-mobo-c,-300,0.04985255375504494
20160711_FIRE_ml-n-mobo-c,-240,0.026784732937812805
20160711_FIRE_ml-n-mobo-c,-180,0.03654548153281212
20160711_FIRE_ml-n-mobo-c,-120,0.019135378301143646
20160711_FIRE_ml-n-mobo-c,-60,0.007989339530467987
20160711_FIRE_ml-n-mobo-c,0,0.007029300089925528
20160711_FIRE_ml-n-mobo-c,60,0.006613848265260458
20160711_FIRE_ml-n-mobo-c,120,0.01332623790949583
20160711_FIRE_ml-n-mobo-c,180,0.009724746458232403
20160711_FIRE_ml-n-mobo-c,240,0.006846727803349495
20160711_FIRE_ml-n-mobo-c,300,0.006351964082568884
20160711_FIRE_ml-n-mobo-c,360,0.003976887091994286
20160711_FIRE_ml-n-mobo-c,420,0.007659783121198416
20160711_FIRE_ml-n-mobo-c,480,0.008367889560759068
20160711_FIRE_ml-n-mobo-c,540,0.003899335628375411
20160711_FIRE_ml-n-mobo-c,600,0.005006981082260609
20160711_FIRE_ml-n-mobo-c,660,0.005960899405181408
20160711_FIRE_ml-n-mobo-c,720,0.0052895317785441875
20160711_FIRE_ml-n-mobo-c,780,0.004988992586731911
20160711_FIRE_ml-n-mobo-c,840,0.006164173595607281
20160711_FIRE_ml-n-mobo-c,900,0.006123547442257404
20160711_FIRE_ml-n-mobo-c,960,0.004548188298940659
20160711_FIRE_ml-n-mobo-c,1020,0.004022947978228331
20160711_FIRE_ml-n-mobo-c,1080,0.0037435456179082394
20160711_FIRE_ml-n-mobo-c,1140,0.0026237282436341047
20160711_FIRE_ml-n-mobo-c,1200,0.003349138656631112
20160711_FIRE_ml-n-mobo-c,1260,0.002882215427234769
20160711_FIRE_ml-n-mobo-c,1320,0.0031139112543314695
20160711_FIRE_ml-n-mobo-c,1380,0.003105243667960167
20160711_FIRE_ml-n-mobo-c,1440,0.0019297795370221138
20160711_FIRE_ml-n-mobo-c,1500,0.0036561533343046904
20160711_FIRE_ml-n-mobo-c,1560,0.0017111534252762794
20160711_FIRE_ml-n-mobo-c,1620,0.00392756424844265
20160711_FIRE_ml-n-mobo-c,1680,0.0023456139024347067
20160711_FIRE_ml-n-mobo-c,1740,0.004097396973520517
20160711_FIRE_ml-n-mobo-c,1800,0.002787369769066572
20160711_FIRE_ml-n-mobo-c,1860,0.018550176173448563
20160711_FIRE_ml-n-mobo-c,1920,0.005623152479529381
20160711_FIRE_ml-n-mobo-c,1980,0.0026303401682525873
20160711_FIRE_ml-n-mobo-c,2040,0.0025545924436300993
20160711_FIRE_ml-n-mobo-c,2100,0.0034061374608427286
20160711_FIRE_ml-n-mobo-c,2160,0.004642026498913765
20160711_FIRE_ml-n-mobo-c,2220,0.004991634748876095
20160711_FIRE_ml-n-mobo-c,2280,0.0018410402117297053
20160711_FIRE_ml-n-mobo-c,2340,0.003803399158641696
20160711_FIRE_ml-n-mobo-c,2400,0.0037555848248302937
20160718_FIRE_lp-n-iqeye,-2400,0.0063955956138670444
20160718_FIRE_lp-n-iqeye,-2280,0.006463450379669666
20160718_FIRE_lp-n-iqeye,-2160,0.005113673396408558
20160718_FIRE_lp-n-iqeye,-2040,0.004616350866854191
20160718_FIRE_lp-n-iqeye,-1920,0.009657219983637333
20160718_FIRE_lp-n-iqeye,-1800,0.006175494287163019
20160718_FIRE_lp-n-iqeye,-1680,0.008546863682568073
20160718_FIRE_lp-n-iqeye,-1560,0.004544433206319809
20160718_FIRE_lp-n-iqeye,-1440,0.005369656253606081
20160718_FIRE_lp-n-iqeye,-1320,0.0027836079243570566
20160718_FIRE_lp-n-iqeye,-1200,0.003980305511504412
20160718_FIRE_lp-n-iqeye,-1080,0.004158130846917629
20160718_FIRE_lp-n-iqeye,-960,0.003405771916732192
20160718_FIRE_lp-n-iqeye,-840,0.0024512677919119596
20160718_FIRE_lp-n-iqeye,-720,0.00263414578512311
20160718_FIRE_lp-n-iqeye,-600,0.007443280424922705
20160718_FIRE_lp-n-iqeye,-480,0.0033048843033611774
20160718_FIRE_lp-n-iqeye,-360,0.003071384271606803
20160718_FIRE_lp-n-iqeye,-240,0.002090515336021781
20160718_FIRE_lp-n-iqeye,-120,0.0018774457275867462
20160718_FIRE_lp-n-iqeye,0,0.001589421066455543
20160718_FIRE_lp-n-iqeye,120,0.002639269456267357
20160718_FIRE_lp-n-iqeye,240,0.0020250221714377403
20160718_FIRE_lp-n-iqeye,360,0.0019940349739044905
20160718_FIRE_lp-n-iqeye,480,0.0012047579512000084
20160718_FIRE_lp-n-iqeye,600,0.04800375550985336
20160718_FIRE_lp-n-iqeye,720,0.19754889607429504
20160718_FIRE_lp-n-iqeye,840,0.0876474604010582
20160718_FIRE_lp-n-iqeye,960,0.011357927694916725
20160718_FIRE_lp-n-iqeye,1080,0.005192044656723738
20160718_FIRE_lp-n-iqeye,1200,0.09062240272760391
20160718_FIRE_lp-n-iqeye,1320,0.0032283097971230745
20160718_FIRE_lp-n-iqeye,1440,0.0022725046146661043
20160718_FIRE_lp-n-iqeye,1560,0.004516322165727615
20160718_FIRE_lp-n-iqeye,1680,0.0029112533666193485
20160718_FIRE_lp-n-iqeye,1800,0.0
20160718_FIRE_lp-n-iqeye,1920,0.0
20160718_FIRE_lp-n-iqeye,2040,0.0
20160718_FIRE_lp-n-iqeye,2160,0.0
20160718_FIRE_lp-n-iqeye,2280,0.0
20160718_FIRE_lp-n-iqeye,2400,0.014807290397584438
20160718_FIRE_mg-s-iqeye,-2400,0.20062865316867828
20160718_FIRE_mg-s-iqeye,-2280,0.14324094355106354
20160718_FIRE_mg-s-iqeye,-2160,0.267482727766037
20160718_FIRE_mg-s-iqeye,-2040,0.214073047041893
20160718_FIRE_mg-s-iqeye,-1920,0.1402103155851364
20160718_FIRE_mg-s-iqeye,-1800,0.19583112001419067
20160718_FIRE_mg-s-iqeye,-1680,0.14401277899742126
20160718_FIRE_mg-s-iqeye,-1560,0.20213863253593445
20160718_FIRE_mg-s-iqeye,-1440,0.09338998794555664
20160718_FIRE_mg-s-iqeye,-1320,0.1828976422548294
20160718_FIRE_mg-s-iqeye,-1200,0.1065283715724945
20160718_FIRE_mg-s-iqeye,-1080,0.10632748156785965
20160718_FIRE_mg-s-iqeye,-960,0.06405296921730042
20160718_FIRE_mg-s-iqeye,-840,0.15179860591888428
20160718_FIRE_mg-s-iqeye,-720,0.06712475419044495
20160718_FIRE_mg-s-iqeye,-600,0.11364557594060898
20160718_FIRE_mg-s-iqeye,-480,0.0580923967063427
20160718_FIRE_mg-s-iqeye,-360,0.07011377811431885
20160718_FIRE_mg-s-iqeye,-240,0.10962327569723129
20160718_FIRE_mg-s-iqeye,-120,0.029966136440634727
20160718_FIRE_mg-s-iqeye,0,0.062101785093545914
20160718_FIRE_mg-s-iqeye,120,0.10054099559783936
20160718_FIRE_mg-s-iqeye,240,0.09635580331087112
20160718_FIRE_mg-s-iqeye,360,0.0627831444144249
20160718_FIRE_mg-s-iqeye,480,0.03213313966989517
20160718_FIRE_mg-s-iqeye,600,0.02223149687051773
20160718_FIRE_mg-s-iqeye,720,0.3156123757362366
20160718_FIRE_mg-s-iqeye,840,0.4273640215396881
20160718_FIRE_mg-s-iqeye,960,0.44919678568840027
20160718_FIRE_mg-s-iqeye,1080,0.5012760162353516
20160718_FIRE_mg-s-iqeye,1200,0.5915119051933289
20160718_FIRE_mg-s-iqeye,1320,0.507686972618103
20160718_FIRE_mg-s-iqeye,1440,0.6527737975120544
20160718_FIRE_mg-s-iqeye,1560,0.5668128728866577
20160718_FIRE_mg-s-iqeye,1680,0.592867910861969
20160718_FIRE_mg-s-iqeye,1800,0.4325503408908844
20160718_FIRE_mg-s-iqeye,1920,0.4330342710018158
20160718_FIRE_mg-s-iqeye,2040,0.49721384048461914
20160718_FIRE_mg-s-iqeye,2160,0.450033038854599
20160718_FIRE_mg-s-iqeye,2280,0.3651059865951538
20160718_FIRE_mg-s-iqeye,2400,0.20049530267715454
20160718_FIRE_mw-e-mobo-c,-2400,0.0
20160718_FIRE_mw-e-mobo-c,-2340,0.0
20160718_FIRE_mw-e-mobo-c,-2280,0.0
20160718_FIRE_mw-e-mobo-c,-2220,0.0
20160718_FIRE_mw-e-mobo-c,-2160,0.0
20160718_FIRE_mw-e-mobo-c,-2100,0.0
20160718_FIRE_mw-e-mobo-c,-2040,0.0
20160718_FIRE_mw-e-mobo-c,-1980,0.0
20160718_FIRE_mw-e-mobo-c,-1920,0.0
20160718_FIRE_mw-e-mobo-c,-1860,0.0
20160718_FIRE_mw-e-mobo-c,-1800,0.0
20160718_FIRE_mw-e-mobo-c,-1740,0.0
20160718_FIRE_mw-e-mobo-c,-1680,0.0
20160718_FIRE_mw-e-mobo-c,-1620,0.0
20160718_FIRE_mw-e-mobo-c,-1560,0.0
20160718_FIRE_mw-e-mobo-c,-1500,0.0
20160718_FIRE_mw-e-mobo-c,-1440,0.0
20160718_FIRE_mw-e-mobo-c,-1380,0.0
20160718_FIRE_mw-e-mobo-c,-1320,0.0
20160718_FIRE_mw-e-mobo-c,-1260,0.0
20160718_FIRE_mw-e-mobo-c,-1200,0.0
20160718_FIRE_mw-e-mobo-c,-1140,0.0
20160718_FIRE_mw-e-mobo-c,-1080,0.0
20160718_FIRE_mw-e-mobo-c,-1020,0.0
20160718_FIRE_mw-e-mobo-c,-960,0.0
20160718_FIRE_mw-e-mobo-c,-900,0.0
20160718_FIRE_mw-e-mobo-c,-840,0.0
20160718_FIRE_mw-e-mobo-c,-780,0.0
20160718_FIRE_mw-e-mobo-c,-720,0.0
20160718_FIRE_mw-e-mobo-c,-660,0.0
20160718_FIRE_mw-e-mobo-c,-600,0.0
20160718_FIRE_mw-e-mobo-c,-540,0.0
20160718_FIRE_mw-e-mobo-c,-480,0.0
20160718_FIRE_mw-e-mobo-c,-420,0.0
20160718_FIRE_mw-e-mobo-c,-360,0.0
20160718_FIRE_mw-e-mobo-c,-300,0.0
20160718_FIRE_mw-e-mobo-c,-240,0.0
20160718_FIRE_mw-e-mobo-c,-180,0.0
20160718_FIRE_mw-e-mobo-c,-120,0.0
20160718_FIRE_mw-e-mobo-c,-60,0.0
20160718_FIRE_mw-e-mobo-c,0,0.0
20160718_FIRE_mw-e-mobo-c,60,0.0
20160718_FIRE_mw-e-mobo-c,120,0.0011867451248690486
20160718_FIRE_mw-e-mobo-c,180,0.0
20160718_FIRE_mw-e-mobo-c,240,0.0
20160718_FIRE_mw-e-mobo-c,300,0.0
20160718_FIRE_mw-e-mobo-c,360,0.0
20160718_FIRE_mw-e-mobo-c,420,0.0
20160718_FIRE_mw-e-mobo-c,480,0.0
20160718_FIRE_mw-e-mobo-c,540,0.0013018406461924314
20160718_FIRE_mw-e-mobo-c,600,0.01715013198554516
20160718_FIRE_mw-e-mobo-c,660,0.017675848677754402
20160718_FIRE_mw-e-mobo-c,720,0.0022418650332838297
20160718_FIRE_mw-e-mobo-c,780,0.06248778477311134
20160718_FIRE_mw-e-mobo-c,840,0.5445289015769958
20160718_FIRE_mw-e-mobo-c,900,0.586838960647583
20160718_FIRE_mw-e-mobo-c,960,0.26196637749671936
20160718_FIRE_mw-e-mobo-c,1020,0.03620783984661102
20160718_FIRE_mw-e-mobo-c,1080,0.18562087416648865
20160718_FIRE_mw-e-mobo-c,1140,0.1278167963027954
20160718_FIRE_mw-e-mobo-c,1200,0.1863158792257309
20160718_FIRE_mw-e-mobo-c,1260,0.4791949689388275
20160718_FIRE_mw-e-mobo-c,1320,0.5821492671966553
20160718_FIRE_mw-e-mobo-c,1380,0.7129154205322266
20160718_FIRE_mw-e-mobo-c,1440,0.37223440408706665
20160718_FIRE_mw-e-mobo-c,1500,0.1728142350912094
20160718_FIRE_mw-e-mobo-c,1560,0.14154183864593506
20160718_FIRE_mw-e-mobo-c,1620,0.20393534004688263
20160718_FIRE_mw-e-mobo-c,1680,0.024536186829209328
20160718_FIRE_mw-e-mobo-c,1740,0.023220501840114594
20160718_FIRE_mw-e-mobo-c,1800,0.04262067377567291
20160718_FIRE_mw-e-mobo-c,1860,0.06781008094549179
20160718_FIRE_mw-e-mobo-c,1920,0.04621003940701485
20160718_FIRE_mw-e-mobo-c,1980,0.3939885199069977
20160718_FIRE_mw-e-mobo-c,2040,0.21594226360321045
20160718_FIRE_mw-e-mobo-c,2100,0.022018542513251305
20160718_FIRE_mw-e-mobo-c,2160,0.022934548556804657
20160718_FIRE_mw-e-mobo-c,2220,0.0578133761882782
20160718_FIRE_mw-e-mobo-c,2280,0.030771369114518166
20160718_FIRE_mw-e-mobo-c,2340,0.043240319937467575
20160718_FIRE_mw-e-mobo-c,2400,0.0
20160722_FIRE_mg-s-iqeye,-2400,0.06266843527555466
20160722_FIRE_mg-s-iqeye,-2280,0.03917129337787628
20160722_FIRE_mg-s-iqeye,-2160,0.02678641863167286
20160722_FIRE_mg-s-iqeye,-2040,0.0052778753452003
20160722_FIRE_mg-s-iqeye,-1920,0.01629299856722355
20160722_FIRE_mg-s-iqeye,-1800,0.0458504818379879
20160722_FIRE_mg-s-iqeye,-1680,0.014375517144799232
20160722_FIRE_mg-s-iqeye,-1560,0.0642966702580452
20160722_FIRE_mg-s-iqeye,-1440,0.020074743777513504
20160722_FIRE_mg-s-iqeye,-1320,0.04770605266094208
20160722_FIRE_mg-s-iqeye,-1200,0.04579352214932442
20160722_FIRE_mg-s-iqeye,-1080,0.013569360598921776
20160722_FIRE_mg-s-iqeye,-960,0.03261534124612808
20160722_FIRE_mg-s-iqeye,-840,0.05610902979969978
20160722_FIRE_mg-s-iqeye,-720,0.030017895624041557
20160722_FIRE_mg-s-iqeye,-600,0.008479677140712738
20160722_FIRE_mg-s-iqeye,-480,0.011346390470862389
20160722_FIRE_mg-s-iqeye,-360,0.019408581778407097
20160722_FIRE_mg-s-iqeye,-240,0.03472334146499634
20160722_FIRE_mg-s-iqeye,-120,0.014320988208055496
20160722_FIRE_mg-s-iqeye,0,0.004738637246191502
20160722_FIRE_mg-s-iqeye,120,0.003606372745707631
20160722_FIRE_mg-s-iqeye,240,0.0014132612850517035
20160722_FIRE_mg-s-iqeye,360,0.001773530850186944
20160722_FIRE_mg-s-iqeye,480,0.001404693815857172
20160722_FIRE_mg-s-iqeye,600,0.0016975121106952429
20160722_FIRE_mg-s-iqeye,720,0.0024536114651709795
20160722_FIRE_mg-s-iqeye,840,0.0019489912083372474
20160722_FIRE_mg-s-iqeye,960,0.0027124304324388504
20160722_FIRE_mg-s-iqeye,1080,0.004377192351967096
20160722_FIRE_mg-s-iqeye,1200,0.0034453587140887976
20160722_FIRE_mg-s-iqeye,1320,0.0019429355161264539
20160722_FIRE_mg-s-iqeye,1440,0.0
20160722_FIRE_mg-s-iqeye,1560,0.001849253079853952
20160722_FIRE_mg-s-iqeye,1680,0.0
20160722_FIRE_mg-s-iqeye,1800,0.005119906738400459
20160722_FIRE_mg-s-iqeye,1920,0.0011924675200134516
20160722_FIRE_mg-s-iqeye,2040,0.0011833502212539315
20160722_FIRE_mg-s-iqeye,2160,0.005955733824521303
20160722_FIRE_mg-s-iqeye,2280,0.002285767812281847
20160722_FIRE_mg-s-iqeye,2400,0.00561740156263113
20160722_FIRE_mw-e-mobo-c,-2400,0.0
20160722_FIRE_mw-e-mobo-c,-2340,0.0
20160722_FIRE_mw-e-mobo-c,-2280,0.0
20160722_FIRE_mw-e-mobo-c,-2220,0.0
20160722_FIRE_mw-e-mobo-c,-2160,0.0
20160722_FIRE_mw-e-mobo-c,-2100,0.0
20160722_FIRE_mw-e-mobo-c,-2040,0.0
20160722_FIRE_mw-e-mobo-c,-1980,0.0
20160722_FIRE_mw-e-mobo-c,-1920,0.0
20160722_FIRE_mw-e-mobo-c,-1860,0.0
20160722_FIRE_mw-e-mobo-c,-1800,0.0
20160722_FIRE_mw-e-mobo-c,-1740,0.0
20160722_FIRE_mw-e-mobo-c,-1680,0.0
20160722_FIRE_mw-e-mobo-c,-1620,0.0
20160722_FIRE_mw-e-mobo-c,-1560,0.0
20160722_FIRE_mw-e-mobo-c,-1500,0.0
20160722_FIRE_mw-e-mobo-c,-1440,0.0
20160722_FIRE_mw-e-mobo-c,-1380,0.0
20160722_FIRE_mw-e-mobo-c,-1320,0.0
20160722_FIRE_mw-e-mobo-c,-1260,0.0
20160722_FIRE_mw-e-mobo-c,-1200,0.0
20160722_FIRE_mw-e-mobo-c,-1140,0.0
20160722_FIRE_mw-e-mobo-c,-1080,0.0
20160722_FIRE_mw-e-mobo-c,-1020,0.0
20160722_FIRE_mw-e-mobo-c,-960,0.0
20160722_FIRE_mw-e-mobo-c,-900,0.0
20160722_FIRE_mw-e-mobo-c,-840,0.0
20160722_FIRE_mw-e-mobo-c,-780,0.0
20160722_FIRE_mw-e-mobo-c,-720,0.0
20160722_FIRE_mw-e-mobo-c,-660,0.0
20160722_FIRE_mw-e-mobo-c,-600,0.0
20160722_FIRE_mw-e-mobo-c,-540,0.0
20160722_FIRE_mw-e-mobo-c,-480,0.0
20160722_FIRE_mw-e-mobo-c,-420,0.0
20160722_FIRE_mw-e-mobo-c,-360,0.0
20160722_FIRE_mw-e-mobo-c,-300,0.0
20160722_FIRE_mw-e-mobo-c,-240,0.0
20160722_FIRE_mw-e-mobo-c,-180,0.0
20160722_FIRE_mw-e-mobo-c,-120,0.0
20160722_FIRE_mw-e-mobo-c,-60,0.0
20160722_FIRE_mw-e-mobo-c,0,0.0
20160722_FIRE_mw-e-mobo-c,60,0.0
20160722_FIRE_mw-e-mobo-c,120,0.0
20160722_FIRE_mw-e-mobo-c,180,0.0
20160722_FIRE_mw-e-mobo-c,240,0.0
20160722_FIRE_mw-e-mobo-c,300,0.0
20160722_FIRE_mw-e-mobo-c,360,0.0
20160722_FIRE_mw-e-mobo-c,420,0.0
20160722_FIRE_mw-e-mobo-c,480,0.07038330286741257
20160722_FIRE_mw-e-mobo-c,540,0.006017623469233513
20160722_FIRE_mw-e-mobo-c,600,0.23990367352962494
20160722_FIRE_mw-e-mobo-c,660,0.3099071681499481
20160722_FIRE_mw-e-mobo-c,720,0.6203944087028503
20160722_FIRE_mw-e-mobo-c,780,0.46057960391044617
20160722_FIRE_mw-e-mobo-c,840,0.4699023365974426
20160722_FIRE_mw-e-mobo-c,900,0.741492748260498
20160722_FIRE_mw-e-mobo-c,960,0.7240397930145264
20160722_FIRE_mw-e-mobo-c,1020,0.8321437239646912
20160722_FIRE_mw-e-mobo-c,1080,0.41169559955596924
20160722_FIRE_mw-e-mobo-c,1140,0.3669494390487671
20160722_FIRE_mw-e-mobo-c,1200,0.7319380044937134
20160722_FIRE_mw-e-mobo-c,1260,0.4207164943218231
20160722_FIRE_mw-e-mobo-c,1320,0.5299162864685059
20160722_FIRE_mw-e-mobo-c,1380,0.4548191428184509
20160722_FIRE_mw-e-mobo-c,1440,0.32577750086784363
20160722_FIRE_mw-e-mobo-c,1500,0.04606984928250313
20160722_FIRE_mw-e-mobo-c,1560,0.3159105181694031
20160722_FIRE_mw-e-mobo-c,1620,0.0856831967830658
20160722_FIRE_mw-e-mobo-c,1680,0.5933219194412231
20160722_FIRE_mw-e-mobo-c,1740,0.5962942838668823
20160722_FIRE_mw-e-mobo-c,1800,0.4557042717933655
20160722_FIRE_mw-e-mobo-c,1860,0.6147621870040894
20160722_FIRE_mw-e-mobo-c,1920,0.7766173481941223
20160722_FIRE_mw-e-mobo-c,1980,0.6568160057067871
20160722_FIRE_mw-e-mobo-c,2040,0.7983394265174866
20160722_FIRE_mw-e-mobo-c,2100,0.6158290505409241
20160722_FIRE_mw-e-mobo-c,2160,0.7783777117729187
20160722_FIRE_mw-e-mobo-c,2220,0.7783553004264832
20160722_FIRE_mw-e-mobo-c,2280,0.6150027513504028
20160722_FIRE_mw-e-mobo-c,2340,0.5041012167930603
20160722_FIRE_mw-e-mobo-c,2400,0.6611393690109253
20161113_FIRE_bl-n-mobo-c,-2400,0.0
20161113_FIRE_bl-n-mobo-c,-2340,0.0
20161113_FIRE_bl-n-mobo-c,-2280,0.0
20161113_FIRE_bl-n-mobo-c,-2220,0.0
20161113_FIRE_bl-n-mobo-c,-2160,0.0
20161113_FIRE_bl-n-mobo-c,-2100,0.0
20161113_FIRE_bl-n-mobo-c,-2040,0.0
20161113_FIRE_bl-n-mobo-c,-1980,0.0
20161113_FIRE_bl-n-mobo-c,-1920,0.0
20161113_FIRE_bl-n-mobo-c,-1860,0.0
20161113_FIRE_bl-n-mobo-c,-1800,0.0
20161113_FIRE_bl-n-mobo-c,-1740,0.0
20161113_FIRE_bl-n-mobo-c,-1680,0.0
20161113_FIRE_bl-n-mobo-c,-1620,0.0
20161113_FIRE_bl-n-mobo-c,-1560,0.0
20161113_FIRE_bl-n-mobo-c,-1500,0.0
20161113_FIRE_bl-n-mobo-c,-1440,0.0
20161113_FIRE_bl-n-mobo-c,-1380,0.0
20161113_FIRE_bl-n-mobo-c,-1320,0.0
20161113_FIRE_bl-n-mobo-c,-1260,0.0
20161113_FIRE_bl-n-mobo-c,-1200,0.0
20161113_FIRE_bl-n-mobo-c,-1140,0.0
20161113_FIRE_bl-n-mobo-c,-1080,0.0
20161113_FIRE_bl-n-mobo-c,-1020,0.0
20161113_FIRE_bl-n-mobo-c,-960,0.0
20161113_FIRE_bl-n-mobo-c,-900,0.0
20161113_FIRE_bl-n-mobo-c,-840,0.0
20161113_FIRE_bl-n-mobo-c,-780,0.0
20161113_FIRE_bl-n-mobo-c,-720,0.0
20161113_FIRE_bl-n-mobo-c,-660,0.0
20161113_FIRE_bl-n-mobo-c,-600,0.0
20161113_FIRE_bl-n-mobo-c,-540,0.0
20161113_FIRE_bl-n-mobo-c,-480,0.0
20161113_FIRE_bl-n-mobo-c,-420,0.0
20161113_FIRE_bl-n-mobo-c,-360,0.0
20161113_FIRE_bl-n-mobo-c,-300,0.0
20161113_FIRE_bl-n-mobo-c,-240,0.0
20161113_FIRE_bl-n-mobo-c,-180,0.0
20161113_FIRE_bl-n-mobo-c,-120,0.0
20161113_FIRE_bl-n-mobo-c,-60,0.0
20161113_FIRE_bl-n-mobo-c,0,0.0
20161113_FIRE_bl-n-mobo-c,60,0.0
20161113_FIRE_bl-n-mobo-c,120,0.0
20161113_FIRE_bl-n-mobo-c,180,0.011196953244507313
20161113_FIRE_bl-n-mobo-c,240,0.027010779827833176
20161113_FIRE_bl-n-mobo-c,300,0.0
20161113_FIRE_bl-n-mobo-c,360,0.0
20161113_FIRE_bl-n-mobo-c,420,0.0025975408498197794
20161113_FIRE_bl-n-mobo-c,480,0.008355067111551762
20161113_FIRE_bl-n-mobo-c,540,0.009496956132352352
20161113_FIRE_bl-n-mobo-c,600,0.016210360452532768
20161113_FIRE_bl-n-mobo-c,660,0.0
20161113_FIRE_bl-n-mobo-c,720,0.0018991150427609682
20161113_FIRE_bl-n-mobo-c,780,0.018127351999282837
20161113_FIRE_bl-n-mobo-c,840,0.0179174542427063
20161113_FIRE_bl-n-mobo-c,900,0.03136008605360985
20161113_FIRE_bl-n-mobo-c,960,0.3852779269218445
20161113_FIRE_bl-n-mobo-c,1020,0.21505744755268097
20161113_FIRE_bl-n-mobo-c,1080,0.33070260286331177
20161113_FIRE_bl-n-mobo-c,1140,0.014104493893682957
20161113_FIRE_bl-n-mobo-c,1200,0.05680989846587181
20161113_FIRE_bl-n-mobo-c,1260,0.1509898453950882
20161113_FIRE_bl-n-mobo-c,1320,0.1006278321146965
20161113_FIRE_bl-n-mobo-c,1380,0.03017410822212696
20161113_FIRE_bl-n-mobo-c,1440,0.027687108144164085
20161113_FIRE_bl-n-mobo-c,1500,0.038017597049474716
20161113_FIRE_bl-n-mobo-c,1560,0.026981543749570847
20161113_FIRE_bl-n-mobo-c,1620,0.13251225650310516
20161113_FIRE_bl-n-mobo-c,1680,0.02335263416171074
20161113_FIRE_bl-n-mobo-c,1740,0.03858916461467743
20161113_FIRE_bl-n-mobo-c,1800,0.047625768929719925
20161113_FIRE_bl-n-mobo-c,1860,0.13705164194107056
20161113_FIRE_bl-n-mobo-c,1920,0.2508606016635895
20161113_FIRE_bl-n-mobo-c,1980,0.17521658539772034
20161113_FIRE_bl-n-mobo-c,2040,0.17319132387638092
20161113_FIRE_bl-n-mobo-c,2100,0.26699310541152954
20161113_FIRE_bl-n-mobo-c,2160,0.41745808720588684
20161113_FIRE_bl-n-mobo-c,2220,0.3171948194503784
20161113_FIRE_bl-n-mobo-c,2280,0.10815349221229553
20161113_FIRE_bl-n-mobo-c,2340,0.3625572621822357
20161113_FIRE_bl-n-mobo-c,2400,0.10528206825256348
20161113_FIRE_bm-n-mobo-c,-2400,0.003792722010985017
20161113_FIRE_bm-n-mobo-c,-2340,0.006659899838268757
20161113_FIRE_bm-n-mobo-c,-2280,0.015319843776524067
20161113_FIRE_bm-n-mobo-c,-2220,0.011841320432722569
20161113_FIRE_bm-n-mobo-c,-2160,0.008395127952098846
20161113_FIRE_bm-n-mobo-c,-2100,0.012543981894850731
20161113_FIRE_bm-n-mobo-c,-2040,0.003992579877376556
20161113_FIRE_bm-n-mobo-c,-1980,0.0015756561188027263
20161113_FIRE_bm-n-mobo-c,-1920,0.001244551152922213
20161113_FIRE_bm-n-mobo-c,-1860,0.001539682736620307
20161113_FIRE_bm-n-mobo-c,-1800,0.001015551621094346
20161113_FIRE_bm-n-mobo-c,-1740,0.0010235513327643275
20161113_FIRE_bm-n-mobo-c,-1680,0.001784037216566503
20161113_FIRE_bm-n-mobo-c,-1620,0.0016208406304940581
20161113_FIRE_bm-n-mobo-c,-1560,0.0010847961530089378
20161113_FIRE_bm-n-mobo-c,-1500,0.0013944321544840932
20161113_FIRE_bm-n-mobo-c,-1440,0.0014677647268399596
20161113_FIRE_bm-n-mobo-c,-1380,0.003395484061911702
20161113_FIRE_bm-n-mobo-c,-1320,0.003290817141532898
20161113_FIRE_bm-n-mobo-c,-1260,0.0
20161113_FIRE_bm-n-mobo-c,-1200,0.0010430982802063227
20161113_FIRE_bm-n-mobo-c,-1140,0.002015132224187255
20161113_FIRE_bm-n-mobo-c,-1080,0.0017864666879177094
20161113_FIRE_bm-n-mobo-c,-1020,0.0024900815915316343
20161113_FIRE_bm-n-mobo-c,-960,0.002132309367880225
20161113_FIRE_bm-n-mobo-c,-900,0.002305596834048629
20161113_FIRE_bm-n-mobo-c,-840,0.001621281262487173
20161113_FIRE_bm-n-mobo-c,-780,0.0017453241162002087
20161113_FIRE_bm-n-mobo-c,-720,0.0010498471092432737
20161113_FIRE_bm-n-mobo-c,-660,0.001120087574236095
20161113_FIRE_bm-n-mobo-c,-600,0.0015709880972281098
20161113_FIRE_bm-n-mobo-c,-540,0.0018234339077025652
20161113_FIRE_bm-n-mobo-c,-480,0.004962862003594637
20161113_FIRE_bm-n-mobo-c,-420,0.0012441694270819426
20161113_FIRE_bm-n-mobo-c,-360,0.0014697326114401221
20161113_FIRE_bm-n-mobo-c,-300,0.0
20161113_FIRE_bm-n-mobo-c,-240,0.0010240775300189853
20161113_FIRE_bm-n-mobo-c,-180,0.001292161992751062
20161113_FIRE_bm-n-mobo-c,-120,0.001259504584595561
20161113_FIRE_bm-n-mobo-c,-60,0.0
20161113_FIRE_bm-n-mobo-c,0,0.0013748580822721124
20161113_FIRE_bm-n-mobo-c,60,0.003983342554420233
20161113_FIRE_bm-n-mobo-c,120,0.001148560200817883
20161113_FIRE_bm-n-mobo-c,180,0.0014208927750587463
20161113_FIRE_bm-n-mobo-c,240,0.0014380955835804343
20161113_FIRE_bm-n-mobo-c,300,0.0
20161113_FIRE_bm-n-mobo-c,360,0.0
20161113_FIRE_bm-n-mobo-c,420,0.0031375237740576267
20161113_FIRE_bm-n-mobo-c,480,0.0016204911516979337
20161113_FIRE_bm-n-mobo-c,540,0.0011071644257754087
20161113_FIRE_bm-n-mobo-c,600,0.0013405143981799483
20161113_FIRE_bm-n-mobo-c,660,0.004541461821645498
20161113_FIRE_bm-n-mobo-c,720,0.0010416607838124037
20161113_FIRE_bm-n-mobo-c,780,0.0
20161113_FIRE_bm-n-mobo-c,840,0.0010935277678072453
20161113_FIRE_bm-n-mobo-c,900,0.009814032353460789
20161113_FIRE_bm-n-mobo-c,960,0.0161263570189476
20161113_FIRE_bm-n-mobo-c,1020,0.09896321594715118
20161113_FIRE_bm-n-mobo-c,1080,0.15561097860336304
20161113_FIRE_bm-n-mobo-c,1140,0.18133306503295898
20161113_FIRE_bm-n-mobo-c,1200,0.1528657227754593
20161113_FIRE_bm-n-mobo-c,1260,0.06539486348628998
20161113_FIRE_bm-n-mobo-c,1320,0.00443458603695035
20161113_FIRE_bm-n-mobo-c,1380,0.004947675857692957
20161113_FIRE_bm-n-mobo-c,1440,0.02179386466741562
20161113_FIRE_bm-n-mobo-c,1500,0.0010776801500469446
20161113_FIRE_bm-n-mobo-c,1560,0.0
20161113_FIRE_bm-n-mobo-c,1620,0.0013194084167480469
20161113_FIRE_bm-n-mobo-c,1680,0.0014842686941847205
20161113_FIRE_bm-n-mobo-c,1740,0.0018446329049766064
20161113_FIRE_bm-n-mobo-c,1800,0.0018468520138412714
20161113_FIRE_bm-n-mobo-c,1860,0.0018089879304170609
20161113_FIRE_bm-n-mobo-c,1920,0.0021714495960623026
20161113_FIRE_bm-n-mobo-c,1980,0.001233682851307094
20161113_FIRE_bm-n-mobo-c,2040,0.0010171545436605811
20161113_FIRE_bm-n-mobo-c,2100,0.0014386915136128664
20161113_FIRE_bm-n-mobo-c,2160,0.001468260888941586
20161113_FIRE_bm-n-mobo-c,2220,0.0
20161113_FIRE_bm-n-mobo-c,2280,0.0012875801185145974
20161113_FIRE_bm-n-mobo-c,2340,0.0023183543235063553
20161113_FIRE_bm-n-mobo-c,2400,0.001115312334150076
20161113_FIRE_bm-w-mobo-c,-2400,0.0
20161113_FIRE_bm-w-mobo-c,-2340,0.0
20161113_FIRE_bm-w-mobo-c,-2280,0.0
20161113_FIRE_bm-w-mobo-c,-2220,0.0
20161113_FIRE_bm-w-mobo-c,-2160,0.0
20161113_FIRE_bm-w-mobo-c,-2100,0.0
20161113_FIRE_bm-w-mobo-c,-2040,0.0
20161113_FIRE_bm-w-mobo-c,-1980,0.0
20161113_FIRE_bm-w-mobo-c,-1920,0.0
20161113_FIRE_bm-w-mobo-c,-1860,0.0
20161113_FIRE_bm-w-mobo-c,-1800,0.0
20161113_FIRE_bm-w-mobo-c,-1740,0.0
20161113_FIRE_bm-w-mobo-c,-1680,0.0
20161113_FIRE_bm-w-mobo-c,-1620,0.0
20161113_FIRE_bm-w-mobo-c,-1560,0.0
20161113_FIRE_bm-w-mobo-c,-1500,0.0
20161113_FIRE_bm-w-mobo-c,-1440,0.0
20161113_FIRE_bm-w-mobo-c,-1380,0.0
20161113_FIRE_bm-w-mobo-c,-1320,0.0
20161113_FIRE_bm-w-mobo-c,-1260,0.0
20161113_FIRE_bm-w-mobo-c,-1200,0.0
20161113_FIRE_bm-w-mobo-c,-1140,0.0
20161113_FIRE_bm-w-mobo-c,-1080,0.0
20161113_FIRE_bm-w-mobo-c,-1020,0.0
20161113_FIRE_bm-w-mobo-c,-960,0.0
20161113_FIRE_bm-w-mobo-c,-900,0.0
20161113_FIRE_bm-w-mobo-c,-840,0.0
20161113_FIRE_bm-w-mobo-c,-780,0.0
20161113_FIRE_bm-w-mobo-c,-720,0.0
20161113_FIRE_bm-w-mobo-c,-660,0.0
20161113_FIRE_bm-w-mobo-c,-600,0.0
20161113_FIRE_bm-w-mobo-c,-540,0.0
20161113_FIRE_bm-w-mobo-c,-480,0.0
20161113_FIRE_bm-w-mobo-c,-420,0.0
20161113_FIRE_bm-w-mobo-c,-360,0.0
20161113_FIRE_bm-w-mobo-c,-300,0.0
20161113_FIRE_bm-w-mobo-c,-240,0.0
20161113_FIRE_bm-w-mobo-c,-180,0.0
20161113_FIRE_bm-w-mobo-c,-120,0.0
20161113_FIRE_bm-w-mobo-c,-60,0.0
20161113_FIRE_bm-w-mobo-c,0,0.0
20161113_FIRE_bm-w-mobo-c,60,0.0
20161113_FIRE_bm-w-mobo-c,120,0.0
20161113_FIRE_bm-w-mobo-c,180,0.10964277386665344
20161113_FIRE_bm-w-mobo-c,240,0.21593321859836578
20161113_FIRE_bm-w-mobo-c,300,0.18097464740276337
20161113_FIRE_bm-w-mobo-c,360,0.4742545187473297
20161113_FIRE_bm-w-mobo-c,420,0.459133118391037
20161113_FIRE_bm-w-mobo-c,480,0.6010949611663818
20161113_FIRE_bm-w-mobo-c,540,0.5651441812515259
20161113_FIRE_bm-w-mobo-c,600,0.5742448568344116
20161113_FIRE_bm-w-mobo-c,660,0.5441407561302185
20161113_FIRE_bm-w-mobo-c,720,0.3741803765296936
20161113_FIRE_bm-w-mobo-c,780,0.44513043761253357
20161113_FIRE_bm-w-mobo-c,840,0.41739392280578613
20161113_FIRE_bm-w-mobo-c,900,0.5861300826072693
20161113_FIRE_bm-w-mobo-c,960,0.6032013893127441
20161113_FIRE_bm-w-mobo-c,1020,0.5550110340118408
20161113_FIRE_bm-w-mobo-c,1080,0.47246551513671875
20161113_FIRE_bm-w-mobo-c,1140,0.43123772740364075
20161113_FIRE_bm-w-mobo-c,1200,0.5454086661338806
20161113_FIRE_bm-w-mobo-c,1260,0.5854995250701904
20161113_FIRE_bm-w-mobo-c,1320,0.5894765853881836
20161113_FIRE_bm-w-mobo-c,1380,0.6506181359291077
20161113_FIRE_bm-w-mobo-c,1440,0.6336604356765747
20161113_FIRE_bm-w-mobo-c,1500,0.5790122747421265
20161113_FIRE_bm-w-mobo-c,1560,0.40379276871681213
20161113_FIRE_bm-w-mobo-c,1620,0.5551151633262634
20161113_FIRE_bm-w-mobo-c,1680,0.49837782979011536
20161113_FIRE_bm-w-mobo-c,1740,0.4066767394542694
20161113_FIRE_bm-w-mobo-c,1800,0.4693850874900818
20161113_FIRE_bm-w-mobo-c,1860,0.588871419429779
20161113_FIRE_bm-w-mobo-c,1920,0.5849454402923584
20161113_FIRE_bm-w-mobo-c,1980,0.5822087526321411
20161113_FIRE_bm-w-mobo-c,2040,0.46328940987586975
20161113_FIRE_bm-w-mobo-c,2100,0.6294663548469543
20161113_FIRE_bm-w-mobo-c,2160,0.6100757718086243
20161113_FIRE_bm-w-mobo-c,2220,0.5149024724960327
20161113_FIRE_bm-w-mobo-c,2280,0.5418832302093506
20161113_FIRE_bm-w-mobo-c,2340,0.5244123935699463
20161113_FIRE_bm-w-mobo-c,2400,0.6057064533233643
20170519_FIRE_rm-w-mobo-c,-2400,0.0
20170519_FIRE_rm-w-mobo-c,-2340,0.0
20170519_FIRE_rm-w-mobo-c,-2280,0.0
20170519_FIRE_rm-w-mobo-c,-2220,0.0
20170519_FIRE_rm-w-mobo-c,-2160,0.0
20170519_FIRE_rm-w-mobo-c,-2100,0.0
20170519_FIRE_rm-w-mobo-c,-2040,0.0010743655730038881
20170519_FIRE_rm-w-mobo-c,-1980,0.0
20170519_FIRE_rm-w-mobo-c,-1920,0.0
20170519_FIRE_rm-w-mobo-c,-1860,0.0
20170519_FIRE_rm-w-mobo-c,-1800,0.0
20170519_FIRE_rm-w-mobo-c,-1740,0.0026076536159962416
20170519_FIRE_rm-w-mobo-c,-1680,0.0
20170519_FIRE_rm-w-mobo-c,-1620,0.0
20170519_FIRE_rm-w-mobo-c,-1560,0.0017069189343601465
20170519_FIRE_rm-w-mobo-c,-1500,0.001089968252927065
20170519_FIRE_rm-w-mobo-c,-1440,0.0
20170519_FIRE_rm-w-mobo-c,-1380,0.0
20170519_FIRE_rm-w-mobo-c,-1320,0.0
20170519_FIRE_rm-w-mobo-c,-1260,0.0
20170519_FIRE_rm-w-mobo-c,-1200,0.0
20170519_FIRE_rm-w-mobo-c,-1140,0.0
20170519_FIRE_rm-w-mobo-c,-1080,0.0
20170519_FIRE_rm-w-mobo-c,-1020,0.0
20170519_FIRE_rm-w-mobo-c,-960,0.0
20170519_FIRE_rm-w-mobo-c,-900,0.0
20170519_FIRE_rm-w-mobo-c,-840,0.0
20170519_FIRE_rm-w-mobo-c,-780,0.001139698433689773
20170519_FIRE_rm-w-mobo-c,-720,0.001515715615823865
20170519_FIRE_rm-w-mobo-c,-660,0.0017153314547613263
20170519_FIRE_rm-w-mobo-c,-600,0.0011130966013297439
20170519_FIRE_rm-w-mobo-c,-540,0.0
20170519_FIRE_rm-w-mobo-c,-480,0.0
20170519_FIRE_rm-w-mobo-c,-420,0.0
20170519_FIRE_rm-w-mobo-c,-360,0.0
20170519_FIRE_rm-w-mobo-c,-300,0.00231460970826447
20170519_FIRE_rm-w-mobo-c,-240,0.001562835997901857
20170519_FIRE_rm-w-mobo-c,-180,0.0
20170519_FIRE_rm-w-mobo-c,-120,0.0
20170519_FIRE_rm-w-mobo-c,-60,0.0014060469111427665
20170519_FIRE_rm-w-mobo-c,0,0.0
20170519_FIRE_rm-w-mobo-c,60,0.0018486161716282368
20170519_FIRE_rm-w-mobo-c,120,0.0
20170519_FIRE_rm-w-mobo-c,180,0.0
20170519_FIRE_rm-w-mobo-c,240,0.0
20170519_FIRE_rm-w-mobo-c,300,0.0
20170519_FIRE_rm-w-mobo-c,360,0.0
20170519_FIRE_rm-w-mobo-c,420,0.0
20170519_FIRE_rm-w-mobo-c,480,0.0
20170519_FIRE_rm-w-mobo-c,540,0.0
20170519_FIRE_rm-w-mobo-c,600,0.0
20170519_FIRE_rm-w-mobo-c,660,0.0
20170519_FIRE_rm-w-mobo-c,720,0.0
20170519_FIRE_rm-w-mobo-c,780,0.0
20170519_FIRE_rm-w-mobo-c,840,0.0
20170519_FIRE_rm-w-mobo-c,900,0.0041559357196092606
20170519_FIRE_rm-w-mobo-c,960,0.0
20170519_FIRE_rm-w-mobo-c,1020,0.0
20170519_FIRE_rm-w-mobo-c,1080,0.0013175117783248425
20170519_FIRE_rm-w-mobo-c,1140,0.003441220847889781
20170519_FIRE_rm-w-mobo-c,1200,0.1135251522064209
20170519_FIRE_rm-w-mobo-c,1260,0.03164267539978027
20170519_FIRE_rm-w-mobo-c,1320,0.00417176540941
20170519_FIRE_rm-w-mobo-c,1380,0.012469114735722542
20170519_FIRE_rm-w-mobo-c,1440,0.019564777612686157
20170519_FIRE_rm-w-mobo-c,1500,0.18781530857086182
20170519_FIRE_rm-w-mobo-c,1560,0.5140405893325806
20170519_FIRE_rm-w-mobo-c,1620,0.2821597754955292
20170519_FIRE_rm-w-mobo-c,1680,0.18548953533172607
20170519_FIRE_rm-w-mobo-c,1740,0.0818229392170906
20170519_FIRE_rm-w-mobo-c,1800,0.1755552589893341
20170519_FIRE_rm-w-mobo-c,1860,0.15680311620235443
20170519_FIRE_rm-w-mobo-c,1920,0.20544780790805817
20170519_FIRE_rm-w-mobo-c,1980,0.09486308693885803
20170519_FIRE_rm-w-mobo-c,2040,0.059373047202825546
20170519_FIRE_rm-w-mobo-c,2100,0.12069008499383926
20170519_FIRE_rm-w-mobo-c,2160,0.18176664412021637
20170519_FIRE_rm-w-mobo-c,2220,0.17959392070770264
20170519_FIRE_rm-w-mobo-c,2280,0.3136237561702728
20170519_FIRE_rm-w-mobo-c,2340,0.3368651568889618
20170519_FIRE_rm-w-mobo-c,2400,0.3397843837738037
20170520_FIRE_lp-s-iqeye,-2400,0.0
20170520_FIRE_lp-s-iqeye,-2340,0.0
20170520_FIRE_lp-s-iqeye,-2280,0.0
20170520_FIRE_lp-s-iqeye,-2220,0.0
20170520_FIRE_lp-s-iqeye,-2160,0.0
20170520_FIRE_lp-s-iqeye,-2100,0.0
20170520_FIRE_lp-s-iqeye,-2040,0.0
20170520_FIRE_lp-s-iqeye,-1980,0.0
20170520_FIRE_lp-s-iqeye,-1920,0.0
20170520_FIRE_lp-s-iqeye,-1860,0.0
20170520_FIRE_lp-s-iqeye,-1800,0.0
20170520_FIRE_lp-s-iqeye,-1740,0.0
20170520_FIRE_lp-s-iqeye,-1680,0.0
20170520_FIRE_lp-s-iqeye,-1620,0.0
20170520_FIRE_lp-s-iqeye,-1560,0.0
20170520_FIRE_lp-s-iqeye,-1500,0.0
20170520_FIRE_lp-s-iqeye,-1440,0.0
20170520_FIRE_lp-s-iqeye,-1380,0.0
20170520_FIRE_lp-s-iqeye,-1320,0.0
20170520_FIRE_lp-s-iqeye,-1260,0.0
20170520_FIRE_lp-s-iqeye,-1200,0.0
20170520_FIRE_lp-s-iqeye,-1140,0.0
20170520_FIRE_lp-s-iqeye,-1080,0.0
20170520_FIRE_lp-s-iqeye,-1020,0.0
20170520_FIRE_lp-s-iqeye,-960,0.0
20170520_FIRE_lp-s-iqeye,-900,0.0
20170520_FIRE_lp-s-iqeye,-840,0.0
20170520_FIRE_lp-s-iqeye,-780,0.0
20170520_FIRE_lp-s-iqeye,-720,0.0
20170520_FIRE_lp-s-iqeye,-660,0.0
20170520_FIRE_lp-s-iqeye,-600,0.0
20170520_FIRE_lp-s-iqeye,-540,0.0
20170520_FIRE_lp-s-iqeye,-480,0.0
20170520_FIRE_lp-s-iqeye,-420,0.0
20170520_FIRE_lp-s-iqeye,-360,0.0
20170520_FIRE_lp-s-iqeye,-300,0.0
20170520_FIRE_lp-s-iqeye,-240,0.0
20170520_FIRE_lp-s-iqeye,-180,0.0
20170520_FIRE_lp-s-iqeye,-120,0.0
20170520_FIRE_lp-s-iqeye,-60,0.0
20170520_FIRE_lp-s-iqeye,0,0.013517236337065697
20170520_FIRE_lp-s-iqeye,60,0.14015686511993408
20170520_FIRE_lp-s-iqeye,120,0.3500175178050995
20170520_FIRE_lp-s-iqeye,180,0.44495099782943726
20170520_FIRE_lp-s-iqeye,240,0.784034788608551
20170520_FIRE_lp-s-iqeye,300,0.8172659277915955
20170520_FIRE_lp-s-iqeye,360,0.5761109590530396
20170520_FIRE_lp-s-iqeye,420,0.6988937258720398
20170520_FIRE_lp-s-iqeye,480,0.5016024112701416
20170520_FIRE_lp-s-iqeye,540,0.6279451847076416
20170520_FIRE_lp-s-iqeye,600,0.6444361209869385
20170520_FIRE_lp-s-iqeye,660,0.5529924035072327
20170520_FIRE_lp-s-iqeye,720,0.4572787284851074
20170520_FIRE_lp-s-iqeye,780,0.6927927732467651
20170520_FIRE_lp-s-iqeye,840,0.4612012505531311
20170520_FIRE_lp-s-iqeye,900,0.3363153040409088
20170520_FIRE_lp-s-iqeye,960,0.39442452788352966
20170520_FIRE_lp-s-iqeye,1020,0.6606096625328064
20170520_FIRE_lp-s-iqeye,1080,0.06737986952066422
20170520_FIRE_lp-s-iqeye,1140,0.09633002430200577
20170520_FIRE_lp-s-iqeye,1200,0.03812415152788162
20170520_FIRE_lp-s-iqeye,1260,0.582632303237915
20170520_FIRE_lp-s-iqeye,1320,0.6433157324790955
20170520_FIRE_lp-s-iqeye,1380,0.5953335762023926
20170520_FIRE_lp-s-iqeye,1440,0.44926270842552185
20170520_FIRE_lp-s-iqeye,1500,0.14970234036445618
20170520_FIRE_lp-s-iqeye,1560,0.2656550109386444
20170520_FIRE_lp-s-iqeye,1620,0.26383253931999207
20170520_FIRE_lp-s-iqeye,1680,0.2652285397052765
20170520_FIRE_lp-s-iqeye,1740,0.19406729936599731
20170520_FIRE_lp-s-iqeye,1800,0.26819199323654175
20170520_FIRE_lp-s-iqeye,1860,0.06684094667434692
20170520_FIRE_lp-s-iqeye,1920,0.11397548019886017
20170520_FIRE_lp-s-iqeye,1980,0.6881333589553833
20170520_FIRE_lp-s-iqeye,2040,0.5915859937667847
20170520_FIRE_lp-s-iqeye,2100,0.39011192321777344
20170520_FIRE_lp-s-iqeye,2160,0.549039363861084
20170520_FIRE_lp-s-iqeye,2220,0.4518508315086365
20170520_FIRE_lp-s-iqeye,2280,0.3047230541706085
20170520_FIRE_lp-s-iqeye,2340,0.5782217979431152
20170520_FIRE_lp-s-iqeye,2400,0.1967901736497879
20170520_FIRE_om-s-mobo-c,-840,0.03573519363999367
20170520_FIRE_om-s-mobo-c,-780,0.036525167524814606
20170520_FIRE_om-s-mobo-c,-720,0.045873723924160004
20170520_FIRE_om-s-mobo-c,-660,0.03280934691429138
20170520_FIRE_om-s-mobo-c,-600,0.04795392230153084
20170520_FIRE_om-s-mobo-c,-540,0.039108455181121826
20170520_FIRE_om-s-mobo-c,-480,0.025295322760939598
20170520_FIRE_om-s-mobo-c,-420,0.02773265540599823
20170520_FIRE_om-s-mobo-c,-360,0.026307430118322372
20170520_FIRE_om-s-mobo-c,-300,0.023088186979293823
20170520_FIRE_om-s-mobo-c,-240,0.021769510582089424
20170520_FIRE_om-s-mobo-c,-180,0.03487652167677879
20170520_FIRE_om-s-mobo-c,-120,0.039042066782712936
20170520_FIRE_om-s-mobo-c,-60,0.03175298497080803
20170520_FIRE_om-s-mobo-c,0,0.039801254868507385
20170520_FIRE_om-s-mobo-c,60,0.031421732157468796
20170520_FIRE_om-s-mobo-c,120,0.03414618968963623
20170520_FIRE_om-s-mobo-c,180,0.025843046605587006
20170520_FIRE_om-s-mobo-c,240,0.03084682859480381
20170520_FIRE_om-s-mobo-c,300,0.03955520689487457
20170520_FIRE_om-s-mobo-c,360,0.038924556225538254
20170520_FIRE_om-s-mobo-c,420,0.026949692517518997
20170520_FIRE_om-s-mobo-c,480,0.03825981542468071
20170520_FIRE_om-s-mobo-c,540,0.03044809214770794
20170520_FIRE_om-s-mobo-c,600,0.04262160509824753
20170520_FIRE_om-s-mobo-c,660,0.02603963576257229
20170520_FIRE_om-s-mobo-c,720,0.013291711919009686
20170520_FIRE_om-s-mobo-c,780,0.021085096523165703
20170520_FIRE_om-s-mobo-c,840,0.020174453034996986
20170520_FIRE_om-s-mobo-c,900,0.023439060896635056
20170520_FIRE_om-s-mobo-c,960,0.022033313289284706
20170520_FIRE_om-s-mobo-c,1020,0.021577849984169006
20170520_FIRE_om-s-mobo-c,1080,0.02430441789329052
20170520_FIRE_om-s-mobo-c,1140,0.020151956006884575
20170520_FIRE_om-s-mobo-c,1200,0.026239652186632156
20170520_FIRE_om-s-mobo-c,1260,0.022679539397358894
20170520_FIRE_om-s-mobo-c,1320,0.01967979036271572
20170520_FIRE_om-s-mobo-c,1380,0.01854788511991501
20170520_FIRE_om-s-mobo-c,1440,0.01585003174841404
20170520_FIRE_om-s-mobo-c,1500,0.014120230451226234
20170520_FIRE_om-s-mobo-c,1560,0.016741005703806877
20170520_FIRE_om-s-mobo-c,1620,0.018906189128756523
20170520_FIRE_om-s-mobo-c,1680,0.020003652200102806
20170520_FIRE_om-s-mobo-c,1740,0.01530767697840929
20170520_FIRE_om-s-mobo-c,1800,0.018514130264520645
20170520_FIRE_om-s-mobo-c,1860,0.019862709566950798
20170520_FIRE_om-s-mobo-c,1920,0.029739035293459892
20170520_FIRE_om-s-mobo-c,1980,0.021528014913201332
20170520_FIRE_om-s-mobo-c,2040,0.019802292808890343
20170520_FIRE_om-s-mobo-c,2100,0.023761793971061707
20170520_FIRE_om-s-mobo-c,2160,0.028530854731798172
20170520_FIRE_om-s-mobo-c,2220,0.04443807527422905
20170520_FIRE_om-s-mobo-c,2280,0.01553928479552269
20170520_FIRE_om-s-mobo-c,2340,0.013433068990707397
20170520_FIRE_om-s-mobo-c,2400,0.01759924367070198
20170520_FIRE_pi-s-mobo-c,-2400,0.0
20170520_FIRE_pi-s-mobo-c,-2340,0.0
20170520_FIRE_pi-s-mobo-c,-2280,0.0
20170520_FIRE_pi-s-mobo-c,-2220,0.0
20170520_FIRE_pi-s-mobo-c,-2160,0.0
20170520_FIRE_pi-s-mobo-c,-2100,0.0
20170520_FIRE_pi-s-mobo-c,-2040,0.0011190216755494475
20170520_FIRE_pi-s-mobo-c,-1980,0.0
20170520_FIRE_pi-s-mobo-c,-1920,0.0
20170520_FIRE_pi-s-mobo-c,-1860,0.0
20170520_FIRE_pi-s-mobo-c,-1800,0.0
20170520_FIRE_pi-s-mobo-c,-1740,0.0
20170520_FIRE_pi-s-mobo-c,-1680,0.0
20170520_FIRE_pi-s-mobo-c,-1620,0.0
20170520_FIRE_pi-s-mobo-c,-1560,0.0
20170520_FIRE_pi-s-mobo-c,-1500,0.0
20170520_FIRE_pi-s-mobo-c,-1440,0.0
20170520_FIRE_pi-s-mobo-c,-1380,0.0
20170520_FIRE_pi-s-mobo-c,-1320,0.0
20170520_FIRE_pi-s-mobo-c,-1260,0.0
20170520_FIRE_pi-s-mobo-c,-1200,0.0
20170520_FIRE_pi-s-mobo-c,-1140,0.0
20170520_FIRE_pi-s-mobo-c,-1080,0.0
20170520_FIRE_pi-s-mobo-c,-1020,0.0
20170520_FIRE_pi-s-mobo-c,-960,0.0
20170520_FIRE_pi-s-mobo-c,-900,0.0011654766276478767
20170520_FIRE_pi-s-mobo-c,-840,0.0
20170520_FIRE_pi-s-mobo-c,-780,0.0
20170520_FIRE_pi-s-mobo-c,-720,0.0
20170520_FIRE_pi-s-mobo-c,-660,0.0
20170520_FIRE_pi-s-mobo-c,-600,0.0
20170520_FIRE_pi-s-mobo-c,-540,0.0
20170520_FIRE_pi-s-mobo-c,-480,0.0
20170520_FIRE_pi-s-mobo-c,-420,0.0
20170520_FIRE_pi-s-mobo-c,-360,0.0
20170520_FIRE_pi-s-mobo-c,-300,0.0
20170520_FIRE_pi-s-mobo-c,-240,0.0
20170520_FIRE_pi-s-mobo-c,-180,0.0026421428192406893
20170520_FIRE_pi-s-mobo-c,-120,0.0
20170520_FIRE_pi-s-mobo-c,-60,0.0
20170520_FIRE_pi-s-mobo-c,0,0.0
20170520_FIRE_pi-s-mobo-c,60,0.0
20170520_FIRE_pi-s-mobo-c,120,0.0
20170520_FIRE_pi-s-mobo-c,180,0.0
20170520_FIRE_pi-s-mobo-c,240,0.0
20170520_FIRE_pi-s-mobo-c,300,0.0
20170520_FIRE_pi-s-mobo-c,360,0.0
20170520_FIRE_pi-s-mobo-c,420,0.0
20170520_FIRE_pi-s-mobo-c,480,0.0
20170520_FIRE_pi-s-mobo-c,540,0.0
20170520_FIRE_pi-s-mobo-c,600,0.0
20170520_FIRE_pi-s-mobo-c,660,0.0
20170520_FIRE_pi-s-mobo-c,720,0.0
20170520_FIRE_pi-s-mobo-c,780,0.0
20170520_FIRE_pi-s-mobo-c,840,0.0
20170520_FIRE_pi-s-mobo-c,900,0.0015164872165769339
20170520_FIRE_pi-s-mobo-c,960,0.0
20170520_FIRE_pi-s-mobo-c,1020,0.0
20170520_FIRE_pi-s-mobo-c,1080,0.0
20170520_FIRE_pi-s-mobo-c,1140,0.0
20170520_FIRE_pi-s-mobo-c,1200,0.0
20170520_FIRE_pi-s-mobo-c,1260,0.0012906607007607818
20170520_FIRE_pi-s-mobo-c,1320,0.002319511491805315
20170520_FIRE_pi-s-mobo-c,1380,0.0021575307473540306
20170520_FIRE_pi-s-mobo-c,1440,0.0023341686464846134
20170520_FIRE_pi-s-mobo-c,1500,0.0
20170520_FIRE_pi-s-mobo-c,1560,0.005766038782894611
20170520_FIRE_pi-s-mobo-c,1620,0.0
20170520_FIRE_pi-s-mobo-c,1680,0.0025242704432457685
20170520_FIRE_pi-s-mobo-c,1740,0.0
20170520_FIRE_pi-s-mobo-c,1800,0.0
20170520_FIRE_pi-s-mobo-c,1860,0.0
20170520_FIRE_pi-s-mobo-c,1920,0.0
20170520_FIRE_pi-s-mobo-c,1980,0.0
20170520_FIRE_pi-s-mobo-c,2040,0.0014439126243814826
20170520_FIRE_pi-s-mobo-c,2100,0.0010868292301893234
20170520_FIRE_pi-s-mobo-c,2160,0.0
20170520_FIRE_pi-s-mobo-c,2220,0.0
20170520_FIRE_pi-s-mobo-c,2280,0.0
20170520_FIRE_pi-s-mobo-c,2340,0.0
20170520_FIRE_pi-s-mobo-c,2400,0.0
20170520_FIRE_pi-w-mobo-c,-2400,0.0
20170520_FIRE_pi-w-mobo-c,-2340,0.0
20170520_FIRE_pi-w-mobo-c,-2280,0.0
20170520_FIRE_pi-w-mobo-c,-2220,0.0
20170520_FIRE_pi-w-mobo-c,-2160,0.0
20170520_FIRE_pi-w-mobo-c,-2100,0.0
20170520_FIRE_pi-w-mobo-c,-2040,0.0
20170520_FIRE_pi-w-mobo-c,-1980,0.0
20170520_FIRE_pi-w-mobo-c,-1920,0.0
20170520_FIRE_pi-w-mobo-c,-1860,0.0
20170520_FIRE_pi-w-mobo-c,-1800,0.0
20170520_FIRE_pi-w-mobo-c,-1740,0.0
20170520_FIRE_pi-w-mobo-c,-1680,0.0
20170520_FIRE_pi-w-mobo-c,-1620,0.0
20170520_FIRE_pi-w-mobo-c,-1560,0.0
20170520_FIRE_pi-w-mobo-c,-1500,0.0
20170520_FIRE_pi-w-mobo-c,-1440,0.0
20170520_FIRE_pi-w-mobo-c,-1380,0.0
20170520_FIRE_pi-w-mobo-c,-1320,0.0
20170520_FIRE_pi-w-mobo-c,-1260,0.0
20170520_FIRE_pi-w-mobo-c,-1200,0.0
20170520_FIRE_pi-w-mobo-c,-1140,0.0
20170520_FIRE_pi-w-mobo-c,-1080,0.0
20170520_FIRE_pi-w-mobo-c,-1020,0.0
20170520_FIRE_pi-w-mobo-c,-960,0.0
20170520_FIRE_pi-w-mobo-c,-900,0.0
20170520_FIRE_pi-w-mobo-c,-840,0.0
20170520_FIRE_pi-w-mobo-c,-780,0.0
20170520_FIRE_pi-w-mobo-c,-720,0.0
20170520_FIRE_pi-w-mobo-c,-660,0.0
20170520_FIRE_pi-w-mobo-c,-600,0.0
20170520_FIRE_pi-w-mobo-c,-540,0.0
20170520_FIRE_pi-w-mobo-c,-480,0.0
20170520_FIRE_pi-w-mobo-c,-420,0.0
20170520_FIRE_pi-w-mobo-c,-360,0.0
20170520_FIRE_pi-w-mobo-c,-300,0.0
20170520_FIRE_pi-w-mobo-c,-240,0.0
20170520_FIRE_pi-w-mobo-c,-180,0.0
20170520_FIRE_pi-w-mobo-c,-120,0.0
20170520_FIRE_pi-w-mobo-c,-60,0.0
20170520_FIRE_pi-w-mobo-c,0,0.0
20170520_FIRE_pi-w-mobo-c,60,0.0
20170520_FIRE_pi-w-mobo-c,120,0.0
20170520_FIRE_pi-w-mobo-c,180,0.0
20170520_FIRE_pi-w-mobo-c,240,0.0
20170520_FIRE_pi-w-mobo-c,300,0.0
20170520_FIRE_pi-w-mobo-c,360,0.03323417529463768
20170520_FIRE_pi-w-mobo-c,420,0.28053686022758484
20170520_FIRE_pi-w-mobo-c,480,0.40396955609321594
20170520_FIRE_pi-w-mobo-c,540,0.5659431219100952
20170520_FIRE_pi-w-mobo-c,600,0.5079639554023743
20170520_FIRE_pi-w-mobo-c,660,0.5144184231758118
20170520_FIRE_pi-w-mobo-c,720,0.557265043258667
20170520_FIRE_pi-w-mobo-c,780,0.49245959520339966
20170520_FIRE_pi-w-mobo-c,840,0.4822901785373688
20170520_FIRE_pi-w-mobo-c,900,0.49798038601875305
20170520_FIRE_pi-w-mobo-c,960,0.5604143142700195
20170520_FIRE_pi-w-mobo-c,1020,0.40432387590408325
20170520_FIRE_pi-w-mobo-c,1080,0.22874754667282104
20170520_FIRE_pi-w-mobo-c,1140,0.1714627891778946
20170520_FIRE_pi-w-mobo-c,1200,0.3478368818759918
20170520_FIRE_pi-w-mobo-c,1260,0.5292080640792847
20170520_FIRE_pi-w-mobo-c,1320,0.5274873971939087
20170520_FIRE_pi-w-mobo-c,1380,0.5888715982437134
20170520_FIRE_pi-w-mobo-c,1440,0.6790500283241272
20170520_FIRE_pi-w-mobo-c,1500,0.36440882086753845
20170520_FIRE_pi-w-mobo-c,1560,0.42160335183143616
20170520_FIRE_pi-w-mobo-c,1620,0.4395351707935333
20170520_FIRE_pi-w-mobo-c,1680,0.4522581100463867
20170520_FIRE_pi-w-mobo-c,1740,0.5464961528778076
20170520_FIRE_pi-w-mobo-c,1800,0.46115896105766296
20170520_FIRE_pi-w-mobo-c,1860,0.5136414170265198
20170520_FIRE_pi-w-mobo-c,1920,0.4443269371986389
20170520_FIRE_pi-w-mobo-c,1980,0.46863552927970886
20170520_FIRE_pi-w-mobo-c,2040,0.49984025955200195
20170520_FIRE_pi-w-mobo-c,2100,0.1840079426765442
20170520_FIRE_pi-w-mobo-c,2160,0.5798026323318481
20170520_FIRE_pi-w-mobo-c,2220,0.6288831830024719
20170520_FIRE_pi-w-mobo-c,2280,0.7060837745666504
20170520_FIRE_pi-w-mobo-c,2340,0.691717267036438
20170520_FIRE_pi-w-mobo-c,2400,0.6945871710777283
20170609_FIRE_sm-n-mobo-c,-2400,0.0
20170609_FIRE_sm-n-mobo-c,-2340,0.0
20170609_FIRE_sm-n-mobo-c,-2280,0.0
20170609_FIRE_sm-n-mobo-c,-2220,0.0
20170609_FIRE_sm-n-mobo-c,-2160,0.0
20170609_FIRE_sm-n-mobo-c,-2100,0.0
20170609_FIRE_sm-n-mobo-c,-2040,0.0
20170609_FIRE_sm-n-mobo-c,-1980,0.0
20170609_FIRE_sm-n-mobo-c,-1920,0.0
20170609_FIRE_sm-n-mobo-c,-1860,0.0
20170609_FIRE_sm-n-mobo-c,-1800,0.0
20170609_FIRE_sm-n-mobo-c,-1740,0.0
20170609_FIRE_sm-n-mobo-c,-1680,0.0
20170609_FIRE_sm-n-mobo-c,-1620,0.0
20170609_FIRE_sm-n-mobo-c,-1560,0.0
20170609_FIRE_sm-n-mobo-c,-1500,0.0
20170609_FIRE_sm-n-mobo-c,-1440,0.0
20170609_FIRE_sm-n-mobo-c,-1380,0.0
20170609_FIRE_sm-n-mobo-c,-1320,0.0
20170609_FIRE_sm-n-mobo-c,-1260,0.0010671481722965837
20170609_FIRE_sm-n-mobo-c,-1200,0.0
20170609_FIRE_sm-n-mobo-c,-1140,0.0
20170609_FIRE_sm-n-mobo-c,-1080,0.0
20170609_FIRE_sm-n-mobo-c,-1020,0.0
20170609_FIRE_sm-n-mobo-c,-960,0.0
20170609_FIRE_sm-n-mobo-c,-900,0.0
20170609_FIRE_sm-n-mobo-c,-840,0.0
20170609_FIRE_sm-n-mobo-c,-780,0.0
20170609_FIRE_sm-n-mobo-c,-720,0.0
20170609_FIRE_sm-n-mobo-c,-660,0.0
20170609_FIRE_sm-n-mobo-c,-600,0.0
20170609_FIRE_sm-n-mobo-c,-540,0.0
20170609_FIRE_sm-n-mobo-c,-480,0.0
20170609_FIRE_sm-n-mobo-c,-420,0.0
20170609_FIRE_sm-n-mobo-c,-360,0.0
20170609_FIRE_sm-n-mobo-c,-300,0.0
20170609_FIRE_sm-n-mobo-c,-240,0.0
20170609_FIRE_sm-n-mobo-c,-180,0.0
20170609_FIRE_sm-n-mobo-c,-120,0.0
20170609_FIRE_sm-n-mobo-c,-60,0.0
20170609_FIRE_sm-n-mobo-c,0,0.0
20170609_FIRE_sm-n-mobo-c,60,0.0
20170609_FIRE_sm-n-mobo-c,120,0.0
20170609_FIRE_sm-n-mobo-c,180,0.0
20170609_FIRE_sm-n-mobo-c,240,0.0
20170609_FIRE_sm-n-mobo-c,300,0.0
20170609_FIRE_sm-n-mobo-c,360,0.0
20170609_FIRE_sm-n-mobo-c,420,0.0
20170609_FIRE_sm-n-mobo-c,480,0.0
20170609_FIRE_sm-n-mobo-c,540,0.002877806080505252
20170609_FIRE_sm-n-mobo-c,600,0.0
20170609_FIRE_sm-n-mobo-c,660,0.0
20170609_FIRE_sm-n-mobo-c,720,0.0
20170609_FIRE_sm-n-mobo-c,780,0.0
20170609_FIRE_sm-n-mobo-c,840,0.0
20170609_FIRE_sm-n-mobo-c,900,0.0
20170609_FIRE_sm-n-mobo-c,960,0.0
20170609_FIRE_sm-n-mobo-c,1020,0.0
20170609_FIRE_sm-n-mobo-c,1080,0.0
20170609_FIRE_sm-n-mobo-c,1140,0.0
20170609_FIRE_sm-n-mobo-c,1200,0.0
20170609_FIRE_sm-n-mobo-c,1260,0.0
20170609_FIRE_sm-n-mobo-c,1320,0.0
20170609_FIRE_sm-n-mobo-c,1380,0.0
20170609_FIRE_sm-n-mobo-c,1440,0.0
20170609_FIRE_sm-n-mobo-c,1500,0.0
20170609_FIRE_sm-n-mobo-c,1560,0.012263458222150803
20170609_FIRE_sm-n-mobo-c,1620,0.0058017149567604065
20170609_FIRE_sm-n-mobo-c,1680,0.0
20170609_FIRE_sm-n-mobo-c,1740,0.18064948916435242
20170609_FIRE_sm-n-mobo-c,1800,0.14996930956840515
20170609_FIRE_sm-n-mobo-c,1860,0.4850460886955261
20170609_FIRE_sm-n-mobo-c,1920,0.2584528923034668
20170609_FIRE_sm-n-mobo-c,1980,0.41829589009284973
20170609_FIRE_sm-n-mobo-c,2040,0.45858311653137207
20170609_FIRE_sm-n-mobo-c,2100,0.357795387506485
20170609_FIRE_sm-n-mobo-c,2160,0.663054347038269
20170609_FIRE_sm-n-mobo-c,2220,0.24378764629364014
20170609_FIRE_sm-n-mobo-c,2280,0.5807719230651855
20170609_FIRE_sm-n-mobo-c,2340,0.376057505607605
20170609_FIRE_sm-n-mobo-c,2400,0.30712053179740906
20170613_FIRE_bh-w-mobo-c,-2400,0.0
20170613_FIRE_bh-w-mobo-c,-2340,0.0
20170613_FIRE_bh-w-mobo-c,-2280,0.0
20170613_FIRE_bh-w-mobo-c,-2220,0.0
20170613_FIRE_bh-w-mobo-c,-2160,0.0
20170613_FIRE_bh-w-mobo-c,-2100,0.0
20170613_FIRE_bh-w-mobo-c,-2040,0.0
20170613_FIRE_bh-w-mobo-c,-1980,0.0
20170613_FIRE_bh-w-mobo-c,-1920,0.0
20170613_FIRE_bh-w-mobo-c,-1860,0.0
20170613_FIRE_bh-w-mobo-c,-1800,0.0
20170613_FIRE_bh-w-mobo-c,-1740,0.0
20170613_FIRE_bh-w-mobo-c,-1680,0.0
20170613_FIRE_bh-w-mobo-c,-1620,0.0
20170613_FIRE_bh-w-mobo-c,-1560,0.0
20170613_FIRE_bh-w-mobo-c,-1500,0.0
20170613_FIRE_bh-w-mobo-c,-1440,0.0
20170613_FIRE_bh-w-mobo-c,-1380,0.0
20170613_FIRE_bh-w-mobo-c,-1320,0.0
20170613_FIRE_bh-w-mobo-c,-1260,0.0
20170613_FIRE_bh-w-mobo-c,-1200,0.0
20170613_FIRE_bh-w-mobo-c,-1140,0.0
20170613_FIRE_bh-w-mobo-c,-1080,0.0
20170613_FIRE_bh-w-mobo-c,-1020,0.0
20170613_FIRE_bh-w-mobo-c,-960,0.0
20170613_FIRE_bh-w-mobo-c,-900,0.0
20170613_FIRE_bh-w-mobo-c,-840,0.0
20170613_FIRE_bh-w-mobo-c,-780,0.0
20170613_FIRE_bh-w-mobo-c,-720,0.0
20170613_FIRE_bh-w-mobo-c,-660,0.0
20170613_FIRE_bh-w-mobo-c,-600,0.0
20170613_FIRE_bh-w-mobo-c,-540,0.0
20170613_FIRE_bh-w-mobo-c,-480,0.0
20170613_FIRE_bh-w-mobo-c,-420,0.0
20170613_FIRE_bh-w-mobo-c,-360,0.0
20170613_FIRE_bh-w-mobo-c,-300,0.0
20170613_FIRE_bh-w-mobo-c,-240,0.0
20170613_FIRE_bh-w-mobo-c,-180,0.0
20170613_FIRE_bh-w-mobo-c,-120,0.0
20170613_FIRE_bh-w-mobo-c,-60,0.0
20170613_FIRE_bh-w-mobo-c,0,0.0
20170613_FIRE_bh-w-mobo-c,60,0.0
20170613_FIRE_bh-w-mobo-c,120,0.0
20170613_FIRE_bh-w-mobo-c,180,0.0
20170613_FIRE_bh-w-mobo-c,240,0.0
20170613_FIRE_bh-w-mobo-c,300,0.0
20170613_FIRE_bh-w-mobo-c,360,0.016925429925322533
20170613_FIRE_bh-w-mobo-c,420,0.030522646382451057
20170613_FIRE_bh-w-mobo-c,480,0.13126596808433533
20170613_FIRE_bh-w-mobo-c,540,0.036155957728624344
20170613_FIRE_bh-w-mobo-c,600,0.1636049896478653
20170613_FIRE_bh-w-mobo-c,660,0.05686119198799133
20170613_FIRE_bh-w-mobo-c,720,0.008507923223078251
20170613_FIRE_bh-w-mobo-c,780,0.0
20170613_FIRE_bh-w-mobo-c,840,0.0018213859293609858
20170613_FIRE_bh-w-mobo-c,900,0.0024597966112196445
20170613_FIRE_bh-w-mobo-c,960,0.004794254899024963
20170613_FIRE_bh-w-mobo-c,1020,0.0
20170613_FIRE_bh-w-mobo-c,1080,0.0
20170613_FIRE_bh-w-mobo-c,1140,0.0
20170613_FIRE_bh-w-mobo-c,1200,0.0
20170613_FIRE_bh-w-mobo-c,1260,0.0
20170613_FIRE_bh-w-mobo-c,1320,0.0
20170613_FIRE_bh-w-mobo-c,1380,0.0
20170613_FIRE_bh-w-mobo-c,1440,0.0
20170613_FIRE_bh-w-mobo-c,1500,0.0
20170613_FIRE_bh-w-mobo-c,1560,0.0
20170613_FIRE_bh-w-mobo-c,1620,0.0
20170613_FIRE_bh-w-mobo-c,1680,0.0
20170613_FIRE_bh-w-mobo-c,1740,0.005670357029885054
20170613_FIRE_bh-w-mobo-c,1800,0.003951332997530699
20170613_FIRE_bh-w-mobo-c,1860,0.014578905887901783
20170613_FIRE_bh-w-mobo-c,1920,0.015166398137807846
20170613_FIRE_bh-w-mobo-c,1980,0.0012027192860841751
20170613_FIRE_bh-w-mobo-c,2040,0.0035212880466133356
20170613_FIRE_bh-w-mobo-c,2100,0.0
20170613_FIRE_bh-w-mobo-c,2160,0.007062614429742098
20170613_FIRE_bh-w-mobo-c,2220,0.005387937184423208
20170613_FIRE_bh-w-mobo-c,2280,0.002178989350795746
20170613_FIRE_bh-w-mobo-c,2340,0.021349769085645676
20170613_FIRE_bh-w-mobo-c,2400,0.02059801109135151
20170613_FIRE_hp-n-mobo-c,-2400,0.0
20170613_FIRE_hp-n-mobo-c,-2340,0.0
20170613_FIRE_hp-n-mobo-c,-2280,0.0
20170613_FIRE_hp-n-mobo-c,-2220,0.0
20170613_FIRE_hp-n-mobo-c,-2160,0.0
20170613_FIRE_hp-n-mobo-c,-2100,0.0
20170613_FIRE_hp-n-mobo-c,-2040,0.0
20170613_FIRE_hp-n-mobo-c,-1980,0.0
20170613_FIRE_hp-n-mobo-c,-1920,0.0
20170613_FIRE_hp-n-mobo-c,-1860,0.0
20170613_FIRE_hp-n-mobo-c,-1800,0.0
20170613_FIRE_hp-n-mobo-c,-1740,0.0
20170613_FIRE_hp-n-mobo-c,-1680,0.0035604089498519897
20170613_FIRE_hp-n-mobo-c,-1620,0.0
20170613_FIRE_hp-n-mobo-c,-1560,0.0
20170613_FIRE_hp-n-mobo-c,-1500,0.0
20170613_FIRE_hp-n-mobo-c,-1440,0.0
20170613_FIRE_hp-n-mobo-c,-1380,0.0
20170613_FIRE_hp-n-mobo-c,-1320,0.0
20170613_FIRE_hp-n-mobo-c,-1260,0.0
20170613_FIRE_hp-n-mobo-c,-1200,0.0
20170613_FIRE_hp-n-mobo-c,-1140,0.0
20170613_FIRE_hp-n-mobo-c,-1080,0.0
20170613_FIRE_hp-n-mobo-c,-1020,0.0
20170613_FIRE_hp-n-mobo-c,-960,0.0
20170613_FIRE_hp-n-mobo-c,-900,0.0
20170613_FIRE_hp-n-mobo-c,-840,0.0
20170613_FIRE_hp-n-mobo-c,-780,0.0
20170613_FIRE_hp-n-mobo-c,-720,0.0
20170613_FIRE_hp-n-mobo-c,-660,0.0
20170613_FIRE_hp-n-mobo-c,-600,0.0
20170613_FIRE_hp-n-mobo-c,-540,0.0
20170613_FIRE_hp-n-mobo-c,-480,0.0
20170613_FIRE_hp-n-mobo-c,-420,0.00165157625451684
20170613_FIRE_hp-n-mobo-c,-360,0.0
20170613_FIRE_hp-n-mobo-c,-300,0.0
20170613_FIRE_hp-n-mobo-c,-240,0.0
20170613_FIRE_hp-n-mobo-c,-180,0.0
20170613_FIRE_hp-n-mobo-c,-120,0.0
20170613_FIRE_hp-n-mobo-c,-60,0.0
20170613_FIRE_hp-n-mobo-c,0,0.0
20170613_FIRE_hp-n-mobo-c,60,0.0
20170613_FIRE_hp-n-mobo-c,120,0.0019023899221792817
20170613_FIRE_hp-n-mobo-c,180,0.0
20170613_FIRE_hp-n-mobo-c,240,0.0
20170613_FIRE_hp-n-mobo-c,300,0.0
20170613_FIRE_hp-n-mobo-c,360,0.0
20170613_FIRE_hp-n-mobo-c,420,0.0
20170613_FIRE_hp-n-mobo-c,480,0.0
20170613_FIRE_hp-n-mobo-c,540,0.0
20170613_FIRE_hp-n-mobo-c,600,0.0
20170613_FIRE_hp-n-mobo-c,660,0.01481118518859148
20170613_FIRE_hp-n-mobo-c,720,0.12427916377782822
20170613_FIRE_hp-n-mobo-c,780,0.40982869267463684
20170613_FIRE_hp-n-mobo-c,840,0.4571203887462616
20170613_FIRE_hp-n-mobo-c,900,0.49476978182792664
20170613_FIRE_hp-n-mobo-c,960,0.15145933628082275
20170613_FIRE_hp-n-mobo-c,1020,0.29082170128822327
20170613_FIRE_hp-n-mobo-c,1080,0.0
20170613_FIRE_hp-n-mobo-c,1140,0.0
20170613_FIRE_hp-n-mobo-c,1200,0.0
20170613_FIRE_hp-n-mobo-c,1260,0.0
20170613_FIRE_hp-n-mobo-c,1320,0.030956612899899483
20170613_FIRE_hp-n-mobo-c,1380,0.2938487231731415
20170613_FIRE_hp-n-mobo-c,1440,0.6545916199684143
20170613_FIRE_hp-n-mobo-c,1500,0.5265446305274963
20170613_FIRE_hp-n-mobo-c,1560,0.7064939737319946
20170613_FIRE_hp-n-mobo-c,1620,0.505331814289093
20170613_FIRE_hp-n-mobo-c,1680,0.31197234988212585
20170613_FIRE_hp-n-mobo-c,1740,0.35159701108932495
20170613_FIRE_hp-n-mobo-c,1800,0.5042581558227539
20170613_FIRE_hp-n-mobo-c,1860,0.26345187425613403
20170613_FIRE_hp-n-mobo-c,1920,0.2977183163166046
20170613_FIRE_hp-n-mobo-c,1980,0.5869906544685364
20170613_FIRE_hp-n-mobo-c,2040,0.576755702495575
20170613_FIRE_hp-n-mobo-c,2100,0.362831175327301
20170613_FIRE_hp-n-mobo-c,2160,0.21046757698059082
20170613_FIRE_hp-n-mobo-c,2220,0.03279421851038933
20170613_FIRE_hp-n-mobo-c,2280,0.0036672453861683607
20170613_FIRE_hp-n-mobo-c,2340,0.03138144314289093
20170613_FIRE_hp-n-mobo-c,2400,0.030933847650885582
20170625_BBM_bm-n-mobo,-2400,0.0
20170625_BBM_bm-n-mobo,-2340,0.0
20170625_BBM_bm-n-mobo,-2280,0.0027324736583977938
20170625_BBM_bm-n-mobo,-2220,0.004914965480566025
20170625_BBM_bm-n-mobo,-2160,0.0020242666359990835
20170625_BBM_bm-n-mobo,-2100,0.0020494197960942984
20170625_BBM_bm-n-mobo,-2040,0.0011246920330449939
20170625_BBM_bm-n-mobo,-1980,0.0027702213265001774
20170625_BBM_bm-n-mobo,-1920,0.003615664318203926
20170625_BBM_bm-n-mobo,-1860,0.004030383192002773
20170625_BBM_bm-n-mobo,-1800,0.0
20170625_BBM_bm-n-mobo,-1740,0.0
20170625_BBM_bm-n-mobo,-1680,0.004928252659738064
20170625_BBM_bm-n-mobo,-1620,0.0024353270418941975
20170625_BBM_bm-n-mobo,-1560,0.01948404870927334
20170625_BBM_bm-n-mobo,-1500,0.0019699137192219496
20170625_BBM_bm-n-mobo,-1440,0.009493897669017315
20170625_BBM_bm-n-mobo,-1380,0.005816412623971701
20170625_BBM_bm-n-mobo,-1320,0.061199724674224854
20170625_BBM_bm-n-mobo,-1260,0.0036597733851522207
20170625_BBM_bm-n-mobo,-1200,0.0
20170625_BBM_bm-n-mobo,-1140,0.0016808209475129843
20170625_BBM_bm-n-mobo,-1080,0.031052106991410255
20170625_BBM_bm-n-mobo,-1020,0.009841149672865868
20170625_BBM_bm-n-mobo,-960,0.010749422013759613
20170625_BBM_bm-n-mobo,-900,0.00489435251802206
20170625_BBM_bm-n-mobo,-840,0.0011463920818641782
20170625_BBM_bm-n-mobo,-780,0.009448817931115627
20170625_BBM_bm-n-mobo,-720,0.004758920054882765
20170625_BBM_bm-n-mobo,-660,0.0011062740813940763
20170625_BBM_bm-n-mobo,-600,0.003104171948507428
20170625_BBM_bm-n-mobo,-540,0.0041951644234359264
20170625_BBM_bm-n-mobo,-480,0.004592263605445623
20170625_BBM_bm-n-mobo,-420,0.0
20170625_BBM_bm-n-mobo,-360,0.0
20170625_BBM_bm-n-mobo,-300,0.0013984044780954719
20170625_BBM_bm-n-mobo,-240,0.0
20170625_BBM_bm-n-mobo,-180,0.0
20170625_BBM_bm-n-mobo,-120,0.0
20170625_BBM_bm-n-mobo,-60,0.003194507909938693
20170625_BBM_bm-n-mobo,0,0.0
20170625_BBM_bm-n-mobo,60,0.0
20170625_BBM_bm-n-mobo,120,0.004349932074546814
20170625_BBM_bm-n-mobo,180,0.008268809877336025
20170625_BBM_bm-n-mobo,240,0.0
20170625_BBM_bm-n-mobo,300,0.004345968831330538
20170625_BBM_bm-n-mobo,360,0.001383025897666812
20170625_BBM_bm-n-mobo,420,0.19856595993041992
20170625_BBM_bm-n-mobo,480,0.6526618003845215
20170625_BBM_bm-n-mobo,540,0.17348353564739227
20170625_BBM_bm-n-mobo,600,0.10891033709049225
20170625_BBM_bm-n-mobo,660,0.34597960114479065
20170625_BBM_bm-n-mobo,720,0.36981257796287537
20170625_BBM_bm-n-mobo,780,0.25982362031936646
20170625_BBM_bm-n-mobo,840,0.5159140825271606
20170625_BBM_bm-n-mobo,900,0.5174888372421265
20170625_BBM_bm-n-mobo,960,0.7545697093009949
20170625_BBM_bm-n-mobo,1020,0.5109202265739441
20170625_BBM_bm-n-mobo,1080,0.27987778186798096
20170625_BBM_bm-n-mobo,1140,0.6663070321083069
20170625_BBM_bm-n-mobo,1200,0.4991479218006134
20170625_BBM_bm-n-mobo,1260,0.7408774495124817
20170625_BBM_bm-n-mobo,1320,0.7078001499176025
20170625_BBM_bm-n-mobo,1380,0.6480871438980103
20170625_BBM_bm-n-mobo,1440,0.6991463303565979
20170625_BBM_bm-n-mobo,1500,0.6916139125823975
20170625_BBM_bm-n-mobo,1560,0.734510064125061
20170625_BBM_bm-n-mobo,1620,0.8417216539382935
20170625_BBM_bm-n-mobo,1680,0.51178377866745
20170625_BBM_bm-n-mobo,1740,0.8410713076591492
20170625_BBM_bm-n-mobo,1800,0.4643182158470154
20170625_BBM_bm-n-mobo,1860,0.8065840005874634
20170625_BBM_bm-n-mobo,1920,0.7775259613990784
20170625_BBM_bm-n-mobo,1980,0.8709926605224609
20170625_BBM_bm-n-mobo,2040,0.8016140460968018
20170625_BBM_bm-n-mobo,2100,0.7569067478179932
20170625_BBM_bm-n-mobo,2160,0.6743457317352295
20170625_BBM_bm-n-mobo,2220,0.6449971199035645
20170625_BBM_bm-n-mobo,2280,0.6260524392127991
20170625_BBM_bm-n-mobo,2340,0.5920156836509705
20170625_BBM_bm-n-mobo,2400,0.6489380598068237
20170625_FIRE_mg-s-iqeye,-2400,0.14186695218086243
20170625_FIRE_mg-s-iqeye,-2340,0.1021449938416481
20170625_FIRE_mg-s-iqeye,-2280,0.11809128522872925
20170625_FIRE_mg-s-iqeye,-2220,0.15479028224945068
20170625_FIRE_mg-s-iqeye,-2160,0.17072270810604095
20170625_FIRE_mg-s-iqeye,-2100,0.14421328902244568
20170625_FIRE_mg-s-iqeye,-2040,0.15597215294837952
20170625_FIRE_mg-s-iqeye,-1980,0.1221751868724823
20170625_FIRE_mg-s-iqeye,-1920,0.16174913942813873
20170625_FIRE_mg-s-iqeye,-1860,0.07821959257125854
20170625_FIRE_mg-s-iqeye,-1800,0.17655618488788605
20170625_FIRE_mg-s-iqeye,-1740,0.1438349187374115
20170625_FIRE_mg-s-iqeye,-1680,0.14824961125850677
20170625_FIRE_mg-s-iqeye,-1620,0.14162302017211914
20170625_FIRE_mg-s-iqeye,-1560,0.15691520273685455
20170625_FIRE_mg-s-iqeye,-1500,0.17334569990634918
20170625_FIRE_mg-s-iqeye,-1440,0.15914222598075867
20170625_FIRE_mg-s-iqeye,-1380,0.1417059302330017
20170625_FIRE_mg-s-iqeye,-1320,0.1620575487613678
20170625_FIRE_mg-s-iqeye,-1260,0.19191253185272217
20170625_FIRE_mg-s-iqeye,-1200,0.10359983891248703
20170625_FIRE_mg-s-iqeye,-1140,0.20450179278850555
20170625_FIRE_mg-s-iqeye,-1080,0.12311199307441711
20170625_FIRE_mg-s-iqeye,-1020,0.10037289559841156
20170625_FIRE_mg-s-iqeye,-960,0.19056399166584015
20170625_FIRE_mg-s-iqeye,-900,0.18527153134346008
20170625_FIRE_mg-s-iqeye,-840,0.15366259217262268
20170625_FIRE_mg-s-iqeye,-780,0.15349575877189636
20170625_FIRE_mg-s-iqeye,-720,0.14825975894927979
20170625_FIRE_mg-s-iqeye,-660,0.16305075585842133
20170625_FIRE_mg-s-iqeye,-600,0.15407231450080872
20170625_FIRE_mg-s-iqeye,-540,0.17329545319080353
20170625_FIRE_mg-s-iqeye,-480,0.16096080839633942
20170625_FIRE_mg-s-iqeye,-420,0.180903360247612
20170625_FIRE_mg-s-iqeye,-360,0.167214497923851
20170625_FIRE_mg-s-iqeye,-300,0.1685119867324829
20170625_FIRE_mg-s-iqeye,-240,0.17822232842445374
20170625_FIRE_mg-s-iqeye,-180,0.17713157832622528
20170625_FIRE_mg-s-iqeye,-120,0.13297028839588165
20170625_FIRE_mg-s-iqeye,-60,0.19963142275810242
20170625_FIRE_mg-s-iqeye,0,0.16199937462806702
20170625_FIRE_mg-s-iqeye,60,0.20086266100406647
20170625_FIRE_mg-s-iqeye,120,0.17903167009353638
20170625_FIRE_mg-s-iqeye,180,0.12953290343284607
20170625_FIRE_mg-s-iqeye,240,0.17333753407001495
20170625_FIRE_mg-s-iqeye,300,0.15082736313343048
20170625_FIRE_mg-s-iqeye,360,0.1581466645002365
20170625_FIRE_mg-s-iqeye,420,0.14056514203548431
20170625_FIRE_mg-s-iqeye,480,0.18377073109149933
20170625_FIRE_mg-s-iqeye,540,0.14891134202480316
20170625_FIRE_mg-s-iqeye,600,0.16972212493419647
20170625_FIRE_mg-s-iqeye,660,0.18572203814983368
20170625_FIRE_mg-s-iqeye,720,0.21929895877838135
20170625_FIRE_mg-s-iqeye,780,0.11936919391155243
20170625_FIRE_mg-s-iqeye,840,0.44354769587516785
20170625_FIRE_mg-s-iqeye,900,0.20643746852874756
20170625_FIRE_mg-s-iqeye,960,0.19229209423065186
20170625_FIRE_mg-s-iqeye,1020,0.14661194384098053
20170625_FIRE_mg-s-iqeye,1080,0.08897034823894501
20170625_FIRE_mg-s-iqeye,1140,0.13563065230846405
20170625_FIRE_mg-s-iqeye,1200,0.11973558366298676
20170625_FIRE_mg-s-iqeye,1260,0.7904663681983948
20170625_FIRE_mg-s-iqeye,1320,0.3306739926338196
20170625_FIRE_mg-s-iqeye,1380,0.3474527895450592
20170625_FIRE_mg-s-iqeye,1440,0.28478729724884033
20170625_FIRE_mg-s-iqeye,1500,0.1478193998336792
20170625_FIRE_mg-s-iqeye,1560,0.7174205780029297
20170625_FIRE_mg-s-iqeye,1620,0.6382189393043518
20170625_FIRE_mg-s-iqeye,1680,0.10277300328016281
20170625_FIRE_mg-s-iqeye,1740,0.7488539218902588
20170625_FIRE_mg-s-iqeye,1800,0.7772275805473328
20170625_FIRE_mg-s-iqeye,1860,0.06668439507484436
20170625_FIRE_mg-s-iqeye,1920,0.7338037490844727
20170625_FIRE_mg-s-iqeye,1980,0.6780486702919006
20170625_FIRE_mg-s-iqeye,2040,0.7788336873054504
20170625_FIRE_mg-s-iqeye,2100,0.3239966034889221
20170625_FIRE_mg-s-iqeye,2160,0.6582883596420288
20170625_FIRE_mg-s-iqeye,2220,0.6854524612426758
20170625_FIRE_mg-s-iqeye,2280,0.6277176737785339
20170625_FIRE_mg-s-iqeye,2340,0.3693046569824219
20170625_FIRE_mg-s-iqeye,2400,0.6452974081039429
20170627_FIRE_lp-n-iqeye,-2400,0.004181370139122009
20170627_FIRE_lp-n-iqeye,-2340,0.003617011709138751
20170627_FIRE_lp-n-iqeye,-2280,0.005197081249207258
20170627_FIRE_lp-n-iqeye,-2220,0.00495168985798955
20170627_FIRE_lp-n-iqeye,-2160,0.004430918022990227
20170627_FIRE_lp-n-iqeye,-2100,0.00477833254262805
20170627_FIRE_lp-n-iqeye,-2040,0.004359096754342318
20170627_FIRE_lp-n-iqeye,-1980,0.003055284032598138
20170627_FIRE_lp-n-iqeye,-1920,0.003222328145056963
20170627_FIRE_lp-n-iqeye,-1860,0.0060900128446519375
20170627_FIRE_lp-n-iqeye,-1800,0.0039193350821733475
20170627_FIRE_lp-n-iqeye,-1740,0.008025185205042362
20170627_FIRE_lp-n-iqeye,-1680,0.007901443168520927
20170627_FIRE_lp-n-iqeye,-1620,0.0059893447905778885
20170627_FIRE_lp-n-iqeye,-1560,0.004993122536689043
20170627_FIRE_lp-n-iqeye,-1500,0.00222448306158185
20170627_FIRE_lp-n-iqeye,-1440,0.007651621475815773
20170627_FIRE_lp-n-iqeye,-1380,0.005038582254201174
20170627_FIRE_lp-n-iqeye,-1320,0.004558123182505369
20170627_FIRE_lp-n-iqeye,-1260,0.008760364726185799
20170627_FIRE_lp-n-iqeye,-1200,0.00645868107676506
20170627_FIRE_lp-n-iqeye,-1140,0.012550249695777893
20170627_FIRE_lp-n-iqeye,-1080,0.004200005903840065
20170627_FIRE_lp-n-iqeye,-1020,0.004706681240350008
20170627_FIRE_lp-n-iqeye,-960,0.0026563331484794617
20170627_FIRE_lp-n-iqeye,-900,0.002209228463470936
20170627_FIRE_lp-n-iqeye,-840,0.0033576965797692537
20170627_FIRE_lp-n-iqeye,-780,0.002709273248910904
20170627_FIRE_lp-n-iqeye,-720,0.005610116291791201
20170627_FIRE_lp-n-iqeye,-660,0.004946711473166943
20170627_FIRE_lp-n-iqeye,-600,0.0024497502017766237
20170627_FIRE_lp-n-iqeye,-540,0.003673301311209798
20170627_FIRE_lp-n-iqeye,-480,0.0025396321434527636
20170627_FIRE_lp-n-iqeye,-420,0.004249271005392075
20170627_FIRE_lp-n-iqeye,-360,0.0029113905038684607
20170627_FIRE_lp-n-iqeye,-300,0.005281499121338129
20170627_FIRE_lp-n-iqeye,-240,0.007146617863327265
20170627_FIRE_lp-n-iqeye,-180,0.00570720573887229
20170627_FIRE_lp-n-iqeye,-120,0.0023286286741495132
20170627_FIRE_lp-n-iqeye,-60,0.0026663863100111485
20170627_FIRE_lp-n-iqeye,0,0.004510813858360052
20170627_FIRE_lp-n-iqeye,60,0.004164531361311674
20170627_FIRE_lp-n-iqeye,120,0.004912745673209429
20170627_FIRE_lp-n-iqeye,180,0.009449188597500324
20170627_FIRE_lp-n-iqeye,240,0.00519592547789216
20170627_FIRE_lp-n-iqeye,300,0.007982653565704823
20170627_FIRE_lp-n-iqeye,360,0.007467436604201794
20170627_FIRE_lp-n-iqeye,420,0.0055460575968027115
20170627_FIRE_lp-n-iqeye,480,0.004913136828690767
20170627_FIRE_lp-n-iqeye,540,0.011947006918489933
20170627_FIRE_lp-n-iqeye,600,0.008459190838038921
20170627_FIRE_lp-n-iqeye,660,0.004352867603302002
20170627_FIRE_lp-n-iqeye,720,0.007071300409734249
20170627_FIRE_lp-n-iqeye,780,0.0048187654465436935
20170627_FIRE_lp-n-iqeye,840,0.010160412639379501
20170627_FIRE_lp-n-iqeye,900,0.010399958118796349
20170627_FIRE_lp-n-iqeye,960,0.009348694235086441
20170627_FIRE_lp-n-iqeye,1020,0.01395086944103241
20170627_FIRE_lp-n-iqeye,1080,0.008633012883365154
20170627_FIRE_lp-n-iqeye,1140,0.010986932553350925
20170627_FIRE_lp-n-iqeye,1200,0.0071171848103404045
20170627_FIRE_lp-n-iqeye,1260,0.011866794899106026
20170627_FIRE_lp-n-iqeye,1320,0.008892633020877838
20170627_FIRE_lp-n-iqeye,1380,0.01642526499927044
20170627_FIRE_lp-n-iqeye,1440,0.007682240102440119
20170627_FIRE_lp-n-iqeye,1500,0.007709869183599949
20170627_FIRE_lp-n-iqeye,1560,0.0096522131934762
20170627_FIRE_lp-n-iqeye,1620,0.009510449133813381
20170627_FIRE_lp-n-iqeye,1680,0.0228260550647974
20170627_FIRE_lp-n-iqeye,1740,0.016045596450567245
20170627_FIRE_lp-n-iqeye,1800,0.010650752112269402
20170627_FIRE_lp-n-iqeye,1860,0.008183535188436508
20170627_FIRE_lp-n-iqeye,1920,0.013786861672997475
20170627_FIRE_lp-n-iqeye,1980,0.01333102211356163
20170627_FIRE_lp-n-iqeye,2040,0.017850201576948166
20170627_FIRE_lp-n-iqeye,2100,0.01742665469646454
20170627_FIRE_lp-n-iqeye,2160,0.0071233236230909824
20170627_FIRE_lp-n-iqeye,2220,0.011072677560150623
20170627_FIRE_lp-n-iqeye,2280,0.0045553697273135185
20170627_FIRE_lp-n-iqeye,2340,0.00994022935628891
20170627_FIRE_lp-n-iqeye,2400,0.011523694731295109
20170627_FIRE_om-e-mobo-c,-2400,0.11278051882982254
20170627_FIRE_om-e-mobo-c,-2340,0.219840869307518
20170627_FIRE_om-e-mobo-c,-2280,0.21386981010437012
20170627_FIRE_om-e-mobo-c,-2220,0.2623092830181122
20170627_FIRE_om-e-mobo-c,-2160,0.3663317859172821
20170627_FIRE_om-e-mobo-c,-2100,0.35302361845970154
20170627_FIRE_om-e-mobo-c,-2040,0.33828437328338623
20170627_FIRE_om-e-mobo-c,-1980,0.3171162009239197
20170627_FIRE_om-e-mobo-c,-1920,0.24610118567943573
20170627_FIRE_om-e-mobo-c,-1860,0.18483518064022064
20170627_FIRE_om-e-mobo-c,-1800,0.09991299360990524
20170627_FIRE_om-e-mobo-c,-1740,0.1986217349767685
20170627_FIRE_om-e-mobo-c,-1680,0.07788021117448807
20170627_FIRE_om-e-mobo-c,-1620,0.12924863398075104
20170627_FIRE_om-e-mobo-c,-1560,0.25000232458114624
20170627_FIRE_om-e-mobo-c,-1500,0.34283360838890076
20170627_FIRE_om-e-mobo-c,-1440,0.34749677777290344
20170627_FIRE_om-e-mobo-c,-1380,0.246353417634964
20170627_FIRE_om-e-mobo-c,-1320,0.40394073724746704
20170627_FIRE_om-e-mobo-c,-1260,0.4518919289112091
20170627_FIRE_om-e-mobo-c,-1200,0.37565746903419495
20170627_FIRE_om-e-mobo-c,-1140,0.323228120803833
20170627_FIRE_om-e-mobo-c,-1080,0.2272329479455948
20170627_FIRE_om-e-mobo-c,-1020,0.18532423675060272
20170627_FIRE_om-e-mobo-c,-960,0.16928420960903168
20170627_FIRE_om-e-mobo-c,-900,0.2583239674568176
20170627_FIRE_om-e-mobo-c,-840,0.13899345695972443
20170627_FIRE_om-e-mobo-c,-780,0.030115097761154175
20170627_FIRE_om-e-mobo-c,-720,0.0011226828210055828
20170627_FIRE_om-e-mobo-c,-660,0.0
20170627_FIRE_om-e-mobo-c,-600,0.0
20170627_FIRE_om-e-mobo-c,-540,0.0
20170627_FIRE_om-e-mobo-c,-480,0.0
20170627_FIRE_om-e-mobo-c,-420,0.0
20170627_FIRE_om-e-mobo-c,-360,0.0
20170627_FIRE_om-e-mobo-c,-300,0.0
20170627_FIRE_om-e-mobo-c,-240,0.0
20170627_FIRE_om-e-mobo-c,-180,0.0
20170627_FIRE_om-e-mobo-c,-120,0.0
20170627_FIRE_om-e-mobo-c,-60,0.0
20170627_FIRE_om-e-mobo-c,0,0.003024396486580372
20170627_FIRE_om-e-mobo-c,60,0.04732578247785568
20170627_FIRE_om-e-mobo-c,120,0.2460460662841797
20170627_FIRE_om-e-mobo-c,180,0.10800616443157196
20170627_FIRE_om-e-mobo-c,240,0.025865262374281883
20170627_FIRE_om-e-mobo-c,300,0.0070199137553572655
20170627_FIRE_om-e-mobo-c,360,0.0
20170627_FIRE_om-e-mobo-c,420,0.0
20170627_FIRE_om-e-mobo-c,480,0.04999352619051933
20170627_FIRE_om-e-mobo-c,540,0.18304528295993805
20170627_FIRE_om-e-mobo-c,600,0.48159822821617126
20170627_FIRE_om-e-mobo-c,660,0.45803239941596985
20170627_FIRE_om-e-mobo-c,720,0.5309492945671082
20170627_FIRE_om-e-mobo-c,780,0.4683459401130676
20170627_FIRE_om-e-mobo-c,840,0.2238348126411438
20170627_FIRE_om-e-mobo-c,900,0.19497603178024292
20170627_FIRE_om-e-mobo-c,960,0.2530282437801361
20170627_FIRE_om-e-mobo-c,1020,0.0511668398976326
20170627_FIRE_om-e-mobo-c,1080,0.057143405079841614
20170627_FIRE_om-e-mobo-c,1140,0.03532470390200615
20170627_FIRE_om-e-mobo-c,1200,0.059132322669029236
20170627_FIRE_om-e-mobo-c,1260,0.007663637399673462
20170627_FIRE_om-e-mobo-c,1320,0.005979054607450962
20170627_FIRE_om-e-mobo-c,1380,0.0029750524554401636
20170627_FIRE_om-e-mobo-c,1440,0.0
20170627_FIRE_om-e-mobo-c,1500,0.0012097107246518135
20170627_FIRE_om-e-mobo-c,1560,0.0
20170627_FIRE_om-e-mobo-c,1620,0.0010245791636407375
20170627_FIRE_om-e-mobo-c,1680,0.0
20170627_FIRE_om-e-mobo-c,1740,0.0
20170627_FIRE_om-e-mobo-c,1800,0.0
20170627_FIRE_om-e-mobo-c,1860,0.0011311856796965003
20170627_FIRE_om-e-mobo-c,1920,0.0
20170627_FIRE_om-e-mobo-c,1980,0.0
20170627_FIRE_om-e-mobo-c,2040,0.007785919588059187
20170627_FIRE_om-e-mobo-c,2100,0.013934564776718616
20170627_FIRE_om-e-mobo-c,2160,0.08139611780643463
20170627_FIRE_om-e-mobo-c,2220,0.04580896347761154
20170627_FIRE_om-e-mobo-c,2280,0.19268260896205902
20170627_FIRE_om-e-mobo-c,2340,0.011647147126495838
20170627_FIRE_om-e-mobo-c,2400,0.009107270278036594
20170708_Whittier_syp-n-mobo-c,-2400,0.0
20170708_Whittier_syp-n-mobo-c,-2340,0.0
20170708_Whittier_syp-n-mobo-c,-2280,0.0
20170708_Whittier_syp-n-mobo-c,-2220,0.0
20170708_Whittier_syp-n-mobo-c,-2160,0.0
20170708_Whittier_syp-n-mobo-c,-2100,0.0
20170708_Whittier_syp-n-mobo-c,-2040,0.0
20170708_Whittier_syp-n-mobo-c,-1980,0.0
20170708_Whittier_syp-n-mobo-c,-1920,0.0
20170708_Whittier_syp-n-mobo-c,-1860,0.0
20170708_Whittier_syp-n-mobo-c,-1800,0.0
20170708_Whittier_syp-n-mobo-c,-1740,0.0
20170708_Whittier_syp-n-mobo-c,-1680,0.0
20170708_Whittier_syp-n-mobo-c,-1620,0.0
20170708_Whittier_syp-n-mobo-c,-1560,0.0
20170708_Whittier_syp-n-mobo-c,-1500,0.0
20170708_Whittier_syp-n-mobo-c,-1440,0.0
20170708_Whittier_syp-n-mobo-c,-1380,0.0
20170708_Whittier_syp-n-mobo-c,-1320,0.005535967648029327
20170708_Whittier_syp-n-mobo-c,-1260,0.0
20170708_Whittier_syp-n-mobo-c,-1200,0.0
20170708_Whittier_syp-n-mobo-c,-1140,0.0
20170708_Whittier_syp-n-mobo-c,-1080,0.0
20170708_Whittier_syp-n-mobo-c,-1020,0.0
20170708_Whittier_syp-n-mobo-c,-960,0.0
20170708_Whittier_syp-n-mobo-c,-900,0.0
20170708_Whittier_syp-n-mobo-c,-840,0.0
20170708_Whittier_syp-n-mobo-c,-780,0.0
20170708_Whittier_syp-n-mobo-c,-720,0.0
20170708_Whittier_syp-n-mobo-c,-660,0.0
20170708_Whittier_syp-n-mobo-c,-600,0.0
20170708_Whittier_syp-n-mobo-c,-540,0.0
20170708_Whittier_syp-n-mobo-c,-480,0.0
20170708_Whittier_syp-n-mobo-c,-420,0.0
20170708_Whittier_syp-n-mobo-c,-360,0.0
20170708_Whittier_syp-n-mobo-c,-300,0.0
20170708_Whittier_syp-n-mobo-c,-240,0.0
20170708_Whittier_syp-n-mobo-c,-180,0.0
20170708_Whittier_syp-n-mobo-c,-120,0.0
20170708_Whittier_syp-n-mobo-c,-60,0.0
20170708_Whittier_syp-n-mobo-c,0,0.0
20170708_Whittier_syp-n-mobo-c,60,0.0
20170708_Whittier_syp-n-mobo-c,120,0.0
20170708_Whittier_syp-n-mobo-c,180,0.0
20170708_Whittier_syp-n-mobo-c,240,0.29030174016952515
20170708_Whittier_syp-n-mobo-c,300,0.6022868752479553
20170708_Whittier_syp-n-mobo-c,360,0.6526272296905518
20170708_Whittier_syp-n-mobo-c,420,0.8708750605583191
20170708_Whittier_syp-n-mobo-c,480,0.7656108140945435
20170708_Whittier_syp-n-mobo-c,540,0.8942095041275024
20170708_Whittier_syp-n-mobo-c,600,0.8534965515136719
20170708_Whittier_syp-n-mobo-c,660,0.6999174356460571
20170708_Whittier_syp-n-mobo-c,720,0.8067910075187683
20170708_Whittier_syp-n-mobo-c,780,0.7109886407852173
20170708_Whittier_syp-n-mobo-c,840,0.6604607105255127
20170708_Whittier_syp-n-mobo-c,900,0.7112296223640442
20170708_Whittier_syp-n-mobo-c,960,0.6889399886131287
20170708_Whittier_syp-n-mobo-c,1020,0.44881197810173035
20170708_Whittier_syp-n-mobo-c,1080,0.3909110426902771
20170708_Whittier_syp-n-mobo-c,1140,0.6574819087982178
20170708_Whittier_syp-n-mobo-c,1200,0.7729058265686035
20170708_Whittier_syp-n-mobo-c,1260,0.6205418705940247
20170708_Whittier_syp-n-mobo-c,1320,0.6789419651031494
20170708_Whittier_syp-n-mobo-c,1380,0.7430617809295654
20170708_Whittier_syp-n-mobo-c,1440,0.7595497965812683
20170708_Whittier_syp-n-mobo-c,1500,0.7302984595298767
20170708_Whittier_syp-n-mobo-c,1560,0.40021640062332153
20170708_Whittier_syp-n-mobo-c,1620,0.7396016716957092
20170708_Whittier_syp-n-mobo-c,1680,0.4670080542564392
20170708_Whittier_syp-n-mobo-c,1740,0.5383002758026123
20170708_Whittier_syp-n-mobo-c,1800,0.5456090569496155
20170708_Whittier_syp-n-mobo-c,1860,0.4963458478450775
20170708_Whittier_syp-n-mobo-c,1920,0.4860587418079376
20170708_Whittier_syp-n-mobo-c,1980,0.39648696780204773
20170708_Whittier_syp-n-mobo-c,2040,0.29587045311927795
20170708_Whittier_syp-n-mobo-c,2100,0.3596232533454895
20170708_Whittier_syp-n-mobo-c,2160,0.2220706343650818
20170708_Whittier_syp-n-mobo-c,2220,0.09023937582969666
20170708_Whittier_syp-n-mobo-c,2280,0.059144116938114166
20170708_Whittier_syp-n-mobo-c,2340,0.050475507974624634
20170708_Whittier_syp-n-mobo-c,2400,0.12672531604766846
20170708_Whittier_syp-n-mobo-m,-2399,0.002806942444294691
20170708_Whittier_syp-n-mobo-m,-2339,0.0037005962803959846
20170708_Whittier_syp-n-mobo-m,-2279,0.0019707379397004843
20170708_Whittier_syp-n-mobo-m,-2219,0.002820211462676525
20170708_Whittier_syp-n-mobo-m,-2159,0.001285706995986402
20170708_Whittier_syp-n-mobo-m,-2099,0.002151227556169033
20170708_Whittier_syp-n-mobo-m,-2039,0.0020719801541417837
20170708_Whittier_syp-n-mobo-m,-1979,0.001850962289609015
20170708_Whittier_syp-n-mobo-m,-1919,0.002599671483039856
20170708_Whittier_syp-n-mobo-m,-1859,0.0022555089090019464
20170708_Whittier_syp-n-mobo-m,-1799,0.0018157821614295244
20170708_Whittier_syp-n-mobo-m,-1739,0.0
20170708_Whittier_syp-n-mobo-m,-1679,0.0012725699925795197
20170708_Whittier_syp-n-mobo-m,-1619,0.0018255128525197506
20170708_Whittier_syp-n-mobo-m,-1559,0.002307269023731351
20170708_Whittier_syp-n-mobo-m,-1499,0.001459407852962613
20170708_Whittier_syp-n-mobo-m,-1439,0.0
20170708_Whittier_syp-n-mobo-m,-1379,0.0
20170708_Whittier_syp-n-mobo-m,-1319,0.0016837535658851266
20170708_Whittier_syp-n-mobo-m,-1259,0.0
20170708_Whittier_syp-n-mobo-m,-1199,0.0014735962031409144
20170708_Whittier_syp-n-mobo-m,-1139,0.0011439076624810696
20170708_Whittier_syp-n-mobo-m,-1079,0.001624732743948698
20170708_Whittier_syp-n-mobo-m,-1019,0.0018582410411909223
20170708_Whittier_syp-n-mobo-m,-959,0.0
20170708_Whittier_syp-n-mobo-m,-899,0.0
20170708_Whittier_syp-n-mobo-m,-839,0.00263589876703918
20170708_Whittier_syp-n-mobo-m,-779,0.0
20170708_Whittier_syp-n-mobo-m,-719,0.0
20170708_Whittier_syp-n-mobo-m,-659,0.0
20170708_Whittier_syp-n-mobo-m,-599,0.0015753591433167458
20170708_Whittier_syp-n-mobo-m,-539,0.0
20170708_Whittier_syp-n-mobo-m,-479,0.0016543121309950948
20170708_Whittier_syp-n-mobo-m,-419,0.0
20170708_Whittier_syp-n-mobo-m,-359,0.0024645410012453794
20170708_Whittier_syp-n-mobo-m,-299,0.0
20170708_Whittier_syp-n-mobo-m,-239,0.0011095104273408651
20170708_Whittier_syp-n-mobo-m,-179,0.0
20170708_Whittier_syp-n-mobo-m,-119,0.0
20170708_Whittier_syp-n-mobo-m,-59,0.001439331448636949
20170708_Whittier_syp-n-mobo-m,1,0.0
20170708_Whittier_syp-n-mobo-m,61,0.0
20170708_Whittier_syp-n-mobo-m,121,0.0
20170708_Whittier_syp-n-mobo-m,181,0.0
20170708_Whittier_syp-n-mobo-m,241,0.0015521293971687555
20170708_Whittier_syp-n-mobo-m,301,0.003208792768418789
20170708_Whittier_syp-n-mobo-m,361,0.06116611137986183
20170708_Whittier_syp-n-mobo-m,421,0.13366813957691193
20170708_Whittier_syp-n-mobo-m,481,0.7836799621582031
20170708_Whittier_syp-n-mobo-m,541,0.7900770306587219
20170708_Whittier_syp-n-mobo-m,601,0.7810114622116089
20170708_Whittier_syp-n-mobo-m,661,0.5847795605659485
20170708_Whittier_syp-n-mobo-m,721,0.7468795776367188
20170708_Whittier_syp-n-mobo-m,781,0.6345136761665344
20170708_Whittier_syp-n-mobo-m,841,0.6256958842277527
20170708_Whittier_syp-n-mobo-m,901,0.47869959473609924
20170708_Whittier_syp-n-mobo-m,961,0.601447582244873
20170708_Whittier_syp-n-mobo-m,1021,0.49693185091018677
20170708_Whittier_syp-n-mobo-m,1081,0.3597932755947113
20170708_Whittier_syp-n-mobo-m,1141,0.6532222032546997
20170708_Whittier_syp-n-mobo-m,1201,0.7351320385932922
20170708_Whittier_syp-n-mobo-m,1261,0.6055871844291687
20170708_Whittier_syp-n-mobo-m,1321,0.3920067548751831
20170708_Whittier_syp-n-mobo-m,1381,0.4242938756942749
20170708_Whittier_syp-n-mobo-m,1441,0.7828696370124817
20170708_Whittier_syp-n-mobo-m,1501,0.48285427689552307
20170708_Whittier_syp-n-mobo-m,1561,0.30148595571517944
20170708_Whittier_syp-n-mobo-m,1621,0.7540311217308044
20170708_Whittier_syp-n-mobo-m,1681,0.3569381535053253
20170708_Whittier_syp-n-mobo-m,1741,0.48644059896469116
20170708_Whittier_syp-n-mobo-m,1801,0.4589059352874756
20170708_Whittier_syp-n-mobo-m,1861,0.752650797367096
20170708_Whittier_syp-n-mobo-m,1921,0.6106693744659424
20170708_Whittier_syp-n-mobo-m,1981,0.357869029045105
20170708_Whittier_syp-n-mobo-m,2041,0.27255499362945557
20170708_Whittier_syp-n-mobo-m,2101,0.32829731702804565
20170708_Whittier_syp-n-mobo-m,2161,0.2066553384065628
20170708_Whittier_syp-n-mobo-m,2221,0.16904884576797485
20170708_Whittier_syp-n-mobo-m,2281,0.026067234575748444
20170708_Whittier_syp-n-mobo-m,2341,0.011976955458521843
20170711_FIRE_bl-e-mobo-c,-2400,0.0
20170711_FIRE_bl-e-mobo-c,-2340,0.0
20170711_FIRE_bl-e-mobo-c,-2280,0.0
20170711_FIRE_bl-e-mobo-c,-2220,0.0
20170711_FIRE_bl-e-mobo-c,-2160,0.0
20170711_FIRE_bl-e-mobo-c,-2100,0.0
20170711_FIRE_bl-e-mobo-c,-2040,0.0
20170711_FIRE_bl-e-mobo-c,-1980,0.0
20170711_FIRE_bl-e-mobo-c,-1920,0.0
20170711_FIRE_bl-e-mobo-c,-1860,0.0
20170711_FIRE_bl-e-mobo-c,-1800,0.0
20170711_FIRE_bl-e-mobo-c,-1740,0.0
20170711_FIRE_bl-e-mobo-c,-1680,0.0
20170711_FIRE_bl-e-mobo-c,-1620,0.0
20170711_FIRE_bl-e-mobo-c,-1560,0.0
20170711_FIRE_bl-e-mobo-c,-1500,0.0
20170711_FIRE_bl-e-mobo-c,-1440,0.0
20170711_FIRE_bl-e-mobo-c,-1380,0.0
20170711_FIRE_bl-e-mobo-c,-1320,0.0
20170711_FIRE_bl-e-mobo-c,-1260,0.0
20170711_FIRE_bl-e-mobo-c,-1200,0.0
20170711_FIRE_bl-e-mobo-c,-1140,0.0
20170711_FIRE_bl-e-mobo-c,-1080,0.0
20170711_FIRE_bl-e-mobo-c,-1020,0.0
20170711_FIRE_bl-e-mobo-c,-960,0.0
20170711_FIRE_bl-e-mobo-c,-900,0.0
20170711_FIRE_bl-e-mobo-c,-840,0.0
20170711_FIRE_bl-e-mobo-c,-780,0.0
20170711_FIRE_bl-e-mobo-c,-720,0.0
20170711_FIRE_bl-e-mobo-c,-660,0.0
20170711_FIRE_bl-e-mobo-c,-600,0.0
20170711_FIRE_bl-e-mobo-c,-540,0.0012924247421324253
20170711_FIRE_bl-e-mobo-c,-480,0.0015685285907238722
20170711_FIRE_bl-e-mobo-c,-420,0.0016162589890882373
20170711_FIRE_bl-e-mobo-c,-360,0.001146724564023316
20170711_FIRE_bl-e-mobo-c,-300,0.0015769348246976733
20170711_FIRE_bl-e-mobo-c,-240,0.0010348620126023889
20170711_FIRE_bl-e-mobo-c,-180,0.0
20170711_FIRE_bl-e-mobo-c,-120,0.0
20170711_FIRE_bl-e-mobo-c,-60,0.001733946381136775
20170711_FIRE_bl-e-mobo-c,0,0.004237152636051178
20170711_FIRE_bl-e-mobo-c,60,0.0
20170711_FIRE_bl-e-mobo-c,120,0.002482898999005556
20170711_FIRE_bl-e-mobo-c,180,0.001037120702676475
20170711_FIRE_bl-e-mobo-c,240,0.0010735057294368744
20170711_FIRE_bl-e-mobo-c,300,0.0
20170711_FIRE_bl-e-mobo-c,360,0.010907630436122417
20170711_FIRE_bl-e-mobo-c,420,0.0030397623777389526
20170711_FIRE_bl-e-mobo-c,480,0.0016294267261400819
20170711_FIRE_bl-e-mobo-c,540,0.06678509712219238
20170711_FIRE_bl-e-mobo-c,600,0.02063899114727974
20170711_FIRE_bl-e-mobo-c,660,0.004784881137311459
20170711_FIRE_bl-e-mobo-c,720,0.0030348142609000206
20170711_FIRE_bl-e-mobo-c,780,0.41732341051101685
20170711_FIRE_bl-e-mobo-c,840,0.09957422316074371
20170711_FIRE_bl-e-mobo-c,900,0.20626436173915863
20170711_FIRE_bl-e-mobo-c,960,0.1879686862230301
20170711_FIRE_bl-e-mobo-c,1020,0.4450052082538605
20170711_FIRE_bl-e-mobo-c,1080,0.25076824426651
20170711_FIRE_bl-e-mobo-c,1140,0.2781514525413513
20170711_FIRE_bl-e-mobo-c,1200,0.12026868760585785
20170711_FIRE_bl-e-mobo-c,1260,0.4829966127872467
20170711_FIRE_bl-e-mobo-c,1320,0.3124831020832062
20170711_FIRE_bl-e-mobo-c,1380,0.39500871300697327
20170711_FIRE_bl-e-mobo-c,1440,0.4380089342594147
20170711_FIRE_bl-e-mobo-c,1500,0.12023258209228516
20170711_FIRE_bl-e-mobo-c,1560,0.16300946474075317
20170711_FIRE_bl-e-mobo-c,1620,0.1719505935907364
20170711_FIRE_bl-e-mobo-c,1680,0.325213223695755
20170711_FIRE_bl-e-mobo-c,1740,0.11149045825004578
20170711_FIRE_bl-e-mobo-c,1800,0.19623731076717377
20170711_FIRE_bl-e-mobo-c,1860,0.22309677302837372
20170711_FIRE_bl-e-mobo-c,1920,0.0558270588517189
20170711_FIRE_bl-e-mobo-c,1980,0.06623707711696625
20170711_FIRE_bl-e-mobo-c,2040,0.054241079837083817
20170711_FIRE_bl-e-mobo-c,2100,0.1453051120042801
20170711_FIRE_bl-e-mobo-c,2160,0.039675332605838776
20170711_FIRE_bl-e-mobo-c,2220,0.022430939599871635
20170711_FIRE_bl-e-mobo-c,2280,0.034329403191804886
20170711_FIRE_bl-e-mobo-c,2340,0.021638942882418633
20170711_FIRE_bl-e-mobo-c,2400,0.04115036875009537
20170711_FIRE_bl-s-mobo-c,-2400,0.0
20170711_FIRE_bl-s-mobo-c,-2340,0.0
20170711_FIRE_bl-s-mobo-c,-2280,0.0
20170711_FIRE_bl-s-mobo-c,-2220,0.0
20170711_FIRE_bl-s-mobo-c,-2160,0.0
20170711_FIRE_bl-s-mobo-c,-2100,0.0
20170711_FIRE_bl-s-mobo-c,-2040,0.0
20170711_FIRE_bl-s-mobo-c,-1980,0.0
20170711_FIRE_bl-s-mobo-c,-1920,0.0
20170711_FIRE_bl-s-mobo-c,-1860,0.0
20170711_FIRE_bl-s-mobo-c,-1800,0.0
20170711_FIRE_bl-s-mobo-c,-1740,0.0
20170711_FIRE_bl-s-mobo-c,-1680,0.0
20170711_FIRE_bl-s-mobo-c,-1620,0.0
20170711_FIRE_bl-s-mobo-c,-1560,0.0
20170711_FIRE_bl-s-mobo-c,-1500,0.0
20170711_FIRE_bl-s-mobo-c,-1440,0.0
20170711_FIRE_bl-s-mobo-c,-1380,0.0
20170711_FIRE_bl-s-mobo-c,-1320,0.0
20170711_FIRE_bl-s-mobo-c,-1260,0.0
20170711_FIRE_bl-s-mobo-c,-1200,0.0
20170711_FIRE_bl-s-mobo-c,-1140,0.0
20170711_FIRE_bl-s-mobo-c,-1080,0.0
20170711_FIRE_bl-s-mobo-c,-1020,0.0
20170711_FIRE_bl-s-mobo-c,-960,0.0
20170711_FIRE_bl-s-mobo-c,-900,0.0
20170711_FIRE_bl-s-mobo-c,-840,0.0
20170711_FIRE_bl-s-mobo-c,-780,0.0
20170711_FIRE_bl-s-mobo-c,-720,0.0
20170711_FIRE_bl-s-mobo-c,-660,0.0
20170711_FIRE_bl-s-mobo-c,-600,0.0
20170711_FIRE_bl-s-mobo-c,-540,0.0
20170711_FIRE_bl-s-mobo-c,-480,0.0
20170711_FIRE_bl-s-mobo-c,-420,0.0
20170711_FIRE_bl-s-mobo-c,-360,0.0
20170711_FIRE_bl-s-mobo-c,-300,0.0
20170711_FIRE_bl-s-mobo-c,-240,0.0
20170711_FIRE_bl-s-mobo-c,-180,0.0
20170711_FIRE_bl-s-mobo-c,-120,0.0
20170711_FIRE_bl-s-mobo-c,-60,0.0
20170711_FIRE_bl-s-mobo-c,0,0.0
20170711_FIRE_bl-s-mobo-c,60,0.0
20170711_FIRE_bl-s-mobo-c,120,0.0
20170711_FIRE_bl-s-mobo-c,180,0.0
20170711_FIRE_bl-s-mobo-c,240,0.0
20170711_FIRE_bl-s-mobo-c,300,0.0
20170711_FIRE_bl-s-mobo-c,360,0.0
20170711_FIRE_bl-s-mobo-c,420,0.0
20170711_FIRE_bl-s-mobo-c,480,0.01595032587647438
20170711_FIRE_bl-s-mobo-c,540,0.002416241681203246
20170711_FIRE_bl-s-mobo-c,600,0.004980010446161032
20170711_FIRE_bl-s-mobo-c,660,0.0027262463700026274
20170711_FIRE_bl-s-mobo-c,720,0.30023401975631714
20170711_FIRE_bl-s-mobo-c,780,0.1847248524427414
20170711_FIRE_bl-s-mobo-c,840,0.12355986982584
20170711_FIRE_bl-s-mobo-c,900,0.032248061150312424
20170711_FIRE_bl-s-mobo-c,960,0.4927540123462677
20170711_FIRE_bl-s-mobo-c,1020,0.06442536413669586
20170711_FIRE_bl-s-mobo-c,1080,0.19091899693012238
20170711_FIRE_bl-s-mobo-c,1140,0.04986093193292618
20170711_FIRE_bl-s-mobo-c,1200,0.40080514550209045
20170711_FIRE_bl-s-mobo-c,1260,0.13561485707759857
20170711_FIRE_bl-s-mobo-c,1320,0.07452702522277832
20170711_FIRE_bl-s-mobo-c,1380,0.2349194437265396
20170711_FIRE_bl-s-mobo-c,1440,0.049392662942409515
20170711_FIRE_bl-s-mobo-c,1500,0.06286591291427612
20170711_FIRE_bl-s-mobo-c,1560,0.06007787212729454
20170711_FIRE_bl-s-mobo-c,1620,0.010969732888042927
20170711_FIRE_bl-s-mobo-c,1680,0.042716581374406815
20170711_FIRE_bl-s-mobo-c,1740,0.019649822264909744
20170711_FIRE_bl-s-mobo-c,1800,0.05683406442403793
20170711_FIRE_bl-s-mobo-c,1860,0.011698862537741661
20170711_FIRE_bl-s-mobo-c,1920,0.10423184186220169
20170711_FIRE_bl-s-mobo-c,1980,0.006173273082822561
20170711_FIRE_bl-s-mobo-c,2040,0.06127416715025902
20170711_FIRE_bl-s-mobo-c,2100,0.006084869150072336
20170711_FIRE_bl-s-mobo-c,2160,0.060362327843904495
20170711_FIRE_bl-s-mobo-c,2220,0.17997433245182037
20170711_FIRE_bl-s-mobo-c,2280,0.008781636133790016
20170711_FIRE_bl-s-mobo-c,2340,0.02374889887869358
20170711_FIRE_bl-s-mobo-c,2400,0.019167376682162285
20170711_FIRE_bm-s-mobo-c,-2400,0.06404025107622147
20170711_FIRE_bm-s-mobo-c,-2340,0.06932669132947922
20170711_FIRE_bm-s-mobo-c,-2280,0.06732124835252762
20170711_FIRE_bm-s-mobo-c,-2220,0.07002020627260208
20170711_FIRE_bm-s-mobo-c,-2160,0.06780299544334412
20170711_FIRE_bm-s-mobo-c,-2100,0.09217014163732529
20170711_FIRE_bm-s-mobo-c,-2040,0.10955226421356201
20170711_FIRE_bm-s-mobo-c,-1980,0.08549138903617859
20170711_FIRE_bm-s-mobo-c,-1920,0.08488555997610092
20170711_FIRE_bm-s-mobo-c,-1860,0.07643632590770721
20170711_FIRE_bm-s-mobo-c,-1800,0.052672769874334335
20170711_FIRE_bm-s-mobo-c,-1740,0.0704307109117508
20170711_FIRE_bm-s-mobo-c,-1680,0.08378739655017853
20170711_FIRE_bm-s-mobo-c,-1620,0.08104166388511658
20170711_FIRE_bm-s-mobo-c,-1560,0.08759481459856033
20170711_FIRE_bm-s-mobo-c,-1500,0.11287182569503784
20170711_FIRE_bm-s-mobo-c,-1440,0.07207886874675751
20170711_FIRE_bm-s-mobo-c,-1380,0.08461563289165497
20170711_FIRE_bm-s-mobo-c,-1320,0.07409601658582687
20170711_FIRE_bm-s-mobo-c,-1260,0.050453782081604004
20170711_FIRE_bm-s-mobo-c,-1200,0.051763489842414856
20170711_FIRE_bm-s-mobo-c,-1140,0.04443114995956421
20170711_FIRE_bm-s-mobo-c,-1080,0.04259367287158966
20170711_FIRE_bm-s-mobo-c,-1020,0.050087522715330124
20170711_FIRE_bm-s-mobo-c,-960,0.046529922634363174
20170711_FIRE_bm-s-mobo-c,-900,0.04070055112242699
20170711_FIRE_bm-s-mobo-c,-840,0.02909676358103752
20170711_FIRE_bm-s-mobo-c,-780,0.0374826081097126
20170711_FIRE_bm-s-mobo-c,-720,0.03084052912890911
20170711_FIRE_bm-s-mobo-c,-660,0.029875319451093674
20170711_FIRE_bm-s-mobo-c,-600,0.03623064234852791
20170711_FIRE_bm-s-mobo-c,-540,0.047802459448575974
20170711_FIRE_bm-s-mobo-c,-480,0.04940197616815567
20170711_FIRE_bm-s-mobo-c,-420,0.046015143394470215
20170711_FIRE_bm-s-mobo-c,-360,0.021326221525669098
20170711_FIRE_bm-s-mobo-c,-300,0.027478832751512527
20170711_FIRE_bm-s-mobo-c,-240,0.023972129449248314
20170711_FIRE_bm-s-mobo-c,-180,0.030602341517806053
20170711_FIRE_bm-s-mobo-c,-120,0.023991193622350693
20170711_FIRE_bm-s-mobo-c,-60,0.034839510917663574
20170711_FIRE_bm-s-mobo-c,0,0.02420605532824993
20170711_FIRE_bm-s-mobo-c,60,0.03074519708752632
20170711_FIRE_bm-s-mobo-c,120,0.04555931314826012
20170711_FIRE_bm-s-mobo-c,180,0.030780568718910217
20170711_FIRE_bm-s-mobo-c,240,0.047070883214473724
20170711_FIRE_bm-s-mobo-c,300,0.049324195832014084
20170711_FIRE_bm-s-mobo-c,360,0.04699956253170967
20170711_FIRE_bm-s-mobo-c,420,0.029268575832247734
20170711_FIRE_bm-s-mobo-c,480,0.03208869323134422
20170711_FIRE_bm-s-mobo-c,540,0.023337310180068016
20170711_FIRE_bm-s-mobo-c,600,0.029680507257580757
20170711_FIRE_bm-s-mobo-c,660,0.05382266268134117
20170711_FIRE_bm-s-mobo-c,720,0.03109273873269558
20170711_FIRE_bm-s-mobo-c,780,0.022059116512537003
20170711_FIRE_bm-s-mobo-c,840,0.018808094784617424
20170711_FIRE_bm-s-mobo-c,900,0.03941553831100464
20170711_FIRE_bm-s-mobo-c,960,0.03014349192380905
20170711_FIRE_bm-s-mobo-c,1020,0.0262723620980978
20170711_FIRE_bm-s-mobo-c,1080,0.05795485898852348
20170711_FIRE_bm-s-mobo-c,1140,0.056027621030807495
20170711_FIRE_bm-s-mobo-c,1200,0.033157963305711746
20170711_FIRE_bm-s-mobo-c,1260,0.018878808245062828
20170711_FIRE_bm-s-mobo-c,1320,0.029464568942785263
20170711_FIRE_bm-s-mobo-c,1380,0.028508896008133888
20170711_FIRE_sdsc-e-mobo-c,-2400,0.0
20170711_FIRE_sdsc-e-mobo-c,-2340,0.0
20170711_FIRE_sdsc-e-mobo-c,-2280,0.0
20170711_FIRE_sdsc-e-mobo-c,-2220,0.0
20170711_FIRE_sdsc-e-mobo-c,-2160,0.0
20170711_FIRE_sdsc-e-mobo-c,-2100,0.0
20170711_FIRE_sdsc-e-mobo-c,-2040,0.0
20170711_FIRE_sdsc-e-mobo-c,-1980,0.0
20170711_FIRE_sdsc-e-mobo-c,-1920,0.0
20170711_FIRE_sdsc-e-mobo-c,-1860,0.0
20170711_FIRE_sdsc-e-mobo-c,-1800,0.0
20170711_FIRE_sdsc-e-mobo-c,-1740,0.0
20170711_FIRE_sdsc-e-mobo-c,-1680,0.0
20170711_FIRE_sdsc-e-mobo-c,-1620,0.0
20170711_FIRE_sdsc-e-mobo-c,-1560,0.0
20170711_FIRE_sdsc-e-mobo-c,-1500,0.0
20170711_FIRE_sdsc-e-mobo-c,-1440,0.0
20170711_FIRE_sdsc-e-mobo-c,-1380,0.0
20170711_FIRE_sdsc-e-mobo-c,-1320,0.0
20170711_FIRE_sdsc-e-mobo-c,-1260,0.0
20170711_FIRE_sdsc-e-mobo-c,-1200,0.0
20170711_FIRE_sdsc-e-mobo-c,-1140,0.0
20170711_FIRE_sdsc-e-mobo-c,-1080,0.0
20170711_FIRE_sdsc-e-mobo-c,-1020,0.0
20170711_FIRE_sdsc-e-mobo-c,-960,0.0
20170711_FIRE_sdsc-e-mobo-c,-900,0.0
20170711_FIRE_sdsc-e-mobo-c,-840,0.0
20170711_FIRE_sdsc-e-mobo-c,-780,0.0
20170711_FIRE_sdsc-e-mobo-c,-720,0.0
20170711_FIRE_sdsc-e-mobo-c,-660,0.0
20170711_FIRE_sdsc-e-mobo-c,-600,0.0
20170711_FIRE_sdsc-e-mobo-c,-540,0.0
20170711_FIRE_sdsc-e-mobo-c,-480,0.0
20170711_FIRE_sdsc-e-mobo-c,-420,0.0
20170711_FIRE_sdsc-e-mobo-c,-360,0.0
20170711_FIRE_sdsc-e-mobo-c,-300,0.0
20170711_FIRE_sdsc-e-mobo-c,-240,0.0
20170711_FIRE_sdsc-e-mobo-c,-180,0.0
20170711_FIRE_sdsc-e-mobo-c,-120,0.0
20170711_FIRE_sdsc-e-mobo-c,-60,0.0
20170711_FIRE_sdsc-e-mobo-c,0,0.0
20170711_FIRE_sdsc-e-mobo-c,60,0.0
20170711_FIRE_sdsc-e-mobo-c,120,0.0
20170711_FIRE_sdsc-e-mobo-c,180,0.0
20170711_FIRE_sdsc-e-mobo-c,240,0.0
20170711_FIRE_sdsc-e-mobo-c,300,0.0
20170711_FIRE_sdsc-e-mobo-c,360,0.0
20170711_FIRE_sdsc-e-mobo-c,420,0.0
20170711_FIRE_sdsc-e-mobo-c,480,0.0
20170711_FIRE_sdsc-e-mobo-c,540,0.0
20170711_FIRE_sdsc-e-mobo-c,600,0.0
20170711_FIRE_sdsc-e-mobo-c,660,0.0
20170711_FIRE_sdsc-e-mobo-c,720,0.0
20170711_FIRE_sdsc-e-mobo-c,780,0.0
20170711_FIRE_sdsc-e-mobo-c,840,0.0
20170711_FIRE_sdsc-e-mobo-c,900,0.0
20170711_FIRE_sdsc-e-mobo-c,960,0.0
20170711_FIRE_sdsc-e-mobo-c,1020,0.0
20170711_FIRE_sdsc-e-mobo-c,1080,0.0
20170711_FIRE_sdsc-e-mobo-c,1140,0.0
20170711_FIRE_sdsc-e-mobo-c,1200,0.0
20170711_FIRE_sdsc-e-mobo-c,1260,0.0
20170711_FIRE_sdsc-e-mobo-c,1320,0.0
20170711_FIRE_sdsc-e-mobo-c,1380,0.0016238086391240358
20170711_FIRE_sdsc-e-mobo-c,1440,0.003383773611858487
20170711_FIRE_sdsc-e-mobo-c,1500,0.0014785834355279803
20170711_FIRE_sdsc-e-mobo-c,1560,0.0
20170711_FIRE_sdsc-e-mobo-c,1620,0.0013995729386806488
20170711_FIRE_sdsc-e-mobo-c,1680,0.0
20170711_FIRE_sdsc-e-mobo-c,1740,0.0
20170711_FIRE_sdsc-e-mobo-c,1800,0.0
20170711_FIRE_sdsc-e-mobo-c,1860,0.0012277874629944563
20170711_FIRE_sdsc-e-mobo-c,1920,0.0
20170711_FIRE_sdsc-e-mobo-c,1980,0.0
20170711_FIRE_sdsc-e-mobo-c,2040,0.0010945721296593547
20170711_FIRE_sdsc-e-mobo-c,2100,0.0
20170711_FIRE_sdsc-e-mobo-c,2160,0.0
20170711_FIRE_sdsc-e-mobo-c,2220,0.0
20170711_FIRE_sdsc-e-mobo-c,2280,0.0
20170711_FIRE_sdsc-e-mobo-c,2340,0.0
20170711_FIRE_sdsc-e-mobo-c,2400,0.0
20170711_FIRE_sm-n-mobo-c,-2400,0.0011154328240081668
20170711_FIRE_sm-n-mobo-c,-2340,0.0
20170711_FIRE_sm-n-mobo-c,-2280,0.0
20170711_FIRE_sm-n-mobo-c,-2220,0.0
20170711_FIRE_sm-n-mobo-c,-2160,0.0
20170711_FIRE_sm-n-mobo-c,-2100,0.0
20170711_FIRE_sm-n-mobo-c,-2040,0.0
20170711_FIRE_sm-n-mobo-c,-1980,0.0010984506225213408
20170711_FIRE_sm-n-mobo-c,-1920,0.0
20170711_FIRE_sm-n-mobo-c,-1860,0.0
20170711_FIRE_sm-n-mobo-c,-1800,0.0011930139735341072
20170711_FIRE_sm-n-mobo-c,-1740,0.0
20170711_FIRE_sm-n-mobo-c,-1680,0.0010636901715770364
20170711_FIRE_sm-n-mobo-c,-1620,0.0
20170711_FIRE_sm-n-mobo-c,-1560,0.00117452850099653
20170711_FIRE_sm-n-mobo-c,-1500,0.0011181122390553355
20170711_FIRE_sm-n-mobo-c,-1440,0.0
20170711_FIRE_sm-n-mobo-c,-1380,0.0
20170711_FIRE_sm-n-mobo-c,-1320,0.0
20170711_FIRE_sm-n-mobo-c,-1260,0.0
20170711_FIRE_sm-n-mobo-c,-1200,0.0
20170711_FIRE_sm-n-mobo-c,-1140,0.0
20170711_FIRE_sm-n-mobo-c,-1080,0.0
20170711_FIRE_sm-n-mobo-c,-1020,0.0
20170711_FIRE_sm-n-mobo-c,-960,0.0014770396519452333
20170711_FIRE_sm-n-mobo-c,-900,0.002666898537427187
20170711_FIRE_sm-n-mobo-c,-840,0.00100426422432065
20170711_FIRE_sm-n-mobo-c,-780,0.002054896205663681
20170711_FIRE_sm-n-mobo-c,-720,0.0017522040288895369
20170711_FIRE_sm-n-mobo-c,-660,0.0012253200402483344
20170711_FIRE_sm-n-mobo-c,-600,0.0
20170711_FIRE_sm-n-mobo-c,-540,0.0
20170711_FIRE_sm-n-mobo-c,-480,0.0
20170711_FIRE_sm-n-mobo-c,-420,0.001254261122085154
20170711_FIRE_sm-n-mobo-c,-360,0.0
20170711_FIRE_sm-n-mobo-c,-300,0.0019163743127137423
20170711_FIRE_sm-n-mobo-c,-240,0.002268432406708598
20170711_FIRE_sm-n-mobo-c,-180,0.0026750685647130013
20170711_FIRE_sm-n-mobo-c,-120,0.0022599678486585617
20170711_FIRE_sm-n-mobo-c,-60,0.0
20170711_FIRE_sm-n-mobo-c,0,0.0
20170711_FIRE_sm-n-mobo-c,60,0.0
20170711_FIRE_sm-n-mobo-c,120,0.0
20170711_FIRE_sm-n-mobo-c,180,0.0014914404600858688
20170711_FIRE_sm-n-mobo-c,240,0.0018116201972588897
20170711_FIRE_sm-n-mobo-c,300,0.03233036771416664
20170711_FIRE_sm-n-mobo-c,360,0.26686447858810425
20170711_FIRE_sm-n-mobo-c,420,0.4383653402328491
20170711_FIRE_sm-n-mobo-c,480,0.4956136643886566
20170711_FIRE_sm-n-mobo-c,540,0.4905991554260254
20170711_FIRE_sm-n-mobo-c,600,0.5862305164337158
20170711_FIRE_sm-n-mobo-c,660,0.39459341764450073
20170711_FIRE_sm-n-mobo-c,720,0.2667407989501953
20170711_FIRE_sm-n-mobo-c,780,0.6242971420288086
20170711_FIRE_sm-n-mobo-c,840,0.26816847920417786
20170711_FIRE_sm-n-mobo-c,900,0.37721124291419983
20170711_FIRE_sm-n-mobo-c,960,0.18610647320747375
20170711_FIRE_sm-n-mobo-c,1020,0.17246849834918976
20170711_FIRE_sm-n-mobo-c,1080,0.08404428511857986
20170711_FIRE_sm-n-mobo-c,1140,0.14917171001434326
20170711_FIRE_sm-n-mobo-c,1200,0.09777364879846573
20170711_FIRE_sm-n-mobo-c,1260,0.3930623531341553
20170711_FIRE_sm-n-mobo-c,1320,0.3932402729988098
20170711_FIRE_sm-n-mobo-c,1380,0.06251662224531174
20170711_FIRE_sm-n-mobo-c,1440,0.03911050036549568
20170711_FIRE_sm-n-mobo-c,1500,0.04995766282081604
20170711_FIRE_sm-n-mobo-c,1560,0.032702699303627014
20170711_FIRE_sm-n-mobo-c,1620,0.12445557117462158
20170711_FIRE_sm-n-mobo-c,1680,0.027749722823500633
20170711_FIRE_sm-n-mobo-c,1740,0.0131334587931633
20170711_FIRE_sm-n-mobo-c,1800,0.02799241431057453
20170711_FIRE_sm-n-mobo-c,1860,0.03966738283634186
20170711_FIRE_sm-n-mobo-c,1920,0.3126586973667145
20170711_FIRE_sm-n-mobo-c,1980,0.4336872696876526
20170711_FIRE_sm-n-mobo-c,2040,0.08278564363718033
20170711_FIRE_sm-n-mobo-c,2100,0.05814903602004051
20170711_FIRE_sm-n-mobo-c,2160,0.15753361582756042
20170711_FIRE_sm-n-mobo-c,2220,0.18871118128299713
20170711_FIRE_sm-n-mobo-c,2280,0.07859554141759872
20170711_FIRE_sm-n-mobo-c,2340,0.0645315870642662
20170711_FIRE_sm-n-mobo-c,2400,0.15403009951114655
20170713_FIRE_smer-tcs8-mobo-c,-2400,0.0
20170713_FIRE_smer-tcs8-mobo-c,-2340,0.0
20170713_FIRE_smer-tcs8-mobo-c,-2280,0.0
20170713_FIRE_smer-tcs8-mobo-c,-2220,0.0
20170713_FIRE_smer-tcs8-mobo-c,-2160,0.0
20170713_FIRE_smer-tcs8-mobo-c,-2100,0.0
20170713_FIRE_smer-tcs8-mobo-c,-2040,0.0
20170713_FIRE_smer-tcs8-mobo-c,-1980,0.0
20170713_FIRE_smer-tcs8-mobo-c,-1920,0.0
20170713_FIRE_smer-tcs8-mobo-c,-1860,0.0
20170713_FIRE_smer-tcs8-mobo-c,-1800,0.0
20170713_FIRE_smer-tcs8-mobo-c,-1740,0.0
20170713_FIRE_smer-tcs8-mobo-c,-1680,0.0
20170713_FIRE_smer-tcs8-mobo-c,-1620,0.0
20170713_FIRE_smer-tcs8-mobo-c,-1560,0.0
20170713_FIRE_smer-tcs8-mobo-c,-1500,0.0
20170713_FIRE_smer-tcs8-mobo-c,-1440,0.0
20170713_FIRE_smer-tcs8-mobo-c,-1380,0.0
20170713_FIRE_smer-tcs8-mobo-c,-1320,0.0
20170713_FIRE_smer-tcs8-mobo-c,-1260,0.0
20170713_FIRE_smer-tcs8-mobo-c,-1200,0.0
20170713_FIRE_smer-tcs8-mobo-c,-1140,0.0
20170713_FIRE_smer-tcs8-mobo-c,-1080,0.0
20170713_FIRE_smer-tcs8-mobo-c,-1020,0.0
20170713_FIRE_smer-tcs8-mobo-c,-960,0.0
20170713_FIRE_smer-tcs8-mobo-c,-900,0.0
20170713_FIRE_smer-tcs8-mobo-c,-840,0.0
20170713_FIRE_smer-tcs8-mobo-c,-780,0.0
20170713_FIRE_smer-tcs8-mobo-c,-720,0.0
20170713_FIRE_smer-tcs8-mobo-c,-660,0.0
20170713_FIRE_smer-tcs8-mobo-c,-600,0.0
20170713_FIRE_smer-tcs8-mobo-c,-540,0.0
20170713_FIRE_smer-tcs8-mobo-c,-480,0.0
20170713_FIRE_smer-tcs8-mobo-c,-420,0.0
20170713_FIRE_smer-tcs8-mobo-c,-360,0.0
20170713_FIRE_smer-tcs8-mobo-c,-300,0.0
20170713_FIRE_smer-tcs8-mobo-c,-240,0.0
20170713_FIRE_smer-tcs8-mobo-c,-180,0.0
20170713_FIRE_smer-tcs8-mobo-c,-120,0.0
20170713_FIRE_smer-tcs8-mobo-c,-60,0.0
20170713_FIRE_smer-tcs8-mobo-c,0,0.0
20170713_FIRE_smer-tcs8-mobo-c,60,0.0
20170713_FIRE_smer-tcs8-mobo-c,120,0.0
20170713_FIRE_smer-tcs8-mobo-c,180,0.0
20170713_FIRE_smer-tcs8-mobo-c,240,0.0
20170713_FIRE_smer-tcs8-mobo-c,300,0.0
20170713_FIRE_smer-tcs8-mobo-c,360,0.0
20170713_FIRE_smer-tcs8-mobo-c,420,0.0
20170713_FIRE_smer-tcs8-mobo-c,480,0.0
20170713_FIRE_smer-tcs8-mobo-c,540,0.0
20170713_FIRE_smer-tcs8-mobo-c,600,0.0
20170713_FIRE_smer-tcs8-mobo-c,660,0.0
20170713_FIRE_smer-tcs8-mobo-c,720,0.0
20170713_FIRE_smer-tcs8-mobo-c,780,0.0
20170713_FIRE_smer-tcs8-mobo-c,840,0.0
20170713_FIRE_smer-tcs8-mobo-c,900,0.0
20170713_FIRE_smer-tcs8-mobo-c,960,0.0
20170713_FIRE_smer-tcs8-mobo-c,1020,0.0
20170713_FIRE_smer-tcs8-mobo-c,1080,0.0
20170713_FIRE_smer-tcs8-mobo-c,1140,0.0
20170713_FIRE_smer-tcs8-mobo-c,1200,0.0
20170713_FIRE_smer-tcs8-mobo-c,1260,0.0
20170713_FIRE_smer-tcs8-mobo-c,1320,0.0
20170713_FIRE_smer-tcs8-mobo-c,1380,0.0
20170713_FIRE_smer-tcs8-mobo-c,1440,0.0
20170713_FIRE_smer-tcs8-mobo-c,1500,0.0
20170713_FIRE_smer-tcs8-mobo-c,1560,0.0
20170713_FIRE_smer-tcs8-mobo-c,1620,0.0
20170713_FIRE_smer-tcs8-mobo-c,1680,0.0
20170713_FIRE_smer-tcs8-mobo-c,1740,0.0
20170713_FIRE_smer-tcs8-mobo-c,1800,0.0
20170713_FIRE_smer-tcs8-mobo-c,1860,0.0
20170713_FIRE_smer-tcs8-mobo-c,1920,0.0
20170713_FIRE_smer-tcs8-mobo-c,1980,0.0
20170713_FIRE_smer-tcs8-mobo-c,2040,0.0
20170713_FIRE_smer-tcs8-mobo-c,2100,0.0
20170713_FIRE_smer-tcs8-mobo-c,2160,0.0
20170722_FIRE_bm-n-mobo-c,-2400,0.0
20170722_FIRE_bm-n-mobo-c,-2340,0.0
20170722_FIRE_bm-n-mobo-c,-2280,0.0
20170722_FIRE_bm-n-mobo-c,-2220,0.0
20170722_FIRE_bm-n-mobo-c,-2160,0.0
20170722_FIRE_bm-n-mobo-c,-2100,0.001160988467745483
20170722_FIRE_bm-n-mobo-c,-2040,0.0
20170722_FIRE_bm-n-mobo-c,-1980,0.0
20170722_FIRE_bm-n-mobo-c,-1920,0.0
20170722_FIRE_bm-n-mobo-c,-1860,0.0
20170722_FIRE_bm-n-mobo-c,-1800,0.0
20170722_FIRE_bm-n-mobo-c,-1740,0.0
20170722_FIRE_bm-n-mobo-c,-1680,0.0
20170722_FIRE_bm-n-mobo-c,-1620,0.0
20170722_FIRE_bm-n-mobo-c,-1560,0.0
20170722_FIRE_bm-n-mobo-c,-1500,0.0
20170722_FIRE_bm-n-mobo-c,-1440,0.0
20170722_FIRE_bm-n-mobo-c,-1380,0.0
20170722_FIRE_bm-n-mobo-c,-1320,0.0
20170722_FIRE_bm-n-mobo-c,-1260,0.0
20170722_FIRE_bm-n-mobo-c,-1200,0.0
20170722_FIRE_bm-n-mobo-c,-1140,0.0
20170722_FIRE_bm-n-mobo-c,-1080,0.0
20170722_FIRE_bm-n-mobo-c,-1020,0.0
20170722_FIRE_bm-n-mobo-c,-960,0.0
20170722_FIRE_bm-n-mobo-c,-900,0.0
20170722_FIRE_bm-n-mobo-c,-840,0.0
20170722_FIRE_bm-n-mobo-c,-780,0.0
20170722_FIRE_bm-n-mobo-c,-720,0.0
20170722_FIRE_bm-n-mobo-c,-660,0.0
20170722_FIRE_bm-n-mobo-c,-600,0.0
20170722_FIRE_bm-n-mobo-c,-540,0.0
20170722_FIRE_bm-n-mobo-c,-480,0.0
20170722_FIRE_bm-n-mobo-c,-420,0.0012765451101586223
20170722_FIRE_bm-n-mobo-c,-360,0.0
20170722_FIRE_bm-n-mobo-c,-300,0.0
20170722_FIRE_bm-n-mobo-c,-240,0.0
20170722_FIRE_bm-n-mobo-c,-180,0.0
20170722_FIRE_bm-n-mobo-c,-120,0.0
20170722_FIRE_bm-n-mobo-c,-60,0.0
20170722_FIRE_bm-n-mobo-c,0,0.0
20170722_FIRE_bm-n-mobo-c,60,0.0
20170722_FIRE_bm-n-mobo-c,120,0.0
20170722_FIRE_bm-n-mobo-c,180,0.0
20170722_FIRE_bm-n-mobo-c,240,0.0
20170722_FIRE_bm-n-mobo-c,300,0.0
20170722_FIRE_bm-n-mobo-c,360,0.0010492006549611688
20170722_FIRE_bm-n-mobo-c,420,0.0
20170722_FIRE_bm-n-mobo-c,480,0.0
20170722_FIRE_bm-n-mobo-c,540,0.0014134524390101433
20170722_FIRE_bm-n-mobo-c,600,0.0033658030442893505
20170722_FIRE_bm-n-mobo-c,660,0.0
20170722_FIRE_bm-n-mobo-c,720,0.0
20170722_FIRE_bm-n-mobo-c,780,0.002748127793893218
20170722_FIRE_bm-n-mobo-c,840,0.005369350779801607
20170722_FIRE_bm-n-mobo-c,900,0.0012515282724052668
20170722_FIRE_bm-n-mobo-c,960,0.024415593594312668
20170722_FIRE_bm-n-mobo-c,1020,0.004303643945604563
20170722_FIRE_bm-n-mobo-c,1080,0.005828825756907463
20170722_FIRE_bm-n-mobo-c,1140,0.028836995363235474
20170722_FIRE_bm-n-mobo-c,1200,0.003192056668922305
20170722_FIRE_bm-n-mobo-c,1260,0.0029125381261110306
20170722_FIRE_bm-n-mobo-c,1320,0.003012200118973851
20170722_FIRE_bm-n-mobo-c,1380,0.003477516584098339
20170722_FIRE_bm-n-mobo-c,1440,0.0
20170722_FIRE_bm-n-mobo-c,1500,0.004125386476516724
20170722_FIRE_bm-n-mobo-c,1560,0.0
20170722_FIRE_bm-n-mobo-c,1620,0.0095805823802948
20170722_FIRE_bm-n-mobo-c,1680,0.033041950315237045
20170722_FIRE_bm-n-mobo-c,1740,0.19344598054885864
20170722_FIRE_bm-n-mobo-c,1800,0.010028756223618984
20170722_FIRE_bm-n-mobo-c,1860,0.0030690140556544065
20170722_FIRE_bm-n-mobo-c,1920,0.007779968902468681
20170722_FIRE_bm-n-mobo-c,1980,0.013382557779550552
20170722_FIRE_bm-n-mobo-c,2040,0.004544553812593222
20170722_FIRE_bm-n-mobo-c,2100,0.0016165776178240776
20170722_FIRE_bm-n-mobo-c,2160,0.0038316298741847277
20170722_FIRE_bm-n-mobo-c,2220,0.04003128781914711
20170722_FIRE_bm-n-mobo-c,2280,0.00735965371131897
20170722_FIRE_bm-n-mobo-c,2340,0.08268721401691437
20170722_FIRE_bm-n-mobo-c,2400,0.01137999352067709
20170722_FIRE_hp-e-mobo-c,-2400,0.0
20170722_FIRE_hp-e-mobo-c,-2340,0.0
20170722_FIRE_hp-e-mobo-c,-2280,0.0
20170722_FIRE_hp-e-mobo-c,-2220,0.0
20170722_FIRE_hp-e-mobo-c,-2160,0.0
20170722_FIRE_hp-e-mobo-c,-2100,0.0
20170722_FIRE_hp-e-mobo-c,-2040,0.0
20170722_FIRE_hp-e-mobo-c,-1980,0.0
20170722_FIRE_hp-e-mobo-c,-1920,0.0
20170722_FIRE_hp-e-mobo-c,-1860,0.0
20170722_FIRE_hp-e-mobo-c,-1800,0.0
20170722_FIRE_hp-e-mobo-c,-1740,0.0
20170722_FIRE_hp-e-mobo-c,-1680,0.0
20170722_FIRE_hp-e-mobo-c,-1620,0.0
20170722_FIRE_hp-e-mobo-c,-1560,0.0
20170722_FIRE_hp-e-mobo-c,-1500,0.0
20170722_FIRE_hp-e-mobo-c,-1440,0.0
20170722_FIRE_hp-e-mobo-c,-1380,0.0
20170722_FIRE_hp-e-mobo-c,-1320,0.0
20170722_FIRE_hp-e-mobo-c,-1260,0.0
20170722_FIRE_hp-e-mobo-c,-1200,0.0
20170722_FIRE_hp-e-mobo-c,-1140,0.0
20170722_FIRE_hp-e-mobo-c,-1080,0.0
20170722_FIRE_hp-e-mobo-c,-1020,0.0
20170722_FIRE_hp-e-mobo-c,-960,0.0
20170722_FIRE_hp-e-mobo-c,-900,0.0
20170722_FIRE_hp-e-mobo-c,-840,0.0
20170722_FIRE_hp-e-mobo-c,-780,0.0
20170722_FIRE_hp-e-mobo-c,-720,0.0
20170722_FIRE_hp-e-mobo-c,-660,0.0
20170722_FIRE_hp-e-mobo-c,-600,0.0
20170722_FIRE_hp-e-mobo-c,-540,0.0
20170722_FIRE_hp-e-mobo-c,-480,0.0
20170722_FIRE_hp-e-mobo-c,-420,0.0
20170722_FIRE_hp-e-mobo-c,-360,0.0
20170722_FIRE_hp-e-mobo-c,-300,0.0
20170722_FIRE_hp-e-mobo-c,-240,0.0
20170722_FIRE_hp-e-mobo-c,-180,0.0
20170722_FIRE_hp-e-mobo-c,-120,0.0
20170722_FIRE_hp-e-mobo-c,-60,0.0
20170722_FIRE_hp-e-mobo-c,0,0.0
20170722_FIRE_hp-e-mobo-c,60,0.0
20170722_FIRE_hp-e-mobo-c,120,0.1260760873556137
20170722_FIRE_hp-e-mobo-c,180,0.020883338525891304
20170722_FIRE_hp-e-mobo-c,240,0.010232285596430302
20170722_FIRE_hp-e-mobo-c,300,0.10663988441228867
20170722_FIRE_hp-e-mobo-c,360,0.047768786549568176
20170722_FIRE_hp-e-mobo-c,420,0.04986242577433586
20170722_FIRE_hp-e-mobo-c,480,0.3352840840816498
20170722_FIRE_hp-e-mobo-c,540,0.0997573584318161
20170722_FIRE_hp-e-mobo-c,600,0.17455773055553436
20170722_FIRE_hp-e-mobo-c,660,0.5197879076004028
20170722_FIRE_hp-e-mobo-c,720,0.5440253019332886
20170722_FIRE_hp-e-mobo-c,780,0.580739438533783
20170722_FIRE_hp-e-mobo-c,840,0.5285236835479736
20170722_FIRE_hp-e-mobo-c,900,0.27486732602119446
20170722_FIRE_hp-e-mobo-c,960,0.3898105323314667
20170722_FIRE_hp-e-mobo-c,1020,0.4982466399669647
20170722_FIRE_hp-e-mobo-c,1080,0.20967267453670502
20170722_FIRE_hp-e-mobo-c,1140,0.22801396250724792
20170722_FIRE_hp-e-mobo-c,1200,0.14823205769062042
20170722_FIRE_hp-e-mobo-c,1260,0.22191102802753448
20170722_FIRE_hp-e-mobo-c,1320,0.043764278292655945
20170722_FIRE_hp-e-mobo-c,1380,0.12974002957344055
20170722_FIRE_hp-e-mobo-c,1440,0.02873094007372856
20170722_FIRE_hp-e-mobo-c,1500,0.07725101709365845
20170722_FIRE_hp-e-mobo-c,1560,0.016021674498915672
20170722_FIRE_hp-e-mobo-c,1620,0.06453432887792587
20170722_FIRE_hp-e-mobo-c,1680,0.05690273270010948
20170722_FIRE_hp-e-mobo-c,1740,0.1470704972743988
20170722_FIRE_hp-e-mobo-c,1800,0.36887335777282715
20170722_FIRE_hp-e-mobo-c,1860,0.27253684401512146
20170722_FIRE_hp-e-mobo-c,1920,0.12763887643814087
20170722_FIRE_hp-e-mobo-c,1980,0.1406283974647522
20170722_FIRE_hp-e-mobo-c,2040,0.047202274203300476
20170722_FIRE_hp-e-mobo-c,2100,0.13905933499336243
20170722_FIRE_hp-e-mobo-c,2160,0.3713936507701874
20170722_FIRE_hp-e-mobo-c,2220,0.23111435770988464
20170722_FIRE_hp-e-mobo-c,2280,0.1853262484073639
20170722_FIRE_hp-e-mobo-c,2340,0.17623160779476166
20170722_FIRE_hp-e-mobo-c,2400,0.21869854629039764
20170722_FIRE_mg-n-iqeye,-2400,0.0
20170722_FIRE_mg-n-iqeye,-2340,0.0
20170722_FIRE_mg-n-iqeye,-2280,0.0
20170722_FIRE_mg-n-iqeye,-2220,0.0
20170722_FIRE_mg-n-iqeye,-2160,0.0
20170722_FIRE_mg-n-iqeye,-2100,0.0
20170722_FIRE_mg-n-iqeye,-2040,0.0
20170722_FIRE_mg-n-iqeye,-1980,0.0
20170722_FIRE_mg-n-iqeye,-1920,0.0
20170722_FIRE_mg-n-iqeye,-1860,0.0
20170722_FIRE_mg-n-iqeye,-1800,0.0
20170722_FIRE_mg-n-iqeye,-1740,0.0
20170722_FIRE_mg-n-iqeye,-1680,0.0
20170722_FIRE_mg-n-iqeye,-1620,0.0
20170722_FIRE_mg-n-iqeye,-1560,0.0
20170722_FIRE_mg-n-iqeye,-1500,0.0
20170722_FIRE_mg-n-iqeye,-1440,0.0
20170722_FIRE_mg-n-iqeye,-1380,0.0
20170722_FIRE_mg-n-iqeye,-1320,0.0
20170722_FIRE_mg-n-iqeye,-1260,0.0
20170722_FIRE_mg-n-iqeye,-1200,0.0
20170722_FIRE_mg-n-iqeye,-1140,0.0
20170722_FIRE_mg-n-iqeye,-1080,0.0
20170722_FIRE_mg-n-iqeye,-1020,0.0
20170722_FIRE_mg-n-iqeye,-960,0.0
20170722_FIRE_mg-n-iqeye,-900,0.0
20170722_FIRE_mg-n-iqeye,-840,0.0
20170722_FIRE_mg-n-iqeye,-780,0.0
20170722_FIRE_mg-n-iqeye,-720,0.0
20170722_FIRE_mg-n-iqeye,-660,0.0
20170722_FIRE_mg-n-iqeye,-600,0.0
20170722_FIRE_mg-n-iqeye,-540,0.0
20170722_FIRE_mg-n-iqeye,-480,0.0
20170722_FIRE_mg-n-iqeye,-420,0.0
20170722_FIRE_mg-n-iqeye,-360,0.0
20170722_FIRE_mg-n-iqeye,-300,0.0
20170722_FIRE_mg-n-iqeye,-240,0.0
20170722_FIRE_mg-n-iqeye,-180,0.0
20170722_FIRE_mg-n-iqeye,-120,0.0
20170722_FIRE_mg-n-iqeye,-60,0.0
20170722_FIRE_mg-n-iqeye,0,0.0
20170722_FIRE_mg-n-iqeye,60,0.0
20170722_FIRE_mg-n-iqeye,120,0.0
20170722_FIRE_mg-n-iqeye,180,0.0
20170722_FIRE_mg-n-iqeye,240,0.0
20170722_FIRE_mg-n-iqeye,300,0.0
20170722_FIRE_mg-n-iqeye,360,0.0
20170722_FIRE_mg-n-iqeye,420,0.0
20170722_FIRE_mg-n-iqeye,480,0.0
20170722_FIRE_mg-n-iqeye,540,0.0
20170722_FIRE_mg-n-iqeye,600,0.0
20170722_FIRE_mg-n-iqeye,660,0.0
20170722_FIRE_mg-n-iqeye,720,0.0
20170722_FIRE_mg-n-iqeye,780,0.0
20170722_FIRE_mg-n-iqeye,840,0.0
20170722_FIRE_mg-n-iqeye,900,0.0028260720428079367
20170722_FIRE_mg-n-iqeye,960,0.006570003926753998
20170722_FIRE_mg-n-iqeye,1020,0.003179746912792325
20170722_FIRE_mg-n-iqeye,1080,0.0
20170722_FIRE_mg-n-iqeye,1140,0.0
20170722_FIRE_mg-n-iqeye,1200,0.0
20170722_FIRE_mg-n-iqeye,1260,0.0
20170722_FIRE_mg-n-iqeye,1320,0.0
20170722_FIRE_mg-n-iqeye,1380,0.0019626205321401358
20170722_FIRE_mg-n-iqeye,1440,0.0028844033367931843
20170722_FIRE_mg-n-iqeye,1500,0.0
20170722_FIRE_mg-n-iqeye,1560,0.0
20170722_FIRE_mg-n-iqeye,1620,0.002176466165110469
20170722_FIRE_mg-n-iqeye,1680,0.005102456081658602
20170722_FIRE_mg-n-iqeye,1740,0.0
20170722_FIRE_mg-n-iqeye,1800,0.0
20170722_FIRE_mg-n-iqeye,1860,0.0
20170722_FIRE_mg-n-iqeye,1920,0.0
20170722_FIRE_mg-n-iqeye,1980,0.0
20170722_FIRE_mg-n-iqeye,2040,0.0
20170722_FIRE_mg-n-iqeye,2100,0.0
20170722_FIRE_mg-n-iqeye,2160,0.0
20170722_FIRE_mg-n-iqeye,2220,0.002761874347925186
20170722_FIRE_mg-n-iqeye,2280,0.0
20170722_FIRE_mg-n-iqeye,2340,0.0
20170722_FIRE_mg-n-iqeye,2400,0.0
20170722_FIRE_so-s-mobo-c,-2400,0.0018058650894090533
20170722_FIRE_so-s-mobo-c,-2340,0.0
20170722_FIRE_so-s-mobo-c,-2280,0.0
20170722_FIRE_so-s-mobo-c,-2220,0.003244922496378422
20170722_FIRE_so-s-mobo-c,-2160,0.002995828166604042
20170722_FIRE_so-s-mobo-c,-2100,0.0036253747530281544
20170722_FIRE_so-s-mobo-c,-2040,0.0020753704011440277
20170722_FIRE_so-s-mobo-c,-1980,0.005888863001018763
20170722_FIRE_so-s-mobo-c,-1920,0.006240144371986389
20170722_FIRE_so-s-mobo-c,-1860,0.0013686214806511998
20170722_FIRE_so-s-mobo-c,-1800,0.0
20170722_FIRE_so-s-mobo-c,-1740,0.0
20170722_FIRE_so-s-mobo-c,-1680,0.002185177057981491
20170722_FIRE_so-s-mobo-c,-1620,0.0
20170722_FIRE_so-s-mobo-c,-1560,0.0010797374416142702
20170722_FIRE_so-s-mobo-c,-1500,0.0
20170722_FIRE_so-s-mobo-c,-1440,0.001228364766575396
20170722_FIRE_so-s-mobo-c,-1380,0.0016107331030070782
20170722_FIRE_so-s-mobo-c,-1320,0.0019716788083314896
20170722_FIRE_so-s-mobo-c,-1260,0.0
20170722_FIRE_so-s-mobo-c,-1200,0.0
20170722_FIRE_so-s-mobo-c,-1140,0.0
20170722_FIRE_so-s-mobo-c,-1080,0.0
20170722_FIRE_so-s-mobo-c,-1020,0.0019448670791462064
20170722_FIRE_so-s-mobo-c,-960,0.0011435688938945532
20170722_FIRE_so-s-mobo-c,-900,0.0
20170722_FIRE_so-s-mobo-c,-840,0.0
20170722_FIRE_so-s-mobo-c,-780,0.0012431779177859426
20170722_FIRE_so-s-mobo-c,-720,0.0
20170722_FIRE_so-s-mobo-c,-660,0.0013404645724222064
20170722_FIRE_so-s-mobo-c,-600,0.0
20170722_FIRE_so-s-mobo-c,-540,0.0
20170722_FIRE_so-s-mobo-c,-480,0.0
20170722_FIRE_so-s-mobo-c,-420,0.0010196567745879292
20170722_FIRE_so-s-mobo-c,-360,0.0
20170722_FIRE_so-s-mobo-c,-300,0.0
20170722_FIRE_so-s-mobo-c,-240,0.0
20170722_FIRE_so-s-mobo-c,-180,0.0
20170722_FIRE_so-s-mobo-c,-120,0.0
20170722_FIRE_so-s-mobo-c,-60,0.0
20170722_FIRE_so-s-mobo-c,0,0.0
20170722_FIRE_so-s-mobo-c,60,0.0
20170722_FIRE_so-s-mobo-c,120,0.29357215762138367
20170722_FIRE_so-s-mobo-c,180,0.2917343080043793
20170722_FIRE_so-s-mobo-c,240,0.5628174543380737
20170722_FIRE_so-s-mobo-c,300,0.6662595272064209
20170722_FIRE_so-s-mobo-c,360,0.6097537279129028
20170722_FIRE_so-s-mobo-c,420,0.36163416504859924
20170722_FIRE_so-s-mobo-c,480,0.42958757281303406
20170722_FIRE_so-s-mobo-c,540,0.54392409324646
20170722_FIRE_so-s-mobo-c,600,0.6656428575515747
20170722_FIRE_so-s-mobo-c,660,0.25582021474838257
20170722_FIRE_so-s-mobo-c,720,0.04300307482481003
20170722_FIRE_so-s-mobo-c,780,0.35389426350593567
20170722_FIRE_so-s-mobo-c,840,0.003974768333137035
20170722_FIRE_so-s-mobo-c,900,0.0012034373357892036
20170722_FIRE_so-s-mobo-c,960,0.0
20170722_FIRE_so-s-mobo-c,1020,0.002229563659057021
20170722_FIRE_so-s-mobo-c,1080,0.0
20170722_FIRE_so-s-mobo-c,1140,0.0
20170722_FIRE_so-s-mobo-c,1200,0.0
20170722_FIRE_so-s-mobo-c,1260,0.0
20170722_FIRE_so-s-mobo-c,1320,0.0
20170722_FIRE_so-s-mobo-c,1380,0.0
20170722_FIRE_so-s-mobo-c,1440,0.0020517283119261265
20170722_FIRE_so-s-mobo-c,1500,0.0
20170722_FIRE_so-s-mobo-c,1560,0.0
20170722_FIRE_so-s-mobo-c,1620,0.0
20170722_FIRE_so-s-mobo-c,1680,0.0
20170722_FIRE_so-s-mobo-c,1740,0.0
20170722_FIRE_so-s-mobo-c,1800,0.0
20170722_FIRE_so-s-mobo-c,1860,0.006690962240099907
20170722_FIRE_so-s-mobo-c,1920,0.0
20170722_FIRE_so-s-mobo-c,1980,0.004796664696186781
20170722_FIRE_so-s-mobo-c,2040,0.0
20170722_FIRE_so-s-mobo-c,2100,0.0019756434485316277
20170722_FIRE_so-s-mobo-c,2160,0.0
20170722_FIRE_so-s-mobo-c,2220,0.0
20170722_FIRE_so-s-mobo-c,2280,0.0
20170722_FIRE_so-s-mobo-c,2340,0.0
20170722_FIRE_so-s-mobo-c,2400,0.01185993105173111
20170807_FIRE_bh-n-mobo-c,-2400,0.0
20170807_FIRE_bh-n-mobo-c,-2340,0.0
20170807_FIRE_bh-n-mobo-c,-2280,0.0
20170807_FIRE_bh-n-mobo-c,-2220,0.0
20170807_FIRE_bh-n-mobo-c,-2160,0.001099252374842763
20170807_FIRE_bh-n-mobo-c,-2100,0.0032963380217552185
20170807_FIRE_bh-n-mobo-c,-2040,0.0014595009852200747
20170807_FIRE_bh-n-mobo-c,-1980,0.0
20170807_FIRE_bh-n-mobo-c,-1920,0.0013051118003204465
20170807_FIRE_bh-n-mobo-c,-1860,0.0
20170807_FIRE_bh-n-mobo-c,-1800,0.0
20170807_FIRE_bh-n-mobo-c,-1740,0.0
20170807_FIRE_bh-n-mobo-c,-1680,0.0
20170807_FIRE_bh-n-mobo-c,-1620,0.0
20170807_FIRE_bh-n-mobo-c,-1560,0.0
20170807_FIRE_bh-n-mobo-c,-1500,0.0
20170807_FIRE_bh-n-mobo-c,-1440,0.0
20170807_FIRE_bh-n-mobo-c,-1380,0.0013459905749186873
20170807_FIRE_bh-n-mobo-c,-1320,0.001144883339293301
20170807_FIRE_bh-n-mobo-c,-1260,0.0011098181130364537
20170807_FIRE_bh-n-mobo-c,-1200,0.0013644982827827334
20170807_FIRE_bh-n-mobo-c,-1140,0.0
20170807_FIRE_bh-n-mobo-c,-1080,0.001365494099445641
20170807_FIRE_bh-n-mobo-c,-1020,0.005198671482503414
20170807_FIRE_bh-n-mobo-c,-960,0.0033170273527503014
20170807_FIRE_bh-n-mobo-c,-900,0.003176187863573432
20170807_FIRE_bh-n-mobo-c,-840,0.0
20170807_FIRE_bh-n-mobo-c,-780,0.0
20170807_FIRE_bh-n-mobo-c,-720,0.0
20170807_FIRE_bh-n-mobo-c,-660,0.0
20170807_FIRE_bh-n-mobo-c,-600,0.0021829719189554453
20170807_FIRE_bh-n-mobo-c,-540,0.002129503758624196
20170807_FIRE_bh-n-mobo-c,-480,0.0011097467504441738
20170807_FIRE_bh-n-mobo-c,-420,0.0012681970838457346
20170807_FIRE_bh-n-mobo-c,-360,0.0022297154646366835
20170807_FIRE_bh-n-mobo-c,-300,0.0
20170807_FIRE_bh-n-mobo-c,-240,0.0
20170807_FIRE_bh-n-mobo-c,-180,0.0016458278987556696
20170807_FIRE_bh-n-mobo-c,-120,0.004828901495784521
20170807_FIRE_bh-n-mobo-c,-60,0.0
20170807_FIRE_bh-n-mobo-c,0,0.0013724032323807478
20170807_FIRE_bh-n-mobo-c,60,0.0
20170807_FIRE_bh-n-mobo-c,120,0.002997506409883499
20170807_FIRE_bh-n-mobo-c,180,0.0118994927033782
20170807_FIRE_bh-n-mobo-c,240,0.0018440305721014738
20170807_FIRE_bh-n-mobo-c,300,0.03607979789376259
20170807_FIRE_bh-n-mobo-c,360,0.009636000730097294
20170807_FIRE_bh-n-mobo-c,420,0.08986107259988785
20170807_FIRE_bh-n-mobo-c,480,0.13123877346515656
20170807_FIRE_bh-n-mobo-c,540,0.005407392513006926
20170807_FIRE_bh-n-mobo-c,600,0.09532216191291809
20170807_FIRE_bh-n-mobo-c,660,0.12632302939891815
20170807_FIRE_bh-n-mobo-c,720,0.02512730285525322
20170807_FIRE_bh-n-mobo-c,780,0.03417551517486572
20170807_FIRE_bh-n-mobo-c,840,0.06750861555337906
20170807_FIRE_bh-n-mobo-c,900,0.06446538865566254
20170807_FIRE_bh-n-mobo-c,960,0.19056436419487
20170807_FIRE_bh-n-mobo-c,1020,0.28085997700691223
20170807_FIRE_bh-n-mobo-c,1080,0.30786946415901184
20170807_FIRE_bh-n-mobo-c,1140,0.3641948103904724
20170807_FIRE_bh-n-mobo-c,1200,0.17675693333148956
20170807_FIRE_bh-n-mobo-c,1260,0.16641885042190552
20170807_FIRE_bh-n-mobo-c,1320,0.11124271154403687
20170807_FIRE_bh-n-mobo-c,1380,0.10705343633890152
20170807_FIRE_bh-n-mobo-c,1440,0.011701647192239761
20170807_FIRE_bh-n-mobo-c,1500,0.038628850132226944
20170807_FIRE_bh-n-mobo-c,1560,0.06426018476486206
20170807_FIRE_bh-n-mobo-c,1620,0.06920197606086731
20170807_FIRE_bh-n-mobo-c,1680,0.014803282916545868
20170807_FIRE_bh-n-mobo-c,1740,0.005736346356570721
20170807_FIRE_bh-n-mobo-c,1800,0.09815046936273575
20170807_FIRE_bh-n-mobo-c,1860,0.08189133554697037
20170807_FIRE_bh-n-mobo-c,1920,0.052227672189474106
20170807_FIRE_bh-n-mobo-c,1980,0.08750945329666138
20170807_FIRE_bh-n-mobo-c,2040,0.03571663051843643
20170807_FIRE_bh-n-mobo-c,2100,0.025903062894940376
20170807_FIRE_bh-n-mobo-c,2160,0.04046809300780296
20170807_FIRE_bh-n-mobo-c,2220,0.03188910707831383
20170821_FIRE_lo-s-mobo-c,-2400,0.0
20170821_FIRE_lo-s-mobo-c,-2340,0.0
20170821_FIRE_lo-s-mobo-c,-2280,0.0
20170821_FIRE_lo-s-mobo-c,-2220,0.0
20170821_FIRE_lo-s-mobo-c,-2160,0.0
20170821_FIRE_lo-s-mobo-c,-2100,0.0
20170821_FIRE_lo-s-mobo-c,-2040,0.0
20170821_FIRE_lo-s-mobo-c,-1980,0.0
20170821_FIRE_lo-s-mobo-c,-1920,0.0
20170821_FIRE_lo-s-mobo-c,-1860,0.0
20170821_FIRE_lo-s-mobo-c,-1800,0.0
20170821_FIRE_lo-s-mobo-c,-1740,0.0
20170821_FIRE_lo-s-mobo-c,-1680,0.0
20170821_FIRE_lo-s-mobo-c,-1620,0.0
20170821_FIRE_lo-s-mobo-c,-1560,0.0
20170821_FIRE_lo-s-mobo-c,-1500,0.0
20170821_FIRE_lo-s-mobo-c,-1440,0.0
20170821_FIRE_lo-s-mobo-c,-1380,0.0
20170821_FIRE_lo-s-mobo-c,-1320,0.0
20170821_FIRE_lo-s-mobo-c,-1260,0.0
20170821_FIRE_lo-s-mobo-c,-1200,0.0
20170821_FIRE_lo-s-mobo-c,-1140,0.0
20170821_FIRE_lo-s-mobo-c,-1080,0.0011264504864811897
20170821_FIRE_lo-s-mobo-c,-1020,0.0
20170821_FIRE_lo-s-mobo-c,-960,0.0
20170821_FIRE_lo-s-mobo-c,-900,0.0
20170821_FIRE_lo-s-mobo-c,-840,0.0
20170821_FIRE_lo-s-mobo-c,-780,0.0
20170821_FIRE_lo-s-mobo-c,-720,0.0
20170821_FIRE_lo-s-mobo-c,-660,0.0
20170821_FIRE_lo-s-mobo-c,-600,0.0
20170821_FIRE_lo-s-mobo-c,-540,0.0
20170821_FIRE_lo-s-mobo-c,-480,0.0
20170821_FIRE_lo-s-mobo-c,-420,0.0
20170821_FIRE_lo-s-mobo-c,-360,0.0
20170821_FIRE_lo-s-mobo-c,-300,0.0
20170821_FIRE_lo-s-mobo-c,-240,0.0
20170821_FIRE_lo-s-mobo-c,-180,0.0
20170821_FIRE_lo-s-mobo-c,-120,0.0
20170821_FIRE_lo-s-mobo-c,-60,0.0
20170821_FIRE_lo-s-mobo-c,0,0.0
20170821_FIRE_lo-s-mobo-c,60,0.0
20170821_FIRE_lo-s-mobo-c,120,0.0016658582026138902
20170821_FIRE_lo-s-mobo-c,180,0.0
20170821_FIRE_lo-s-mobo-c,240,0.007765769958496094
20170821_FIRE_lo-s-mobo-c,300,0.016026755794882774
20170821_FIRE_lo-s-mobo-c,360,0.25321531295776367
20170821_FIRE_lo-s-mobo-c,420,0.40517497062683105
20170821_FIRE_lo-s-mobo-c,480,0.3832854926586151
20170821_FIRE_lo-s-mobo-c,540,0.4007055163383484
20170821_FIRE_lo-s-mobo-c,600,0.08661056309938431
20170821_FIRE_lo-s-mobo-c,660,0.5291457772254944
20170821_FIRE_lo-s-mobo-c,720,0.5675660967826843
20170821_FIRE_lo-s-mobo-c,780,0.5289341807365417
20170821_FIRE_lo-s-mobo-c,840,0.5467144846916199
20170821_FIRE_lo-s-mobo-c,900,0.579185426235199
20170821_FIRE_lo-s-mobo-c,960,0.40413030982017517
20170821_FIRE_lo-s-mobo-c,1020,0.23688581585884094
20170821_FIRE_lo-s-mobo-c,1080,0.6807556748390198
20170821_FIRE_lo-s-mobo-c,1140,0.7227287292480469
20170821_FIRE_lo-s-mobo-c,1200,0.5461708903312683
20170821_FIRE_lo-s-mobo-c,1260,0.5014157295227051
20170821_FIRE_lo-s-mobo-c,1320,0.3028022348880768
20170821_FIRE_lo-s-mobo-c,1380,0.6122308969497681
20170821_FIRE_lo-s-mobo-c,1440,0.3185509741306305
20170821_FIRE_lo-s-mobo-c,1500,0.31554150581359863
20170821_FIRE_lo-s-mobo-c,1560,0.5425451993942261
20170821_FIRE_lo-s-mobo-c,1620,0.43546387553215027
20170821_FIRE_lo-s-mobo-c,1680,0.2366943508386612
20170821_FIRE_lo-s-mobo-c,1740,0.075565405189991
20170821_FIRE_lo-s-mobo-c,1800,0.21973620355129242
20170821_FIRE_lo-s-mobo-c,1860,0.5536177158355713
20170821_FIRE_lo-s-mobo-c,1920,0.6050536036491394
20170821_FIRE_lo-s-mobo-c,1980,0.434733122587204
20170821_FIRE_lo-s-mobo-c,2040,0.5954252481460571
20170821_FIRE_lo-s-mobo-c,2100,0.30993103981018066
20170821_FIRE_lo-s-mobo-c,2160,0.49249181151390076
20170821_FIRE_lo-s-mobo-c,2220,0.4207627475261688
20170821_FIRE_lo-s-mobo-c,2280,0.08992622047662735
20170821_FIRE_lo-s-mobo-c,2340,0.2614726126194
20170821_FIRE_lo-s-mobo-c,2400,0.6922381520271301
20170826_FIRE_tp-s-mobo-c,-2400,0.0
20170826_FIRE_tp-s-mobo-c,-2340,0.0
20170826_FIRE_tp-s-mobo-c,-2280,0.0
20170826_FIRE_tp-s-mobo-c,-2220,0.0
20170826_FIRE_tp-s-mobo-c,-2160,0.0
20170826_FIRE_tp-s-mobo-c,-2100,0.0
20170826_FIRE_tp-s-mobo-c,-2040,0.0
20170826_FIRE_tp-s-mobo-c,-1980,0.0
20170826_FIRE_tp-s-mobo-c,-1920,0.0
20170826_FIRE_tp-s-mobo-c,-1860,0.0
20170826_FIRE_tp-s-mobo-c,-1800,0.0
20170826_FIRE_tp-s-mobo-c,-1740,0.0
20170826_FIRE_tp-s-mobo-c,-1680,0.0
20170826_FIRE_tp-s-mobo-c,-1620,0.0
20170826_FIRE_tp-s-mobo-c,-1560,0.0
20170826_FIRE_tp-s-mobo-c,-1500,0.0
20170826_FIRE_tp-s-mobo-c,-1440,0.0
20170826_FIRE_tp-s-mobo-c,-1380,0.0
20170826_FIRE_tp-s-mobo-c,-1320,0.0
20170826_FIRE_tp-s-mobo-c,-1260,0.0
20170826_FIRE_tp-s-mobo-c,-1200,0.0
20170826_FIRE_tp-s-mobo-c,-1140,0.0
20170826_FIRE_tp-s-mobo-c,-1080,0.0
20170826_FIRE_tp-s-mobo-c,-1020,0.0
20170826_FIRE_tp-s-mobo-c,-960,0.0
20170826_FIRE_tp-s-mobo-c,-900,0.0
20170826_FIRE_tp-s-mobo-c,-840,0.0
20170826_FIRE_tp-s-mobo-c,-780,0.0
20170826_FIRE_tp-s-mobo-c,-720,0.0
20170826_FIRE_tp-s-mobo-c,-660,0.0
20170826_FIRE_tp-s-mobo-c,-600,0.0
20170826_FIRE_tp-s-mobo-c,-540,0.0
20170826_FIRE_tp-s-mobo-c,-480,0.0
20170826_FIRE_tp-s-mobo-c,-420,0.0
20170826_FIRE_tp-s-mobo-c,-360,0.0
20170826_FIRE_tp-s-mobo-c,-300,0.0
20170826_FIRE_tp-s-mobo-c,-240,0.0
20170826_FIRE_tp-s-mobo-c,-180,0.0
20170826_FIRE_tp-s-mobo-c,-120,0.0
20170826_FIRE_tp-s-mobo-c,-60,0.0
20170826_FIRE_tp-s-mobo-c,0,0.0
20170826_FIRE_tp-s-mobo-c,60,0.0
20170826_FIRE_tp-s-mobo-c,120,0.0
20170826_FIRE_tp-s-mobo-c,180,0.036299604922533035
20170826_FIRE_tp-s-mobo-c,240,0.0
20170826_FIRE_tp-s-mobo-c,300,0.16184963285923004
20170826_FIRE_tp-s-mobo-c,360,0.15255562961101532
20170826_FIRE_tp-s-mobo-c,420,0.15236584842205048
20170826_FIRE_tp-s-mobo-c,480,0.2664221525192261
20170826_FIRE_tp-s-mobo-c,540,0.3898608982563019
20170826_FIRE_tp-s-mobo-c,600,0.2404264509677887
20170826_FIRE_tp-s-mobo-c,660,0.2736136317253113
20170826_FIRE_tp-s-mobo-c,720,0.05700835585594177
20170826_FIRE_tp-s-mobo-c,780,0.24366562068462372
20170826_FIRE_tp-s-mobo-c,840,0.134495809674263
20170826_FIRE_tp-s-mobo-c,900,0.1317833960056305
20170826_FIRE_tp-s-mobo-c,960,0.19866470992565155
20170826_FIRE_tp-s-mobo-c,1020,0.39520689845085144
20170826_FIRE_tp-s-mobo-c,1080,0.5819332599639893
20170826_FIRE_tp-s-mobo-c,1140,0.49968811869621277
20170826_FIRE_tp-s-mobo-c,1200,0.39877474308013916
20170826_FIRE_tp-s-mobo-c,1260,0.409230500459671
20170826_FIRE_tp-s-mobo-c,1320,0.3690184950828552
20170826_FIRE_tp-s-mobo-c,1380,0.1971190720796585
20170826_FIRE_tp-s-mobo-c,1440,0.11535613983869553
20170826_FIRE_tp-s-mobo-c,1500,0.07383348792791367
20170826_FIRE_tp-s-mobo-c,1560,0.11979369074106216
20170826_FIRE_tp-s-mobo-c,1620,0.1414882391691208
20170826_FIRE_tp-s-mobo-c,1680,0.13104882836341858
20170826_FIRE_tp-s-mobo-c,1740,0.11694756895303726
20170826_FIRE_tp-s-mobo-c,1800,0.13129369914531708
20170826_FIRE_tp-s-mobo-c,1860,0.12338140606880188
20170826_FIRE_tp-s-mobo-c,1920,0.41717639565467834
20170826_FIRE_tp-s-mobo-c,1980,0.2745055556297302
20170826_FIRE_tp-s-mobo-c,2040,0.23750685155391693
20170826_FIRE_tp-s-mobo-c,2100,0.08104787766933441
20170826_FIRE_tp-s-mobo-c,2160,0.20867346227169037
20170826_FIRE_tp-s-mobo-c,2220,0.07849815487861633
20170826_FIRE_tp-s-mobo-c,2280,0.05696222931146622
20170826_FIRE_tp-s-mobo-c,2340,0.022836342453956604
20170826_FIRE_tp-s-mobo-c,2400,0.005892549175769091
20170901_FIRE_om-s-mobo-c,-2400,0.0
20170901_FIRE_om-s-mobo-c,-2340,0.0
20170901_FIRE_om-s-mobo-c,-2280,0.0
20170901_FIRE_om-s-mobo-c,-2220,0.0
20170901_FIRE_om-s-mobo-c,-2160,0.0
20170901_FIRE_om-s-mobo-c,-2100,0.0
20170901_FIRE_om-s-mobo-c,-2040,0.0
20170901_FIRE_om-s-mobo-c,-1980,0.0
20170901_FIRE_om-s-mobo-c,-1920,0.0
20170901_FIRE_om-s-mobo-c,-1860,0.0
20170901_FIRE_om-s-mobo-c,-1800,0.0
20170901_FIRE_om-s-mobo-c,-1740,0.0
20170901_FIRE_om-s-mobo-c,-1680,0.0
20170901_FIRE_om-s-mobo-c,-1620,0.0
20170901_FIRE_om-s-mobo-c,-1560,0.0
20170901_FIRE_om-s-mobo-c,-1500,0.0
20170901_FIRE_om-s-mobo-c,-1440,0.0
20170901_FIRE_om-s-mobo-c,-1380,0.0
20170901_FIRE_om-s-mobo-c,-1320,0.0
20170901_FIRE_om-s-mobo-c,-1260,0.0
20170901_FIRE_om-s-mobo-c,-1200,0.0
20170901_FIRE_om-s-mobo-c,-1140,0.0
20170901_FIRE_om-s-mobo-c,-1080,0.0
20170901_FIRE_om-s-mobo-c,-1020,0.0
20170901_FIRE_om-s-mobo-c,-960,0.0
20170901_FIRE_om-s-mobo-c,-900,0.0
20170901_FIRE_om-s-mobo-c,-840,0.0
20170901_FIRE_om-s-mobo-c,-780,0.0
20170901_FIRE_om-s-mobo-c,-720,0.0
20170901_FIRE_om-s-mobo-c,-660,0.0
20170901_FIRE_om-s-mobo-c,-600,0.0
20170901_FIRE_om-s-mobo-c,-540,0.0
20170901_FIRE_om-s-mobo-c,-480,0.0
20170901_FIRE_om-s-mobo-c,-420,0.0
20170901_FIRE_om-s-mobo-c,-360,0.0
20170901_FIRE_om-s-mobo-c,-300,0.0
20170901_FIRE_om-s-mobo-c,-240,0.0
20170901_FIRE_om-s-mobo-c,-180,0.0
20170901_FIRE_om-s-mobo-c,-120,0.0
20170901_FIRE_om-s-mobo-c,-60,0.0012845449382439256
20170901_FIRE_om-s-mobo-c,0,0.0
20170901_FIRE_om-s-mobo-c,60,0.0019136418122798204
20170901_FIRE_om-s-mobo-c,120,0.0
20170901_FIRE_om-s-mobo-c,180,0.0
20170901_FIRE_om-s-mobo-c,240,0.0
20170901_FIRE_om-s-mobo-c,300,0.024300934746861458
20170901_FIRE_om-s-mobo-c,360,0.023416824638843536
20170901_FIRE_om-s-mobo-c,420,0.0
20170901_FIRE_om-s-mobo-c,480,0.0
20170901_FIRE_om-s-mobo-c,540,0.002787189558148384
20170901_FIRE_om-s-mobo-c,600,0.0
20170901_FIRE_om-s-mobo-c,660,0.0
20170901_FIRE_om-s-mobo-c,720,0.0
20170901_FIRE_om-s-mobo-c,780,0.0
20170901_FIRE_om-s-mobo-c,840,0.1501690298318863
20170901_FIRE_om-s-mobo-c,900,0.003087097778916359
20170901_FIRE_om-s-mobo-c,960,0.0032954374328255653
20170901_FIRE_om-s-mobo-c,1020,0.004480406176298857
20170901_FIRE_om-s-mobo-c,1080,0.0
20170901_FIRE_om-s-mobo-c,1140,0.0
20170901_FIRE_om-s-mobo-c,1200,0.0
20170901_FIRE_om-s-mobo-c,1260,0.0
20170901_FIRE_om-s-mobo-c,1320,0.0
20170901_FIRE_om-s-mobo-c,1380,0.0019338229903951287
20170901_FIRE_om-s-mobo-c,1440,0.002100545447319746
20170901_FIRE_om-s-mobo-c,1500,0.0
20170901_FIRE_om-s-mobo-c,1560,0.001372851082123816
20170901_FIRE_om-s-mobo-c,1620,0.0
20170901_FIRE_om-s-mobo-c,1680,0.0
20170901_FIRE_om-s-mobo-c,1740,0.0
20170901_FIRE_om-s-mobo-c,1800,0.0
20170901_FIRE_om-s-mobo-c,1860,0.0
20170901_FIRE_om-s-mobo-c,1920,0.001378917950205505
20170901_FIRE_om-s-mobo-c,1980,0.0
20170901_FIRE_om-s-mobo-c,2040,0.0
20170901_FIRE_om-s-mobo-c,2100,0.0
20170901_FIRE_om-s-mobo-c,2160,0.0
20170901_FIRE_om-s-mobo-c,2220,0.0
20170901_FIRE_om-s-mobo-c,2280,0.0
20170901_FIRE_om-s-mobo-c,2340,0.0
20170901_FIRE_om-s-mobo-c,2400,0.0
20170927_FIRE_smer-tcs9-mobo-c,-2400,0.0013746689073741436
20170927_FIRE_smer-tcs9-mobo-c,-2340,0.0019420258468016982
20170927_FIRE_smer-tcs9-mobo-c,-2280,0.0015346433501690626
20170927_FIRE_smer-tcs9-mobo-c,-2220,0.0
20170927_FIRE_smer-tcs9-mobo-c,-2160,0.002236324595287442
20170927_FIRE_smer-tcs9-mobo-c,-2100,0.0025055990554392338
20170927_FIRE_smer-tcs9-mobo-c,-2040,0.0013743534218519926
20170927_FIRE_smer-tcs9-mobo-c,-1980,0.0013083365047350526
20170927_FIRE_smer-tcs9-mobo-c,-1920,0.0016283652512356639
20170927_FIRE_smer-tcs9-mobo-c,-1860,0.002041171072050929
20170927_FIRE_smer-tcs9-mobo-c,-1800,0.0021115378476679325
20170927_FIRE_smer-tcs9-mobo-c,-1740,0.0016698278486728668
20170927_FIRE_smer-tcs9-mobo-c,-1680,0.00330531457439065
20170927_FIRE_smer-tcs9-mobo-c,-1620,0.003725752467289567
20170927_FIRE_smer-tcs9-mobo-c,-1560,0.001868882798589766
20170927_FIRE_smer-tcs9-mobo-c,-1500,0.0
20170927_FIRE_smer-tcs9-mobo-c,-1440,0.0020208824425935745
20170927_FIRE_smer-tcs9-mobo-c,-1380,0.0014886076096445322
20170927_FIRE_smer-tcs9-mobo-c,-1320,0.0018555481219664216
20170927_FIRE_smer-tcs9-mobo-c,-1260,0.0
20170927_FIRE_smer-tcs9-mobo-c,-1200,0.0010897896718233824
20170927_FIRE_smer-tcs9-mobo-c,-1140,0.001122128451243043
20170927_FIRE_smer-tcs9-mobo-c,-1080,0.0
20170927_FIRE_smer-tcs9-mobo-c,-1020,0.0
20170927_FIRE_smer-tcs9-mobo-c,-960,0.0015079848235473037
20170927_FIRE_smer-tcs9-mobo-c,-900,0.003435240825638175
20170927_FIRE_smer-tcs9-mobo-c,-840,0.0030476944521069527
20170927_FIRE_smer-tcs9-mobo-c,-780,0.005020418204367161
20170927_FIRE_smer-tcs9-mobo-c,-720,0.004770219326019287
20170927_FIRE_smer-tcs9-mobo-c,-660,0.004855813458561897
20170927_FIRE_smer-tcs9-mobo-c,-600,0.0012802673736587167
20170927_FIRE_smer-tcs9-mobo-c,-540,0.0017943085404112935
20170927_FIRE_smer-tcs9-mobo-c,-480,0.0012385359732434154
20170927_FIRE_smer-tcs9-mobo-c,-420,0.00691266730427742
20170927_FIRE_smer-tcs9-mobo-c,-360,0.006080253515392542
20170927_FIRE_smer-tcs9-mobo-c,-300,0.008533253334462643
20170927_FIRE_smer-tcs9-mobo-c,-240,0.007433201186358929
20170927_FIRE_smer-tcs9-mobo-c,-180,0.0023424457758665085
20170927_FIRE_smer-tcs9-mobo-c,-120,0.003007760038599372
20170927_FIRE_smer-tcs9-mobo-c,-60,0.004131416790187359
20170927_FIRE_smer-tcs9-mobo-c,0,0.0032204571180045605
20170927_FIRE_smer-tcs9-mobo-c,60,0.0016491988208144903
20170927_FIRE_smer-tcs9-mobo-c,120,0.0015004733577370644
20170927_FIRE_smer-tcs9-mobo-c,180,0.001051893923431635
20170927_FIRE_smer-tcs9-mobo-c,240,0.0020035486668348312
20170927_FIRE_smer-tcs9-mobo-c,300,0.0013608366716653109
20170927_FIRE_smer-tcs9-mobo-c,360,0.0013420595787465572
20170927_FIRE_smer-tcs9-mobo-c,420,0.0019103905651718378
20170927_FIRE_smer-tcs9-mobo-c,480,0.027223555371165276
20170927_FIRE_smer-tcs9-mobo-c,540,0.002251232508569956
20170927_FIRE_smer-tcs9-mobo-c,600,0.0020593854133039713
20170927_FIRE_smer-tcs9-mobo-c,660,0.0033580255694687366
20170927_FIRE_smer-tcs9-mobo-c,720,0.004911880474537611
20170927_FIRE_smer-tcs9-mobo-c,780,0.006403020117431879
20170927_FIRE_smer-tcs9-mobo-c,840,0.0060874586924910545
20170927_FIRE_smer-tcs9-mobo-c,900,0.015246087685227394
20170927_FIRE_smer-tcs9-mobo-c,960,0.002660122001543641
20170927_FIRE_smer-tcs9-mobo-c,1020,0.021373355761170387
20170927_FIRE_smer-tcs9-mobo-c,1080,0.00699817668646574
20170927_FIRE_smer-tcs9-mobo-c,1140,0.0011538744438439608
20170927_FIRE_smer-tcs9-mobo-c,1200,0.007039988413453102
20170927_FIRE_smer-tcs9-mobo-c,1260,0.003755162237212062
20170927_FIRE_smer-tcs9-mobo-c,1320,0.008416947908699512
20170927_FIRE_smer-tcs9-mobo-c,1380,0.004479716997593641
20170927_FIRE_smer-tcs9-mobo-c,1440,0.00641704211011529
20170927_FIRE_smer-tcs9-mobo-c,1500,0.011679026298224926
20170927_FIRE_smer-tcs9-mobo-c,1560,0.01063441950827837
20170927_FIRE_smer-tcs9-mobo-c,1620,0.007317889016121626
20170927_FIRE_smer-tcs9-mobo-c,1680,0.005625368561595678
20170927_FIRE_smer-tcs9-mobo-c,1740,0.013201802968978882
20170927_FIRE_smer-tcs9-mobo-c,1800,0.010347061790525913
20170927_FIRE_smer-tcs9-mobo-c,1860,0.00879394356161356
20170927_FIRE_smer-tcs9-mobo-c,1920,0.021414076909422874
20170927_FIRE_smer-tcs9-mobo-c,1980,0.014431294053792953
20170927_FIRE_smer-tcs9-mobo-c,2040,0.01086784340441227
20170927_FIRE_smer-tcs9-mobo-c,2100,0.011666473001241684
20170927_FIRE_smer-tcs9-mobo-c,2160,0.015865838155150414
20170927_FIRE_smer-tcs9-mobo-c,2220,0.030552884563803673
20170927_FIRE_smer-tcs9-mobo-c,2280,0.017858227714896202
20170927_FIRE_smer-tcs9-mobo-c,2340,0.021939098834991455
20170927_FIRE_smer-tcs9-mobo-c,2400,0.012983248569071293
20171010_FIRE_hp-n-mobo-c,-2400,0.0
20171010_FIRE_hp-n-mobo-c,-2340,0.0
20171010_FIRE_hp-n-mobo-c,-2280,0.0011407057754695415
20171010_FIRE_hp-n-mobo-c,-2220,0.005160259548574686
20171010_FIRE_hp-n-mobo-c,-2160,0.0014449923764914274
20171010_FIRE_hp-n-mobo-c,-2100,0.0
20171010_FIRE_hp-n-mobo-c,-2040,0.00176114437635988
20171010_FIRE_hp-n-mobo-c,-1980,0.0
20171010_FIRE_hp-n-mobo-c,-1920,0.0016561181982979178
20171010_FIRE_hp-n-mobo-c,-1860,0.0
20171010_FIRE_hp-n-mobo-c,-1800,0.0
20171010_FIRE_hp-n-mobo-c,-1740,0.0
20171010_FIRE_hp-n-mobo-c,-1680,0.0010407883673906326
20171010_FIRE_hp-n-mobo-c,-1620,0.0
20171010_FIRE_hp-n-mobo-c,-1560,0.0
20171010_FIRE_hp-n-mobo-c,-1500,0.0
20171010_FIRE_hp-n-mobo-c,-1440,0.0
20171010_FIRE_hp-n-mobo-c,-1380,0.0
20171010_FIRE_hp-n-mobo-c,-1320,0.0
20171010_FIRE_hp-n-mobo-c,-1260,0.0
20171010_FIRE_hp-n-mobo-c,-1200,0.0
20171010_FIRE_hp-n-mobo-c,-1140,0.001555450027808547
20171010_FIRE_hp-n-mobo-c,-1080,0.0
20171010_FIRE_hp-n-mobo-c,-1020,0.0
20171010_FIRE_hp-n-mobo-c,-960,0.0010719248093664646
20171010_FIRE_hp-n-mobo-c,-900,0.0
20171010_FIRE_hp-n-mobo-c,-840,0.0
20171010_FIRE_hp-n-mobo-c,-780,0.0
20171010_FIRE_hp-n-mobo-c,-720,0.0
20171010_FIRE_hp-n-mobo-c,-660,0.0
20171010_FIRE_hp-n-mobo-c,-600,0.0
20171010_FIRE_hp-n-mobo-c,-540,0.0
20171010_FIRE_hp-n-mobo-c,-480,0.0
20171010_FIRE_hp-n-mobo-c,-420,0.0
20171010_FIRE_hp-n-mobo-c,-360,0.001700767781585455
20171010_FIRE_hp-n-mobo-c,-300,0.0
20171010_FIRE_hp-n-mobo-c,-240,0.0
20171010_FIRE_hp-n-mobo-c,-180,0.0
20171010_FIRE_hp-n-mobo-c,-120,0.0
20171010_FIRE_hp-n-mobo-c,-60,0.0
20171010_FIRE_hp-n-mobo-c,0,0.0
20171010_FIRE_hp-n-mobo-c,60,0.0
20171010_FIRE_hp-n-mobo-c,120,0.0
20171010_FIRE_hp-n-mobo-c,180,0.0012904314789921045
20171010_FIRE_hp-n-mobo-c,240,0.4529917538166046
20171010_FIRE_hp-n-mobo-c,300,0.7351576685905457
20171010_FIRE_hp-n-mobo-c,360,0.703721284866333
20171010_FIRE_hp-n-mobo-c,420,0.7415295839309692
20171010_FIRE_hp-n-mobo-c,480,0.6197530627250671
20171010_FIRE_hp-n-mobo-c,540,0.464680016040802
20171010_FIRE_hp-n-mobo-c,600,0.5068022608757019
20171010_FIRE_hp-n-mobo-c,660,0.57606440782547
20171010_FIRE_hp-n-mobo-c,720,0.5220184922218323
20171010_FIRE_hp-n-mobo-c,780,0.40789440274238586
20171010_FIRE_hp-n-mobo-c,840,0.6198111176490784
20171010_FIRE_hp-n-mobo-c,900,0.6211879849433899
20171010_FIRE_hp-n-mobo-c,960,0.5491557121276855
20171010_FIRE_hp-n-mobo-c,1020,0.34356236457824707
20171010_FIRE_hp-n-mobo-c,1080,0.45129862427711487
20171010_FIRE_hp-n-mobo-c,1140,0.1642521470785141
20171010_FIRE_hp-n-mobo-c,1200,0.06611964106559753
20171010_FIRE_hp-n-mobo-c,1260,0.01633356884121895
20171010_FIRE_hp-n-mobo-c,1320,0.02549026906490326
20171010_FIRE_hp-n-mobo-c,1380,0.027669135481119156
20171010_FIRE_hp-n-mobo-c,1440,0.2345494031906128
20171010_FIRE_hp-n-mobo-c,1500,0.3225139081478119
20171010_FIRE_hp-n-mobo-c,1560,0.01263368409126997
20171010_FIRE_hp-n-mobo-c,1620,0.005172974895685911
20171010_FIRE_hp-n-mobo-c,1680,0.012488587759435177
20171010_FIRE_hp-n-mobo-c,1740,0.004018010571599007
20171010_FIRE_hp-n-mobo-c,1800,0.0
20171010_FIRE_hp-n-mobo-c,1860,0.0
20171010_FIRE_hp-n-mobo-c,1920,0.0
20171010_FIRE_hp-n-mobo-c,1980,0.0
20171010_FIRE_hp-n-mobo-c,2040,0.0
20171010_FIRE_hp-n-mobo-c,2100,0.0
20171010_FIRE_hp-n-mobo-c,2160,0.0010432661511003971
20171010_FIRE_hp-n-mobo-c,2220,0.0
20171010_FIRE_hp-n-mobo-c,2280,0.0
20171010_FIRE_hp-n-mobo-c,2340,0.0
20171010_FIRE_hp-n-mobo-c,2400,0.0
20171010_FIRE_hp-w-mobo-c,-2400,0.0
20171010_FIRE_hp-w-mobo-c,-2340,0.0
20171010_FIRE_hp-w-mobo-c,-2280,0.0
20171010_FIRE_hp-w-mobo-c,-2220,0.0016467964742332697
20171010_FIRE_hp-w-mobo-c,-2160,0.0
20171010_FIRE_hp-w-mobo-c,-2100,0.0
20171010_FIRE_hp-w-mobo-c,-2040,0.0
20171010_FIRE_hp-w-mobo-c,-1980,0.0
20171010_FIRE_hp-w-mobo-c,-1920,0.0
20171010_FIRE_hp-w-mobo-c,-1860,0.0
20171010_FIRE_hp-w-mobo-c,-1800,0.0014686797512695193
20171010_FIRE_hp-w-mobo-c,-1740,0.0
20171010_FIRE_hp-w-mobo-c,-1680,0.0
20171010_FIRE_hp-w-mobo-c,-1620,0.001606007106602192
20171010_FIRE_hp-w-mobo-c,-1560,0.0
20171010_FIRE_hp-w-mobo-c,-1500,0.0
20171010_FIRE_hp-w-mobo-c,-1440,0.0
20171010_FIRE_hp-w-mobo-c,-1380,0.0
20171010_FIRE_hp-w-mobo-c,-1320,0.0
20171010_FIRE_hp-w-mobo-c,-1260,0.0040092384442687035
20171010_FIRE_hp-w-mobo-c,-1200,0.008929924108088017
20171010_FIRE_hp-w-mobo-c,-1140,0.0
20171010_FIRE_hp-w-mobo-c,-1080,0.003548929002135992
20171010_FIRE_hp-w-mobo-c,-1020,0.0040342132560908794
20171010_FIRE_hp-w-mobo-c,-960,0.03999688848853111
20171010_FIRE_hp-w-mobo-c,-900,0.07325149327516556
20171010_FIRE_hp-w-mobo-c,-840,0.12688487768173218
20171010_FIRE_hp-w-mobo-c,-780,0.16296535730361938
20171010_FIRE_hp-w-mobo-c,-720,0.10739359259605408
20171010_FIRE_hp-w-mobo-c,-660,0.06308482587337494
20171010_FIRE_hp-w-mobo-c,-600,0.002063342370092869
20171010_FIRE_hp-w-mobo-c,-540,0.0
20171010_FIRE_hp-w-mobo-c,-480,0.0
20171010_FIRE_hp-w-mobo-c,-420,0.0017973447684198618
20171010_FIRE_hp-w-mobo-c,-360,0.0
20171010_FIRE_hp-w-mobo-c,-300,0.0
20171010_FIRE_hp-w-mobo-c,-240,0.0016779053257778287
20171010_FIRE_hp-w-mobo-c,-180,0.0
20171010_FIRE_hp-w-mobo-c,-120,0.0025248373858630657
20171010_FIRE_hp-w-mobo-c,-60,0.0
20171010_FIRE_hp-w-mobo-c,0,0.0
20171010_FIRE_hp-w-mobo-c,60,0.0
20171010_FIRE_hp-w-mobo-c,120,0.002690225839614868
20171010_FIRE_hp-w-mobo-c,180,0.0
20171010_FIRE_hp-w-mobo-c,240,0.0
20171010_FIRE_hp-w-mobo-c,300,0.0
20171010_FIRE_hp-w-mobo-c,360,0.0
20171010_FIRE_hp-w-mobo-c,420,0.0
20171010_FIRE_hp-w-mobo-c,480,0.025078127160668373
20171010_FIRE_hp-w-mobo-c,540,0.20635804533958435
20171010_FIRE_hp-w-mobo-c,600,0.4630979299545288
20171010_FIRE_hp-w-mobo-c,660,0.5037488341331482
20171010_FIRE_hp-w-mobo-c,720,0.5664246678352356
20171010_FIRE_hp-w-mobo-c,780,0.6309219002723694
20171010_FIRE_hp-w-mobo-c,840,0.5720235705375671
20171010_FIRE_hp-w-mobo-c,900,0.5233386158943176
20171010_FIRE_hp-w-mobo-c,960,0.5045850276947021
20171010_FIRE_hp-w-mobo-c,1020,0.5586767792701721
20171010_FIRE_hp-w-mobo-c,1080,0.45422524213790894
20171010_FIRE_hp-w-mobo-c,1140,0.4103426933288574
20171010_FIRE_hp-w-mobo-c,1200,0.2859886884689331
20171010_FIRE_hp-w-mobo-c,1260,0.27980196475982666
20171010_FIRE_hp-w-mobo-c,1320,0.3523057997226715
20171010_FIRE_hp-w-mobo-c,1380,0.2660592198371887
20171010_FIRE_hp-w-mobo-c,1440,0.5875639915466309
20171010_FIRE_hp-w-mobo-c,1500,0.15246711671352386
20171010_FIRE_hp-w-mobo-c,1560,0.0032878548372536898
20171010_FIRE_hp-w-mobo-c,1620,0.04626552760601044
20171010_FIRE_hp-w-mobo-c,1680,0.2257816642522812
20171010_FIRE_hp-w-mobo-c,1740,0.15152111649513245
20171010_FIRE_hp-w-mobo-c,1800,0.23516301810741425
20171010_FIRE_hp-w-mobo-c,1860,0.17531390488147736
20171010_FIRE_hp-w-mobo-c,1920,0.05680966004729271
20171010_FIRE_hp-w-mobo-c,1980,0.010034424252808094
20171010_FIRE_hp-w-mobo-c,2040,0.006734577007591724
20171010_FIRE_hp-w-mobo-c,2100,0.009890739805996418
20171010_FIRE_hp-w-mobo-c,2160,0.0
20171010_FIRE_hp-w-mobo-c,2220,0.0
20171010_FIRE_hp-w-mobo-c,2280,0.0
20171010_FIRE_hp-w-mobo-c,2340,0.0
20171010_FIRE_hp-w-mobo-c,2400,0.0
20171010_FIRE_rm-e-mobo-c,-2400,0.0
20171010_FIRE_rm-e-mobo-c,-2340,0.0
20171010_FIRE_rm-e-mobo-c,-2280,0.0
20171010_FIRE_rm-e-mobo-c,-2220,0.0
20171010_FIRE_rm-e-mobo-c,-2160,0.0
20171010_FIRE_rm-e-mobo-c,-2100,0.0
20171010_FIRE_rm-e-mobo-c,-2040,0.0
20171010_FIRE_rm-e-mobo-c,-1980,0.0
20171010_FIRE_rm-e-mobo-c,-1920,0.0
20171010_FIRE_rm-e-mobo-c,-1860,0.0
20171010_FIRE_rm-e-mobo-c,-1800,0.0
20171010_FIRE_rm-e-mobo-c,-1740,0.0
20171010_FIRE_rm-e-mobo-c,-1680,0.0
20171010_FIRE_rm-e-mobo-c,-1620,0.0
20171010_FIRE_rm-e-mobo-c,-1560,0.0
20171010_FIRE_rm-e-mobo-c,-1500,0.0
20171010_FIRE_rm-e-mobo-c,-1440,0.0
20171010_FIRE_rm-e-mobo-c,-1380,0.021428391337394714
20171010_FIRE_rm-e-mobo-c,-1320,0.0
20171010_FIRE_rm-e-mobo-c,-1260,0.0
20171010_FIRE_rm-e-mobo-c,-1200,0.0
20171010_FIRE_rm-e-mobo-c,-1140,0.0
20171010_FIRE_rm-e-mobo-c,-1080,0.0015021467115730047
20171010_FIRE_rm-e-mobo-c,-1020,0.0
20171010_FIRE_rm-e-mobo-c,-960,0.0
20171010_FIRE_rm-e-mobo-c,-900,0.0
20171010_FIRE_rm-e-mobo-c,-840,0.0
20171010_FIRE_rm-e-mobo-c,-780,0.0
20171010_FIRE_rm-e-mobo-c,-720,0.0
20171010_FIRE_rm-e-mobo-c,-660,0.0
20171010_FIRE_rm-e-mobo-c,-600,0.0
20171010_FIRE_rm-e-mobo-c,-540,0.0
20171010_FIRE_rm-e-mobo-c,-480,0.0
20171010_FIRE_rm-e-mobo-c,-420,0.0
20171010_FIRE_rm-e-mobo-c,-360,0.0
20171010_FIRE_rm-e-mobo-c,-300,0.0
20171010_FIRE_rm-e-mobo-c,-240,0.0
20171010_FIRE_rm-e-mobo-c,-180,0.0
20171010_FIRE_rm-e-mobo-c,-120,0.0
20171010_FIRE_rm-e-mobo-c,-60,0.0
20171010_FIRE_rm-e-mobo-c,0,0.0
20171010_FIRE_rm-e-mobo-c,60,0.0
20171010_FIRE_rm-e-mobo-c,120,0.0
20171010_FIRE_rm-e-mobo-c,180,0.038672007620334625
20171010_FIRE_rm-e-mobo-c,240,0.34602510929107666
20171010_FIRE_rm-e-mobo-c,300,0.5396421551704407
20171010_FIRE_rm-e-mobo-c,360,0.6258198618888855
20171010_FIRE_rm-e-mobo-c,420,0.7345055937767029
20171010_FIRE_rm-e-mobo-c,480,0.7428619265556335
20171010_FIRE_rm-e-mobo-c,540,0.735724925994873
20171010_FIRE_rm-e-mobo-c,600,0.8259972929954529
20171010_FIRE_rm-e-mobo-c,660,0.831138551235199
20171010_FIRE_rm-e-mobo-c,720,0.8186996579170227
20171010_FIRE_rm-e-mobo-c,780,0.7860015034675598
20171010_FIRE_rm-e-mobo-c,840,0.7609347701072693
20171010_FIRE_rm-e-mobo-c,900,0.7108692526817322
20171010_FIRE_rm-e-mobo-c,960,0.7468522191047668
20171010_FIRE_rm-e-mobo-c,1020,0.7292681336402893
20171010_FIRE_rm-e-mobo-c,1080,0.7419371008872986
20171010_FIRE_rm-e-mobo-c,1140,0.7127719521522522
20171010_FIRE_rm-e-mobo-c,1200,0.7072532773017883
20171010_FIRE_rm-e-mobo-c,1260,0.6736801266670227
20171010_FIRE_rm-e-mobo-c,1320,0.6037141680717468
20171010_FIRE_rm-e-mobo-c,1380,0.5041540861129761
20171010_FIRE_rm-e-mobo-c,1440,0.29128769040107727
20171010_FIRE_rm-e-mobo-c,1500,0.239347442984581
20171010_FIRE_rm-e-mobo-c,1560,0.2162228524684906
20171010_FIRE_rm-e-mobo-c,1620,0.25894150137901306
20171010_FIRE_rm-e-mobo-c,1680,0.33027225732803345
20171010_FIRE_rm-e-mobo-c,1740,0.39533981680870056
20171010_FIRE_rm-e-mobo-c,1800,0.3654336929321289
20171010_FIRE_rm-e-mobo-c,1860,0.30386191606521606
20171010_FIRE_rm-e-mobo-c,1920,0.32638317346572876
20171010_FIRE_rm-e-mobo-c,1980,0.2604236304759979
20171010_FIRE_rm-e-mobo-c,2040,0.330924391746521
20171010_FIRE_rm-e-mobo-c,2100,0.3433419466018677
20171010_FIRE_rm-e-mobo-c,2160,0.37964537739753723
20171010_FIRE_rm-e-mobo-c,2220,0.34978798031806946
20171010_FIRE_rm-e-mobo-c,2280,0.43304136395454407
20171010_FIRE_rm-e-mobo-c,2340,0.48833319544792175
20171010_FIRE_rm-e-mobo-c,2400,0.5005242824554443
20171016_FIRE_sdsc-e-mobo-c,-2400,0.0011753544677048922
20171016_FIRE_sdsc-e-mobo-c,-2340,0.0
20171016_FIRE_sdsc-e-mobo-c,-2280,0.0
20171016_FIRE_sdsc-e-mobo-c,-2220,0.005488230846822262
20171016_FIRE_sdsc-e-mobo-c,-2160,0.0
20171016_FIRE_sdsc-e-mobo-c,-2100,0.0
20171016_FIRE_sdsc-e-mobo-c,-2040,0.0
20171016_FIRE_sdsc-e-mobo-c,-1980,0.0033594605047255754
20171016_FIRE_sdsc-e-mobo-c,-1920,0.0026243161410093307
20171016_FIRE_sdsc-e-mobo-c,-1860,0.0012038333807140589
20171016_FIRE_sdsc-e-mobo-c,-1800,0.0022798553109169006
20171016_FIRE_sdsc-e-mobo-c,-1740,0.0010666892630979419
20171016_FIRE_sdsc-e-mobo-c,-1680,0.004803352523595095
20171016_FIRE_sdsc-e-mobo-c,-1620,0.0
20171016_FIRE_sdsc-e-mobo-c,-1560,0.0
20171016_FIRE_sdsc-e-mobo-c,-1500,0.0
20171016_FIRE_sdsc-e-mobo-c,-1440,0.0
20171016_FIRE_sdsc-e-mobo-c,-1380,0.0
20171016_FIRE_sdsc-e-mobo-c,-1320,0.0
20171016_FIRE_sdsc-e-mobo-c,-1260,0.0
20171016_FIRE_sdsc-e-mobo-c,-1200,0.0
20171016_FIRE_sdsc-e-mobo-c,-1140,0.0
20171016_FIRE_sdsc-e-mobo-c,-1080,0.0
20171016_FIRE_sdsc-e-mobo-c,-1020,0.0
20171016_FIRE_sdsc-e-mobo-c,-960,0.0
20171016_FIRE_sdsc-e-mobo-c,-900,0.0
20171016_FIRE_sdsc-e-mobo-c,-840,0.0
20171016_FIRE_sdsc-e-mobo-c,-780,0.0
20171016_FIRE_sdsc-e-mobo-c,-720,0.0
20171016_FIRE_sdsc-e-mobo-c,-660,0.0
20171016_FIRE_sdsc-e-mobo-c,-600,0.0
20171016_FIRE_sdsc-e-mobo-c,-540,0.0012542718322947621
20171016_FIRE_sdsc-e-mobo-c,-480,0.0011502386769279838
20171016_FIRE_sdsc-e-mobo-c,-420,0.0016570764128118753
20171016_FIRE_sdsc-e-mobo-c,-360,0.0
20171016_FIRE_sdsc-e-mobo-c,-300,0.0
20171016_FIRE_sdsc-e-mobo-c,-240,0.001529717817902565
20171016_FIRE_sdsc-e-mobo-c,-180,0.0025263389106839895
20171016_FIRE_sdsc-e-mobo-c,-120,0.0039812978357076645
20171016_FIRE_sdsc-e-mobo-c,-60,0.0011670341482385993
20171016_FIRE_sdsc-e-mobo-c,0,0.0
20171016_FIRE_sdsc-e-mobo-c,60,0.0014941705157980323
20171016_FIRE_sdsc-e-mobo-c,120,0.0010410929098725319
20171016_FIRE_sdsc-e-mobo-c,180,0.0018541569588705897
20171016_FIRE_sdsc-e-mobo-c,240,0.001108413329347968
20171016_FIRE_sdsc-e-mobo-c,300,0.0030212383717298508
20171016_FIRE_sdsc-e-mobo-c,360,0.008611858822405338
20171016_FIRE_sdsc-e-mobo-c,420,0.0017806055257096887
20171016_FIRE_sdsc-e-mobo-c,480,0.013233782723546028
20171016_FIRE_sdsc-e-mobo-c,540,0.00517110014334321
20171016_FIRE_sdsc-e-mobo-c,600,0.002114333678036928
20171016_FIRE_sdsc-e-mobo-c,660,0.0036667054519057274
20171016_FIRE_sdsc-e-mobo-c,720,0.006026954390108585
20171016_FIRE_sdsc-e-mobo-c,780,0.006896186154335737
20171016_FIRE_sdsc-e-mobo-c,840,0.018202580511569977
20171016_FIRE_sdsc-e-mobo-c,900,0.003118791151791811
20171016_FIRE_sdsc-e-mobo-c,960,0.0016131934244185686
20171016_FIRE_sdsc-e-mobo-c,1020,0.001372504630126059
20171016_FIRE_sdsc-e-mobo-c,1080,0.0
20171016_FIRE_sdsc-e-mobo-c,1140,0.0
20171016_FIRE_sdsc-e-mobo-c,1200,0.0
20171016_FIRE_sdsc-e-mobo-c,1260,0.0
20171016_FIRE_sdsc-e-mobo-c,1320,0.0
20171016_FIRE_sdsc-e-mobo-c,1380,0.0
20171016_FIRE_sdsc-e-mobo-c,1440,0.0
20171016_FIRE_sdsc-e-mobo-c,1500,0.0012809326872229576
20171016_FIRE_sdsc-e-mobo-c,1560,0.0
20171016_FIRE_sdsc-e-mobo-c,1620,0.0
20171016_FIRE_sdsc-e-mobo-c,1680,0.0
20171016_FIRE_sdsc-e-mobo-c,1740,0.0
20171016_FIRE_sdsc-e-mobo-c,1800,0.0015081600286066532
20171016_FIRE_sdsc-e-mobo-c,1860,0.0017245386261492968
20171016_FIRE_sdsc-e-mobo-c,1920,0.0011639234144240618
20171016_FIRE_sdsc-e-mobo-c,1980,0.0
20171016_FIRE_sdsc-e-mobo-c,2040,0.0
20171016_FIRE_sdsc-e-mobo-c,2100,0.0
20171016_FIRE_sdsc-e-mobo-c,2160,0.0
20171016_FIRE_sdsc-e-mobo-c,2220,0.0
20171016_FIRE_sdsc-e-mobo-c,2280,0.0
20171016_FIRE_sdsc-e-mobo-c,2340,0.0
20171016_FIRE_sdsc-e-mobo-c,2400,0.0
20171017_FIRE_smer-tcs3-mobo-c,-2400,0.002748670056462288
20171017_FIRE_smer-tcs3-mobo-c,-2340,0.0015784957213327289
20171017_FIRE_smer-tcs3-mobo-c,-2280,0.004289338365197182
20171017_FIRE_smer-tcs3-mobo-c,-2220,0.004169367253780365
20171017_FIRE_smer-tcs3-mobo-c,-2160,0.0366312675178051
20171017_FIRE_smer-tcs3-mobo-c,-2100,0.0027281735092401505
20171017_FIRE_smer-tcs3-mobo-c,-2040,0.001026654033921659
20171017_FIRE_smer-tcs3-mobo-c,-1980,0.0019113316666334867
20171017_FIRE_smer-tcs3-mobo-c,-1920,0.0017763965297490358
20171017_FIRE_smer-tcs3-mobo-c,-1860,0.0048592593520879745
20171017_FIRE_smer-tcs3-mobo-c,-1800,0.0
20171017_FIRE_smer-tcs3-mobo-c,-1740,0.0
20171017_FIRE_smer-tcs3-mobo-c,-1680,0.0
20171017_FIRE_smer-tcs3-mobo-c,-1620,0.001934562111273408
20171017_FIRE_smer-tcs3-mobo-c,-1560,0.0
20171017_FIRE_smer-tcs3-mobo-c,-1500,0.0
20171017_FIRE_smer-tcs3-mobo-c,-1440,0.0
20171017_FIRE_smer-tcs3-mobo-c,-1380,0.0
20171017_FIRE_smer-tcs3-mobo-c,-1320,0.0
20171017_FIRE_smer-tcs3-mobo-c,-1260,0.0011789948912337422
20171017_FIRE_smer-tcs3-mobo-c,-1200,0.0016902704956009984
20171017_FIRE_smer-tcs3-mobo-c,-1140,0.0018399828113615513
20171017_FIRE_smer-tcs3-mobo-c,-1080,0.021886125206947327
20171017_FIRE_smer-tcs3-mobo-c,-1020,0.03365451470017433
20171017_FIRE_smer-tcs3-mobo-c,-960,0.004655187483876944
20171017_FIRE_smer-tcs3-mobo-c,-900,0.0032212778460234404
20171017_FIRE_smer-tcs3-mobo-c,-840,0.004812953993678093
20171017_FIRE_smer-tcs3-mobo-c,-780,0.0016400330932810903
20171017_FIRE_smer-tcs3-mobo-c,-720,0.004822869319468737
20171017_FIRE_smer-tcs3-mobo-c,-660,0.0029542401898652315
20171017_FIRE_smer-tcs3-mobo-c,-600,0.013980002142488956
20171017_FIRE_smer-tcs3-mobo-c,-540,0.002633801195770502
20171017_FIRE_smer-tcs3-mobo-c,-480,0.0311953853815794
20171017_FIRE_smer-tcs3-mobo-c,-420,0.012058488093316555
20171017_FIRE_smer-tcs3-mobo-c,-360,0.0
20171017_FIRE_smer-tcs3-mobo-c,-300,0.0016034662257879972
20171017_FIRE_smer-tcs3-mobo-c,-240,0.0010461320634931326
20171017_FIRE_smer-tcs3-mobo-c,-180,0.0013814652338624
20171017_FIRE_smer-tcs3-mobo-c,-120,0.0012741278624162078
20171017_FIRE_smer-tcs3-mobo-c,-60,0.0
20171017_FIRE_smer-tcs3-mobo-c,0,0.0
20171017_FIRE_smer-tcs3-mobo-c,60,0.0
20171017_FIRE_smer-tcs3-mobo-c,120,0.0
20171017_FIRE_smer-tcs3-mobo-c,180,0.0036320588551461697
20171017_FIRE_smer-tcs3-mobo-c,240,0.002404540777206421
20171017_FIRE_smer-tcs3-mobo-c,300,0.0038293048273772
20171017_FIRE_smer-tcs3-mobo-c,360,0.0020301174372434616
20171017_FIRE_smer-tcs3-mobo-c,420,0.002112980931997299
20171017_FIRE_smer-tcs3-mobo-c,480,0.0011761821806430817
20171017_FIRE_smer-tcs3-mobo-c,540,0.0033968754578381777
20171017_FIRE_smer-tcs3-mobo-c,600,0.0030461708083748817
20171017_FIRE_smer-tcs3-mobo-c,660,0.003489066381007433
20171017_FIRE_smer-tcs3-mobo-c,720,0.00585026852786541
20171017_FIRE_smer-tcs3-mobo-c,780,0.004041642416268587
20171017_FIRE_smer-tcs3-mobo-c,840,0.010783428326249123
20171017_FIRE_smer-tcs3-mobo-c,900,0.003947453573346138
20171017_FIRE_smer-tcs3-mobo-c,960,0.00609313091263175
20171017_FIRE_smer-tcs3-mobo-c,1020,0.006233798805624247
20171017_FIRE_smer-tcs3-mobo-c,1080,0.01331022847443819
20171017_FIRE_smer-tcs3-mobo-c,1140,0.04111561179161072
20171017_FIRE_smer-tcs3-mobo-c,1200,0.021538201719522476
20171017_FIRE_smer-tcs3-mobo-c,1260,0.007188028190284967
20171017_FIRE_smer-tcs3-mobo-c,1320,0.007392586674541235
20171017_FIRE_smer-tcs3-mobo-c,1380,0.005254669580608606
20171017_FIRE_smer-tcs3-mobo-c,1440,0.002949979156255722
20171017_FIRE_smer-tcs3-mobo-c,1500,0.005136169493198395
20171017_FIRE_smer-tcs3-mobo-c,1560,0.0088792834430933
20171017_FIRE_smer-tcs3-mobo-c,1620,0.0029612798243761063
20171017_FIRE_smer-tcs3-mobo-c,1680,0.0030483391601592302
20171017_FIRE_smer-tcs3-mobo-c,1740,0.003219026140868664
20171017_FIRE_smer-tcs3-mobo-c,1800,0.004876044578850269
20171017_FIRE_smer-tcs3-mobo-c,1860,0.006922603119164705
20171017_FIRE_smer-tcs3-mobo-c,1920,0.008347650989890099
20171017_FIRE_smer-tcs3-mobo-c,1980,0.015581591054797173
20171017_FIRE_smer-tcs3-mobo-c,2040,0.017999589443206787
20171017_FIRE_smer-tcs3-mobo-c,2100,0.0032463863026350737
20171017_FIRE_smer-tcs3-mobo-c,2160,0.0
20171017_FIRE_smer-tcs3-mobo-c,2220,0.0019467060919851065
20171021_FIRE_pi-e-mobo-c,-2400,0.0
20171021_FIRE_pi-e-mobo-c,-2340,0.0
20171021_FIRE_pi-e-mobo-c,-2280,0.0
20171021_FIRE_pi-e-mobo-c,-2220,0.0
20171021_FIRE_pi-e-mobo-c,-2160,0.0
20171021_FIRE_pi-e-mobo-c,-2100,0.0
20171021_FIRE_pi-e-mobo-c,-2040,0.0
20171021_FIRE_pi-e-mobo-c,-1980,0.0
20171021_FIRE_pi-e-mobo-c,-1920,0.0
20171021_FIRE_pi-e-mobo-c,-1860,0.0
20171021_FIRE_pi-e-mobo-c,-1800,0.0
20171021_FIRE_pi-e-mobo-c,-1740,0.0
20171021_FIRE_pi-e-mobo-c,-1680,0.0
20171021_FIRE_pi-e-mobo-c,-1620,0.0
20171021_FIRE_pi-e-mobo-c,-1560,0.0
20171021_FIRE_pi-e-mobo-c,-1500,0.0
20171021_FIRE_pi-e-mobo-c,-1440,0.0
20171021_FIRE_pi-e-mobo-c,-1380,0.0
20171021_FIRE_pi-e-mobo-c,-1320,0.0
20171021_FIRE_pi-e-mobo-c,-1260,0.0
20171021_FIRE_pi-e-mobo-c,-1200,0.0
20171021_FIRE_pi-e-mobo-c,-1140,0.0
20171021_FIRE_pi-e-mobo-c,-1080,0.0
20171021_FIRE_pi-e-mobo-c,-1020,0.0
20171021_FIRE_pi-e-mobo-c,-960,0.0
20171021_FIRE_pi-e-mobo-c,-900,0.0
20171021_FIRE_pi-e-mobo-c,-840,0.0
20171021_FIRE_pi-e-mobo-c,-780,0.0
20171021_FIRE_pi-e-mobo-c,-720,0.0
20171021_FIRE_pi-e-mobo-c,-660,0.0
20171021_FIRE_pi-e-mobo-c,-600,0.0
20171021_FIRE_pi-e-mobo-c,-540,0.0
20171021_FIRE_pi-e-mobo-c,-480,0.0
20171021_FIRE_pi-e-mobo-c,-420,0.0
20171021_FIRE_pi-e-mobo-c,-360,0.0
20171021_FIRE_pi-e-mobo-c,-300,0.0
20171021_FIRE_pi-e-mobo-c,-240,0.0
20171021_FIRE_pi-e-mobo-c,-180,0.0
20171021_FIRE_pi-e-mobo-c,-120,0.0
20171021_FIRE_pi-e-mobo-c,-60,0.0
20171021_FIRE_pi-e-mobo-c,0,0.0
20171021_FIRE_pi-e-mobo-c,60,0.0
20171021_FIRE_pi-e-mobo-c,120,0.0
20171021_FIRE_pi-e-mobo-c,180,0.0
20171021_FIRE_pi-e-mobo-c,240,0.0
20171021_FIRE_pi-e-mobo-c,300,0.0
20171021_FIRE_pi-e-mobo-c,360,0.0
20171021_FIRE_pi-e-mobo-c,420,0.0011012397008016706
20171021_FIRE_pi-e-mobo-c,480,0.0
20171021_FIRE_pi-e-mobo-c,540,0.014383978210389614
20171021_FIRE_pi-e-mobo-c,600,0.013073441572487354
20171021_FIRE_pi-e-mobo-c,660,0.003917717840522528
20171021_FIRE_pi-e-mobo-c,720,0.008797934278845787
20171021_FIRE_pi-e-mobo-c,780,0.0
20171021_FIRE_pi-e-mobo-c,840,0.029102236032485962
20171021_FIRE_pi-e-mobo-c,900,0.1434876024723053
20171021_FIRE_pi-e-mobo-c,960,0.22930458188056946
20171021_FIRE_pi-e-mobo-c,1020,0.2699820101261139
20171021_FIRE_pi-e-mobo-c,1080,0.012782742269337177
20171021_FIRE_pi-e-mobo-c,1140,0.005769473034888506
20171021_FIRE_pi-e-mobo-c,1200,0.00769939087331295
20171021_FIRE_pi-e-mobo-c,1260,0.02110825851559639
20171021_FIRE_pi-e-mobo-c,1320,0.0415300577878952
20171021_FIRE_pi-e-mobo-c,1380,0.007852158509194851
20171021_FIRE_pi-e-mobo-c,1440,0.00918652955442667
20171021_FIRE_pi-e-mobo-c,1500,0.010139941237866879
20171021_FIRE_pi-e-mobo-c,1560,0.0020623106975108385
20171021_FIRE_pi-e-mobo-c,1620,0.012635522522032261
20171021_FIRE_pi-e-mobo-c,1680,0.00415734713897109
20171021_FIRE_pi-e-mobo-c,1740,0.00357986893504858
20171021_FIRE_pi-e-mobo-c,1800,0.001449037459678948
20171021_FIRE_pi-e-mobo-c,1860,0.004066042136400938
20171021_FIRE_pi-e-mobo-c,1920,0.0014555908273905516
20171021_FIRE_pi-e-mobo-c,1980,0.002417989308014512
20171021_FIRE_pi-e-mobo-c,2040,0.0
20171021_FIRE_pi-e-mobo-c,2100,0.0029150706250220537
20171021_FIRE_pi-e-mobo-c,2160,0.001064375857822597
20171021_FIRE_pi-e-mobo-c,2220,0.0020235953852534294
20171021_FIRE_pi-e-mobo-c,2280,0.004300923552364111
20171021_FIRE_pi-e-mobo-c,2340,0.00281489547342062
20171021_FIRE_pi-e-mobo-c,2400,0.0017147241160273552
20171026_FIRE_rm-n-mobo-c,-2400,0.0
20171026_FIRE_rm-n-mobo-c,-2340,0.0
20171026_FIRE_rm-n-mobo-c,-2280,0.0
20171026_FIRE_rm-n-mobo-c,-2220,0.0
20171026_FIRE_rm-n-mobo-c,-2160,0.0
20171026_FIRE_rm-n-mobo-c,-2100,0.0
20171026_FIRE_rm-n-mobo-c,-2040,0.0
20171026_FIRE_rm-n-mobo-c,-1980,0.0
20171026_FIRE_rm-n-mobo-c,-1920,0.0
20171026_FIRE_rm-n-mobo-c,-1860,0.0
20171026_FIRE_rm-n-mobo-c,-1800,0.0
20171026_FIRE_rm-n-mobo-c,-1740,0.0
20171026_FIRE_rm-n-mobo-c,-1680,0.0
20171026_FIRE_rm-n-mobo-c,-1620,0.0
20171026_FIRE_rm-n-mobo-c,-1560,0.0
20171026_FIRE_rm-n-mobo-c,-1500,0.0
20171026_FIRE_rm-n-mobo-c,-1440,0.0
20171026_FIRE_rm-n-mobo-c,-1380,0.0
20171026_FIRE_rm-n-mobo-c,-1320,0.0
20171026_FIRE_rm-n-mobo-c,-1260,0.0
20171026_FIRE_rm-n-mobo-c,-1200,0.0
20171026_FIRE_rm-n-mobo-c,-1140,0.0
20171026_FIRE_rm-n-mobo-c,-1080,0.0
20171026_FIRE_rm-n-mobo-c,-1020,0.004878613632172346
20171026_FIRE_rm-n-mobo-c,-960,0.0
20171026_FIRE_rm-n-mobo-c,-900,0.016933970153331757
20171026_FIRE_rm-n-mobo-c,-840,0.0
20171026_FIRE_rm-n-mobo-c,-780,0.0
20171026_FIRE_rm-n-mobo-c,-720,0.0
20171026_FIRE_rm-n-mobo-c,-660,0.0
20171026_FIRE_rm-n-mobo-c,-600,0.0
20171026_FIRE_rm-n-mobo-c,-540,0.0
20171026_FIRE_rm-n-mobo-c,-480,0.0
20171026_FIRE_rm-n-mobo-c,-420,0.0
20171026_FIRE_rm-n-mobo-c,-360,0.0
20171026_FIRE_rm-n-mobo-c,-300,0.0
20171026_FIRE_rm-n-mobo-c,-240,0.0
20171026_FIRE_rm-n-mobo-c,-180,0.0
20171026_FIRE_rm-n-mobo-c,-120,0.0
20171026_FIRE_rm-n-mobo-c,-60,0.0013458565808832645
20171026_FIRE_rm-n-mobo-c,0,0.030401336029171944
20171026_FIRE_rm-n-mobo-c,60,0.0
20171026_FIRE_rm-n-mobo-c,120,0.13642379641532898
20171026_FIRE_rm-n-mobo-c,180,0.3070807456970215
20171026_FIRE_rm-n-mobo-c,240,0.0
20171026_FIRE_rm-n-mobo-c,300,0.0
20171026_FIRE_rm-n-mobo-c,360,0.24176287651062012
20171026_FIRE_rm-n-mobo-c,420,0.6435990333557129
20171026_FIRE_rm-n-mobo-c,480,0.6029029488563538
20171026_FIRE_rm-n-mobo-c,540,0.5305764079093933
20171026_FIRE_rm-n-mobo-c,600,0.4762166738510132
20171026_FIRE_rm-n-mobo-c,660,0.4420996904373169
20171026_FIRE_rm-n-mobo-c,720,0.6579265594482422
20171026_FIRE_rm-n-mobo-c,780,0.4253900349140167
20171026_FIRE_rm-n-mobo-c,840,0.43754228949546814
20171026_FIRE_rm-n-mobo-c,900,0.5278220772743225
20171026_FIRE_rm-n-mobo-c,960,0.5593711137771606
20171026_FIRE_rm-n-mobo-c,1020,0.5513967871665955
20171026_FIRE_rm-n-mobo-c,1080,0.292643666267395
20171026_FIRE_rm-n-mobo-c,1140,0.5681565999984741
20171026_FIRE_rm-n-mobo-c,1200,0.5153276920318604
20171026_FIRE_rm-n-mobo-c,1260,0.5193775296211243
20171026_FIRE_rm-n-mobo-c,1320,0.5348844528198242
20171026_FIRE_rm-n-mobo-c,1380,0.6023907661437988
20171026_FIRE_rm-n-mobo-c,1440,0.5618898868560791
20171026_FIRE_rm-n-mobo-c,1500,0.5754633545875549
20171026_FIRE_rm-n-mobo-c,1560,0.6131994724273682
20171026_FIRE_rm-n-mobo-c,1620,0.5586531758308411
20171026_FIRE_rm-n-mobo-c,1680,0.48691093921661377
20171026_FIRE_rm-n-mobo-c,1740,0.5959981083869934
20171026_FIRE_rm-n-mobo-c,1800,0.6160436272621155
20171026_FIRE_rm-n-mobo-c,1860,0.7533062696456909
20171026_FIRE_rm-n-mobo-c,1920,0.7752222418785095
20171026_FIRE_rm-n-mobo-c,1980,0.7804770469665527
20171026_FIRE_rm-n-mobo-c,2040,0.7896919250488281
20171026_FIRE_rm-n-mobo-c,2100,0.7715209126472473
20171026_FIRE_rm-n-mobo-c,2160,0.7123911380767822
20171026_FIRE_rm-n-mobo-c,2220,0.6782130002975464
20171026_FIRE_rm-n-mobo-c,2280,0.7104317545890808
20171026_FIRE_rm-n-mobo-c,2340,0.6252209544181824
20171026_FIRE_rm-n-mobo-c,2400,0.5718267560005188
20171026_FIRE_smer-tcs8-mobo-c,-2400,0.0
20171026_FIRE_smer-tcs8-mobo-c,-2340,0.0
20171026_FIRE_smer-tcs8-mobo-c,-2280,0.0
20171026_FIRE_smer-tcs8-mobo-c,-2220,0.0
20171026_FIRE_smer-tcs8-mobo-c,-2160,0.0
20171026_FIRE_smer-tcs8-mobo-c,-2100,0.0
20171026_FIRE_smer-tcs8-mobo-c,-2040,0.0
20171026_FIRE_smer-tcs8-mobo-c,-1980,0.0
20171026_FIRE_smer-tcs8-mobo-c,-1920,0.0
20171026_FIRE_smer-tcs8-mobo-c,-1860,0.0
20171026_FIRE_smer-tcs8-mobo-c,-1800,0.0
20171026_FIRE_smer-tcs8-mobo-c,-1740,0.0
20171026_FIRE_smer-tcs8-mobo-c,-1680,0.0
20171026_FIRE_smer-tcs8-mobo-c,-1620,0.0
20171026_FIRE_smer-tcs8-mobo-c,-1560,0.0
20171026_FIRE_smer-tcs8-mobo-c,-1500,0.0
20171026_FIRE_smer-tcs8-mobo-c,-1440,0.0
20171026_FIRE_smer-tcs8-mobo-c,-1380,0.0
20171026_FIRE_smer-tcs8-mobo-c,-1320,0.0
20171026_FIRE_smer-tcs8-mobo-c,-1260,0.0
20171026_FIRE_smer-tcs8-mobo-c,-1200,0.0
20171026_FIRE_smer-tcs8-mobo-c,-1140,0.0
20171026_FIRE_smer-tcs8-mobo-c,-1080,0.0
20171026_FIRE_smer-tcs8-mobo-c,-1020,0.0
20171026_FIRE_smer-tcs8-mobo-c,-960,0.0
20171026_FIRE_smer-tcs8-mobo-c,-900,0.0
20171026_FIRE_smer-tcs8-mobo-c,-840,0.0
20171026_FIRE_smer-tcs8-mobo-c,-780,0.0
20171026_FIRE_smer-tcs8-mobo-c,-720,0.0
20171026_FIRE_smer-tcs8-mobo-c,-660,0.0
20171026_FIRE_smer-tcs8-mobo-c,-600,0.0
20171026_FIRE_smer-tcs8-mobo-c,-540,0.0
20171026_FIRE_smer-tcs8-mobo-c,-480,0.0
20171026_FIRE_smer-tcs8-mobo-c,-420,0.0
20171026_FIRE_smer-tcs8-mobo-c,-360,0.0
20171026_FIRE_smer-tcs8-mobo-c,-300,0.0
20171026_FIRE_smer-tcs8-mobo-c,-240,0.0
20171026_FIRE_smer-tcs8-mobo-c,-180,0.0
20171026_FIRE_smer-tcs8-mobo-c,-120,0.0
20171026_FIRE_smer-tcs8-mobo-c,-60,0.0
20171026_FIRE_smer-tcs8-mobo-c,0,0.0
20171026_FIRE_smer-tcs8-mobo-c,60,0.0
20171026_FIRE_smer-tcs8-mobo-c,120,0.0
20171026_FIRE_smer-tcs8-mobo-c,180,0.017610352486371994
20171026_FIRE_smer-tcs8-mobo-c,240,0.011108584702014923
20171026_FIRE_smer-tcs8-mobo-c,300,0.3155326545238495
20171026_FIRE_smer-tcs8-mobo-c,360,0.10369153320789337
20171026_FIRE_smer-tcs8-mobo-c,420,0.003381110029295087
20171026_FIRE_smer-tcs8-mobo-c,480,0.044623322784900665
20171026_FIRE_smer-tcs8-mobo-c,540,0.49243295192718506
20171026_FIRE_smer-tcs8-mobo-c,600,0.524917721748352
20171026_FIRE_smer-tcs8-mobo-c,660,0.44336172938346863
20171026_FIRE_smer-tcs8-mobo-c,720,0.48145073652267456
20171026_FIRE_smer-tcs8-mobo-c,780,0.4901134967803955
20171026_FIRE_smer-tcs8-mobo-c,840,0.3223428428173065
20171026_FIRE_smer-tcs8-mobo-c,900,0.3857671916484833
20171026_FIRE_smer-tcs8-mobo-c,960,0.2528732717037201
20171026_FIRE_smer-tcs8-mobo-c,1020,0.354250967502594
20171026_FIRE_smer-tcs8-mobo-c,1080,0.447896271944046
20171026_FIRE_smer-tcs8-mobo-c,1140,0.39532896876335144
20171026_FIRE_smer-tcs8-mobo-c,1200,0.3661973178386688
20171026_FIRE_smer-tcs8-mobo-c,1260,0.3565479516983032
20171026_FIRE_smer-tcs8-mobo-c,1320,0.33978450298309326
20171026_FIRE_smer-tcs8-mobo-c,1380,0.2326819747686386
20171026_FIRE_smer-tcs8-mobo-c,1440,0.1551610231399536
20171026_FIRE_smer-tcs8-mobo-c,1500,0.0656837746500969
20171026_FIRE_smer-tcs8-mobo-c,1560,0.08137385547161102
20171026_FIRE_smer-tcs8-mobo-c,1620,0.09139232337474823
20171026_FIRE_smer-tcs8-mobo-c,1680,0.31674933433532715
20171026_FIRE_smer-tcs8-mobo-c,1740,0.31665581464767456
20171026_FIRE_smer-tcs8-mobo-c,1800,0.2627413272857666
20171026_FIRE_smer-tcs8-mobo-c,1860,0.6191837191581726
20171026_FIRE_smer-tcs8-mobo-c,1920,0.6428111791610718
20171026_FIRE_smer-tcs8-mobo-c,1980,0.6359319090843201
20171026_FIRE_smer-tcs8-mobo-c,2040,0.5104741454124451
20171026_FIRE_smer-tcs8-mobo-c,2100,0.5506441593170166
20171026_FIRE_smer-tcs8-mobo-c,2160,0.4230119585990906
20171026_FIRE_smer-tcs8-mobo-c,2220,0.4461120069026947
20171026_FIRE_smer-tcs8-mobo-c,2280,0.23356309533119202
20171026_FIRE_smer-tcs8-mobo-c,2340,0.34795016050338745
20171026_FIRE_smer-tcs8-mobo-c,2400,0.32740259170532227
20171207_FIRE_bh-n-mobo-c,-2400,0.0013315831311047077
20171207_FIRE_bh-n-mobo-c,-2340,0.0
20171207_FIRE_bh-n-mobo-c,-2280,0.0016258686082437634
20171207_FIRE_bh-n-mobo-c,-2220,0.0
20171207_FIRE_bh-n-mobo-c,-2160,0.0
20171207_FIRE_bh-n-mobo-c,-2100,0.002869138726964593
20171207_FIRE_bh-n-mobo-c,-2040,0.0016081739449873567
20171207_FIRE_bh-n-mobo-c,-1980,0.0013868771493434906
20171207_FIRE_bh-n-mobo-c,-1920,0.0
20171207_FIRE_bh-n-mobo-c,-1860,0.0
20171207_FIRE_bh-n-mobo-c,-1800,0.0011202108580619097
20171207_FIRE_bh-n-mobo-c,-1740,0.0
20171207_FIRE_bh-n-mobo-c,-1680,0.0
20171207_FIRE_bh-n-mobo-c,-1620,0.0
20171207_FIRE_bh-n-mobo-c,-1560,0.0
20171207_FIRE_bh-n-mobo-c,-1500,0.0030656515154987574
20171207_FIRE_bh-n-mobo-c,-1440,0.0
20171207_FIRE_bh-n-mobo-c,-1380,0.0015254239551723003
20171207_FIRE_bh-n-mobo-c,-1320,0.0
20171207_FIRE_bh-n-mobo-c,-1260,0.0012061852030456066
20171207_FIRE_bh-n-mobo-c,-1200,0.0019716310780495405
20171207_FIRE_bh-n-mobo-c,-1140,0.0
20171207_FIRE_bh-n-mobo-c,-1080,0.0010660914704203606
20171207_FIRE_bh-n-mobo-c,-1020,0.002052928786724806
20171207_FIRE_bh-n-mobo-c,-960,0.0020715915597975254
20171207_FIRE_bh-n-mobo-c,-900,0.0012433171505108476
20171207_FIRE_bh-n-mobo-c,-840,0.0
20171207_FIRE_bh-n-mobo-c,-780,0.0
20171207_FIRE_bh-n-mobo-c,-720,0.0
20171207_FIRE_bh-n-mobo-c,-660,0.01088861282914877
20171207_FIRE_bh-n-mobo-c,-600,0.0033442224375903606
20171207_FIRE_bh-n-mobo-c,-540,0.0017578746192157269
20171207_FIRE_bh-n-mobo-c,-480,0.0
20171207_FIRE_bh-n-mobo-c,-420,0.0011309426045045257
20171207_FIRE_bh-n-mobo-c,-360,0.0
20171207_FIRE_bh-n-mobo-c,-300,0.0019248961471021175
20171207_FIRE_bh-n-mobo-c,-240,0.0
20171207_FIRE_bh-n-mobo-c,-180,0.0013815909624099731
20171207_FIRE_bh-n-mobo-c,-120,0.0038402886129915714
20171207_FIRE_bh-n-mobo-c,-60,0.003188402159139514
20171207_FIRE_bh-n-mobo-c,0,0.002013393444940448
20171207_FIRE_bh-n-mobo-c,60,0.006927049718797207
20171207_FIRE_bh-n-mobo-c,120,0.0017197462730109692
20171207_FIRE_bh-n-mobo-c,180,0.0027833248022943735
20171207_FIRE_bh-n-mobo-c,240,0.002001989632844925
20171207_FIRE_bh-n-mobo-c,300,0.004095829091966152
20171207_FIRE_bh-n-mobo-c,360,0.008089692331850529
20171207_FIRE_bh-n-mobo-c,420,0.007725512143224478
20171207_FIRE_bh-n-mobo-c,480,0.004966400098055601
20171207_FIRE_bh-n-mobo-c,540,0.0029776785522699356
20171207_FIRE_bh-n-mobo-c,600,0.003570242552086711
20171207_FIRE_bh-n-mobo-c,660,0.021772008389234543
20171207_FIRE_bh-n-mobo-c,720,0.005477003753185272
20171207_FIRE_bh-n-mobo-c,780,0.00642086798325181
20171207_FIRE_bh-n-mobo-c,840,0.006037421524524689
20171207_FIRE_bh-n-mobo-c,900,0.015901241451501846
20171207_FIRE_bh-n-mobo-c,960,0.00909226480871439
20171207_FIRE_bh-n-mobo-c,1020,0.005654876120388508
20171207_FIRE_bh-n-mobo-c,1080,0.008227728307247162
20171207_FIRE_bh-n-mobo-c,1140,0.008658794686198235
20171207_FIRE_bh-n-mobo-c,1200,0.017310280352830887
20171207_FIRE_bh-n-mobo-c,1260,0.011945926584303379
20171207_FIRE_bh-n-mobo-c,1320,0.004378946963697672
20171207_FIRE_bh-n-mobo-c,1380,0.0028433003462851048
20171207_FIRE_bh-n-mobo-c,1440,0.006320501212030649
20171207_FIRE_bh-n-mobo-c,1500,0.001857822760939598
20171207_FIRE_bh-n-mobo-c,1560,0.003391933161765337
20171207_FIRE_bh-n-mobo-c,1620,0.006067788694053888
20171207_FIRE_bh-n-mobo-c,1680,0.0039845798164606094
20171207_FIRE_bh-n-mobo-c,1740,0.0028697445522993803
20171207_FIRE_bh-n-mobo-c,1800,0.007229887880384922
20171207_FIRE_bh-n-mobo-c,1860,0.0033205163199454546
20171207_FIRE_bh-n-mobo-c,1920,0.009252797812223434
20171207_FIRE_bh-n-mobo-c,1980,0.006672852672636509
20171207_FIRE_bh-n-mobo-c,2040,0.010262173600494862
20171207_FIRE_bh-n-mobo-c,2100,0.013383055105805397
20171207_FIRE_bh-n-mobo-c,2160,0.007319129537791014
20171207_FIRE_bh-n-mobo-c,2220,0.014970342628657818
20171207_FIRE_bh-n-mobo-c,2280,0.0037042987532913685
20171207_FIRE_bh-n-mobo-c,2340,0.005595886614173651
20171207_FIRE_bh-n-mobo-c,2400,0.0089329294860363
20171207_FIRE_bh-w-mobo-c,-2400,0.0015949924709275365
20171207_FIRE_bh-w-mobo-c,-2340,0.0034588035196065903
20171207_FIRE_bh-w-mobo-c,-2280,0.004315003287047148
20171207_FIRE_bh-w-mobo-c,-2220,0.0
20171207_FIRE_bh-w-mobo-c,-2160,0.0
20171207_FIRE_bh-w-mobo-c,-2100,0.0013578596990555525
20171207_FIRE_bh-w-mobo-c,-2040,0.0013093923917040229
20171207_FIRE_bh-w-mobo-c,-1980,0.0020655300468206406
20171207_FIRE_bh-w-mobo-c,-1920,0.0
20171207_FIRE_bh-w-mobo-c,-1860,0.0
20171207_FIRE_bh-w-mobo-c,-1800,0.0
20171207_FIRE_bh-w-mobo-c,-1740,0.003220172366127372
20171207_FIRE_bh-w-mobo-c,-1680,0.0
20171207_FIRE_bh-w-mobo-c,-1620,0.0
20171207_FIRE_bh-w-mobo-c,-1560,0.0
20171207_FIRE_bh-w-mobo-c,-1500,0.0
20171207_FIRE_bh-w-mobo-c,-1440,0.0
20171207_FIRE_bh-w-mobo-c,-1380,0.013304525054991245
20171207_FIRE_bh-w-mobo-c,-1320,0.0
20171207_FIRE_bh-w-mobo-c,-1260,0.0
20171207_FIRE_bh-w-mobo-c,-1200,0.0
20171207_FIRE_bh-w-mobo-c,-1140,0.0
20171207_FIRE_bh-w-mobo-c,-1080,0.0
20171207_FIRE_bh-w-mobo-c,-1020,0.0
20171207_FIRE_bh-w-mobo-c,-960,0.00146288494579494
20171207_FIRE_bh-w-mobo-c,-900,0.003255654126405716
20171207_FIRE_bh-w-mobo-c,-840,0.0
20171207_FIRE_bh-w-mobo-c,-780,0.0
20171207_FIRE_bh-w-mobo-c,-720,0.0019354692194610834
20171207_FIRE_bh-w-mobo-c,-660,0.004788608755916357
20171207_FIRE_bh-w-mobo-c,-600,0.0015937854768708348
20171207_FIRE_bh-w-mobo-c,-540,0.0020767366513609886
20171207_FIRE_bh-w-mobo-c,-480,0.0018613224383443594
20171207_FIRE_bh-w-mobo-c,-420,0.001112362020649016
20171207_FIRE_bh-w-mobo-c,-360,0.004381780978292227
20171207_FIRE_bh-w-mobo-c,-300,0.0026797212194651365
20171207_FIRE_bh-w-mobo-c,-240,0.011561908759176731
20171207_FIRE_bh-w-mobo-c,-180,0.00310347112827003
20171207_FIRE_bh-w-mobo-c,-120,0.005198698490858078
20171207_FIRE_bh-w-mobo-c,-60,0.02035319246351719
20171207_FIRE_bh-w-mobo-c,0,0.0013620490208268166
20171207_FIRE_bh-w-mobo-c,60,0.005395795218646526
20171207_FIRE_bh-w-mobo-c,120,0.007704121060669422
20171207_FIRE_bh-w-mobo-c,180,0.004320595879107714
20171207_FIRE_bh-w-mobo-c,240,0.007581502199172974
20171207_FIRE_bh-w-mobo-c,300,0.0037524213548749685
20171207_FIRE_bh-w-mobo-c,360,0.0016980471555143595
20171207_FIRE_bh-w-mobo-c,420,0.015405605547130108
20171207_FIRE_bh-w-mobo-c,480,0.022775212302803993
20171207_FIRE_bh-w-mobo-c,540,0.1332497000694275
20171207_FIRE_bh-w-mobo-c,600,0.2095484882593155
20171207_FIRE_bh-w-mobo-c,660,0.18447722494602203
20171207_FIRE_bh-w-mobo-c,720,0.24579501152038574
20171207_FIRE_bh-w-mobo-c,780,0.11652110517024994
20171207_FIRE_bh-w-mobo-c,840,0.2671046853065491
20171207_FIRE_bh-w-mobo-c,900,0.15540814399719238
20171207_FIRE_bh-w-mobo-c,960,0.2915281355381012
20171207_FIRE_bh-w-mobo-c,1020,0.5778036713600159
20171207_FIRE_bh-w-mobo-c,1080,0.7278712391853333
20171207_FIRE_bh-w-mobo-c,1140,0.5436872243881226
20171207_FIRE_bh-w-mobo-c,1200,0.6044260263442993
20171207_FIRE_bh-w-mobo-c,1260,0.73188316822052
20171207_FIRE_bh-w-mobo-c,1320,0.7922593355178833
20171207_FIRE_bh-w-mobo-c,1380,0.7993338704109192
20171207_FIRE_bh-w-mobo-c,1440,0.7186981439590454
20171207_FIRE_bh-w-mobo-c,1500,0.7685254216194153
20171207_FIRE_bh-w-mobo-c,1560,0.7618073225021362
20171207_FIRE_bh-w-mobo-c,1620,0.761353611946106
20171207_FIRE_bh-w-mobo-c,1680,0.8003743290901184
20171207_FIRE_bh-w-mobo-c,1740,0.7478350400924683
20171207_FIRE_bh-w-mobo-c,1800,0.6919257044792175
20171207_FIRE_bh-w-mobo-c,1860,0.6503206491470337
20171207_FIRE_bh-w-mobo-c,1920,0.7727620005607605
20171207_FIRE_bh-w-mobo-c,1980,0.666580080986023
20171207_FIRE_bh-w-mobo-c,2040,0.66294926404953
20171207_FIRE_bh-w-mobo-c,2100,0.6722016334533691
20171207_FIRE_bh-w-mobo-c,2160,0.6306235790252686
20171207_FIRE_smer-tcs8-mobo-c,-2400,0.002737205009907484
20171207_FIRE_smer-tcs8-mobo-c,-2340,0.0014482007827609777
20171207_FIRE_smer-tcs8-mobo-c,-2280,0.0
20171207_FIRE_smer-tcs8-mobo-c,-2220,0.0010114011820405722
20171207_FIRE_smer-tcs8-mobo-c,-2160,0.0
20171207_FIRE_smer-tcs8-mobo-c,-2100,0.0010612215846776962
20171207_FIRE_smer-tcs8-mobo-c,-2040,0.0014708751114085317
20171207_FIRE_smer-tcs8-mobo-c,-1980,0.0021807898301631212
20171207_FIRE_smer-tcs8-mobo-c,-1920,0.012279213406145573
20171207_FIRE_smer-tcs8-mobo-c,-1860,0.0017109799664467573
20171207_FIRE_smer-tcs8-mobo-c,-1800,0.004304175265133381
20171207_FIRE_smer-tcs8-mobo-c,-1740,0.0016534406458958983
20171207_FIRE_smer-tcs8-mobo-c,-1680,0.00607895664870739
20171207_FIRE_smer-tcs8-mobo-c,-1620,0.005626296624541283
20171207_FIRE_smer-tcs8-mobo-c,-1560,0.0
20171207_FIRE_smer-tcs8-mobo-c,-1500,0.004346400033682585
20171207_FIRE_smer-tcs8-mobo-c,-1440,0.005369982682168484
20171207_FIRE_smer-tcs8-mobo-c,-1380,0.0012346772709861398
20171207_FIRE_smer-tcs8-mobo-c,-1320,0.0035160579718649387
20171207_FIRE_smer-tcs8-mobo-c,-1260,0.006850681267678738
20171207_FIRE_smer-tcs8-mobo-c,-1200,0.0011424277909100056
20171207_FIRE_smer-tcs8-mobo-c,-1140,0.004043896216899157
20171207_FIRE_smer-tcs8-mobo-c,-1080,0.002325203735381365
20171207_FIRE_smer-tcs8-mobo-c,-1020,0.00668006855994463
20171207_FIRE_smer-tcs8-mobo-c,-960,0.007016936782747507
20171207_FIRE_smer-tcs8-mobo-c,-900,0.0
20171207_FIRE_smer-tcs8-mobo-c,-840,0.005329078063368797
20171207_FIRE_smer-tcs8-mobo-c,-780,0.0
20171207_FIRE_smer-tcs8-mobo-c,-720,0.003997355233877897
20171207_FIRE_smer-tcs8-mobo-c,-660,0.0
20171207_FIRE_smer-tcs8-mobo-c,-600,0.0032012430019676685
20171207_FIRE_smer-tcs8-mobo-c,-540,0.002147967927157879
20171207_FIRE_smer-tcs8-mobo-c,-480,0.0021550150122493505
20171207_FIRE_smer-tcs8-mobo-c,-420,0.00174351641908288
20171207_FIRE_smer-tcs8-mobo-c,-360,0.00183290452696383
20171207_FIRE_smer-tcs8-mobo-c,-300,0.0030293927993625402
20171207_FIRE_smer-tcs8-mobo-c,-240,0.0023511506151407957
20171207_FIRE_smer-tcs8-mobo-c,-180,0.0017768550897017121
20171207_FIRE_smer-tcs8-mobo-c,-120,0.002039702143520117
20171207_FIRE_smer-tcs8-mobo-c,-60,0.001141114393249154
20171207_FIRE_smer-tcs8-mobo-c,0,0.0016990725416690111
20171207_FIRE_smer-tcs8-mobo-c,60,0.007155135739594698
20171207_FIRE_smer-tcs8-mobo-c,120,0.010073677636682987
20171207_FIRE_smer-tcs8-mobo-c,180,0.00577197689563036
20171207_FIRE_smer-tcs8-mobo-c,240,0.007944808341562748
20171207_FIRE_smer-tcs8-mobo-c,300,0.37880146503448486
20171207_FIRE_smer-tcs8-mobo-c,360,0.11682452261447906
20171207_FIRE_smer-tcs8-mobo-c,420,0.02141580544412136
20171207_FIRE_smer-tcs8-mobo-c,480,0.07979664951562881
20171207_FIRE_smer-tcs8-mobo-c,540,0.0553632453083992
20171207_FIRE_smer-tcs8-mobo-c,600,0.1506078839302063
20171207_FIRE_smer-tcs8-mobo-c,660,0.0
20171207_FIRE_smer-tcs8-mobo-c,720,0.002596071222797036
20171207_FIRE_smer-tcs8-mobo-c,780,0.0
20171207_FIRE_smer-tcs8-mobo-c,840,0.001602793112397194
20171207_FIRE_smer-tcs8-mobo-c,900,0.0
20171207_FIRE_smer-tcs8-mobo-c,960,0.0
20171207_FIRE_smer-tcs8-mobo-c,1020,0.024992838501930237
20171207_FIRE_smer-tcs8-mobo-c,1080,0.0014832018641754985
20171207_FIRE_smer-tcs8-mobo-c,1140,0.014890029095113277
20171207_FIRE_smer-tcs8-mobo-c,1200,0.09616333246231079
20171207_FIRE_smer-tcs8-mobo-c,1260,0.11375965923070908
20171207_FIRE_smer-tcs8-mobo-c,1320,0.011604491621255875
20171207_FIRE_smer-tcs8-mobo-c,1380,0.05079047381877899
20171207_FIRE_smer-tcs8-mobo-c,1440,0.17561745643615723
20171207_FIRE_smer-tcs8-mobo-c,1500,0.03129740059375763
20171207_FIRE_smer-tcs8-mobo-c,1560,0.006070803385227919
20171207_FIRE_smer-tcs8-mobo-c,1620,0.0023784020449966192
20171207_FIRE_smer-tcs8-mobo-c,1680,0.004655209369957447
20171207_FIRE_smer-tcs8-mobo-c,1740,0.034380387514829636
20171207_FIRE_smer-tcs8-mobo-c,1800,0.08006151020526886
20171207_FIRE_smer-tcs8-mobo-c,1860,0.17866824567317963
20171207_FIRE_smer-tcs8-mobo-c,1920,0.3762197494506836
20171207_FIRE_smer-tcs8-mobo-c,1980,0.22633084654808044
20171207_FIRE_smer-tcs8-mobo-c,2040,0.3224778473377228
20171207_FIRE_smer-tcs8-mobo-c,2100,0.2174127846956253
20171207_FIRE_smer-tcs8-mobo-c,2160,0.12745660543441772
20171207_FIRE_smer-tcs8-mobo-c,2220,0.22255241870880127
20171207_FIRE_smer-tcs8-mobo-c,2280,0.16656985878944397
20171207_FIRE_smer-tcs8-mobo-c,2340,0.12665103375911713
20171207_FIRE_smer-tcs8-mobo-c,2400,0.30016520619392395
20171207_Lilac_rm-s-mobo,-2400,0.012420578859746456
20171207_Lilac_rm-s-mobo,-2340,0.0
20171207_Lilac_rm-s-mobo,-2280,0.0
20171207_Lilac_rm-s-mobo,-2220,0.0
20171207_Lilac_rm-s-mobo,-2160,0.023675402626395226
20171207_Lilac_rm-s-mobo,-2100,0.001094598206691444
20171207_Lilac_rm-s-mobo,-2040,0.0013737999834120274
20171207_Lilac_rm-s-mobo,-1980,0.0010468937689438462
20171207_Lilac_rm-s-mobo,-1920,0.0
20171207_Lilac_rm-s-mobo,-1860,0.0010600211098790169
20171207_Lilac_rm-s-mobo,-1800,0.0
20171207_Lilac_rm-s-mobo,-1740,0.012562629766762257
20171207_Lilac_rm-s-mobo,-1680,0.006519086193293333
20171207_Lilac_rm-s-mobo,-1620,0.005376495886594057
20171207_Lilac_rm-s-mobo,-1560,0.011094753630459309
20171207_Lilac_rm-s-mobo,-1500,0.0
20171207_Lilac_rm-s-mobo,-1440,0.007921451702713966
20171207_Lilac_rm-s-mobo,-1380,0.001468329457566142
20171207_Lilac_rm-s-mobo,-1320,0.0032076523639261723
20171207_Lilac_rm-s-mobo,-1260,0.0049307201988995075
20171207_Lilac_rm-s-mobo,-1200,0.0012852521613240242
20171207_Lilac_rm-s-mobo,-1140,0.0017712428234517574
20171207_Lilac_rm-s-mobo,-1080,0.0032498782966285944
20171207_Lilac_rm-s-mobo,-1020,0.0044111767783761024
20171207_Lilac_rm-s-mobo,-960,0.003342789364978671
20171207_Lilac_rm-s-mobo,-900,0.0023670289665460587
20171207_Lilac_rm-s-mobo,-840,0.0019579969812184572
20171207_Lilac_rm-s-mobo,-780,0.010410347022116184
20171207_Lilac_rm-s-mobo,-720,0.001882157288491726
20171207_Lilac_rm-s-mobo,-660,0.005063139367848635
20171207_Lilac_rm-s-mobo,-600,0.0
20171207_Lilac_rm-s-mobo,-540,0.001298067974857986
20171207_Lilac_rm-s-mobo,-480,0.0010688992915675044
20171207_Lilac_rm-s-mobo,-420,0.002450239611789584
20171207_Lilac_rm-s-mobo,-360,0.0017248621443286538
20171207_Lilac_rm-s-mobo,-300,0.0036438258830457926
20171207_Lilac_rm-s-mobo,-240,0.0030485610477626324
20171207_Lilac_rm-s-mobo,-180,0.0038093244656920433
20171207_Lilac_rm-s-mobo,-120,0.0019330620998516679
20171207_Lilac_rm-s-mobo,-60,0.0025975964963436127
20171207_Lilac_rm-s-mobo,0,0.0
20171207_Lilac_rm-s-mobo,60,0.0012733356561511755
20171207_Lilac_rm-s-mobo,120,0.0010528158163651824
20171207_Lilac_rm-s-mobo,180,0.01091837789863348
20171207_Lilac_rm-s-mobo,240,0.00225070770829916
20171207_Lilac_rm-s-mobo,300,0.0
20171207_Lilac_rm-s-mobo,360,0.002251103986054659
20171207_Lilac_rm-s-mobo,420,0.02744225785136223
20171207_Lilac_rm-s-mobo,480,0.00123900908511132
20171207_Lilac_rm-s-mobo,540,0.004322787281125784
20171207_Lilac_rm-s-mobo,600,0.0015795979415997863
20171207_Lilac_rm-s-mobo,660,0.0
20171207_Lilac_rm-s-mobo,720,0.02761000581085682
20171207_Lilac_rm-s-mobo,780,0.17814797163009644
20171207_Lilac_rm-s-mobo,840,0.032647766172885895
20171207_Lilac_rm-s-mobo,900,0.04824521020054817
20171207_Lilac_rm-s-mobo,960,0.04858069866895676
20171207_Lilac_rm-s-mobo,1020,0.3428516685962677
20171207_Lilac_rm-s-mobo,1080,0.26306769251823425
20171207_Lilac_rm-s-mobo,1140,0.7335810661315918
20171207_Lilac_rm-s-mobo,1200,0.3320753574371338
20171207_Lilac_rm-s-mobo,1260,0.14770543575286865
20171207_Lilac_rm-s-mobo,1320,0.07724850624799728
20171207_Lilac_rm-s-mobo,1380,0.3295046389102936
20171207_Lilac_rm-s-mobo,1440,0.04909638315439224
20171207_Lilac_rm-s-mobo,1500,0.152607724070549
20171207_Lilac_rm-s-mobo,1560,0.03482760116457939
20171207_Lilac_rm-s-mobo,1620,0.04626866430044174
20171207_Lilac_rm-s-mobo,1680,0.013670060783624649
20171207_Lilac_rm-s-mobo,1740,0.008230810053646564
20171207_Lilac_rm-s-mobo,1800,0.013272257521748543
20171207_Lilac_rm-s-mobo,1860,0.0041129146702587605
20171207_Lilac_rm-s-mobo,1920,0.06622117757797241
20171207_Lilac_rm-s-mobo,1980,0.19022618234157562
20171207_Lilac_rm-s-mobo,2040,0.11247965693473816
20171207_Lilac_rm-s-mobo,2100,0.1376173347234726
20171207_Lilac_rm-s-mobo,2160,0.028440671041607857
20171207_Lilac_rm-s-mobo,2220,0.03890915587544441
20171207_Lilac_rm-s-mobo,2280,0.025860721245408058
20171207_Lilac_rm-s-mobo,2340,0.0013118889182806015
20171207_Lilac_rm-s-mobo,2400,0.002681781305000186
20180504_FIRE_bh-n-mobo-c,-2400,0.0
20180504_FIRE_bh-n-mobo-c,-2340,0.0
20180504_FIRE_bh-n-mobo-c,-2280,0.0
20180504_FIRE_bh-n-mobo-c,-2220,0.0
20180504_FIRE_bh-n-mobo-c,-2160,0.0012454410316422582
20180504_FIRE_bh-n-mobo-c,-2100,0.0
20180504_FIRE_bh-n-mobo-c,-2040,0.0
20180504_FIRE_bh-n-mobo-c,-1980,0.0
20180504_FIRE_bh-n-mobo-c,-1920,0.0
20180504_FIRE_bh-n-mobo-c,-1860,0.0
20180504_FIRE_bh-n-mobo-c,-1800,0.0
20180504_FIRE_bh-n-mobo-c,-1740,0.0
20180504_FIRE_bh-n-mobo-c,-1680,0.0
20180504_FIRE_bh-n-mobo-c,-1620,0.0
20180504_FIRE_bh-n-mobo-c,-1560,0.0
20180504_FIRE_bh-n-mobo-c,-1500,0.0
20180504_FIRE_bh-n-mobo-c,-1440,0.0
20180504_FIRE_bh-n-mobo-c,-1380,0.0
20180504_FIRE_bh-n-mobo-c,-1320,0.0
20180504_FIRE_bh-n-mobo-c,-1260,0.0
20180504_FIRE_bh-n-mobo-c,-1200,0.0
20180504_FIRE_bh-n-mobo-c,-1140,0.0
20180504_FIRE_bh-n-mobo-c,-1080,0.0
20180504_FIRE_bh-n-mobo-c,-1020,0.0
20180504_FIRE_bh-n-mobo-c,-960,0.0
20180504_FIRE_bh-n-mobo-c,-900,0.0
20180504_FIRE_bh-n-mobo-c,-840,0.0
20180504_FIRE_bh-n-mobo-c,-780,0.0
20180504_FIRE_bh-n-mobo-c,-720,0.0
20180504_FIRE_bh-n-mobo-c,-660,0.001272969995625317
20180504_FIRE_bh-n-mobo-c,-600,0.0
20180504_FIRE_bh-n-mobo-c,-540,0.0
20180504_FIRE_bh-n-mobo-c,-480,0.0
20180504_FIRE_bh-n-mobo-c,-420,0.0
20180504_FIRE_bh-n-mobo-c,-360,0.0
20180504_FIRE_bh-n-mobo-c,-300,0.0
20180504_FIRE_bh-n-mobo-c,-240,0.0
20180504_FIRE_bh-n-mobo-c,-180,0.0
20180504_FIRE_bh-n-mobo-c,-120,0.0
20180504_FIRE_bh-n-mobo-c,-60,0.0
20180504_FIRE_bh-n-mobo-c,0,0.0
20180504_FIRE_bh-n-mobo-c,60,0.0
20180504_FIRE_bh-n-mobo-c,120,0.0
20180504_FIRE_bh-n-mobo-c,180,0.0020199499558657408
20180504_FIRE_bh-n-mobo-c,240,0.0033122398890554905
20180504_FIRE_bh-n-mobo-c,300,0.002870341995730996
20180504_FIRE_bh-n-mobo-c,360,0.0
20180504_FIRE_bh-n-mobo-c,420,0.015481805428862572
20180504_FIRE_bh-n-mobo-c,480,0.3508056104183197
20180504_FIRE_bh-n-mobo-c,540,0.15407422184944153
20180504_FIRE_bh-n-mobo-c,600,0.4010516107082367
20180504_FIRE_bh-n-mobo-c,660,0.5627263784408569
20180504_FIRE_bh-n-mobo-c,720,0.6532633304595947
20180504_FIRE_bh-n-mobo-c,780,0.23411165177822113
20180504_FIRE_bh-n-mobo-c,840,0.440962553024292
20180504_FIRE_bh-n-mobo-c,900,0.32834264636039734
20180504_FIRE_bh-n-mobo-c,960,0.20625412464141846
20180504_FIRE_bh-n-mobo-c,1020,0.5000165700912476
20180504_FIRE_bh-n-mobo-c,1080,0.48867467045783997
20180504_FIRE_bh-n-mobo-c,1140,0.6585177183151245
20180504_FIRE_bh-n-mobo-c,1200,0.28858593106269836
20180504_FIRE_bh-n-mobo-c,1260,0.3900119960308075
20180504_FIRE_bh-n-mobo-c,1320,0.4167577028274536
20180504_FIRE_bh-n-mobo-c,1380,0.742619514465332
20180504_FIRE_bh-n-mobo-c,1440,0.6827332377433777
20180504_FIRE_bh-n-mobo-c,1500,0.8152440190315247
20180504_FIRE_bh-n-mobo-c,1560,0.7710474729537964
20180504_FIRE_bh-n-mobo-c,1620,0.6115413308143616
20180504_FIRE_bh-n-mobo-c,1680,0.4894294738769531
20180504_FIRE_bh-n-mobo-c,1740,0.7593681812286377
20180504_FIRE_bh-n-mobo-c,1800,0.798892080783844
20180504_FIRE_bh-n-mobo-c,1860,0.7222387790679932
20180504_FIRE_bh-n-mobo-c,1920,0.7547802925109863
20180504_FIRE_bh-n-mobo-c,1980,0.8145589828491211
20180504_FIRE_bh-n-mobo-c,2040,0.7823954820632935
20180504_FIRE_bh-n-mobo-c,2100,0.7574448585510254
20180504_FIRE_bh-n-mobo-c,2160,0.6619510650634766
20180504_FIRE_bh-n-mobo-c,2220,0.687563419342041
20180504_FIRE_bh-n-mobo-c,2280,0.4003669321537018
20180504_FIRE_bh-n-mobo-c,2340,0.5738941431045532
20180504_FIRE_bh-n-mobo-c,2400,0.707832396030426
20180504_FIRE_rm-n-mobo-c,-2400,0.0
20180504_FIRE_rm-n-mobo-c,-2340,0.0
20180504_FIRE_rm-n-mobo-c,-2280,0.0
20180504_FIRE_rm-n-mobo-c,-2220,0.0
20180504_FIRE_rm-n-mobo-c,-2160,0.0
20180504_FIRE_rm-n-mobo-c,-2100,0.0
20180504_FIRE_rm-n-mobo-c,-2040,0.0
20180504_FIRE_rm-n-mobo-c,-1980,0.0
20180504_FIRE_rm-n-mobo-c,-1920,0.0
20180504_FIRE_rm-n-mobo-c,-1860,0.0
20180504_FIRE_rm-n-mobo-c,-1800,0.0
20180504_FIRE_rm-n-mobo-c,-1740,0.0
20180504_FIRE_rm-n-mobo-c,-1680,0.0
20180504_FIRE_rm-n-mobo-c,-1620,0.0
20180504_FIRE_rm-n-mobo-c,-1560,0.0
20180504_FIRE_rm-n-mobo-c,-1500,0.0
20180504_FIRE_rm-n-mobo-c,-1440,0.0
20180504_FIRE_rm-n-mobo-c,-1380,0.0
20180504_FIRE_rm-n-mobo-c,-1320,0.0
20180504_FIRE_rm-n-mobo-c,-1260,0.0
20180504_FIRE_rm-n-mobo-c,-1200,0.0
20180504_FIRE_rm-n-mobo-c,-1140,0.0
20180504_FIRE_rm-n-mobo-c,-1080,0.0
20180504_FIRE_rm-n-mobo-c,-1020,0.0
20180504_FIRE_rm-n-mobo-c,-960,0.0
20180504_FIRE_rm-n-mobo-c,-900,0.0
20180504_FIRE_rm-n-mobo-c,-840,0.0
20180504_FIRE_rm-n-mobo-c,-780,0.0
20180504_FIRE_rm-n-mobo-c,-720,0.0018833203939720988
20180504_FIRE_rm-n-mobo-c,-660,0.0
20180504_FIRE_rm-n-mobo-c,-600,0.0
20180504_FIRE_rm-n-mobo-c,-540,0.0
20180504_FIRE_rm-n-mobo-c,-480,0.0
20180504_FIRE_rm-n-mobo-c,-420,0.0
20180504_FIRE_rm-n-mobo-c,-360,0.0
20180504_FIRE_rm-n-mobo-c,-300,0.0
20180504_FIRE_rm-n-mobo-c,-240,0.0
20180504_FIRE_rm-n-mobo-c,-180,0.0
20180504_FIRE_rm-n-mobo-c,-120,0.0
20180504_FIRE_rm-n-mobo-c,-60,0.0
20180504_FIRE_rm-n-mobo-c,0,0.0
20180504_FIRE_rm-n-mobo-c,60,0.0
20180504_FIRE_rm-n-mobo-c,120,0.0
20180504_FIRE_rm-n-mobo-c,180,0.0
20180504_FIRE_rm-n-mobo-c,240,0.0
20180504_FIRE_rm-n-mobo-c,300,0.0
20180504_FIRE_rm-n-mobo-c,360,0.09569866210222244
20180504_FIRE_rm-n-mobo-c,420,0.06185506656765938
20180504_FIRE_rm-n-mobo-c,480,0.5184869170188904
20180504_FIRE_rm-n-mobo-c,540,0.6609334349632263
20180504_FIRE_rm-n-mobo-c,600,0.6076654195785522
20180504_FIRE_rm-n-mobo-c,660,0.4049292802810669
20180504_FIRE_rm-n-mobo-c,720,0.7286425232887268
20180504_FIRE_rm-n-mobo-c,780,0.4625840187072754
20180504_FIRE_rm-n-mobo-c,840,0.19805274903774261
20180504_FIRE_rm-n-mobo-c,900,0.32084542512893677
20180504_FIRE_rm-n-mobo-c,960,0.6627658009529114
20180504_FIRE_rm-n-mobo-c,1020,0.5627439618110657
20180504_FIRE_rm-n-mobo-c,1080,0.703417956829071
20180504_FIRE_rm-n-mobo-c,1140,0.5820679664611816
20180504_FIRE_rm-n-mobo-c,1200,0.40022820234298706
20180504_FIRE_rm-n-mobo-c,1260,0.45009005069732666
20180504_FIRE_rm-n-mobo-c,1320,0.38190773129463196
20180504_FIRE_rm-n-mobo-c,1380,0.32173776626586914
20180504_FIRE_rm-n-mobo-c,1440,0.5524583458900452
20180504_FIRE_rm-n-mobo-c,1500,0.3624849021434784
20180504_FIRE_rm-n-mobo-c,1560,0.7700691819190979
20180504_FIRE_rm-n-mobo-c,1620,0.7491574287414551
20180504_FIRE_rm-n-mobo-c,1680,0.844104528427124
20180504_FIRE_rm-n-mobo-c,1740,0.729775071144104
20180504_FIRE_rm-n-mobo-c,1800,0.5498358607292175
20180504_FIRE_rm-n-mobo-c,1860,0.42775824666023254
20180504_FIRE_rm-n-mobo-c,1920,0.4497602880001068
20180504_FIRE_rm-n-mobo-c,1980,0.6229249238967896
20180504_FIRE_rm-n-mobo-c,2040,0.6021571755409241
20180504_FIRE_rm-n-mobo-c,2100,0.49145591259002686
20180504_FIRE_rm-n-mobo-c,2160,0.6435887813568115
20180504_FIRE_rm-n-mobo-c,2220,0.5190047025680542
20180504_FIRE_rm-n-mobo-c,2280,0.6198439002037048
20180504_FIRE_rm-n-mobo-c,2340,0.42966166138648987
20180504_FIRE_rm-n-mobo-c,2400,0.37280264496803284
20180504_FIRE_smer-tcs10-mobo-c,-2400,0.005168415140360594
20180504_FIRE_smer-tcs10-mobo-c,-2340,0.005786994472146034
20180504_FIRE_smer-tcs10-mobo-c,-2280,0.003326731501147151
20180504_FIRE_smer-tcs10-mobo-c,-2220,0.0047029186971485615
20180504_FIRE_smer-tcs10-mobo-c,-2160,0.0029812720604240894
20180504_FIRE_smer-tcs10-mobo-c,-2100,0.00213195220567286
20180504_FIRE_smer-tcs10-mobo-c,-2040,0.005262379534542561
20180504_FIRE_smer-tcs10-mobo-c,-1980,0.0030671297572553158
20180504_FIRE_smer-tcs10-mobo-c,-1920,0.0029172308277338743
20180504_FIRE_smer-tcs10-mobo-c,-1860,0.0021083399187773466
20180504_FIRE_smer-tcs10-mobo-c,-1800,0.002489224076271057
20180504_FIRE_smer-tcs10-mobo-c,-1740,0.0020365160889923573
20180504_FIRE_smer-tcs10-mobo-c,-1680,0.00245573534630239
20180504_FIRE_smer-tcs10-mobo-c,-1620,0.003775303950533271
20180504_FIRE_smer-tcs10-mobo-c,-1560,0.0025710072368383408
20180504_FIRE_smer-tcs10-mobo-c,-1500,0.0024722586385905743
20180504_FIRE_smer-tcs10-mobo-c,-1440,0.0024468423798680305
20180504_FIRE_smer-tcs10-mobo-c,-1380,0.00253473618067801
20180504_FIRE_smer-tcs10-mobo-c,-1320,0.004376660566776991
20180504_FIRE_smer-tcs10-mobo-c,-1260,0.004208433907479048
20180504_FIRE_smer-tcs10-mobo-c,-1200,0.0031046296935528517
20180504_FIRE_smer-tcs10-mobo-c,-1140,0.0024557728320360184
20180504_FIRE_smer-tcs10-mobo-c,-1080,0.0026834371965378523
20180504_FIRE_smer-tcs10-mobo-c,-1020,0.0019040610641241074
20180504_FIRE_smer-tcs10-mobo-c,-960,0.002975107403472066
20180504_FIRE_smer-tcs10-mobo-c,-900,0.0028145327232778072
20180504_FIRE_smer-tcs10-mobo-c,-840,0.002284989459440112
20180504_FIRE_smer-tcs10-mobo-c,-780,0.0016187154687941074
20180504_FIRE_smer-tcs10-mobo-c,-720,0.0045004538260400295
20180504_FIRE_smer-tcs10-mobo-c,-660,0.0033715919125825167
20180504_FIRE_smer-tcs10-mobo-c,-600,0.0021679983474314213
20180504_FIRE_smer-tcs10-mobo-c,-540,0.003592042252421379
20180504_FIRE_smer-tcs10-mobo-c,-480,0.0032141415867954493
20180504_FIRE_smer-tcs10-mobo-c,-420,0.002704070648178458
20180504_FIRE_smer-tcs10-mobo-c,-360,0.004692262038588524
20180504_FIRE_smer-tcs10-mobo-c,-300,0.0023297988809645176
20180504_FIRE_smer-tcs10-mobo-c,-240,0.0039032711647450924
20180504_FIRE_smer-tcs10-mobo-c,-180,0.004902839194983244
20180504_FIRE_smer-tcs10-mobo-c,-120,0.0035959952510893345
20180504_FIRE_smer-tcs10-mobo-c,-60,0.0031269555911421776
20180504_FIRE_smer-tcs10-mobo-c,0,0.002678303048014641
20180504_FIRE_smer-tcs10-mobo-c,60,0.0034546672832220793
20180504_FIRE_smer-tcs10-mobo-c,120,0.0024911987129598856
20180504_FIRE_smer-tcs10-mobo-c,180,0.014364711008965969
20180504_FIRE_smer-tcs10-mobo-c,240,0.020839590579271317
20180504_FIRE_smer-tcs10-mobo-c,300,0.05858359858393669
20180504_FIRE_smer-tcs10-mobo-c,360,0.014933589845895767
20180504_FIRE_smer-tcs10-mobo-c,420,0.008354751393198967
20180504_FIRE_smer-tcs10-mobo-c,480,0.005209637340158224
20180504_FIRE_smer-tcs10-mobo-c,540,0.017937827855348587
20180504_FIRE_smer-tcs10-mobo-c,600,0.03829815238714218
20180504_FIRE_smer-tcs10-mobo-c,660,0.07204338163137436
20180504_FIRE_smer-tcs10-mobo-c,720,0.02915751188993454
20180504_FIRE_smer-tcs10-mobo-c,780,0.011318213306367397
20180504_FIRE_smer-tcs10-mobo-c,840,0.020085327327251434
20180504_FIRE_smer-tcs10-mobo-c,900,0.0653667077422142
20180504_FIRE_smer-tcs10-mobo-c,960,0.006912569049745798
20180504_FIRE_smer-tcs10-mobo-c,1020,0.002694358816370368
20180504_FIRE_smer-tcs10-mobo-c,1080,0.0035312992986291647
20180504_FIRE_smer-tcs10-mobo-c,1140,0.007030881475657225
20180504_FIRE_smer-tcs10-mobo-c,1200,0.011936131864786148
20180504_FIRE_smer-tcs10-mobo-c,1260,0.011212431825697422
20180504_FIRE_smer-tcs10-mobo-c,1320,0.00710315490141511
20180504_FIRE_smer-tcs10-mobo-c,1380,0.003389029297977686
20180504_FIRE_smer-tcs10-mobo-c,1440,0.001266923383809626
20180504_FIRE_smer-tcs10-mobo-c,1500,0.010456457734107971
20180504_FIRE_smer-tcs10-mobo-c,1560,0.0012565575307235122
20180504_FIRE_smer-tcs10-mobo-c,1620,0.0
20180504_FIRE_smer-tcs10-mobo-c,1680,0.0010098182829096913
20180504_FIRE_smer-tcs10-mobo-c,1740,0.0013674292713403702
20180504_FIRE_smer-tcs10-mobo-c,1800,0.004175073001533747
20180504_FIRE_smer-tcs10-mobo-c,1860,0.004703970160335302
20180504_FIRE_smer-tcs10-mobo-c,1920,0.005496695637702942
20180504_FIRE_smer-tcs10-mobo-c,1980,0.002942226594313979
20180504_FIRE_smer-tcs10-mobo-c,2040,0.004412862937897444
20180504_FIRE_smer-tcs10-mobo-c,2100,0.011843171902000904
20180504_FIRE_smer-tcs10-mobo-c,2160,0.01791278086602688
20180504_FIRE_smer-tcs10-mobo-c,2220,0.0037973893340677023
20180504_FIRE_smer-tcs10-mobo-c,2280,0.0026681669987738132
20180504_FIRE_smer-tcs10-mobo-c,2340,0.004992063622921705
20180504_FIRE_smer-tcs10-mobo-c,2400,0.0
20180504_FIRE_smer-tcs8-mobo-c,-2400,0.04150271415710449
20180504_FIRE_smer-tcs8-mobo-c,-2340,0.05270501226186752
20180504_FIRE_smer-tcs8-mobo-c,-2280,0.05937458202242851
20180504_FIRE_smer-tcs8-mobo-c,-2220,0.04468507319688797
20180504_FIRE_smer-tcs8-mobo-c,-2160,0.04382630065083504
20180504_FIRE_smer-tcs8-mobo-c,-2100,0.03173376992344856
20180504_FIRE_smer-tcs8-mobo-c,-2040,0.023095551878213882
20180504_FIRE_smer-tcs8-mobo-c,-1980,0.04159648343920708
20180504_FIRE_smer-tcs8-mobo-c,-1920,0.03163701668381691
20180504_FIRE_smer-tcs8-mobo-c,-1860,0.03949243947863579
20180504_FIRE_smer-tcs8-mobo-c,-1800,0.0596490278840065
20180504_FIRE_smer-tcs8-mobo-c,-1740,0.04970840364694595
20180504_FIRE_smer-tcs8-mobo-c,-1680,0.030602136626839638
20180504_FIRE_smer-tcs8-mobo-c,-1620,0.030551474541425705
20180504_FIRE_smer-tcs8-mobo-c,-1560,0.06329339742660522
20180504_FIRE_smer-tcs8-mobo-c,-1500,0.06587491929531097
20180504_FIRE_smer-tcs8-mobo-c,-1440,0.027033144608139992
20180504_FIRE_smer-tcs8-mobo-c,-1380,0.03041970543563366
20180504_FIRE_smer-tcs8-mobo-c,-1320,0.026921957731246948
20180504_FIRE_smer-tcs8-mobo-c,-1260,0.025292759761214256
20180504_FIRE_smer-tcs8-mobo-c,-1200,0.021857082843780518
20180504_FIRE_smer-tcs8-mobo-c,-1140,0.01770678348839283
20180504_FIRE_smer-tcs8-mobo-c,-1080,0.025191456079483032
20180504_FIRE_smer-tcs8-mobo-c,-1020,0.012523531913757324
20180504_FIRE_smer-tcs8-mobo-c,-960,0.010406360030174255
20180504_FIRE_smer-tcs8-mobo-c,-900,0.010912888683378696
20180504_FIRE_smer-tcs8-mobo-c,-840,0.007996452040970325
20180504_FIRE_smer-tcs8-mobo-c,-780,0.005852074362337589
20180504_FIRE_smer-tcs8-mobo-c,-720,0.007238590158522129
20180504_FIRE_smer-tcs8-mobo-c,-660,0.03157813102006912
20180504_FIRE_smer-tcs8-mobo-c,-600,0.029233276844024658
20180504_FIRE_smer-tcs8-mobo-c,-540,0.026836391538381577
20180504_FIRE_smer-tcs8-mobo-c,-480,0.019882090389728546
20180504_FIRE_smer-tcs8-mobo-c,-420,0.019548563286662102
20180504_FIRE_smer-tcs8-mobo-c,-360,0.02063601091504097
20180504_FIRE_smer-tcs8-mobo-c,-300,0.014321822673082352
20180504_FIRE_smer-tcs8-mobo-c,-240,0.03799596056342125
20180504_FIRE_smer-tcs8-mobo-c,-180,0.026036756113171577
20180504_FIRE_smer-tcs8-mobo-c,-120,0.027421465143561363
20180504_FIRE_smer-tcs8-mobo-c,-60,0.01571403071284294
20180504_FIRE_smer-tcs8-mobo-c,0,0.03688162565231323
20180504_FIRE_smer-tcs8-mobo-c,60,0.02192404866218567
20180504_FIRE_smer-tcs8-mobo-c,120,0.02257389761507511
20180504_FIRE_smer-tcs8-mobo-c,180,0.03421742469072342
20180504_FIRE_smer-tcs8-mobo-c,240,0.02983545884490013
20180504_FIRE_smer-tcs8-mobo-c,300,0.02178458496928215
20180504_FIRE_smer-tcs8-mobo-c,360,0.0139889782294631
20180504_FIRE_smer-tcs8-mobo-c,420,0.013103549368679523
20180504_FIRE_smer-tcs8-mobo-c,480,0.6122223138809204
20180504_FIRE_smer-tcs8-mobo-c,540,0.40824195742607117
20180504_FIRE_smer-tcs8-mobo-c,600,0.38356101512908936
20180504_FIRE_smer-tcs8-mobo-c,660,0.46528559923171997
20180504_FIRE_smer-tcs8-mobo-c,720,0.5308490991592407
20180504_FIRE_smer-tcs8-mobo-c,780,0.8354124426841736
20180504_FIRE_smer-tcs8-mobo-c,840,0.8379760384559631
20180504_FIRE_smer-tcs8-mobo-c,900,0.8409148454666138
20180504_FIRE_smer-tcs8-mobo-c,960,0.8013626337051392
20180504_FIRE_smer-tcs8-mobo-c,1020,0.8149786591529846
20180504_FIRE_smer-tcs8-mobo-c,1080,0.7649962306022644
20180504_FIRE_smer-tcs8-mobo-c,1140,0.824017345905304
20180504_FIRE_smer-tcs8-mobo-c,1200,0.7066736221313477
20180504_FIRE_smer-tcs8-mobo-c,1260,0.7812592387199402
20180504_FIRE_smer-tcs8-mobo-c,1320,0.8400639295578003
20180504_FIRE_smer-tcs8-mobo-c,1380,0.5599664449691772
20180504_FIRE_smer-tcs8-mobo-c,1440,0.7788884043693542
20180504_FIRE_smer-tcs8-mobo-c,1500,0.6199266314506531
20180504_FIRE_smer-tcs8-mobo-c,1560,0.7804606556892395
20180504_FIRE_smer-tcs8-mobo-c,1620,0.35740482807159424
20180504_FIRE_smer-tcs8-mobo-c,1680,0.8309758901596069
20180504_FIRE_smer-tcs8-mobo-c,1740,0.7176212072372437
20180504_FIRE_smer-tcs8-mobo-c,1800,0.633075475692749
20180504_FIRE_smer-tcs8-mobo-c,1860,0.7350366115570068
20180504_FIRE_smer-tcs8-mobo-c,1920,0.646536111831665
20180504_FIRE_smer-tcs8-mobo-c,1980,0.5859713554382324
20180504_FIRE_smer-tcs8-mobo-c,2040,0.5576006770133972
20180504_FIRE_smer-tcs8-mobo-c,2100,0.44930967688560486
20180504_FIRE_smer-tcs8-mobo-c,2160,0.5470316410064697
20180504_FIRE_smer-tcs8-mobo-c,2220,0.5169036388397217
20180504_FIRE_smer-tcs8-mobo-c,2280,0.6682822108268738
20180504_FIRE_smer-tcs8-mobo-c,2340,0.37913578748703003
20180504_FIRE_smer-tcs8-mobo-c,2400,0.5025143623352051
20180517_FIRE_rm-n-mobo-c,-2400,0.0
20180517_FIRE_rm-n-mobo-c,-2340,0.0
20180517_FIRE_rm-n-mobo-c,-2280,0.0
20180517_FIRE_rm-n-mobo-c,-2220,0.0
20180517_FIRE_rm-n-mobo-c,-2160,0.0
20180517_FIRE_rm-n-mobo-c,-2100,0.0
20180517_FIRE_rm-n-mobo-c,-2040,0.0
20180517_FIRE_rm-n-mobo-c,-1980,0.0
20180517_FIRE_rm-n-mobo-c,-1920,0.0
20180517_FIRE_rm-n-mobo-c,-1860,0.0
20180517_FIRE_rm-n-mobo-c,-1800,0.0
20180517_FIRE_rm-n-mobo-c,-1740,0.0
20180517_FIRE_rm-n-mobo-c,-1680,0.0
20180517_FIRE_rm-n-mobo-c,-1620,0.0
20180517_FIRE_rm-n-mobo-c,-1560,0.0
20180517_FIRE_rm-n-mobo-c,-1500,0.0
20180517_FIRE_rm-n-mobo-c,-1440,0.0
20180517_FIRE_rm-n-mobo-c,-1380,0.0
20180517_FIRE_rm-n-mobo-c,-1320,0.0
20180517_FIRE_rm-n-mobo-c,-1260,0.0
20180517_FIRE_rm-n-mobo-c,-1200,0.0
20180517_FIRE_rm-n-mobo-c,-1140,0.0
20180517_FIRE_rm-n-mobo-c,-1080,0.0
20180517_FIRE_rm-n-mobo-c,-1020,0.0
20180517_FIRE_rm-n-mobo-c,-960,0.0
20180517_FIRE_rm-n-mobo-c,-900,0.0
20180517_FIRE_rm-n-mobo-c,-840,0.0
20180517_FIRE_rm-n-mobo-c,-780,0.0
20180517_FIRE_rm-n-mobo-c,-720,0.0
20180517_FIRE_rm-n-mobo-c,-660,0.0
20180517_FIRE_rm-n-mobo-c,-600,0.0
20180517_FIRE_rm-n-mobo-c,-540,0.0
20180517_FIRE_rm-n-mobo-c,-480,0.0
20180517_FIRE_rm-n-mobo-c,-420,0.0
20180517_FIRE_rm-n-mobo-c,-360,0.0
20180517_FIRE_rm-n-mobo-c,-300,0.0
20180517_FIRE_rm-n-mobo-c,-240,0.0
20180517_FIRE_rm-n-mobo-c,-180,0.0
20180517_FIRE_rm-n-mobo-c,-120,0.0
20180517_FIRE_rm-n-mobo-c,-60,0.0
20180517_FIRE_rm-n-mobo-c,0,0.0
20180517_FIRE_rm-n-mobo-c,60,0.0
20180517_FIRE_rm-n-mobo-c,120,0.0
20180517_FIRE_rm-n-mobo-c,180,0.0
20180517_FIRE_rm-n-mobo-c,240,0.0
20180517_FIRE_rm-n-mobo-c,300,0.0
20180517_FIRE_rm-n-mobo-c,360,0.0
20180517_FIRE_rm-n-mobo-c,420,0.0
20180517_FIRE_rm-n-mobo-c,480,0.0
20180517_FIRE_rm-n-mobo-c,540,0.0
20180517_FIRE_rm-n-mobo-c,600,0.0
20180517_FIRE_rm-n-mobo-c,660,0.0
20180517_FIRE_rm-n-mobo-c,720,0.0
20180517_FIRE_rm-n-mobo-c,780,0.0
20180517_FIRE_rm-n-mobo-c,840,0.0
20180517_FIRE_rm-n-mobo-c,900,0.0016380660235881805
20180517_FIRE_rm-n-mobo-c,960,0.06799393147230148
20180517_FIRE_rm-n-mobo-c,1020,0.024802427738904953
20180517_FIRE_rm-n-mobo-c,1080,0.008725783787667751
20180517_FIRE_rm-n-mobo-c,1140,0.003834543051198125
20180517_FIRE_rm-n-mobo-c,1200,0.00632524024695158
20180517_FIRE_rm-n-mobo-c,1260,0.11969322711229324
20180517_FIRE_rm-n-mobo-c,1320,0.18613508343696594
20180517_FIRE_rm-n-mobo-c,1380,0.0182692538946867
20180517_FIRE_rm-n-mobo-c,1440,0.011698300950229168
20180517_FIRE_rm-n-mobo-c,1500,0.0
20180517_FIRE_rm-n-mobo-c,1560,0.0
20180517_FIRE_rm-n-mobo-c,1620,0.0
20180517_FIRE_rm-n-mobo-c,1680,0.0
20180517_FIRE_rm-n-mobo-c,1740,0.0
20180517_FIRE_rm-n-mobo-c,1800,0.0
20180517_FIRE_rm-n-mobo-c,1860,0.0
20180517_FIRE_rm-n-mobo-c,1920,0.0
20180517_FIRE_rm-n-mobo-c,1980,0.0
20180517_FIRE_rm-n-mobo-c,2040,0.0
20180517_FIRE_rm-n-mobo-c,2100,0.0
20180517_FIRE_rm-n-mobo-c,2160,0.0
20180517_FIRE_rm-n-mobo-c,2220,0.0
20180517_FIRE_rm-n-mobo-c,2280,0.0
20180517_FIRE_rm-n-mobo-c,2340,0.006438279524445534
20180517_FIRE_rm-n-mobo-c,2400,0.012287601828575134
20180517_FIRE_smer-tcs10-mobo-c,-2400,0.0
20180517_FIRE_smer-tcs10-mobo-c,-2340,0.0
20180517_FIRE_smer-tcs10-mobo-c,-2280,0.0
20180517_FIRE_smer-tcs10-mobo-c,-2220,0.0
20180517_FIRE_smer-tcs10-mobo-c,-2160,0.0
20180517_FIRE_smer-tcs10-mobo-c,-2100,0.0
20180517_FIRE_smer-tcs10-mobo-c,-2040,0.0
20180517_FIRE_smer-tcs10-mobo-c,-1980,0.0
20180517_FIRE_smer-tcs10-mobo-c,-1920,0.0
20180517_FIRE_smer-tcs10-mobo-c,-1860,0.0
20180517_FIRE_smer-tcs10-mobo-c,-1800,0.0
20180517_FIRE_smer-tcs10-mobo-c,-1740,0.0
20180517_FIRE_smer-tcs10-mobo-c,-1680,0.0
20180517_FIRE_smer-tcs10-mobo-c,-1620,0.0
20180517_FIRE_smer-tcs10-mobo-c,-1560,0.0
20180517_FIRE_smer-tcs10-mobo-c,-1500,0.0
20180517_FIRE_smer-tcs10-mobo-c,-1440,0.0
20180517_FIRE_smer-tcs10-mobo-c,-1380,0.0
20180517_FIRE_smer-tcs10-mobo-c,-1320,0.0
20180517_FIRE_smer-tcs10-mobo-c,-1260,0.0
20180517_FIRE_smer-tcs10-mobo-c,-1200,0.0
20180517_FIRE_smer-tcs10-mobo-c,-1140,0.0
20180517_FIRE_smer-tcs10-mobo-c,-1080,0.0
20180517_FIRE_smer-tcs10-mobo-c,-1020,0.0
20180517_FIRE_smer-tcs10-mobo-c,-960,0.0
20180517_FIRE_smer-tcs10-mobo-c,-900,0.0
20180517_FIRE_smer-tcs10-mobo-c,-840,0.0
20180517_FIRE_smer-tcs10-mobo-c,-780,0.0
20180517_FIRE_smer-tcs10-mobo-c,-720,0.0
20180517_FIRE_smer-tcs10-mobo-c,-660,0.0
20180517_FIRE_smer-tcs10-mobo-c,-600,0.0
20180517_FIRE_smer-tcs10-mobo-c,-540,0.0
20180517_FIRE_smer-tcs10-mobo-c,-480,0.0
20180517_FIRE_smer-tcs10-mobo-c,-420,0.0
20180517_FIRE_smer-tcs10-mobo-c,-360,0.0
20180517_FIRE_smer-tcs10-mobo-c,-300,0.0
20180517_FIRE_smer-tcs10-mobo-c,-240,0.0
20180517_FIRE_smer-tcs10-mobo-c,-180,0.0
20180517_FIRE_smer-tcs10-mobo-c,-120,0.0
20180517_FIRE_smer-tcs10-mobo-c,-60,0.0
20180517_FIRE_smer-tcs10-mobo-c,0,0.0
20180517_FIRE_smer-tcs10-mobo-c,60,0.0
20180517_FIRE_smer-tcs10-mobo-c,120,0.0
20180517_FIRE_smer-tcs10-mobo-c,180,0.0023066445719450712
20180517_FIRE_smer-tcs10-mobo-c,240,0.0014254879206418991
20180517_FIRE_smer-tcs10-mobo-c,300,0.0013315767282620072
20180517_FIRE_smer-tcs10-mobo-c,360,0.0023088676389306784
20180517_FIRE_smer-tcs10-mobo-c,420,0.002134385285899043
20180517_FIRE_smer-tcs10-mobo-c,480,0.0
20180517_FIRE_smer-tcs10-mobo-c,540,0.0018801589030772448
20180517_FIRE_smer-tcs10-mobo-c,600,0.001914948457852006
20180517_FIRE_smer-tcs10-mobo-c,660,0.002686898922547698
20180517_FIRE_smer-tcs10-mobo-c,720,0.0018124154303222895
20180517_FIRE_smer-tcs10-mobo-c,780,0.002342402236536145
20180517_FIRE_smer-tcs10-mobo-c,840,0.0024541940074414015
20180517_FIRE_smer-tcs10-mobo-c,900,0.0015352088958024979
20180517_FIRE_smer-tcs10-mobo-c,960,0.0043717119842767715
20180517_FIRE_smer-tcs10-mobo-c,1020,0.011004365980625153
20180517_FIRE_smer-tcs10-mobo-c,1080,0.013037855736911297
20180517_FIRE_smer-tcs10-mobo-c,1140,0.01692669279873371
20180517_FIRE_smer-tcs10-mobo-c,1200,0.0032365848310291767
20180517_FIRE_smer-tcs10-mobo-c,1260,0.013865198940038681
20180517_FIRE_smer-tcs10-mobo-c,1320,0.013025864958763123
20180517_FIRE_smer-tcs10-mobo-c,1380,0.030027950182557106
20180517_FIRE_smer-tcs10-mobo-c,1440,0.02232211083173752
20180517_FIRE_smer-tcs10-mobo-c,1500,0.004167510662227869
20180517_FIRE_smer-tcs10-mobo-c,1560,0.0044239298440515995
20180517_FIRE_smer-tcs10-mobo-c,1620,0.0014734433498233557
20180517_FIRE_smer-tcs10-mobo-c,1680,0.0012948834337294102
20180517_FIRE_smer-tcs10-mobo-c,1740,0.0011204760521650314
20180517_FIRE_smer-tcs10-mobo-c,1800,0.0025501844938844442
20180517_FIRE_smer-tcs10-mobo-c,1860,0.0014726549852639437
20180517_FIRE_smer-tcs10-mobo-c,1920,0.0
20180517_FIRE_smer-tcs10-mobo-c,1980,0.001293967361561954
20180517_FIRE_smer-tcs10-mobo-c,2040,0.0
20180517_FIRE_smer-tcs10-mobo-c,2100,0.0
20180517_FIRE_smer-tcs10-mobo-c,2160,0.0
20180517_FIRE_smer-tcs10-mobo-c,2220,0.0
20180517_FIRE_smer-tcs10-mobo-c,2280,0.0
20180517_FIRE_smer-tcs10-mobo-c,2340,0.00450435234233737
20180517_FIRE_smer-tcs10-mobo-c,2400,0.0021316874772310257
20180522_FIRE_rm-e-mobo-c,-2400,0.0
20180522_FIRE_rm-e-mobo-c,-2340,0.00207563117146492
20180522_FIRE_rm-e-mobo-c,-2280,0.009690970182418823
20180522_FIRE_rm-e-mobo-c,-2220,0.0
20180522_FIRE_rm-e-mobo-c,-2160,0.0020386814139783382
20180522_FIRE_rm-e-mobo-c,-2100,0.0
20180522_FIRE_rm-e-mobo-c,-2040,0.0
20180522_FIRE_rm-e-mobo-c,-1980,0.0
20180522_FIRE_rm-e-mobo-c,-1920,0.0
20180522_FIRE_rm-e-mobo-c,-1860,0.0
20180522_FIRE_rm-e-mobo-c,-1800,0.0
20180522_FIRE_rm-e-mobo-c,-1740,0.0016717645339667797
20180522_FIRE_rm-e-mobo-c,-1680,0.0
20180522_FIRE_rm-e-mobo-c,-1620,0.0028639051597565413
20180522_FIRE_rm-e-mobo-c,-1560,0.0
20180522_FIRE_rm-e-mobo-c,-1500,0.001217429991811514
20180522_FIRE_rm-e-mobo-c,-1440,0.0
20180522_FIRE_rm-e-mobo-c,-1380,0.011922648176550865
20180522_FIRE_rm-e-mobo-c,-1320,0.029466599225997925
20180522_FIRE_rm-e-mobo-c,-1260,0.02591855265200138
20180522_FIRE_rm-e-mobo-c,-1200,0.02145163156092167
20180522_FIRE_rm-e-mobo-c,-1140,0.019252650439739227
20180522_FIRE_rm-e-mobo-c,-1080,0.02818533591926098
20180522_FIRE_rm-e-mobo-c,-1020,0.002445354126393795
20180522_FIRE_rm-e-mobo-c,-960,0.006113856099545956
20180522_FIRE_rm-e-mobo-c,-900,0.005092413164675236
20180522_FIRE_rm-e-mobo-c,-840,0.007465415168553591
20180522_FIRE_rm-e-mobo-c,-780,0.0
20180522_FIRE_rm-e-mobo-c,-720,0.0012691142037510872
20180522_FIRE_rm-e-mobo-c,-660,0.0
20180522_FIRE_rm-e-mobo-c,-600,0.025873025879263878
20180522_FIRE_rm-e-mobo-c,-540,0.00822669267654419
20180522_FIRE_rm-e-mobo-c,-480,0.01651572622358799
20180522_FIRE_rm-e-mobo-c,-420,0.006365036591887474
20180522_FIRE_rm-e-mobo-c,-360,0.0
20180522_FIRE_rm-e-mobo-c,-300,0.00415643909946084
20180522_FIRE_rm-e-mobo-c,-240,0.0034216437488794327
20180522_FIRE_rm-e-mobo-c,-180,0.0023623292800039053
20180522_FIRE_rm-e-mobo-c,-120,0.0014158369740471244
20180522_FIRE_rm-e-mobo-c,-60,0.003264461411163211
20180522_FIRE_rm-e-mobo-c,0,0.24021771550178528
20180522_FIRE_rm-e-mobo-c,60,0.6024401783943176
20180522_FIRE_rm-e-mobo-c,120,0.6539646983146667
20180522_FIRE_rm-e-mobo-c,180,0.05261405557394028
20180522_FIRE_rm-e-mobo-c,240,0.001123192603699863
20180522_FIRE_rm-e-mobo-c,300,0.032560743391513824
20180522_FIRE_rm-e-mobo-c,360,0.010450578294694424
20180522_FIRE_rm-e-mobo-c,420,0.6265828013420105
20180522_FIRE_rm-e-mobo-c,480,0.5539566278457642
20180522_FIRE_rm-e-mobo-c,540,0.3226966857910156
20180522_FIRE_rm-e-mobo-c,600,0.3150659203529358
20180522_FIRE_rm-e-mobo-c,660,0.027015894651412964
20180522_FIRE_rm-e-mobo-c,720,0.003185298526659608
20180522_FIRE_rm-e-mobo-c,780,0.004926251247525215
20180522_FIRE_rm-e-mobo-c,840,0.05593941733241081
20180522_FIRE_rm-e-mobo-c,900,0.0438128337264061
20180522_FIRE_rm-e-mobo-c,960,0.17399100959300995
20180522_FIRE_rm-e-mobo-c,1020,0.2605421245098114
20180522_FIRE_rm-e-mobo-c,1080,0.1950758844614029
20180522_FIRE_rm-e-mobo-c,1140,0.32365602254867554
20180522_FIRE_rm-e-mobo-c,1200,0.21477246284484863
20180522_FIRE_rm-e-mobo-c,1260,0.026226935908198357
20180522_FIRE_rm-e-mobo-c,1320,0.3169326186180115
20180522_FIRE_rm-e-mobo-c,1380,0.3987928032875061
20180522_FIRE_rm-e-mobo-c,1440,0.12287656217813492
20180522_FIRE_rm-e-mobo-c,1500,0.397562175989151
20180522_FIRE_rm-e-mobo-c,1560,0.6595951318740845
20180522_FIRE_rm-e-mobo-c,1620,0.7114626169204712
20180522_FIRE_rm-e-mobo-c,1680,0.43559470772743225
20180522_FIRE_rm-e-mobo-c,1740,0.33927157521247864
20180522_FIRE_rm-e-mobo-c,1800,0.634716272354126
20180522_FIRE_rm-e-mobo-c,1860,0.5427830815315247
20180522_FIRE_rm-e-mobo-c,1920,0.11599279195070267
20180522_FIRE_rm-e-mobo-c,1980,0.11788585036993027
20180522_FIRE_rm-e-mobo-c,2040,0.44024986028671265
20180522_FIRE_rm-e-mobo-c,2100,0.3375881612300873
20180522_FIRE_rm-e-mobo-c,2160,0.18220843374729156
20180522_FIRE_rm-e-mobo-c,2220,0.3318091034889221
20180522_FIRE_rm-e-mobo-c,2280,0.41960591077804565
20180522_FIRE_rm-e-mobo-c,2340,0.4285677969455719
20180522_FIRE_rm-e-mobo-c,2400,0.27732205390930176
20180602_Alison_sp-s-mobo-c,-2400,0.001731970813125372
20180602_Alison_sp-s-mobo-c,-2340,0.001112140016630292
20180602_Alison_sp-s-mobo-c,-2280,0.0010208494495600462
20180602_Alison_sp-s-mobo-c,-2220,0.0012601219350472093
20180602_Alison_sp-s-mobo-c,-2160,0.0010060147615149617
20180602_Alison_sp-s-mobo-c,-2100,0.001132324687205255
20180602_Alison_sp-s-mobo-c,-2040,0.0
20180602_Alison_sp-s-mobo-c,-1980,0.0011476349318400025
20180602_Alison_sp-s-mobo-c,-1920,0.0012117807054892182
20180602_Alison_sp-s-mobo-c,-1860,0.0010165950516238809
20180602_Alison_sp-s-mobo-c,-1800,0.0013073338195681572
20180602_Alison_sp-s-mobo-c,-1740,0.0016181484097614884
20180602_Alison_sp-s-mobo-c,-1680,0.0023662331514060497
20180602_Alison_sp-s-mobo-c,-1620,0.0016228334279730916
20180602_Alison_sp-s-mobo-c,-1560,0.0016438914462924004
20180602_Alison_sp-s-mobo-c,-1500,0.0012240997748449445
20180602_Alison_sp-s-mobo-c,-1440,0.0010324454633519053
20180602_Alison_sp-s-mobo-c,-1380,0.0015578794991597533
20180602_Alison_sp-s-mobo-c,-1320,0.001075665233656764
20180602_Alison_sp-s-mobo-c,-1260,0.0010802014730870724
20180602_Alison_sp-s-mobo-c,-1200,0.0
20180602_Alison_sp-s-mobo-c,-1140,0.0
20180602_Alison_sp-s-mobo-c,-1080,0.0015239169588312507
20180602_Alison_sp-s-mobo-c,-1020,0.0011251447722315788
20180602_Alison_sp-s-mobo-c,-960,0.0
20180602_Alison_sp-s-mobo-c,-900,0.001702557085081935
20180602_Alison_sp-s-mobo-c,-840,0.0
20180602_Alison_sp-s-mobo-c,-780,0.0011898113880306482
20180602_Alison_sp-s-mobo-c,-720,0.0014965878799557686
20180602_Alison_sp-s-mobo-c,-660,0.0
20180602_Alison_sp-s-mobo-c,-600,0.0
20180602_Alison_sp-s-mobo-c,-540,0.0
20180602_Alison_sp-s-mobo-c,-480,0.0013436422450467944
20180602_Alison_sp-s-mobo-c,-420,0.0010255191009491682
20180602_Alison_sp-s-mobo-c,-360,0.0
20180602_Alison_sp-s-mobo-c,-300,0.0
20180602_Alison_sp-s-mobo-c,-240,0.0013846475630998611
20180602_Alison_sp-s-mobo-c,-180,0.002279996406286955
20180602_Alison_sp-s-mobo-c,-120,0.001306127873249352
20180602_Alison_sp-s-mobo-c,-60,0.001704969210550189
20180602_Alison_sp-s-mobo-c,0,0.0011228203075006604
20180602_Alison_sp-s-mobo-c,60,0.002861868590116501
20180602_Alison_sp-s-mobo-c,120,0.0017836627084761858
20180602_Alison_sp-s-mobo-c,180,0.0030984964687377214
20180602_Alison_sp-s-mobo-c,240,0.0011419833172112703
20180602_Alison_sp-s-mobo-c,300,0.00118283461779356
20180602_Alison_sp-s-mobo-c,360,0.001093015423975885
20180602_Alison_sp-s-mobo-c,420,0.0012496956624090672
20180602_Alison_sp-s-mobo-c,480,0.0011090714251622558
20180602_Alison_sp-s-mobo-c,540,0.0
20180602_Alison_sp-s-mobo-c,600,0.0
20180602_Alison_sp-s-mobo-c,660,0.004577343817800283
20180602_Alison_sp-s-mobo-c,720,0.0
20180602_Alison_sp-s-mobo-c,780,0.0
20180602_Alison_sp-s-mobo-c,840,0.0
20180602_Alison_sp-s-mobo-c,900,0.0015852509532123804
20180602_Alison_sp-s-mobo-c,960,0.0
20180602_Alison_sp-s-mobo-c,1020,0.0
20180602_Alison_sp-s-mobo-c,1080,0.0015833382494747639
20180602_Alison_sp-s-mobo-c,1140,0.0
20180602_Alison_sp-s-mobo-c,1200,0.0012346890289336443
20180602_Alison_sp-s-mobo-c,1260,0.002104794606566429
20180602_Alison_sp-s-mobo-c,1320,0.0014896761858835816
20180602_Alison_sp-s-mobo-c,1380,0.005372142419219017
20180602_Alison_sp-s-mobo-c,1440,0.002090377965942025
20180602_Alison_sp-s-mobo-c,1500,0.001889059436507523
20180602_Alison_sp-s-mobo-c,1560,0.0010302170412614942
20180602_Alison_sp-s-mobo-c,1620,0.0025949873961508274
20180602_Alison_sp-s-mobo-c,1680,0.0049586109817028046
20180602_Alison_sp-s-mobo-c,1740,0.001327367965131998
20180602_Alison_sp-s-mobo-c,1800,0.0020305723883211613
20180602_Alison_sp-s-mobo-c,1860,0.003946715034544468
20180602_Alison_sp-s-mobo-c,1920,0.0024415303487330675
20180602_Alison_sp-s-mobo-c,1980,0.0011286186054348946
20180602_Alison_sp-s-mobo-c,2040,0.004598427563905716
20180602_Alison_sp-s-mobo-c,2100,0.0
20180602_Alison_sp-s-mobo-c,2160,0.0019877685699611902
20180602_Alison_sp-s-mobo-c,2220,0.0
20180602_Alison_sp-s-mobo-c,2280,0.002999780233949423
20180602_Alison_sp-s-mobo-c,2340,0.00482929078862071
20180602_Alison_sp-s-mobo-c,2400,0.0019249244360253215
20180602_Alison_sp-w-mobo-c,-2400,0.0
20180602_Alison_sp-w-mobo-c,-2340,0.0
20180602_Alison_sp-w-mobo-c,-2280,0.001279827207326889
20180602_Alison_sp-w-mobo-c,-2220,0.0
20180602_Alison_sp-w-mobo-c,-2160,0.0
20180602_Alison_sp-w-mobo-c,-2100,0.0
20180602_Alison_sp-w-mobo-c,-2040,0.0
20180602_Alison_sp-w-mobo-c,-1980,0.0
20180602_Alison_sp-w-mobo-c,-1920,0.0
20180602_Alison_sp-w-mobo-c,-1860,0.0
20180602_Alison_sp-w-mobo-c,-1800,0.0
20180602_Alison_sp-w-mobo-c,-1740,0.0
20180602_Alison_sp-w-mobo-c,-1680,0.0
20180602_Alison_sp-w-mobo-c,-1620,0.0
20180602_Alison_sp-w-mobo-c,-1560,0.0
20180602_Alison_sp-w-mobo-c,-1500,0.0
20180602_Alison_sp-w-mobo-c,-1440,0.0
20180602_Alison_sp-w-mobo-c,-1380,0.0
20180602_Alison_sp-w-mobo-c,-1320,0.0
20180602_Alison_sp-w-mobo-c,-1260,0.0
20180602_Alison_sp-w-mobo-c,-1200,0.0
20180602_Alison_sp-w-mobo-c,-1140,0.0
20180602_Alison_sp-w-mobo-c,-1080,0.0
20180602_Alison_sp-w-mobo-c,-1020,0.0
20180602_Alison_sp-w-mobo-c,-960,0.0
20180602_Alison_sp-w-mobo-c,-900,0.0
20180602_Alison_sp-w-mobo-c,-840,0.0
20180602_Alison_sp-w-mobo-c,-780,0.0
20180602_Alison_sp-w-mobo-c,-720,0.0
20180602_Alison_sp-w-mobo-c,-660,0.0
20180602_Alison_sp-w-mobo-c,-600,0.0
20180602_Alison_sp-w-mobo-c,-540,0.0
20180602_Alison_sp-w-mobo-c,-480,0.0
20180602_Alison_sp-w-mobo-c,-420,0.0
20180602_Alison_sp-w-mobo-c,-360,0.0
20180602_Alison_sp-w-mobo-c,-300,0.0
20180602_Alison_sp-w-mobo-c,-240,0.0
20180602_Alison_sp-w-mobo-c,-180,0.0
20180602_Alison_sp-w-mobo-c,-120,0.0
20180602_Alison_sp-w-mobo-c,-60,0.0
20180602_Alison_sp-w-mobo-c,0,0.0
20180602_Alison_sp-w-mobo-c,60,0.0
20180602_Alison_sp-w-mobo-c,120,0.001237850752659142
20180602_Alison_sp-w-mobo-c,180,0.003507060930132866
20180602_Alison_sp-w-mobo-c,240,0.004421926569193602
20180602_Alison_sp-w-mobo-c,300,0.0020417366176843643
20180602_Alison_sp-w-mobo-c,360,0.0017066524596884847
20180602_Alison_sp-w-mobo-c,420,0.0020945160649716854
20180602_Alison_sp-w-mobo-c,480,0.0022528052795678377
20180602_Alison_sp-w-mobo-c,540,0.0
20180602_Alison_sp-w-mobo-c,600,0.0
20180602_Alison_sp-w-mobo-c,660,0.0
20180602_Alison_sp-w-mobo-c,720,0.0
20180602_Alison_sp-w-mobo-c,780,0.0
20180602_Alison_sp-w-mobo-c,840,0.0013362773461267352
20180602_Alison_sp-w-mobo-c,900,0.0
20180602_Alison_sp-w-mobo-c,960,0.002111925510689616
20180602_Alison_sp-w-mobo-c,1020,0.001782552688382566
20180602_Alison_sp-w-mobo-c,1080,0.0
20180602_Alison_sp-w-mobo-c,1140,0.0025292832870036364
20180602_Alison_sp-w-mobo-c,1200,0.0010902658104896545
20180602_Alison_sp-w-mobo-c,1260,0.0028226529248058796
20180602_Alison_sp-w-mobo-c,1320,0.0
20180602_Alison_sp-w-mobo-c,1380,0.001041113631799817
20180602_Alison_sp-w-mobo-c,1440,0.0
20180602_Alison_sp-w-mobo-c,1500,0.0034276326186954975
20180602_Alison_sp-w-mobo-c,1560,0.0
20180602_Alison_sp-w-mobo-c,1620,0.0
20180602_Alison_sp-w-mobo-c,1680,0.0
20180602_Alison_sp-w-mobo-c,1740,0.0010787498904392123
20180602_Alison_sp-w-mobo-c,1800,0.0
20180602_Alison_sp-w-mobo-c,1860,0.0
20180602_Alison_sp-w-mobo-c,1920,0.0
20180602_Alison_sp-w-mobo-c,1980,0.0
20180602_Alison_sp-w-mobo-c,2040,0.0
20180602_Alison_sp-w-mobo-c,2100,0.0
20180602_Alison_sp-w-mobo-c,2160,0.0
20180602_Alison_sp-w-mobo-c,2220,0.001113886828534305
20180602_Alison_sp-w-mobo-c,2280,0.0013044625520706177
20180602_Alison_sp-w-mobo-c,2340,0.0029014439787715673
20180602_Alison_sp-w-mobo-c,2400,0.0018370120087638497
20180602_FIRE_rm-n-mobo-c,-2400,0.0
20180602_FIRE_rm-n-mobo-c,-2340,0.0
20180602_FIRE_rm-n-mobo-c,-2280,0.0
20180602_FIRE_rm-n-mobo-c,-2220,0.0
20180602_FIRE_rm-n-mobo-c,-2160,0.0
20180602_FIRE_rm-n-mobo-c,-2100,0.0
20180602_FIRE_rm-n-mobo-c,-2040,0.0
20180602_FIRE_rm-n-mobo-c,-1980,0.0
20180602_FIRE_rm-n-mobo-c,-1920,0.0
20180602_FIRE_rm-n-mobo-c,-1860,0.0
20180602_FIRE_rm-n-mobo-c,-1800,0.0
20180602_FIRE_rm-n-mobo-c,-1740,0.0
20180602_FIRE_rm-n-mobo-c,-1680,0.0
20180602_FIRE_rm-n-mobo-c,-1620,0.0
20180602_FIRE_rm-n-mobo-c,-1560,0.0
20180602_FIRE_rm-n-mobo-c,-1500,0.0
20180602_FIRE_rm-n-mobo-c,-1440,0.0
20180602_FIRE_rm-n-mobo-c,-1380,0.0
20180602_FIRE_rm-n-mobo-c,-1320,0.0
20180602_FIRE_rm-n-mobo-c,-1260,0.0
20180602_FIRE_rm-n-mobo-c,-1200,0.0
20180602_FIRE_rm-n-mobo-c,-1140,0.0
20180602_FIRE_rm-n-mobo-c,-1080,0.0
20180602_FIRE_rm-n-mobo-c,-1020,0.0
20180602_FIRE_rm-n-mobo-c,-960,0.0
20180602_FIRE_rm-n-mobo-c,-900,0.0
20180602_FIRE_rm-n-mobo-c,-840,0.0
20180602_FIRE_rm-n-mobo-c,-780,0.0
20180602_FIRE_rm-n-mobo-c,-720,0.0
20180602_FIRE_rm-n-mobo-c,-660,0.0
20180602_FIRE_rm-n-mobo-c,-600,0.0
20180602_FIRE_rm-n-mobo-c,-540,0.0
20180602_FIRE_rm-n-mobo-c,-480,0.0
20180602_FIRE_rm-n-mobo-c,-420,0.0
20180602_FIRE_rm-n-mobo-c,-360,0.0
20180602_FIRE_rm-n-mobo-c,-300,0.0
20180602_FIRE_rm-n-mobo-c,-240,0.0
20180602_FIRE_rm-n-mobo-c,-180,0.0
20180602_FIRE_rm-n-mobo-c,-120,0.0
20180602_FIRE_rm-n-mobo-c,-60,0.0
20180602_FIRE_rm-n-mobo-c,0,0.0
20180602_FIRE_rm-n-mobo-c,60,0.0011499307584017515
20180602_FIRE_rm-n-mobo-c,120,0.0
20180602_FIRE_rm-n-mobo-c,180,0.0014284292701631784
20180602_FIRE_rm-n-mobo-c,240,0.0
20180602_FIRE_rm-n-mobo-c,300,0.0
20180602_FIRE_rm-n-mobo-c,360,0.0
20180602_FIRE_rm-n-mobo-c,420,0.0
20180602_FIRE_rm-n-mobo-c,480,0.0033314370084553957
20180602_FIRE_rm-n-mobo-c,540,0.0
20180602_FIRE_rm-n-mobo-c,600,0.0
20180602_FIRE_rm-n-mobo-c,660,0.0
20180602_FIRE_rm-n-mobo-c,720,0.12658429145812988
20180602_FIRE_rm-n-mobo-c,780,0.001164018176496029
20180602_FIRE_rm-n-mobo-c,840,0.08721298724412918
20180602_FIRE_rm-n-mobo-c,900,0.00115131342317909
20180602_FIRE_rm-n-mobo-c,960,0.025972623378038406
20180602_FIRE_rm-n-mobo-c,1020,0.005169898271560669
20180602_FIRE_rm-n-mobo-c,1080,0.0
20180602_FIRE_rm-n-mobo-c,1140,0.11837474256753922
20180602_FIRE_rm-n-mobo-c,1200,0.003514624899253249
20180602_FIRE_rm-n-mobo-c,1260,0.3519805073738098
20180602_FIRE_rm-n-mobo-c,1320,0.3723059296607971
20180602_FIRE_rm-n-mobo-c,1380,0.10726173967123032
20180602_FIRE_rm-n-mobo-c,1440,0.011178305372595787
20180602_FIRE_rm-n-mobo-c,1500,0.13991625607013702
20180602_FIRE_rm-n-mobo-c,1560,0.045314155519008636
20180602_FIRE_rm-n-mobo-c,1620,0.0682440772652626
20180602_FIRE_rm-n-mobo-c,1680,0.20266947150230408
20180602_FIRE_rm-n-mobo-c,1740,0.04299181327223778
20180602_FIRE_rm-n-mobo-c,1800,0.025899285450577736
20180602_FIRE_rm-n-mobo-c,1860,0.05147422105073929
20180602_FIRE_rm-n-mobo-c,1920,0.10431405901908875
20180602_FIRE_rm-n-mobo-c,1980,0.005199737381190062
20180602_FIRE_rm-n-mobo-c,2040,0.01375205721706152
20180602_FIRE_rm-n-mobo-c,2100,0.014830444008111954
20180602_FIRE_rm-n-mobo-c,2160,0.41398537158966064
20180602_FIRE_rm-n-mobo-c,2220,0.24452875554561615
20180602_FIRE_rm-n-mobo-c,2280,0.00907791405916214
20180602_FIRE_rm-n-mobo-c,2340,0.09781074523925781
20180602_FIRE_rm-n-mobo-c,2400,0.09810572862625122
20180602_FIRE_smer-tcs8-mobo-c,-2400,0.0
20180602_FIRE_smer-tcs8-mobo-c,-2340,0.0025674807839095592
20180602_FIRE_smer-tcs8-mobo-c,-2280,0.003024275880306959
20180602_FIRE_smer-tcs8-mobo-c,-2220,0.0010204920545220375
20180602_FIRE_smer-tcs8-mobo-c,-2160,0.028633804991841316
20180602_FIRE_smer-tcs8-mobo-c,-2100,0.0
20180602_FIRE_smer-tcs8-mobo-c,-2040,0.0018976046703755856
20180602_FIRE_smer-tcs8-mobo-c,-1980,0.0013833466218784451
20180602_FIRE_smer-tcs8-mobo-c,-1920,0.003348166588693857
20180602_FIRE_smer-tcs8-mobo-c,-1860,0.012072088196873665
20180602_FIRE_smer-tcs8-mobo-c,-1800,0.003572616493329406
20180602_FIRE_smer-tcs8-mobo-c,-1740,0.0024655999150127172
20180602_FIRE_smer-tcs8-mobo-c,-1680,0.0023135121446102858
20180602_FIRE_smer-tcs8-mobo-c,-1620,0.0030793987680226564
20180602_FIRE_smer-tcs8-mobo-c,-1560,0.014754211530089378
20180602_FIRE_smer-tcs8-mobo-c,-1500,0.0
20180602_FIRE_smer-tcs8-mobo-c,-1440,0.002199027920141816
20180602_FIRE_smer-tcs8-mobo-c,-1380,0.001075409003533423
20180602_FIRE_smer-tcs8-mobo-c,-1320,0.011027660220861435
20180602_FIRE_smer-tcs8-mobo-c,-1260,0.003602180629968643
20180602_FIRE_smer-tcs8-mobo-c,-1200,0.001955133629962802
20180602_FIRE_smer-tcs8-mobo-c,-1140,0.0
20180602_FIRE_smer-tcs8-mobo-c,-1080,0.0017594132805243134
20180602_FIRE_smer-tcs8-mobo-c,-1020,0.0
20180602_FIRE_smer-tcs8-mobo-c,-960,0.0015583749627694488
20180602_FIRE_smer-tcs8-mobo-c,-900,0.0019445709185674787
20180602_FIRE_smer-tcs8-mobo-c,-840,0.001503758947364986
20180602_FIRE_smer-tcs8-mobo-c,-780,0.0019986957777291536
20180602_FIRE_smer-tcs8-mobo-c,-720,0.0016394297126680613
20180602_FIRE_smer-tcs8-mobo-c,-660,0.0019025111105293036
20180602_FIRE_smer-tcs8-mobo-c,-600,0.0020275309216231108
20180602_FIRE_smer-tcs8-mobo-c,-540,0.0018343140836805105
20180602_FIRE_smer-tcs8-mobo-c,-480,0.002403188031166792
20180602_FIRE_smer-tcs8-mobo-c,-420,0.002969196764752269
20180602_FIRE_smer-tcs8-mobo-c,-360,0.001460944302380085
20180602_FIRE_smer-tcs8-mobo-c,-300,0.002369306981563568
20180602_FIRE_smer-tcs8-mobo-c,-240,0.0014861170202493668
20180602_FIRE_smer-tcs8-mobo-c,-180,0.009561422280967236
20180602_FIRE_smer-tcs8-mobo-c,-120,0.002025891561061144
20180602_FIRE_smer-tcs8-mobo-c,-60,0.002866208553314209
20180602_FIRE_smer-tcs8-mobo-c,0,0.008857149630784988
20180602_FIRE_smer-tcs8-mobo-c,60,0.008699080906808376
20180602_FIRE_smer-tcs8-mobo-c,120,0.009112745523452759
20180602_FIRE_smer-tcs8-mobo-c,180,0.4720391035079956
20180602_FIRE_smer-tcs8-mobo-c,240,0.13569088280200958
20180602_FIRE_smer-tcs8-mobo-c,300,0.11600814014673233
20180602_FIRE_smer-tcs8-mobo-c,360,0.3949300944805145
20180602_FIRE_smer-tcs8-mobo-c,420,0.41543376445770264
20180602_FIRE_smer-tcs8-mobo-c,480,0.10034625232219696
20180602_FIRE_smer-tcs8-mobo-c,540,0.05761487036943436
20180602_FIRE_smer-tcs8-mobo-c,600,0.01804877631366253
20180602_FIRE_smer-tcs8-mobo-c,660,0.0024157545994967222
20180602_FIRE_smer-tcs8-mobo-c,720,0.0
20180602_FIRE_smer-tcs8-mobo-c,780,0.009198490530252457
20180602_FIRE_smer-tcs8-mobo-c,840,0.00579153373837471
20180602_FIRE_smer-tcs8-mobo-c,900,0.0015918049030005932
20180602_FIRE_smer-tcs8-mobo-c,960,0.0
20180602_FIRE_smer-tcs8-mobo-c,1020,0.0
20180602_FIRE_smer-tcs8-mobo-c,1080,0.0
20180602_FIRE_smer-tcs8-mobo-c,1140,0.0
20180602_FIRE_smer-tcs8-mobo-c,1200,0.0
20180602_FIRE_smer-tcs8-mobo-c,1260,0.0
20180602_FIRE_smer-tcs8-mobo-c,1320,0.0
20180602_FIRE_smer-tcs8-mobo-c,1380,0.0
20180602_FIRE_smer-tcs8-mobo-c,1440,0.0
20180602_FIRE_smer-tcs8-mobo-c,1500,0.001354068866930902
20180602_FIRE_smer-tcs8-mobo-c,1560,0.0
20180602_FIRE_smer-tcs8-mobo-c,1620,0.0
20180602_FIRE_smer-tcs8-mobo-c,1680,0.0
20180602_FIRE_smer-tcs8-mobo-c,1740,0.0
20180602_FIRE_smer-tcs8-mobo-c,1800,0.0
20180602_FIRE_smer-tcs8-mobo-c,1860,0.0
20180602_FIRE_smer-tcs8-mobo-c,1920,0.0
20180602_FIRE_smer-tcs8-mobo-c,1980,0.0
20180602_FIRE_smer-tcs8-mobo-c,2040,0.0
20180602_FIRE_smer-tcs8-mobo-c,2100,0.0
20180602_FIRE_smer-tcs8-mobo-c,2160,0.0
20180602_FIRE_smer-tcs8-mobo-c,2220,0.0
20180602_FIRE_smer-tcs8-mobo-c,2280,0.0
20180602_FIRE_smer-tcs8-mobo-c,2340,0.0014505209401249886
20180602_FIRE_smer-tcs8-mobo-c,2400,0.0017472110921517015
20180602_FIRE_smer-tcs9-mobo-c,-2400,0.0
20180602_FIRE_smer-tcs9-mobo-c,-2340,0.0
20180602_FIRE_smer-tcs9-mobo-c,-2280,0.0
20180602_FIRE_smer-tcs9-mobo-c,-2220,0.0
20180602_FIRE_smer-tcs9-mobo-c,-2160,0.0
20180602_FIRE_smer-tcs9-mobo-c,-2100,0.0
20180602_FIRE_smer-tcs9-mobo-c,-2040,0.0
20180602_FIRE_smer-tcs9-mobo-c,-1980,0.0
20180602_FIRE_smer-tcs9-mobo-c,-1920,0.0
20180602_FIRE_smer-tcs9-mobo-c,-1860,0.0
20180602_FIRE_smer-tcs9-mobo-c,-1800,0.0
20180602_FIRE_smer-tcs9-mobo-c,-1740,0.0
20180602_FIRE_smer-tcs9-mobo-c,-1680,0.0
20180602_FIRE_smer-tcs9-mobo-c,-1620,0.0
20180602_FIRE_smer-tcs9-mobo-c,-1560,0.0
20180602_FIRE_smer-tcs9-mobo-c,-1500,0.0
20180602_FIRE_smer-tcs9-mobo-c,-1440,0.0
20180602_FIRE_smer-tcs9-mobo-c,-1380,0.0
20180602_FIRE_smer-tcs9-mobo-c,-1320,0.0
20180602_FIRE_smer-tcs9-mobo-c,-1260,0.0
20180602_FIRE_smer-tcs9-mobo-c,-1200,0.0
20180602_FIRE_smer-tcs9-mobo-c,-1140,0.0
20180602_FIRE_smer-tcs9-mobo-c,-1080,0.0
20180602_FIRE_smer-tcs9-mobo-c,-1020,0.0
20180602_FIRE_smer-tcs9-mobo-c,-960,0.0
20180602_FIRE_smer-tcs9-mobo-c,-900,0.0
20180602_FIRE_smer-tcs9-mobo-c,-840,0.0
20180602_FIRE_smer-tcs9-mobo-c,-780,0.0
20180602_FIRE_smer-tcs9-mobo-c,-720,0.0
20180602_FIRE_smer-tcs9-mobo-c,-660,0.0
20180602_FIRE_smer-tcs9-mobo-c,-600,0.0
20180602_FIRE_smer-tcs9-mobo-c,-540,0.0
20180602_FIRE_smer-tcs9-mobo-c,-480,0.0
20180602_FIRE_smer-tcs9-mobo-c,-420,0.0
20180602_FIRE_smer-tcs9-mobo-c,-360,0.0
20180602_FIRE_smer-tcs9-mobo-c,-300,0.0
20180602_FIRE_smer-tcs9-mobo-c,-240,0.0
20180602_FIRE_smer-tcs9-mobo-c,-180,0.0
20180602_FIRE_smer-tcs9-mobo-c,-120,0.0
20180602_FIRE_smer-tcs9-mobo-c,-60,0.0
20180602_FIRE_smer-tcs9-mobo-c,0,0.0
20180602_FIRE_smer-tcs9-mobo-c,60,0.0
20180602_FIRE_smer-tcs9-mobo-c,120,0.002481504576280713
20180602_FIRE_smer-tcs9-mobo-c,180,0.2916933298110962
20180602_FIRE_smer-tcs9-mobo-c,240,0.0037085525691509247
20180602_FIRE_smer-tcs9-mobo-c,300,0.003691996680572629
20180602_FIRE_smer-tcs9-mobo-c,360,0.14240500330924988
20180602_FIRE_smer-tcs9-mobo-c,420,0.01830829493701458
20180602_FIRE_smer-tcs9-mobo-c,480,0.010842335410416126
20180602_FIRE_smer-tcs9-mobo-c,540,0.0
20180602_FIRE_smer-tcs9-mobo-c,600,0.0017267377115786076
20180602_FIRE_smer-tcs9-mobo-c,660,0.0015438755508512259
20180602_FIRE_smer-tcs9-mobo-c,720,0.0014020061353221536
20180602_FIRE_smer-tcs9-mobo-c,780,0.003394241677597165
20180602_FIRE_smer-tcs9-mobo-c,840,0.0016907484969124198
20180602_FIRE_smer-tcs9-mobo-c,900,0.003996504936367273
20180602_FIRE_smer-tcs9-mobo-c,960,0.0
20180602_FIRE_smer-tcs9-mobo-c,1020,0.004057323560118675
20180602_FIRE_smer-tcs9-mobo-c,1080,0.003628023201599717
20180602_FIRE_smer-tcs9-mobo-c,1140,0.0
20180602_FIRE_smer-tcs9-mobo-c,1200,0.0
20180602_FIRE_smer-tcs9-mobo-c,1260,0.0
20180602_FIRE_smer-tcs9-mobo-c,1320,0.0
20180602_FIRE_smer-tcs9-mobo-c,1380,0.0
20180602_FIRE_smer-tcs9-mobo-c,1440,0.0
20180602_FIRE_smer-tcs9-mobo-c,1500,0.0
20180602_FIRE_smer-tcs9-mobo-c,1560,0.0
20180602_FIRE_smer-tcs9-mobo-c,1620,0.0
20180602_FIRE_smer-tcs9-mobo-c,1680,0.0
20180602_FIRE_smer-tcs9-mobo-c,1740,0.0
20180602_FIRE_smer-tcs9-mobo-c,1800,0.0
20180602_FIRE_smer-tcs9-mobo-c,1860,0.0
20180602_FIRE_smer-tcs9-mobo-c,1920,0.0
20180602_FIRE_smer-tcs9-mobo-c,1980,0.0
20180602_FIRE_smer-tcs9-mobo-c,2040,0.0
20180602_FIRE_smer-tcs9-mobo-c,2100,0.0
20180602_FIRE_smer-tcs9-mobo-c,2160,0.0
20180602_FIRE_smer-tcs9-mobo-c,2220,0.0
20180602_FIRE_smer-tcs9-mobo-c,2280,0.0018895961111411452
20180602_FIRE_smer-tcs9-mobo-c,2340,0.002513694576919079
20180602_FIRE_smer-tcs9-mobo-c,2400,0.002818585140630603
20180603_FIRE_bl-s-mobo-c,-2400,0.0
20180603_FIRE_bl-s-mobo-c,-2340,0.0
20180603_FIRE_bl-s-mobo-c,-2280,0.0
20180603_FIRE_bl-s-mobo-c,-2220,0.0
20180603_FIRE_bl-s-mobo-c,-2160,0.0
20180603_FIRE_bl-s-mobo-c,-2100,0.0
20180603_FIRE_bl-s-mobo-c,-2040,0.0
20180603_FIRE_bl-s-mobo-c,-1980,0.0
20180603_FIRE_bl-s-mobo-c,-1920,0.0
20180603_FIRE_bl-s-mobo-c,-1860,0.0
20180603_FIRE_bl-s-mobo-c,-1800,0.0
20180603_FIRE_bl-s-mobo-c,-1740,0.0
20180603_FIRE_bl-s-mobo-c,-1680,0.0
20180603_FIRE_bl-s-mobo-c,-1620,0.0
20180603_FIRE_bl-s-mobo-c,-1560,0.0
20180603_FIRE_bl-s-mobo-c,-1500,0.0
20180603_FIRE_bl-s-mobo-c,-1440,0.0
20180603_FIRE_bl-s-mobo-c,-1380,0.0
20180603_FIRE_bl-s-mobo-c,-1320,0.0
20180603_FIRE_bl-s-mobo-c,-1260,0.0
20180603_FIRE_bl-s-mobo-c,-1200,0.0
20180603_FIRE_bl-s-mobo-c,-1140,0.0
20180603_FIRE_bl-s-mobo-c,-1080,0.0
20180603_FIRE_bl-s-mobo-c,-1020,0.0
20180603_FIRE_bl-s-mobo-c,-960,0.0
20180603_FIRE_bl-s-mobo-c,-900,0.0
20180603_FIRE_bl-s-mobo-c,-840,0.0
20180603_FIRE_bl-s-mobo-c,-780,0.0
20180603_FIRE_bl-s-mobo-c,-720,0.0
20180603_FIRE_bl-s-mobo-c,-660,0.0
20180603_FIRE_bl-s-mobo-c,-600,0.0
20180603_FIRE_bl-s-mobo-c,-540,0.0
20180603_FIRE_bl-s-mobo-c,-480,0.0
20180603_FIRE_bl-s-mobo-c,-420,0.0
20180603_FIRE_bl-s-mobo-c,-360,0.0
20180603_FIRE_bl-s-mobo-c,-300,0.0
20180603_FIRE_bl-s-mobo-c,-240,0.0
20180603_FIRE_bl-s-mobo-c,-180,0.0
20180603_FIRE_bl-s-mobo-c,-120,0.0
20180603_FIRE_bl-s-mobo-c,-60,0.0
20180603_FIRE_bl-s-mobo-c,0,0.0
20180603_FIRE_bl-s-mobo-c,60,0.07604310661554337
20180603_FIRE_bl-s-mobo-c,120,0.15305611491203308
20180603_FIRE_bl-s-mobo-c,180,0.07381986081600189
20180603_FIRE_bl-s-mobo-c,240,0.023745274171233177
20180603_FIRE_bl-s-mobo-c,300,0.3360850214958191
20180603_FIRE_bl-s-mobo-c,360,0.43167006969451904
20180603_FIRE_bl-s-mobo-c,420,0.4256206154823303
20180603_FIRE_bl-s-mobo-c,480,0.4267764985561371
20180603_FIRE_bl-s-mobo-c,540,0.1875326782464981
20180603_FIRE_bl-s-mobo-c,600,0.014741544611752033
20180603_FIRE_bl-s-mobo-c,660,0.0
20180603_FIRE_bl-s-mobo-c,720,0.05333033949136734
20180603_FIRE_bl-s-mobo-c,780,0.058243278414011
20180603_FIRE_bl-s-mobo-c,840,0.015048028901219368
20180603_FIRE_bl-s-mobo-c,900,0.07382547855377197
20180603_FIRE_bl-s-mobo-c,960,0.03197132423520088
20180603_FIRE_bl-s-mobo-c,1020,0.006438962649554014
20180603_FIRE_bl-s-mobo-c,1080,0.15833035111427307
20180603_FIRE_bl-s-mobo-c,1140,0.049884118139743805
20180603_FIRE_bl-s-mobo-c,1200,0.3607722818851471
20180603_FIRE_bl-s-mobo-c,1260,0.23193873465061188
20180603_FIRE_bl-s-mobo-c,1320,0.039933182299137115
20180603_FIRE_bl-s-mobo-c,1380,0.01976216398179531
20180603_FIRE_bl-s-mobo-c,1440,0.0
20180603_FIRE_bl-s-mobo-c,1500,0.049497995525598526
20180603_FIRE_bl-s-mobo-c,1560,0.07333913445472717
20180603_FIRE_bl-s-mobo-c,1620,0.15517471730709076
20180603_FIRE_bl-s-mobo-c,1680,0.08191033452749252
20180603_FIRE_bl-s-mobo-c,1740,0.22112591564655304
20180603_FIRE_bl-s-mobo-c,1800,0.35278406739234924
20180603_FIRE_bl-s-mobo-c,1860,0.23138485848903656
20180603_FIRE_bl-s-mobo-c,1920,0.11733812838792801
20180603_FIRE_bl-s-mobo-c,1980,0.3450087010860443
20180603_FIRE_bl-s-mobo-c,2040,0.5831113457679749
20180603_FIRE_bl-s-mobo-c,2100,0.1798837035894394
20180603_FIRE_bl-s-mobo-c,2160,0.11177267134189606
20180603_FIRE_bl-s-mobo-c,2220,0.03914628177881241
20180603_FIRE_bl-s-mobo-c,2280,0.06023779883980751
20180603_FIRE_bl-s-mobo-c,2340,0.04513576626777649
20180603_FIRE_bl-s-mobo-c,2400,0.05158524215221405
20180603_FIRE_rm-w-mobo-c,-2400,0.0
20180603_FIRE_rm-w-mobo-c,-2340,0.0
20180603_FIRE_rm-w-mobo-c,-2280,0.0
20180603_FIRE_rm-w-mobo-c,-2220,0.0
20180603_FIRE_rm-w-mobo-c,-2160,0.0
20180603_FIRE_rm-w-mobo-c,-2100,0.0
20180603_FIRE_rm-w-mobo-c,-2040,0.0
20180603_FIRE_rm-w-mobo-c,-1980,0.0
20180603_FIRE_rm-w-mobo-c,-1920,0.0
20180603_FIRE_rm-w-mobo-c,-1860,0.0
20180603_FIRE_rm-w-mobo-c,-1800,0.0
20180603_FIRE_rm-w-mobo-c,-1740,0.0
20180603_FIRE_rm-w-mobo-c,-1680,0.0
20180603_FIRE_rm-w-mobo-c,-1620,0.0
20180603_FIRE_rm-w-mobo-c,-1560,0.0
20180603_FIRE_rm-w-mobo-c,-1500,0.0
20180603_FIRE_rm-w-mobo-c,-1440,0.0
20180603_FIRE_rm-w-mobo-c,-1380,0.0
20180603_FIRE_rm-w-mobo-c,-1320,0.0
20180603_FIRE_rm-w-mobo-c,-1260,0.0
20180603_FIRE_rm-w-mobo-c,-1200,0.0
20180603_FIRE_rm-w-mobo-c,-1140,0.0
20180603_FIRE_rm-w-mobo-c,-1080,0.0
20180603_FIRE_rm-w-mobo-c,-1020,0.0
20180603_FIRE_rm-w-mobo-c,-960,0.0
20180603_FIRE_rm-w-mobo-c,-900,0.0
20180603_FIRE_rm-w-mobo-c,-840,0.0
20180603_FIRE_rm-w-mobo-c,-780,0.0
20180603_FIRE_rm-w-mobo-c,-720,0.0
20180603_FIRE_rm-w-mobo-c,-660,0.0
20180603_FIRE_rm-w-mobo-c,-600,0.0
20180603_FIRE_rm-w-mobo-c,-540,0.0
20180603_FIRE_rm-w-mobo-c,-480,0.0
20180603_FIRE_rm-w-mobo-c,-420,0.0
20180603_FIRE_rm-w-mobo-c,-360,0.0
20180603_FIRE_rm-w-mobo-c,-300,0.0
20180603_FIRE_rm-w-mobo-c,-240,0.0
20180603_FIRE_rm-w-mobo-c,-180,0.0
20180603_FIRE_rm-w-mobo-c,-120,0.0
20180603_FIRE_rm-w-mobo-c,-60,0.0
20180603_FIRE_rm-w-mobo-c,0,0.0
20180603_FIRE_rm-w-mobo-c,60,0.0
20180603_FIRE_rm-w-mobo-c,120,0.01512994710355997
20180603_FIRE_rm-w-mobo-c,180,0.6083175539970398
20180603_FIRE_rm-w-mobo-c,240,0.537265956401825
20180603_FIRE_rm-w-mobo-c,300,0.2990308105945587
20180603_FIRE_rm-w-mobo-c,360,0.6044933199882507
20180603_FIRE_rm-w-mobo-c,420,0.7047750353813171
20180603_FIRE_rm-w-mobo-c,480,0.7027231454849243
20180603_FIRE_rm-w-mobo-c,540,0.6231443881988525
20180603_FIRE_rm-w-mobo-c,600,0.4867415428161621
20180603_FIRE_rm-w-mobo-c,660,0.49586760997772217
20180603_FIRE_rm-w-mobo-c,720,0.507176399230957
20180603_FIRE_rm-w-mobo-c,780,0.6968144774436951
20180603_FIRE_rm-w-mobo-c,840,0.6570304036140442
20180603_FIRE_rm-w-mobo-c,900,0.44885489344596863
20180603_FIRE_rm-w-mobo-c,960,0.42909103631973267
20180603_FIRE_rm-w-mobo-c,1020,0.6001366376876831
20180603_FIRE_rm-w-mobo-c,1080,0.659622311592102
20180603_FIRE_rm-w-mobo-c,1140,0.5376869440078735
20180603_FIRE_rm-w-mobo-c,1200,0.49496379494667053
20180603_FIRE_rm-w-mobo-c,1260,0.5417507290840149
20180603_FIRE_rm-w-mobo-c,1320,0.5493424534797668
20180603_FIRE_rm-w-mobo-c,1380,0.47296422719955444
20180603_FIRE_rm-w-mobo-c,1440,0.5746239423751831
20180603_FIRE_rm-w-mobo-c,1500,0.6488819122314453
20180603_FIRE_rm-w-mobo-c,1560,0.6817528605461121
20180603_FIRE_rm-w-mobo-c,1620,0.6326096057891846
20180603_FIRE_rm-w-mobo-c,1680,0.6202405095100403
20180603_FIRE_rm-w-mobo-c,1740,0.7672853469848633
20180603_FIRE_rm-w-mobo-c,1800,0.6886886358261108
20180603_FIRE_rm-w-mobo-c,1860,0.7296898365020752
20180603_FIRE_rm-w-mobo-c,1920,0.5576185584068298
20180603_FIRE_rm-w-mobo-c,1980,0.4576891362667084
20180603_FIRE_rm-w-mobo-c,2040,0.6109676361083984
20180603_FIRE_rm-w-mobo-c,2100,0.5712060928344727
20180603_FIRE_rm-w-mobo-c,2160,0.6179754137992859
20180603_FIRE_rm-w-mobo-c,2220,0.5503503680229187
20180603_FIRE_rm-w-mobo-c,2280,0.5630051493644714
20180603_FIRE_rm-w-mobo-c,2340,0.5796058177947998
20180603_FIRE_rm-w-mobo-c,2400,0.5377592444419861
20180603_FIRE_sm-n-mobo-c,-2400,0.0
20180603_FIRE_sm-n-mobo-c,-2340,0.004408733919262886
20180603_FIRE_sm-n-mobo-c,-2280,0.0
20180603_FIRE_sm-n-mobo-c,-2220,0.0
20180603_FIRE_sm-n-mobo-c,-2160,0.0020942797418683767
20180603_FIRE_sm-n-mobo-c,-2100,0.0
20180603_FIRE_sm-n-mobo-c,-2040,0.0
20180603_FIRE_sm-n-mobo-c,-1980,0.007934821769595146
20180603_FIRE_sm-n-mobo-c,-1920,0.007520263083279133
20180603_FIRE_sm-n-mobo-c,-1860,0.0
20180603_FIRE_sm-n-mobo-c,-1800,0.0
20180603_FIRE_sm-n-mobo-c,-1740,0.0
20180603_FIRE_sm-n-mobo-c,-1680,0.0
20180603_FIRE_sm-n-mobo-c,-1620,0.0
20180603_FIRE_sm-n-mobo-c,-1560,0.0
20180603_FIRE_sm-n-mobo-c,-1500,0.00819504912942648
20180603_FIRE_sm-n-mobo-c,-1440,0.0023867448326200247
20180603_FIRE_sm-n-mobo-c,-1380,0.009271840564906597
20180603_FIRE_sm-n-mobo-c,-1320,0.001159440609626472
20180603_FIRE_sm-n-mobo-c,-1260,0.0
20180603_FIRE_sm-n-mobo-c,-1200,0.0
20180603_FIRE_sm-n-mobo-c,-1140,0.0
20180603_FIRE_sm-n-mobo-c,-1080,0.0
20180603_FIRE_sm-n-mobo-c,-1020,0.0
20180603_FIRE_sm-n-mobo-c,-960,0.0
20180603_FIRE_sm-n-mobo-c,-900,0.002634858712553978
20180603_FIRE_sm-n-mobo-c,-840,0.0
20180603_FIRE_sm-n-mobo-c,-780,0.0
20180603_FIRE_sm-n-mobo-c,-720,0.0
20180603_FIRE_sm-n-mobo-c,-660,0.0
20180603_FIRE_sm-n-mobo-c,-600,0.0013931678840890527
20180603_FIRE_sm-n-mobo-c,-540,0.006539859808981419
20180603_FIRE_sm-n-mobo-c,-480,0.0
20180603_FIRE_sm-n-mobo-c,-420,0.029666021466255188
20180603_FIRE_sm-n-mobo-c,-360,0.044811416417360306
20180603_FIRE_sm-n-mobo-c,-300,0.08248114585876465
20180603_FIRE_sm-n-mobo-c,-240,0.0
20180603_FIRE_sm-n-mobo-c,-180,0.003431671066209674
20180603_FIRE_sm-n-mobo-c,-120,0.0022141605149954557
20180603_FIRE_sm-n-mobo-c,-60,0.025725124403834343
20180603_FIRE_sm-n-mobo-c,0,0.0589149072766304
20180603_FIRE_sm-n-mobo-c,60,0.0
20180603_FIRE_sm-n-mobo-c,120,0.001249111955985427
20180603_FIRE_sm-n-mobo-c,180,0.0
20180603_FIRE_sm-n-mobo-c,240,0.0017993219662457705
20180603_FIRE_sm-n-mobo-c,300,0.0026838264893740416
20180603_FIRE_sm-n-mobo-c,360,0.03539532423019409
20180603_FIRE_sm-n-mobo-c,420,0.0
20180603_FIRE_sm-n-mobo-c,480,0.5813378095626831
20180603_FIRE_sm-n-mobo-c,540,0.5103006958961487
20180603_FIRE_sm-n-mobo-c,600,0.12667466700077057
20180603_FIRE_sm-n-mobo-c,660,0.07015697658061981
20180603_FIRE_sm-n-mobo-c,720,0.35898131132125854
20180603_FIRE_sm-n-mobo-c,780,0.2638793885707855
20180603_FIRE_sm-n-mobo-c,840,0.10123291611671448
20180603_FIRE_sm-n-mobo-c,900,0.1504647135734558
20180603_FIRE_sm-n-mobo-c,960,0.1977464258670807
20180603_FIRE_sm-n-mobo-c,1020,0.2489408552646637
20180603_FIRE_sm-n-mobo-c,1080,0.19593988358974457
20180603_FIRE_sm-n-mobo-c,1140,0.049730706959962845
20180603_FIRE_sm-n-mobo-c,1200,0.18884962797164917
20180603_FIRE_sm-n-mobo-c,1260,0.10645640641450882
20180603_FIRE_sm-n-mobo-c,1320,0.02772175334393978
20180603_FIRE_sm-n-mobo-c,1380,0.0022954053711146116
20180603_FIRE_sm-n-mobo-c,1440,0.025940965861082077
20180603_FIRE_sm-n-mobo-c,1500,0.06789454817771912
20180603_FIRE_sm-n-mobo-c,1560,0.014783588238060474
20180603_FIRE_sm-n-mobo-c,1620,0.020650943741202354
20180603_FIRE_sm-n-mobo-c,1680,0.0011543537257239223
20180603_FIRE_sm-n-mobo-c,1740,0.0
20180603_FIRE_sm-n-mobo-c,1800,0.0
20180603_FIRE_sm-n-mobo-c,1860,0.0
20180603_FIRE_sm-n-mobo-c,1920,0.0
20180603_FIRE_sm-n-mobo-c,1980,0.0
20180603_FIRE_sm-n-mobo-c,2040,0.0
20180603_FIRE_sm-n-mobo-c,2100,0.0
20180603_FIRE_sm-n-mobo-c,2160,0.0
20180603_FIRE_sm-n-mobo-c,2220,0.0
20180603_FIRE_sm-n-mobo-c,2280,0.0
20180603_FIRE_sm-n-mobo-c,2340,0.0
20180603_FIRE_sm-n-mobo-c,2400,0.0
20180603_FIRE_sm-w-mobo-c,-2400,0.0
20180603_FIRE_sm-w-mobo-c,-2340,0.0
20180603_FIRE_sm-w-mobo-c,-2280,0.0
