file,conf
20171010_FIRE_rm-e-mobo-c__1507672082_-00540.jpg,0.439363569021225
20171010_FIRE_rm-e-mobo-c__1507671422_-01200.jpg,0.4363727569580078
20180725_FIRE_smer-tcs10-mobo-c__1532531399_-00480.jpg,0.4317183494567871
20171010_FIRE_rm-e-mobo-c__1507671842_-00780.jpg,0.43127310276031494
20180522_FIRE_rm-e-mobo-c__1527022082_-01380.jpg,0.4302438795566559
20170826_FIRE_tp-s-mobo-c__1503770893_-02040.jpg,0.428057461977005
20171010_FIRE_rm-e-mobo-c__1507671722_-00900.jpg,0.4278050363063812
20171010_FIRE_rm-e-mobo-c__1507672442_-00180.jpg,0.42739027738571167
20180522_FIRE_rm-e-mobo-c__1527022382_-01080.jpg,0.42680689692497253
20171010_FIRE_rm-e-mobo-c__1507671902_-00720.jpg,0.4267139732837677
20171010_FIRE_rm-e-mobo-c__1507671482_-01140.jpg,0.4263063669204712
20171010_FIRE_rm-e-mobo-c__1507671182_-01440.jpg,0.4241463243961334
20171010_FIRE_rm-e-mobo-c__1507672262_-00360.jpg,0.42412465810775757
20171010_FIRE_rm-e-mobo-c__1507672562_-00060.jpg,0.423902302980423
20180602_Alison_sp-w-mobo-c__1527968852_-01140.jpg,0.42386797070503235
20171010_FIRE_rm-e-mobo-c__1507671602_-01020.jpg,0.4219079315662384
20171010_FIRE_rm-e-mobo-c__1507671542_-01080.jpg,0.41941139101982117
20171010_FIRE_rm-e-mobo-c__1507671662_-00960.jpg,0.41937726736068726
20171010_FIRE_rm-e-mobo-c__1507672022_-00600.jpg,0.4145681858062744
20180602_Alison_sp-s-mobo-c__1527969870_-00120.jpg,0.41163450479507446
20180602_Alison_sp-s-mobo-c__1527969810_-00180.jpg,0.4112898111343384
20171010_FIRE_rm-e-mobo-c__1507672382_-00240.jpg,0.4030967652797699
20180602_Alison_sp-w-mobo-c__1527968732_-01260.jpg,0.4023972749710083
20171010_FIRE_rm-e-mobo-c__1507671962_-00660.jpg,0.3999577760696411
20171010_FIRE_rm-e-mobo-c__1507672322_-00300.jpg,0.3997194468975067
20171010_FIRE_rm-e-mobo-c__1507672142_-00480.jpg,0.3967142403125763
20171010_FIRE_rm-e-mobo-c__1507670942_-01680.jpg,0.39600709080696106
20171010_FIRE_rm-e-mobo-c__1507672202_-00420.jpg,0.3919616639614105
20171010_FIRE_rm-e-mobo-c__1507670402_-02220.jpg,0.39105960726737976
20171010_FIRE_rm-e-mobo-c__1507670822_-01800.jpg,0.3904437720775604
20171010_FIRE_rm-e-mobo-c__1507671122_-01500.jpg,0.39004966616630554
20171010_FIRE_rm-e-mobo-c__1507672502_-00120.jpg,0.38887038826942444
20171010_FIRE_rm-e-mobo-c__1507671062_-01560.jpg,0.3875943422317505
20171010_FIRE_rm-e-mobo-c__1507671302_-01320.jpg,0.3861176371574402
20180723_FIRE_tp-e-mobo-c__1532381831_-01260.jpg,0.3807668685913086
20171010_FIRE_rm-e-mobo-c__1507671782_-00840.jpg,0.38020434975624084
20171010_FIRE_rm-e-mobo-c__1507670642_-01980.jpg,0.37304481863975525
20180602_Alison_sp-w-mobo-c__1527967652_-02340.jpg,0.3722167909145355
20170826_FIRE_tp-s-mobo-c__1503771313_-01620.jpg,0.371480256319046
20180725_FIRE_smer-tcs10-mobo-c__1532531339_-00540.jpg,0.3714197874069214
20180602_Alison_sp-w-mobo-c__1527967772_-02220.jpg,0.3705814778804779
20171010_FIRE_rm-e-mobo-c__1507670582_-02040.jpg,0.37047991156578064
20171010_FIRE_rm-e-mobo-c__1507670882_-01740.jpg,0.36933252215385437
20170826_FIRE_tp-s-mobo-c__1503771673_-01260.jpg,0.36789682507514954
20180725_FIRE_smer-tcs10-mobo-c__1532531819_-00060.jpg,0.36698466539382935
20180602_Alison_sp-w-mobo-c__1527969152_-00840.jpg,0.3669734597206116
20180725_FIRE_smer-tcs10-mobo-c__1532531279_-00600.jpg,0.3664422631263733
20180602_Alison_sp-w-mobo-c__1527969812_-00180.jpg,0.3635193407535553
20171010_FIRE_rm-e-mobo-c__1507671362_-01260.jpg,0.3622071444988251
20171010_FIRE_rm-e-mobo-c__1507671002_-01620.jpg,0.3619941473007202
20180602_Alison_sp-w-mobo-c__1527967712_-02280.jpg,0.3597961366176605
20180725_FIRE_smer-tcs10-mobo-c__1532531579_-00300.jpg,0.3593973219394684
20171010_FIRE_rm-e-mobo-c__1507670762_-01860.jpg,0.35891956090927124
20180723_FIRE_tp-e-mobo-c__1532381891_-01200.jpg,0.35714197158813477
20180602_Alison_sp-w-mobo-c__1527969872_-00120.jpg,0.353175550699234
20171010_FIRE_rm-e-mobo-c__1507670522_-02100.jpg,0.35229334235191345
20180602_Alison_sp-s-mobo-c__1527969330_-00660.jpg,0.3521134555339813
20170826_FIRE_tp-s-mobo-c__1503772213_-00720.jpg,0.3519648611545563
20171010_FIRE_rm-e-mobo-c__1507670702_-01920.jpg,0.3519379496574402
20180723_FIRE_tp-e-mobo-c__1532382551_-00540.jpg,0.35075467824935913
20180602_Alison_sp-s-mobo-c__1527967770_-02220.jpg,0.3461408019065857
20171010_FIRE_rm-e-mobo-c__1507670282_-02340.jpg,0.34210848808288574
20180602_Alison_sp-s-mobo-c__1527967710_-02280.jpg,0.3406835198402405
20171010_FIRE_rm-e-mobo-c__1507670222_-02400.jpg,0.34012243151664734
20180522_FIRE_rm-e-mobo-c__1527022622_-00840.jpg,0.33895817399024963
20171010_FIRE_hp-w-mobo-c__1507671751_-00720.jpg,0.33688005805015564
20180725_FIRE_smer-tcs10-mobo-c__1532531639_-00240.jpg,0.3315978944301605
20180723_FIRE_tp-e-mobo-c__1532381771_-01320.jpg,0.32768958806991577
20180725_FIRE_smer-tcs10-mobo-c__1532531759_-00120.jpg,0.3267331123352051
20170826_FIRE_tp-s-mobo-c__1503771913_-01020.jpg,0.32427915930747986
20180723_FIRE_tp-e-mobo-c__1532382251_-00840.jpg,0.32409197092056274
20170826_FIRE_tp-s-mobo-c__1503771853_-01080.jpg,0.31954705715179443
20171010_FIRE_rm-e-mobo-c__1507670342_-02280.jpg,0.3194904923439026
20180723_FIRE_tp-e-mobo-c__1532381951_-01140.jpg,0.3184552490711212
20180602_Alison_sp-w-mobo-c__1527969512_-00480.jpg,0.3181920051574707
20180602_Alison_sp-s-mobo-c__1527969630_-00360.jpg,0.31745582818984985
20180723_FIRE_tp-e-mobo-c__1532382431_-00660.jpg,0.315270334482193
20180602_Alison_sp-s-mobo-c__1527967590_-02400.jpg,0.3129015266895294
20171010_FIRE_hp-w-mobo-c__1507671691_-00780.jpg,0.3124445676803589
20180603_FIRE_sm-w-mobo-c__1528065513_-01860.jpg,0.3120124638080597
20180603_FIRE_sm-w-mobo-c__1528065213_-02160.jpg,0.3095211982727051
20170821_FIRE_lo-s-mobo-c__1503349763_-00240.jpg,0.3091799318790436
20180602_Alison_sp-w-mobo-c__1527969272_-00720.jpg,0.30899277329444885
20180723_FIRE_tp-e-mobo-c__1532382491_-00600.jpg,0.30819448828697205
20180725_FIRE_smer-tcs10-mobo-c__1532531459_-00420.jpg,0.3054317235946655
20180602_Alison_sp-w-mobo-c__1527969572_-00420.jpg,0.3005438446998596
20180725_FIRE_smer-tcs10-mobo-c__1532531159_-00720.jpg,0.3004133701324463
20180725_FIRE_smer-tcs10-mobo-c__1532531699_-00180.jpg,0.29886394739151
20180723_FIRE_tp-e-mobo-c__1532382131_-00960.jpg,0.2988378405570984
20170826_FIRE_tp-s-mobo-c__1503771193_-01740.jpg,0.29853859543800354
20171010_FIRE_rm-e-mobo-c__1507670462_-02160.jpg,0.2962022125720978
20171010_FIRE_rm-e-mobo-c__1507671242_-01380.jpg,0.29607683420181274
20180603_FIRE_sm-w-mobo-c__1528065153_-02220.jpg,0.29601672291755676
20180602_Alison_sp-w-mobo-c__1527968372_-01620.jpg,0.2950003743171692
20180725_FIRE_smer-tcs10-mobo-c__1532531519_-00360.jpg,0.2937255799770355
20170826_FIRE_tp-s-mobo-c__1503772333_-00600.jpg,0.28995585441589355
20180723_FIRE_tp-e-mobo-c__1532382191_-00900.jpg,0.28943389654159546
20170826_FIRE_tp-s-mobo-c__1503771793_-01140.jpg,0.2883392870426178
20180602_Alison_sp-w-mobo-c__1527968192_-01800.jpg,0.2878929376602173
20180723_FIRE_tp-e-mobo-c__1532382311_-00780.jpg,0.28736475110054016
20170826_FIRE_tp-s-mobo-c__1503771733_-01200.jpg,0.28555169701576233
20180602_Alison_sp-w-mobo-c__1527968432_-01560.jpg,0.2846146523952484
20180723_FIRE_tp-e-mobo-c__1532382071_-01020.jpg,0.28277304768562317
20180522_FIRE_rm-e-mobo-c__1527021962_-01500.jpg,0.2822204530239105
20180602_Alison_sp-w-mobo-c__1527969332_-00660.jpg,0.2801777422428131
20180602_Alison_sp-w-mobo-c__1527969212_-00780.jpg,0.27892860770225525
20180603_FIRE_sm-w-mobo-c__1528065873_-01500.jpg,0.2744506895542145
20180602_Alison_sp-w-mobo-c__1527969092_-00900.jpg,0.2734150290489197
20171207_Lilac_rm-s-mobo__1512672904_-01080.jpg,0.27073922753334045
20180602_Alison_sp-w-mobo-c__1527969692_-00300.jpg,0.2691707909107208
20180602_Alison_sp-w-mobo-c__1527968792_-01200.jpg,0.26845934987068176
20180602_Alison_sp-w-mobo-c__1527968012_-01980.jpg,0.26772916316986084
20180522_FIRE_rm-e-mobo-c__1527022502_-00960.jpg,0.26598411798477173
20180602_Alison_sp-w-mobo-c__1527969632_-00360.jpg,0.25901880860328674
20180603_FIRE_sm-w-mobo-c__1528065453_-01920.jpg,0.2584024667739868
20180602_Alison_sp-w-mobo-c__1527969932_-00060.jpg,0.257902592420578
20170826_FIRE_tp-s-mobo-c__1503770653_-02280.jpg,0.2559078335762024
20180723_FIRE_tp-e-mobo-c__1532382011_-01080.jpg,0.25475624203681946
20170826_FIRE_tp-s-mobo-c__1503771493_-01440.jpg,0.2543950080871582
20180725_FIRE_smer-tcs10-mobo-c__1532531099_-00780.jpg,0.2489926666021347
20180602_Alison_sp-w-mobo-c__1527967592_-02400.jpg,0.24852119386196136
20180723_FIRE_tp-e-mobo-c__1532382371_-00720.jpg,0.24827280640602112
20170826_FIRE_tp-s-mobo-c__1503770713_-02220.jpg,0.24782943725585938
20180602_Alison_sp-w-mobo-c__1527969032_-00960.jpg,0.24766670167446136
20180602_Alison_sp-s-mobo-c__1527967650_-02340.jpg,0.24716465175151825
20171207_Lilac_rm-s-mobo__1512673684_-00300.jpg,0.2469809204339981
20180603_FIRE_sm-w-mobo-c__1528067313_-00060.jpg,0.24530979990959167
20180602_Alison_sp-w-mobo-c__1527967952_-02040.jpg,0.243669331073761
20180602_Alison_sp-w-mobo-c__1527968312_-01680.jpg,0.24351416528224945
20180723_FIRE_tp-e-mobo-c__1532381111_-01980.jpg,0.24297727644443512
20180723_FIRE_tp-e-mobo-c__1532383031_-00060.jpg,0.24135062098503113
20170821_FIRE_lo-s-mobo-c__1503349343_-00660.jpg,0.24034233391284943
20180602_Alison_sp-s-mobo-c__1527968790_-01200.jpg,0.2398310750722885
20180602_Alison_sp-w-mobo-c__1527968552_-01440.jpg,0.23960310220718384
20180725_FIRE_smer-tcs10-mobo-c__1532530919_-00960.jpg,0.23723666369915009
20180602_Alison_sp-s-mobo-c__1527967890_-02100.jpg,0.23723597824573517
20180723_FIRE_tp-e-mobo-c__1532382611_-00480.jpg,0.23721155524253845
20180602_Alison_sp-s-mobo-c__1527969210_-00780.jpg,0.23701739311218262
20180723_FIRE_tp-e-mobo-c__1532381231_-01860.jpg,0.2369598001241684
20180602_Alison_sp-w-mobo-c__1527968132_-01860.jpg,0.23455780744552612
20180603_FIRE_sm-w-mobo-c__1528065273_-02100.jpg,0.2311422973871231
20180602_Alison_sp-w-mobo-c__1527969752_-00240.jpg,0.23058804869651794
20180602_Alison_sp-w-mobo-c__1527969452_-00540.jpg,0.22662882506847382
20170826_FIRE_tp-s-mobo-c__1503771073_-01860.jpg,0.2258070707321167
20180603_FIRE_sm-w-mobo-c__1528066953_-00420.jpg,0.22370131313800812
20180602_Alison_sp-s-mobo-c__1527968850_-01140.jpg,0.22349628806114197
20180522_FIRE_rm-e-mobo-c__1527022322_-01140.jpg,0.22213444113731384
20180522_FIRE_rm-e-mobo-c__1527022142_-01320.jpg,0.2202305942773819
20180723_FIRE_tp-e-mobo-c__1532381171_-01920.jpg,0.22017914056777954
20170826_FIRE_tp-s-mobo-c__1503771433_-01500.jpg,0.22017472982406616
20171010_FIRE_hp-w-mobo-c__1507671811_-00660.jpg,0.2199930101633072
20180602_Alison_sp-w-mobo-c__1527968612_-01380.jpg,0.21980135142803192
20180725_FIRE_smer-tcs10-mobo-c__1532530739_-01140.jpg,0.218711256980896
20180522_FIRE_rm-e-mobo-c__1527022562_-00900.jpg,0.218399778008461
20180603_FIRE_sm-w-mobo-c__1528066233_-01140.jpg,0.21585021913051605
20180602_Alison_sp-s-mobo-c__1527969690_-00300.jpg,0.2157878577709198
20180602_Alison_sp-s-mobo-c__1527968610_-01380.jpg,0.21434424817562103
20180603_FIRE_sm-w-mobo-c__1528065333_-02040.jpg,0.21399635076522827
20180522_FIRE_rm-e-mobo-c__1527021902_-01560.jpg,0.21357876062393188
20180725_FIRE_smer-tcs10-mobo-c__1532530979_-00900.jpg,0.2126619666814804
20180725_FIRE_smer-tcs10-mobo-c__1532531039_-00840.jpg,0.210597962141037
20180602_Alison_sp-w-mobo-c__1527967832_-02160.jpg,0.21002982556819916
20180602_Alison_sp-w-mobo-c__1527968672_-01320.jpg,0.20926302671432495
20170826_FIRE_tp-s-mobo-c__1503770773_-02160.jpg,0.20733937621116638
20170821_FIRE_lo-s-mobo-c__1503348803_-01200.jpg,0.2064410001039505
20170821_FIRE_lo-s-mobo-c__1503349283_-00720.jpg,0.2026754915714264
20180522_FIRE_rm-e-mobo-c__1527021542_-01920.jpg,0.2025366723537445
20170826_FIRE_tp-s-mobo-c__1503771133_-01800.jpg,0.20175161957740784
20180723_FIRE_tp-e-mobo-c__1532382851_-00240.jpg,0.20079514384269714
20180602_Alison_sp-s-mobo-c__1527968910_-01080.jpg,0.1961648166179657
20180603_FIRE_sm-w-mobo-c__1528066473_-00900.jpg,0.1955237239599228
20180723_FIRE_tp-e-mobo-c__1532382791_-00300.jpg,0.19493995606899261
20180522_FIRE_rm-e-mobo-c__1527021242_-02220.jpg,0.19322429597377777
20180522_FIRE_rm-e-mobo-c__1527021602_-01860.jpg,0.19213224947452545
20180725_FIRE_smer-tcs10-mobo-c__1532531219_-00660.jpg,0.19209621846675873
20180603_FIRE_sm-w-mobo-c__1528066833_-00540.jpg,0.19203102588653564
20170826_FIRE_tp-s-mobo-c__1503771613_-01320.jpg,0.19169993698596954
20180603_FIRE_sm-w-mobo-c__1528067253_-00120.jpg,0.19123871624469757
20171207_Lilac_rm-s-mobo__1512671644_-02340.jpg,0.19000482559204102
20180522_FIRE_rm-e-mobo-c__1527023102_-00360.jpg,0.18918557465076447
20170826_FIRE_tp-s-mobo-c__1503771373_-01560.jpg,0.18840372562408447
20180602_Alison_sp-w-mobo-c__1527967892_-02100.jpg,0.18792478740215302
20170826_FIRE_tp-s-mobo-c__1503770533_-02400.jpg,0.1869947612285614
20180603_FIRE_smer-tcs9-mobo-c__1528055637_-01680.jpg,0.1855059266090393
20180603_FIRE_smer-tcs9-mobo-c__1528055697_-01620.jpg,0.18376056849956512
20170722_FIRE_so-s-mobo-c__1500760941_-00300.jpg,0.18197329342365265
20170826_FIRE_tp-s-mobo-c__1503771553_-01380.jpg,0.1808844357728958
20170826_FIRE_tp-s-mobo-c__1503771253_-01680.jpg,0.18009117245674133
20180725_FIRE_smer-tcs10-mobo-c__1532530499_-01380.jpg,0.179189532995224
20180603_FIRE_sm-w-mobo-c__1528067073_-00300.jpg,0.17694337666034698
20170722_FIRE_so-s-mobo-c__1500760821_-00420.jpg,0.1761157512664795
20170821_FIRE_lo-s-mobo-c__1503348323_-01680.jpg,0.17432844638824463
20180603_FIRE_sm-w-mobo-c__1528065633_-01740.jpg,0.1730138212442398
20170722_FIRE_so-s-mobo-c__1500761181_-00060.jpg,0.17216193675994873
20180602_Alison_sp-w-mobo-c__1527968072_-01920.jpg,0.1721225082874298
20180723_FIRE_tp-e-mobo-c__1532380691_-02400.jpg,0.16943702101707458
20180522_FIRE_rm-e-mobo-c__1527021182_-02280.jpg,0.1689056158065796
20180602_Alison_sp-s-mobo-c__1527969270_-00720.jpg,0.16877907514572144
20170821_FIRE_lo-s-mobo-c__1503349883_-00120.jpg,0.1660536378622055
20170826_FIRE_tp-s-mobo-c__1503771013_-01920.jpg,0.161935493350029
20170722_FIRE_so-s-mobo-c__1500761121_-00120.jpg,0.16176718473434448
20171010_FIRE_hp-w-mobo-c__1507671631_-00840.jpg,0.16157780587673187
20180522_FIRE_rm-e-mobo-c__1527021062_-02400.jpg,0.1602390557527542
20171207_Lilac_rm-s-mobo__1512672304_-01680.jpg,0.15995465219020844
20170826_FIRE_tp-s-mobo-c__1503772273_-00660.jpg,0.1578219085931778
20180603_FIRE_sm-w-mobo-c__1528065393_-01980.jpg,0.15767554938793182
20170722_FIRE_so-s-mobo-c__1500760881_-00360.jpg,0.15707850456237793
20180723_FIRE_tp-e-mobo-c__1532380991_-02100.jpg,0.15706269443035126
20170821_FIRE_lo-s-mobo-c__1503348863_-01140.jpg,0.15668204426765442
20170826_FIRE_tp-s-mobo-c__1503772033_-00900.jpg,0.15615025162696838
20170826_FIRE_tp-s-mobo-c__1503770593_-02340.jpg,0.15575064718723297
20180723_FIRE_tp-e-mobo-c__1532381291_-01800.jpg,0.15570159256458282
20171010_FIRE_hp-w-mobo-c__1507671571_-00900.jpg,0.15477219223976135
20180602_Alison_sp-w-mobo-c__1527968972_-01020.jpg,0.15413296222686768
20180723_FIRE_tp-e-mobo-c__1532381051_-02040.jpg,0.1535496711730957
20180725_FIRE_smer-tcs10-mobo-c__1532530619_-01260.jpg,0.15338940918445587
20180723_FIRE_tp-e-mobo-c__1532381351_-01740.jpg,0.15226709842681885
20170821_FIRE_lo-s-mobo-c__1503348263_-01740.jpg,0.1521361619234085
20180723_FIRE_tp-e-mobo-c__1532380871_-02220.jpg,0.1520552635192871
20180723_FIRE_tp-e-mobo-c__1532380811_-02280.jpg,0.1515967696905136
20180603_FIRE_sm-w-mobo-c__1528065813_-01560.jpg,0.1512923538684845
20180522_FIRE_rm-e-mobo-c__1527021782_-01680.jpg,0.15070444345474243
20170722_FIRE_so-s-mobo-c__1500761001_-00240.jpg,0.1505444496870041
20170826_FIRE_tp-s-mobo-c__1503770953_-01980.jpg,0.15041583776474
20170826_FIRE_tp-s-mobo-c__1503772153_-00780.jpg,0.15002894401550293
20170821_FIRE_lo-s-mobo-c__1503349583_-00420.jpg,0.15000353753566742
20170821_FIRE_lo-s-mobo-c__1503347903_-02100.jpg,0.14995793998241425
20180725_FIRE_smer-tcs10-mobo-c__1532530199_-01680.jpg,0.14953161776065826
20170927_FIRE_smer-tcs9-mobo-c__1506548397_-00300.jpg,0.14789366722106934
20180602_Alison_sp-w-mobo-c__1527968492_-01500.jpg,0.14760737121105194
20171207_Lilac_rm-s-mobo__1512672724_-01260.jpg,0.1455163061618805
20180602_Alison_sp-s-mobo-c__1527968550_-01440.jpg,0.14526574313640594
20171207_Lilac_rm-s-mobo__1512673264_-00720.jpg,0.14451679587364197
20180602_Alison_sp-s-mobo-c__1527969930_-00060.jpg,0.14407463371753693
20180603_FIRE_sm-w-mobo-c__1528064973_-02400.jpg,0.14213815331459045
20170826_FIRE_tp-s-mobo-c__1503770833_-02100.jpg,0.14189638197422028
20170722_FIRE_so-s-mobo-c__1500759921_-01320.jpg,0.13849040865898132
20170821_FIRE_lo-s-mobo-c__1503348923_-01080.jpg,0.13843801617622375
20170722_FIRE_so-s-mobo-c__1500760281_-00960.jpg,0.13827122747898102
20171207_Lilac_rm-s-mobo__1512673804_-00180.jpg,0.13676097989082336
20180602_Alison_sp-s-mobo-c__1527967950_-02040.jpg,0.13611148297786713
20180723_FIRE_tp-e-mobo-c__1532382911_-00180.jpg,0.13559067249298096
20180723_FIRE_tp-e-mobo-c__1532380931_-02160.jpg,0.13524866104125977
20180614_FIRE_hp-s-mobo-c__1529011409_-00540.jpg,0.135233536362648
20171207_Lilac_rm-s-mobo__1512673864_-00120.jpg,0.13509885966777802
20180602_Alison_sp-w-mobo-c__1527969392_-00600.jpg,0.13445895910263062
20170826_FIRE_tp-s-mobo-c__1503772093_-00840.jpg,0.13187497854232788
20180522_FIRE_rm-e-mobo-c__1527022442_-01020.jpg,0.13030876219272614
20180602_Alison_sp-s-mobo-c__1527969150_-00840.jpg,0.12915442883968353
20180725_FIRE_smer-tcs10-mobo-c__1532530559_-01320.jpg,0.12858176231384277
20180603_FIRE_sm-w-mobo-c__1528065093_-02280.jpg,0.12802249193191528
20180522_FIRE_rm-e-mobo-c__1527021122_-02340.jpg,0.1279471069574356
20180725_FIRE_smer-tcs10-mobo-c__1532530799_-01080.jpg,0.12681014835834503
20180603_FIRE_sm-w-mobo-c__1528066773_-00600.jpg,0.12610509991645813
20180603_FIRE_sm-w-mobo-c__1528065573_-01800.jpg,0.12599453330039978
20180603_FIRE_sm-w-mobo-c__1528066713_-00660.jpg,0.12599220871925354
20171207_Lilac_rm-s-mobo__1512672844_-01140.jpg,0.12463732063770294
20180522_FIRE_rm-e-mobo-c__1527021842_-01620.jpg,0.12416524440050125
20180602_Alison_sp-s-mobo-c__1527968130_-01860.jpg,0.12260366976261139
20180723_FIRE_tp-e-mobo-c__1532382671_-00420.jpg,0.12061145901679993
20180603_FIRE_sm-w-mobo-c__1528065033_-02340.jpg,0.120468869805336
20180603_FIRE_sm-w-mobo-c__1528066413_-00960.jpg,0.11920642852783203
20170722_FIRE_so-s-mobo-c__1500761061_-00180.jpg,0.11578095704317093
20180602_Alison_sp-s-mobo-c__1527969510_-00480.jpg,0.11578012257814407
20170821_FIRE_lo-s-mobo-c__1503349703_-00300.jpg,0.11535677313804626
20180725_FIRE_smer-tcs10-mobo-c__1532530679_-01200.jpg,0.1150548905134201
20170821_FIRE_lo-s-mobo-c__1503349643_-00360.jpg,0.11150439828634262
20180723_FIRE_tp-e-mobo-c__1532381471_-01620.jpg,0.11134357750415802
20180723_FIRE_tp-e-mobo-c__1532382971_-00120.jpg,0.11107068508863449
20180603_FIRE_sm-w-mobo-c__1528065693_-01680.jpg,0.11061312258243561
20170821_FIRE_lo-s-mobo-c__1503348083_-01920.jpg,0.11035790294408798
20180603_FIRE_sm-w-mobo-c__1528065933_-01440.jpg,0.10981657356023788
20180603_FIRE_smer-tcs9-mobo-c__1528055517_-01800.jpg,0.10885291546583176
20180602_Alison_sp-s-mobo-c__1527968310_-01680.jpg,0.10858598351478577
20180723_FIRE_tp-e-mobo-c__1532382731_-00360.jpg,0.10815930366516113
20180725_FIRE_smer-tcs10-mobo-c__1532530379_-01500.jpg,0.10799454152584076
20171207_Lilac_rm-s-mobo__1512673744_-00240.jpg,0.10789692401885986
20180614_FIRE_hp-s-mobo-c__1529010869_-01080.jpg,0.10655805468559265
20180603_FIRE_sm-w-mobo-c__1528065753_-01620.jpg,0.10579350590705872
20170821_FIRE_lo-s-mobo-c__1503349943_-00060.jpg,0.10572707653045654
20170927_FIRE_smer-tcs9-mobo-c__1506548577_-00120.jpg,0.1056593656539917
20180522_FIRE_rm-e-mobo-c__1527022982_-00480.jpg,0.10501475632190704
20170722_FIRE_so-s-mobo-c__1500760401_-00840.jpg,0.1044352650642395
20180602_Alison_sp-s-mobo-c__1527969750_-00240.jpg,0.10395355522632599
20180723_FIRE_tp-e-mobo-c__1532381531_-01560.jpg,0.10391583293676376
20180725_Cranston_sp-e-mobo-c__1532543608_-01260.jpg,0.10387164354324341
20170821_FIRE_lo-s-mobo-c__1503348983_-01020.jpg,0.10379226505756378
20180723_FIRE_tp-e-mobo-c__1532380751_-02340.jpg,0.10367917269468307
20170722_FIRE_so-s-mobo-c__1500760041_-01200.jpg,0.10198643058538437
20170927_FIRE_smer-tcs9-mobo-c__1506548217_-00480.jpg,0.10113807767629623
20180602_Alison_sp-w-mobo-c__1527968252_-01740.jpg,0.10112537443637848
20170821_FIRE_lo-s-mobo-c__1503348383_-01620.jpg,0.10105595737695694
20180522_FIRE_rm-e-mobo-c__1527022022_-01440.jpg,0.10040838271379471
20171207_Lilac_rm-s-mobo__1512672604_-01380.jpg,0.1003376916050911
20170927_FIRE_smer-tcs9-mobo-c__1506548337_-00360.jpg,0.09998592734336853
20180725_FIRE_smer-tcs10-mobo-c__1532530439_-01440.jpg,0.09989044815301895
20180726_FIRE_so-w-mobo-c__1532621783_-01620.jpg,0.09913448989391327
20180602_Alison_sp-s-mobo-c__1527968010_-01980.jpg,0.09877785295248032
20171207_Lilac_rm-s-mobo__1512673024_-00960.jpg,0.09832009673118591
20170722_FIRE_so-s-mobo-c__1500760581_-00660.jpg,0.0970553308725357
20171207_Lilac_rm-s-mobo__1512672184_-01800.jpg,0.0969490334391594
20170722_FIRE_so-s-mobo-c__1500759801_-01440.jpg,0.09552565217018127
20170722_FIRE_so-s-mobo-c__1500759381_-01860.jpg,0.09537751972675323
20180723_FIRE_tp-e-mobo-c__1532381651_-01440.jpg,0.09523670375347137
20180726_FIRE_so-w-mobo-c__1532621183_-02220.jpg,0.09499475359916687
20171207_Lilac_rm-s-mobo__1512671884_-02100.jpg,0.09337053447961807
20180522_FIRE_rm-e-mobo-c__1527021362_-02100.jpg,0.09319481253623962
20180725_FIRE_smer-tcs10-mobo-c__1532530859_-01020.jpg,0.09309270232915878
20180603_FIRE_smer-tcs9-mobo-c__1528055757_-01560.jpg,0.0930204689502716
20170826_FIRE_tp-s-mobo-c__1503772813_-00120.jpg,0.09243001788854599
20180522_FIRE_rm-e-mobo-c__1527022682_-00780.jpg,0.09231813997030258
20180603_FIRE_smer-tcs9-mobo-c__1528055337_-01980.jpg,0.09204995632171631
20180726_FIRE_so-w-mobo-c__1532621003_-02400.jpg,0.09174215793609619
20170722_FIRE_so-s-mobo-c__1500760461_-00780.jpg,0.09126110374927521
20171207_Lilac_rm-s-mobo__1512671764_-02220.jpg,0.09099176526069641
20180706_West_lp-n-mobo-c__1530900661_-01020.jpg,0.08959973603487015
20180706_West_lp-n-mobo-c__1530900721_-00960.jpg,0.08930940926074982
20171207_Lilac_rm-s-mobo__1512673144_-00840.jpg,0.08925412595272064
20170927_FIRE_smer-tcs9-mobo-c__1506548457_-00240.jpg,0.08924034237861633
20180726_FIRE_so-w-mobo-c__1532623343_-00060.jpg,0.08903733640909195
20180603_FIRE_sm-w-mobo-c__1528066173_-01200.jpg,0.0886799618601799
20180725_FIRE_smer-tcs10-mobo-c__1532529479_-02400.jpg,0.08845843374729156
20180725_FIRE_smer-tcs10-mobo-c__1532529959_-01920.jpg,0.0878882110118866
20170927_FIRE_smer-tcs9-mobo-c__1506547677_-01020.jpg,0.08787619322538376
20180522_FIRE_rm-e-mobo-c__1527022202_-01260.jpg,0.08767684549093246
20180725_Cranston_sp-e-mobo-c__1532544148_-00720.jpg,0.08721750974655151
20171207_Lilac_rm-s-mobo__1512673084_-00900.jpg,0.08713466674089432
20180726_FIRE_so-w-mobo-c__1532621723_-01680.jpg,0.08707711845636368
20170821_FIRE_lo-s-mobo-c__1503348443_-01560.jpg,0.08702220767736435
20180706_West_lp-n-mobo-c__1530901201_-00480.jpg,0.08674456924200058
20170722_FIRE_so-s-mobo-c__1500760641_-00600.jpg,0.08574971556663513
20180603_FIRE_sm-w-mobo-c__1528067133_-00240.jpg,0.08549638092517853
20170927_FIRE_smer-tcs9-mobo-c__1506548637_-00060.jpg,0.0853951945900917
20180725_FIRE_smer-tcs10-mobo-c__1532530139_-01740.jpg,0.08520182967185974
20180602_Alison_sp-s-mobo-c__1527968730_-01260.jpg,0.08517023921012878
20170927_FIRE_smer-tcs9-mobo-c__1506548517_-00180.jpg,0.08476529270410538
20180614_FIRE_hp-s-mobo-c__1529010329_-01620.jpg,0.08434788882732391
20180706_West_lp-n-mobo-c__1530901081_-00600.jpg,0.08427413552999496
20180706_West_lp-n-mobo-c__1530901621_-00060.jpg,0.08406893163919449
20180725_FIRE_smer-tcs10-mobo-c__1532530259_-01620.jpg,0.08397489041090012
20180726_FIRE_so-w-mobo-c__1532622503_-00900.jpg,0.08284272253513336
20180706_West_lp-n-mobo-c__1530901381_-00300.jpg,0.08251439034938812
20180706_West_lp-n-mobo-c__1530901561_-00120.jpg,0.0821971744298935
20180602_Alison_sp-w-mobo-c__1527968912_-01080.jpg,0.08196765929460526
20180602_Alison_sp-s-mobo-c__1527967830_-02160.jpg,0.08167240768671036
20180706_West_lp-n-mobo-c__1530901321_-00360.jpg,0.08152059465646744
20180504_FIRE_smer-tcs10-mobo-c__1525471739_-00060.jpg,0.08081279695034027
20170821_FIRE_lo-s-mobo-c__1503348203_-01800.jpg,0.08025705814361572
20180602_FIRE_smer-tcs9-mobo-c__1527977757_-00480.jpg,0.0798768699169159
20170821_FIRE_lo-s-mobo-c__1503349223_-00780.jpg,0.07905757427215576
20170722_FIRE_so-s-mobo-c__1500759021_-02220.jpg,0.07898594439029694
20170722_FIRE_so-s-mobo-c__1500759741_-01500.jpg,0.07891368120908737
20170722_FIRE_so-s-mobo-c__1500759081_-02160.jpg,0.07888194173574448
20170927_FIRE_smer-tcs9-mobo-c__1506548277_-00420.jpg,0.0788697600364685
20180706_FIRE_wc-e-mobo-c__1530899480_-02400.jpg,0.07879287749528885
20180706_West_lp-n-mobo-c__1530900841_-00840.jpg,0.07869065552949905
20180522_FIRE_rm-e-mobo-c__1527022742_-00720.jpg,0.07824365049600601
20180602_Alison_sp-s-mobo-c__1527968970_-01020.jpg,0.07787469774484634
20180706_West_lp-n-mobo-c__1530900901_-00780.jpg,0.07778403908014297
20180706_West_lp-n-mobo-c__1530901501_-00180.jpg,0.07777837663888931
20180706_West_lp-n-mobo-c__1530900961_-00720.jpg,0.07763206213712692
20180603_FIRE_sm-w-mobo-c__1528066353_-01020.jpg,0.07760779559612274
20180706_West_lp-n-mobo-c__1530901261_-00420.jpg,0.07733263820409775
20180726_FIRE_so-w-mobo-c__1532621063_-02340.jpg,0.07726763933897018
20171207_Lilac_rm-s-mobo__1512672484_-01500.jpg,0.07672115415334702
20180725_FIRE_smer-tcs10-mobo-c__1532530319_-01560.jpg,0.07606535404920578
20180504_FIRE_smer-tcs10-mobo-c__1525471679_-00120.jpg,0.07587527483701706
20180602_Alison_sp-s-mobo-c__1527969390_-00600.jpg,0.07583779096603394
20170927_FIRE_smer-tcs9-mobo-c__1506548037_-00660.jpg,0.07556746900081635
20180614_Hope_wc-e-mobo-c__1528998620_-02340.jpg,0.07542992383241653
20180602_FIRE_smer-tcs9-mobo-c__1527977877_-00360.jpg,0.07541397958993912
20180602_Alison_sp-s-mobo-c__1527969450_-00540.jpg,0.07529450953006744
20180725_Cranston_sp-e-mobo-c__1532544028_-00840.jpg,0.07522162050008774
20170722_FIRE_so-s-mobo-c__1500759261_-01980.jpg,0.07497541606426239
20180725_Cranston_sp-e-mobo-c__1532543428_-01440.jpg,0.0749213695526123
20180725_Cranston_sp-e-mobo-c__1532543968_-00900.jpg,0.07471901178359985
20180522_FIRE_rm-e-mobo-c__1527021482_-01980.jpg,0.07460696995258331
20180706_West_lp-n-mobo-c__1530901141_-00540.jpg,0.07440242171287537
20171207_Lilac_rm-s-mobo__1512671824_-02160.jpg,0.0743330866098404
20180726_FIRE_so-w-mobo-c__1532622623_-00780.jpg,0.07413868606090546
20180602_Alison_sp-s-mobo-c__1527969030_-00960.jpg,0.0741315558552742
20180522_FIRE_rm-e-mobo-c__1527023402_-00060.jpg,0.07412870228290558
20180726_FIRE_so-w-mobo-c__1532622383_-01020.jpg,0.0739213228225708
20180614_Hope_wc-e-mobo-c__1528999040_-01920.jpg,0.07383617013692856
20180612_FIRE_smer-tcs9-mobo-c__1528841097_-00060.jpg,0.07353201508522034
20180720_FIRE_syp-w-mobo-c__1532121109_-00480.jpg,0.07336237281560898
20180602_Alison_sp-s-mobo-c__1527968670_-01320.jpg,0.07312741875648499
20180603_FIRE_sm-w-mobo-c__1528065993_-01380.jpg,0.07282157987356186
20180706_West_lp-n-mobo-c__1530900241_-01440.jpg,0.07223150134086609
20180522_FIRE_rm-e-mobo-c__1527022802_-00660.jpg,0.0719916895031929
20180603_FIRE_sm-w-mobo-c__1528067013_-00360.jpg,0.07194305956363678
20170722_FIRE_so-s-mobo-c__1500759321_-01920.jpg,0.07187677174806595
20180723_FIRE_tp-e-mobo-c__1532381411_-01680.jpg,0.07175464928150177
20180602_FIRE_smer-tcs9-mobo-c__1527977577_-00660.jpg,0.07165851444005966
20180706_West_lp-n-mobo-c__1530901441_-00240.jpg,0.07145468890666962
20180522_FIRE_rm-e-mobo-c__1527022922_-00540.jpg,0.07142776995897293
20170826_FIRE_tp-s-mobo-c__1503772573_-00360.jpg,0.07115036249160767
20180726_FIRE_so-w-mobo-c__1532621843_-01560.jpg,0.07085571438074112
20171207_Lilac_rm-s-mobo__1512673564_-00420.jpg,0.07081714272499084
20180706_West_lp-n-mobo-c__1530900541_-01140.jpg,0.07073508948087692
20180602_FIRE_smer-tcs9-mobo-c__1527978177_-00060.jpg,0.0705326497554779
20180725_Cranston_sp-e-mobo-c__1532544208_-00660.jpg,0.07014531642198563
20180602_Alison_sp-s-mobo-c__1527968070_-01920.jpg,0.06976877152919769
20180603_FIRE_sm-w-mobo-c__1528066053_-01320.jpg,0.06968226283788681
20180723_FIRE_tp-e-mobo-c__1532381711_-01380.jpg,0.06926332414150238
20180706_West_lp-n-mobo-c__1530900781_-00900.jpg,0.0687377005815506
20171207_Lilac_rm-s-mobo__1512673624_-00360.jpg,0.06802669912576675
20180726_FIRE_so-w-mobo-c__1532621963_-01440.jpg,0.06792500615119934
20180504_FIRE_smer-tcs10-mobo-c__1525469699_-02100.jpg,0.0678892731666565
20171207_Lilac_rm-s-mobo__1512672964_-01020.jpg,0.0678335577249527
20171207_Lilac_rm-s-mobo__1512673204_-00780.jpg,0.0675952285528183
20180706_West_lp-n-mobo-c__1530901021_-00660.jpg,0.06751234084367752
20170927_FIRE_smer-tcs9-mobo-c__1506547797_-00900.jpg,0.0675056129693985
20180603_FIRE_sm-w-mobo-c__1528067193_-00180.jpg,0.06749679148197174
20180706_West_lp-n-mobo-c__1530900301_-01380.jpg,0.06726761907339096
20180603_FIRE_sm-w-mobo-c__1528066113_-01260.jpg,0.06725607067346573
20180723_FIRE_tp-e-mobo-c__1532381591_-01500.jpg,0.06723286211490631
20171207_Lilac_rm-s-mobo__1512673444_-00540.jpg,0.06698985397815704
20170821_FIRE_lo-s-mobo-c__1503349463_-00540.jpg,0.06693679839372635
20180602_Alison_sp-s-mobo-c__1527968370_-01620.jpg,0.06689811497926712
20180706_West_lp-n-mobo-c__1530899821_-01860.jpg,0.06689714640378952
20180725_Cranston_sp-e-mobo-c__1532543308_-01560.jpg,0.06668299436569214
20180602_Alison_sp-s-mobo-c__1527969570_-00420.jpg,0.06665685772895813
20180720_FIRE_syp-w-mobo-c__1532121169_-00420.jpg,0.06650752574205399
20171010_FIRE_hp-w-mobo-c__1507671511_-00960.jpg,0.06619487702846527
20180504_FIRE_smer-tcs10-mobo-c__1525471139_-00660.jpg,0.06587240844964981
20170722_FIRE_so-s-mobo-c__1500759561_-01680.jpg,0.06524807959794998
20170722_FIRE_so-s-mobo-c__1500759141_-02100.jpg,0.06513837724924088
20180725_Cranston_sp-e-mobo-c__1532544448_-00420.jpg,0.06493832170963287
20180726_FIRE_so-w-mobo-c__1532621603_-01800.jpg,0.06478120386600494
20180504_FIRE_smer-tcs10-mobo-c__1525471619_-00180.jpg,0.06440161913633347
20180603_FIRE_sm-w-mobo-c__1528066593_-00780.jpg,0.06428290158510208
20180612_FIRE_smer-tcs9-mobo-c__1528840377_-00780.jpg,0.06405176967382431
20180726_FIRE_so-w-mobo-c__1532621663_-01740.jpg,0.06376439332962036
20180602_FIRE_smer-tcs9-mobo-c__1527976077_-02160.jpg,0.06362084299325943
20170821_FIRE_lo-s-mobo-c__1503348143_-01860.jpg,0.06355997174978256
20170722_FIRE_so-s-mobo-c__1500760161_-01080.jpg,0.0634528249502182
20180612_FIRE_smer-tcs9-mobo-c__1528838937_-02220.jpg,0.06340665370225906
20180706_West_lp-n-mobo-c__1530900121_-01560.jpg,0.06329593807458878
20180725_Cranston_sp-e-mobo-c__1532544328_-00540.jpg,0.0632944107055664
20180706_West_lp-n-mobo-c__1530900481_-01200.jpg,0.06303757429122925
20170821_FIRE_lo-s-mobo-c__1503349163_-00840.jpg,0.06296228617429733
20180504_FIRE_smer-tcs10-mobo-c__1525471319_-00480.jpg,0.06261074542999268
20180602_Alison_sp-s-mobo-c__1527968250_-01740.jpg,0.06254709511995316
20180725_Cranston_sp-e-mobo-c__1532542588_-02280.jpg,0.06252124905586243
20180706_West_lp-n-mobo-c__1530900361_-01320.jpg,0.062163256108760834
20180603_FIRE_smer-tcs9-mobo-c__1528055577_-01740.jpg,0.06216130778193474
20180725_Cranston_sp-e-mobo-c__1532544568_-00300.jpg,0.06210331618785858
20180725_Cranston_sp-e-mobo-c__1532544088_-00780.jpg,0.0616329126060009
20180612_FIRE_smer-tcs9-mobo-c__1528840797_-00360.jpg,0.061173588037490845
20180726_FIRE_so-w-mobo-c__1532622023_-01380.jpg,0.061089564114809036
20180706_West_lp-n-mobo-c__1530900181_-01500.jpg,0.060865867882966995
20180504_FIRE_smer-tcs10-mobo-c__1525470719_-01080.jpg,0.060503214597702026
20180725_Cranston_sp-e-mobo-c__1532543368_-01500.jpg,0.060193758457899094
20180720_FIRE_syp-w-mobo-c__1532121289_-00300.jpg,0.06006917729973793
20180706_West_lp-n-mobo-c__1530899761_-01920.jpg,0.05982101336121559
20170821_FIRE_lo-s-mobo-c__1503347963_-02040.jpg,0.05980471894145012
20171207_Lilac_rm-s-mobo__1512672544_-01440.jpg,0.05968335270881653
20180725_Cranston_sp-e-mobo-c__1532543188_-01680.jpg,0.05963587388396263
20180602_FIRE_smer-tcs9-mobo-c__1527977697_-00540.jpg,0.059233441948890686
20180706_West_lp-n-mobo-c__1530900001_-01680.jpg,0.059086646884679794
20180725_Cranston_sp-e-mobo-c__1532542828_-02040.jpg,0.05883555859327316
20170826_FIRE_tp-s-mobo-c__1503771973_-00960.jpg,0.05859845504164696
20170826_FIRE_tp-s-mobo-c__1503772453_-00480.jpg,0.05854984000325203
20180725_Cranston_sp-e-mobo-c__1532544628_-00240.jpg,0.05850715562701225
20180504_FIRE_smer-tcs10-mobo-c__1525469639_-02160.jpg,0.058471985161304474
20171207_Lilac_rm-s-mobo__1512672784_-01200.jpg,0.05828532576560974
20180706_West_lp-n-mobo-c__1530900601_-01080.jpg,0.05823221802711487
20180726_FIRE_so-w-mobo-c__1532623283_-00120.jpg,0.05806313827633858
20180602_FIRE_smer-tcs9-mobo-c__1527978117_-00120.jpg,0.057946428656578064
20180614_Hope_wc-e-mobo-c__1528999100_-01860.jpg,0.057687971740961075
20180706_West_lp-n-mobo-c__1530900421_-01260.jpg,0.05764071270823479
20180602_FIRE_smer-tcs9-mobo-c__1527978057_-00180.jpg,0.05761181190609932
20180606_FIRE_lo-s-mobo-c__1528303343_-01140.jpg,0.05737007409334183
20170821_FIRE_lo-s-mobo-c__1503348563_-01440.jpg,0.057266965508461
20180602_Alison_sp-s-mobo-c__1527969090_-00900.jpg,0.05706847086548805
20180726_FIRE_so-w-mobo-c__1532621483_-01920.jpg,0.05698246881365776
20180720_FIRE_syp-w-mobo-c__1532121409_-00180.jpg,0.05695091187953949
20180606_FIRE_lo-s-mobo-c__1528303043_-01440.jpg,0.05691711977124214
20170722_FIRE_so-s-mobo-c__1500760521_-00720.jpg,0.056600868701934814
20180726_FIRE_so-w-mobo-c__1532622143_-01260.jpg,0.056480199098587036
20180612_FIRE_smer-tcs9-mobo-c__1528840737_-00420.jpg,0.05646231397986412
20180602_FIRE_smer-tcs9-mobo-c__1527977817_-00420.jpg,0.05629906803369522
20180725_Cranston_sp-e-mobo-c__1532544268_-00600.jpg,0.056132297962903976
20180614_Hope_wc-e-mobo-c__1529000720_-00240.jpg,0.056064173579216
20180725_Cranston_sp-e-mobo-c__1532542768_-02100.jpg,0.055894095450639725
20180726_FIRE_so-w-mobo-c__1532622983_-00420.jpg,0.055789776146411896
20180706_West_lp-n-mobo-c__1530899881_-01800.jpg,0.055505093187093735
20180612_FIRE_smer-tcs9-mobo-c__1528840677_-00480.jpg,0.055361922830343246
20180725_Cranston_sp-e-mobo-c__1532544388_-00480.jpg,0.05529003590345383
20180602_FIRE_smer-tcs9-mobo-c__1527976017_-02220.jpg,0.055158331990242004
20180725_Cranston_sp-e-mobo-c__1532542948_-01920.jpg,0.054816097021102905
20180726_FIRE_so-w-mobo-c__1532623163_-00240.jpg,0.0547461099922657
20180726_FIRE_so-w-mobo-c__1532623103_-00300.jpg,0.05455862730741501
20170826_FIRE_tp-s-mobo-c__1503772393_-00540.jpg,0.05450557544827461
20180602_FIRE_smer-tcs9-mobo-c__1527976737_-01500.jpg,0.05425522103905678
20180725_Cranston_sp-e-mobo-c__1532543008_-01860.jpg,0.0542369969189167
20170826_FIRE_tp-s-mobo-c__1503772873_-00060.jpg,0.05421457439661026
20180720_FIRE_syp-w-mobo-c__1532121349_-00240.jpg,0.054125841706991196
20180726_FIRE_so-w-mobo-c__1532622863_-00540.jpg,0.05412210151553154
20180504_FIRE_smer-tcs10-mobo-c__1525471559_-00240.jpg,0.05396903306245804
20180602_FIRE_smer-tcs9-mobo-c__1527977937_-00300.jpg,0.053630031645298004
20180504_FIRE_smer-tcs10-mobo-c__1525469459_-02340.jpg,0.0532698892056942
20180706_West_lp-n-mobo-c__1530900061_-01620.jpg,0.05320257693529129
20170807_FIRE_bh-n-mobo-c__1502139850_-01080.jpg,0.0531819723546505
20180614_Hope_wc-e-mobo-c__1529000780_-00180.jpg,0.05301526561379433
20180726_FIRE_so-w-mobo-c__1532621543_-01860.jpg,0.052972253412008286
20180725_Cranston_sp-e-mobo-c__1532543848_-01020.jpg,0.05269082263112068
20180706_West_lp-n-mobo-c__1530899461_-02220.jpg,0.05266062915325165
20180504_FIRE_smer-tcs10-mobo-c__1525470839_-00960.jpg,0.052565839141607285
20180602_FIRE_smer-tcs9-mobo-c__1527976557_-01680.jpg,0.05253509432077408
20180706_West_lp-n-mobo-c__1530899641_-02040.jpg,0.052517786622047424
20180602_FIRE_smer-tcs9-mobo-c__1527976137_-02100.jpg,0.05247875303030014
20180603_FIRE_sm-w-mobo-c__1528066533_-00840.jpg,0.052443042397499084
20180504_FIRE_smer-tcs10-mobo-c__1525469519_-02280.jpg,0.05224092677235603
20180612_FIRE_smer-tcs9-mobo-c__1528840977_-00180.jpg,0.052213627845048904
20180706_West_lp-n-mobo-c__1530899941_-01740.jpg,0.05220553278923035
20180726_FIRE_so-w-mobo-c__1532623043_-00360.jpg,0.05220197141170502
20180602_FIRE_smer-tcs9-mobo-c__1527977217_-01020.jpg,0.05213557556271553
20180602_FIRE_smer-tcs9-mobo-c__1527977097_-01140.jpg,0.05177575349807739
20180504_FIRE_smer-tcs10-mobo-c__1525469759_-02040.jpg,0.05170680582523346
20180504_FIRE_smer-tcs10-mobo-c__1525469579_-02220.jpg,0.05154963210225105
20180725_FIRE_smer-tcs10-mobo-c__1532529839_-02040.jpg,0.05136093497276306
20170927_FIRE_smer-tcs9-mobo-c__1506546297_-02400.jpg,0.05127815902233124
20180504_FIRE_smer-tcs10-mobo-c__1525469819_-01980.jpg,0.051214493811130524
20170807_FIRE_bh-n-mobo-c__1502139970_-00960.jpg,0.050979893654584885
20180706_West_lp-n-mobo-c__1530899701_-01980.jpg,0.050947804003953934
20180725_Cranston_sp-e-mobo-c__1532543068_-01800.jpg,0.05094440281391144
20180504_FIRE_smer-tcs10-mobo-c__1525471259_-00540.jpg,0.050944093614816666
20180725_Cranston_sp-e-mobo-c__1532543128_-01740.jpg,0.050927530974149704
20180612_FIRE_smer-tcs9-mobo-c__1528840617_-00540.jpg,0.05086304619908333
20180720_FIRE_syp-w-mobo-c__1532121469_-00120.jpg,0.05081859230995178
20180614_Hope_wc-e-mobo-c__1528998560_-02400.jpg,0.05063439905643463
20180726_FIRE_so-w-mobo-c__1532621303_-02100.jpg,0.050562310963869095
20180614_Hope_wc-e-mobo-c__1528999220_-01740.jpg,0.05054085701704025
20180504_FIRE_smer-tcs10-mobo-c__1525470179_-01620.jpg,0.05003238841891289
20180725_FIRE_smer-tcs10-mobo-c__1532529659_-02220.jpg,0.05002997815608978
20180504_FIRE_smer-tcs10-mobo-c__1525470359_-01440.jpg,0.05002725496888161
20180602_FIRE_smer-tcs9-mobo-c__1527977637_-00600.jpg,0.04993576183915138
20180603_FIRE_smer-tcs9-mobo-c__1528055997_-01320.jpg,0.04992745816707611
20170927_FIRE_smer-tcs9-mobo-c__1506547977_-00720.jpg,0.049906544387340546
20180725_Cranston_sp-e-mobo-c__1532542468_-02400.jpg,0.04982437565922737
20170821_FIRE_lo-s-mobo-c__1503347783_-02220.jpg,0.04949898645281792
20170927_FIRE_smer-tcs9-mobo-c__1506548097_-00600.jpg,0.04946863651275635
20180725_Cranston_sp-e-mobo-c__1532542888_-01980.jpg,0.04942403733730316
20180504_FIRE_smer-tcs10-mobo-c__1525469879_-01920.jpg,0.04931698739528656
20180726_FIRE_so-w-mobo-c__1532622263_-01140.jpg,0.04926207289099693
20170927_FIRE_smer-tcs9-mobo-c__1506546417_-02280.jpg,0.04903792589902878
20180614_Hope_wc-e-mobo-c__1529000240_-00720.jpg,0.0490376241505146
20170821_FIRE_lo-s-mobo-c__1503347843_-02160.jpg,0.049000076949596405
20180517_FIRE_smer-tcs10-mobo-c__1526593139_-00660.jpg,0.048902712762355804
20180602_FIRE_smer-tcs9-mobo-c__1527976377_-01860.jpg,0.048855021595954895
20180726_FIRE_so-w-mobo-c__1532622323_-01080.jpg,0.04884714260697365
20180614_Hope_wc-e-mobo-c__1528999280_-01680.jpg,0.04874257743358612
20171207_Lilac_rm-s-mobo__1512672664_-01320.jpg,0.04873101785778999
20170927_FIRE_smer-tcs9-mobo-c__1506547917_-00780.jpg,0.04871748387813568
20180726_FIRE_so-n-mobo-c__1532622557_-00840.jpg,0.04866822436451912
20180603_FIRE_smer-tcs9-mobo-c__1528055937_-01380.jpg,0.048408132046461105
20180614_Hope_wc-e-mobo-c__1529000060_-00900.jpg,0.04836500808596611
20180614_Hope_wc-e-mobo-c__1528998800_-02160.jpg,0.04783548414707184
20180606_FIRE_lo-s-mobo-c__1528302443_-02040.jpg,0.04783107712864876
20180614_Hope_wc-e-mobo-c__1528998740_-02220.jpg,0.047725215554237366
20180504_FIRE_smer-tcs10-mobo-c__1525469999_-01800.jpg,0.04767990484833717
20180612_FIRE_smer-tcs9-mobo-c__1528840917_-00240.jpg,0.047657035291194916
20180504_FIRE_smer-tcs10-mobo-c__1525470299_-01500.jpg,0.04739493504166603
20170927_FIRE_smer-tcs9-mobo-c__1506546357_-02340.jpg,0.04681611806154251
20171207_Lilac_rm-s-mobo__1512672004_-01980.jpg,0.04681343585252762
20180706_West_lp-n-mobo-c__1530899341_-02340.jpg,0.04680782929062843
20180605_FIRE_smer-tcs9-mobo-c__1528229877_-01380.jpg,0.04677353426814079
20180706_West_lp-n-mobo-c__1530899521_-02160.jpg,0.04670169577002525
20180603_FIRE_sm-w-mobo-c__1528066893_-00480.jpg,0.046627141535282135
20180517_FIRE_smer-tcs10-mobo-c__1526593199_-00600.jpg,0.046548016369342804
20180602_Alison_sp-s-mobo-c__1527968490_-01500.jpg,0.04652300849556923
20180614_Hope_wc-e-mobo-c__1528999340_-01620.jpg,0.046395204961299896
20180504_FIRE_smer-tcs10-mobo-c__1525471079_-00720.jpg,0.04628724977374077
20180614_Hope_wc-e-mobo-c__1528998860_-02100.jpg,0.04628020524978638
20170927_FIRE_smer-tcs9-mobo-c__1506547257_-01440.jpg,0.046101443469524384
20170821_FIRE_lo-s-mobo-c__1503349043_-00960.jpg,0.04607360064983368
20180612_FIRE_smer-tcs9-mobo-c__1528841037_-00120.jpg,0.04605679586529732
20180726_FIRE_so-w-mobo-c__1532622083_-01320.jpg,0.04599567875266075
20180602_FIRE_smer-tcs9-mobo-c__1527977037_-01200.jpg,0.04597356915473938
20180725_Cranston_sp-e-mobo-c__1532543548_-01320.jpg,0.04595450684428215
20180614_Hope_wc-e-mobo-c__1528999460_-01500.jpg,0.04591866955161095
20180725_Cranston_sp-e-mobo-c__1532543668_-01200.jpg,0.045878682285547256
20180602_FIRE_smer-tcs9-mobo-c__1527977337_-00900.jpg,0.04579231142997742
20171207_Lilac_rm-s-mobo__1512673924_-00060.jpg,0.04573811963200569
20170722_FIRE_so-s-mobo-c__1500759861_-01380.jpg,0.045674070715904236
20170927_FIRE_smer-tcs9-mobo-c__1506546537_-02160.jpg,0.04551500454545021
20170927_FIRE_smer-tcs9-mobo-c__1506546957_-01740.jpg,0.04527996852993965
20180612_FIRE_smer-tcs9-mobo-c__1528840077_-01080.jpg,0.04526413977146149
20180602_Alison_sp-s-mobo-c__1527968430_-01560.jpg,0.045188337564468384
20170927_FIRE_smer-tcs9-mobo-c__1506548157_-00540.jpg,0.04516633227467537
20180602_FIRE_smer-tcs9-mobo-c__1527977277_-00960.jpg,0.04516152665019035
20180504_FIRE_smer-tcs10-mobo-c__1525469939_-01860.jpg,0.04504480957984924
20180522_FIRE_rm-e-mobo-c__1527023342_-00120.jpg,0.04495351016521454
20180504_FIRE_smer-tcs10-mobo-c__1525471379_-00420.jpg,0.044883642345666885
20180603_FIRE_sm-w-mobo-c__1528066653_-00720.jpg,0.04475098103284836
20180725_Cranston_sp-e-mobo-c__1532543248_-01620.jpg,0.044404249638319016
20180602_FIRE_smer-tcs9-mobo-c__1527977457_-00780.jpg,0.04435516893863678
20170927_FIRE_smer-tcs9-mobo-c__1506547197_-01500.jpg,0.04427408054471016
20171207_Lilac_rm-s-mobo__1512671584_-02400.jpg,0.04426099359989166
20180504_FIRE_smer-tcs10-mobo-c__1525470119_-01680.jpg,0.044195424765348434
20180612_FIRE_smer-tcs9-mobo-c__1528840857_-00300.jpg,0.04416206106543541
20180614_Hope_wc-e-mobo-c__1528999160_-01800.jpg,0.044097818434238434
20180504_FIRE_smer-tcs10-mobo-c__1525471439_-00360.jpg,0.0440448522567749
20180614_Hope_wc-e-mobo-c__1529000120_-00840.jpg,0.04396999627351761
20180725_Cranston_sp-e-mobo-c__1532542648_-02220.jpg,0.04389721155166626
20171010_FIRE_hp-w-mobo-c__1507671391_-01080.jpg,0.04389697313308716
20180612_FIRE_smer-tcs9-mobo-c__1528840557_-00600.jpg,0.04384184628725052
20180504_FIRE_smer-tcs10-mobo-c__1525471199_-00600.jpg,0.043832555413246155
20170821_FIRE_lo-s-mobo-c__1503348503_-01500.jpg,0.04377824813127518
20180602_FIRE_smer-tcs9-mobo-c__1527975837_-02400.jpg,0.043751757591962814
20170927_FIRE_smer-tcs9-mobo-c__1506547557_-01140.jpg,0.043678589165210724
20180504_FIRE_smer-tcs10-mobo-c__1525469399_-02400.jpg,0.04356015473604202
20180606_FIRE_lo-s-mobo-c__1528302863_-01620.jpg,0.043509721755981445
20180606_FIRE_lo-s-mobo-c__1528304303_-00180.jpg,0.043431125581264496
20180602_FIRE_smer-tcs9-mobo-c__1527977517_-00720.jpg,0.04328610748052597
20180726_FIRE_so-w-mobo-c__1532621123_-02280.jpg,0.043250005692243576
20180614_Hope_wc-e-mobo-c__1528999400_-01560.jpg,0.04308179393410683
20180614_Hope_wc-e-mobo-c__1528999580_-01380.jpg,0.04302537068724632
20180602_FIRE_smer-tcs9-mobo-c__1527976257_-01980.jpg,0.04277826100587845
20170722_FIRE_so-s-mobo-c__1500759201_-02040.jpg,0.04241465404629707
20170722_FIRE_so-s-mobo-c__1500759441_-01800.jpg,0.04229697957634926
20180602_FIRE_smer-tcs9-mobo-c__1527975957_-02280.jpg,0.04228988289833069
20180612_FIRE_smer-tcs9-mobo-c__1528840197_-00960.jpg,0.04211859405040741
20180706_West_lp-n-mobo-c__1530899401_-02280.jpg,0.042065732181072235
20180614_FIRE_hp-s-mobo-c__1529011169_-00780.jpg,0.04205939918756485
20171207_Lilac_rm-s-mobo__1512673384_-00600.jpg,0.04204629734158516
20180612_FIRE_smer-tcs9-mobo-c__1528840497_-00660.jpg,0.04197533056139946
20180606_FIRE_lo-s-mobo-c__1528303583_-00900.jpg,0.041900865733623505
20180517_FIRE_smer-tcs10-mobo-c__1526591399_-02400.jpg,0.041884344071149826
20180602_Alison_sp-s-mobo-c__1527968190_-01800.jpg,0.04173469543457031
20180720_FIRE_syp-w-mobo-c__1532121229_-00360.jpg,0.04171166196465492
20180725_FIRE_smer-tcs10-mobo-c__1532529599_-02280.jpg,0.04171000421047211
20180612_FIRE_smer-tcs9-mobo-c__1528840317_-00840.jpg,0.04156177490949631
20180602_FIRE_smer-tcs9-mobo-c__1527977157_-01080.jpg,0.041488151997327805
20180726_FIRE_so-w-mobo-c__1532622563_-00840.jpg,0.04146619886159897
20171010_FIRE_hp-w-mobo-c__1507671211_-01260.jpg,0.041461534798145294
20180706_FIRE_wc-e-mobo-c__1530899600_-02280.jpg,0.04138350859284401
20180522_FIRE_rm-e-mobo-c__1527021422_-02040.jpg,0.04136105999350548
20180726_FIRE_so-w-mobo-c__1532621423_-01980.jpg,0.041261520236730576
20180504_FIRE_smer-tcs10-mobo-c__1525471499_-00300.jpg,0.0412352979183197
20180603_FIRE_smer-tcs9-mobo-c__1528056957_-00360.jpg,0.04121476039290428
20170927_FIRE_smer-tcs9-mobo-c__1506547437_-01260.jpg,0.041046448051929474
20171207_Lilac_rm-s-mobo__1512673504_-00480.jpg,0.04104624316096306
20170927_FIRE_smer-tcs9-mobo-c__1506546597_-02100.jpg,0.04072432965040207
20180725_Cranston_sp-e-mobo-c__1532542528_-02340.jpg,0.04065696895122528
20180720_FIRE_syp-w-mobo-c__1532120989_-00600.jpg,0.040636997669935226
20180725_Cranston_sp-e-mobo-c__1532543488_-01380.jpg,0.040501900017261505
20170807_FIRE_bh-n-mobo-c__1502139730_-01200.jpg,0.04050116613507271
20180612_FIRE_smer-tcs9-mobo-c__1528840137_-01020.jpg,0.04047224298119545
20180612_FIRE_smer-tcs9-mobo-c__1528840437_-00720.jpg,0.04045965149998665
20170722_FIRE_so-s-mobo-c__1500758961_-02280.jpg,0.04025508835911751
20180706_West_lp-n-mobo-c__1530899581_-02100.jpg,0.040193818509578705
20180725_FIRE_smer-tcs10-mobo-c__1532529719_-02160.jpg,0.04018523544073105
20180726_FIRE_so-w-mobo-c__1532622743_-00660.jpg,0.03994544968008995
20180725_Cranston_sp-e-mobo-c__1532544508_-00360.jpg,0.03989237919449806
20180726_FIRE_so-w-mobo-c__1532622923_-00480.jpg,0.03983519971370697
20180504_FIRE_smer-tcs10-mobo-c__1525470959_-00840.jpg,0.039804235100746155
20180725_FIRE_smer-tcs10-mobo-c__1532529899_-01980.jpg,0.0397748239338398
20170927_FIRE_smer-tcs9-mobo-c__1506547617_-01080.jpg,0.03973563015460968
20171010_FIRE_hp-w-mobo-c__1507671451_-01020.jpg,0.03963411971926689
20180614_Hope_wc-e-mobo-c__1529000660_-00300.jpg,0.03947976976633072
20170807_FIRE_bh-n-mobo-c__1502140030_-00900.jpg,0.03946152701973915
20180603_FIRE_smer-tcs9-mobo-c__1528057077_-00240.jpg,0.039413996040821075
20180612_FIRE_smer-tcs9-mobo-c__1528840257_-00900.jpg,0.03917597979307175
20180725_Cranston_sp-e-mobo-c__1532544748_-00120.jpg,0.03903725743293762
20180522_FIRE_rm-e-mobo-c__1527022862_-00600.jpg,0.03898538649082184
20171010_FIRE_hp-w-mobo-c__1507671991_-00480.jpg,0.038847535848617554
20180504_FIRE_smer-tcs10-mobo-c__1525470659_-01140.jpg,0.03882237523794174
20180706_West_lp-n-mobo-c__1530899281_-02400.jpg,0.038770806044340134
20180614_Hope_wc-e-mobo-c__1528998680_-02280.jpg,0.0387573316693306
20180603_FIRE_smer-tcs9-mobo-c__1528056477_-00840.jpg,0.03875194862484932
20170821_FIRE_lo-s-mobo-c__1503349103_-00900.jpg,0.038609374314546585
20180602_FIRE_smer-tcs9-mobo-c__1527977997_-00240.jpg,0.03856420889496803
20180614_Hope_wc-e-mobo-c__1528998980_-01980.jpg,0.03855990618467331
20170821_FIRE_lo-s-mobo-c__1503348623_-01380.jpg,0.038550812751054764
20180602_FIRE_smer-tcs9-mobo-c__1527976197_-02040.jpg,0.03842423856258392
20180602_FIRE_smer-tcs9-mobo-c__1527976797_-01440.jpg,0.038301680237054825
20171207_Lilac_rm-s-mobo__1512672364_-01620.jpg,0.03825867176055908
20170927_FIRE_smer-tcs9-mobo-c__1506547317_-01380.jpg,0.03807001933455467
20171021_FIRE_pi-e-mobo-c__1508614445_-01680.jpg,0.03805676847696304
20180504_FIRE_smer-tcs10-mobo-c__1525470239_-01560.jpg,0.03804989904165268
20180603_FIRE_smer-tcs9-mobo-c__1528056537_-00780.jpg,0.0379677377641201
20180725_FIRE_smer-tcs10-mobo-c__1532530079_-01800.jpg,0.03784780949354172
20180725_Cranston_sp-e-mobo-c__1532543788_-01080.jpg,0.03757760673761368
20180602_FIRE_smer-tcs9-mobo-c__1527976437_-01800.jpg,0.037520889192819595
20170927_FIRE_smer-tcs9-mobo-c__1506546717_-01980.jpg,0.03750292956829071
20180602_FIRE_smer-tcs9-mobo-c__1527976317_-01920.jpg,0.03745637089014053
20180614_Hope_wc-e-mobo-c__1529000540_-00420.jpg,0.03744387626647949
20170722_FIRE_so-s-mobo-c__1500759981_-01260.jpg,0.037284962832927704
20180725_Cranston_sp-e-mobo-c__1532543728_-01140.jpg,0.03725680336356163
20180504_FIRE_smer-tcs10-mobo-c__1525470059_-01740.jpg,0.036950938403606415
20180720_FIRE_syp-w-mobo-c__1532121529_-00060.jpg,0.036891985684633255
20170927_FIRE_smer-tcs9-mobo-c__1506547377_-01320.jpg,0.036728616803884506
20170927_FIRE_smer-tcs9-mobo-c__1506547737_-00960.jpg,0.03657890111207962
20180504_FIRE_smer-tcs10-mobo-c__1525470599_-01200.jpg,0.036511410027742386
20170821_FIRE_lo-s-mobo-c__1503349823_-00180.jpg,0.036437470465898514
20180726_FIRE_so-w-mobo-c__1532622203_-01200.jpg,0.036152005195617676
20180726_FIRE_so-w-mobo-c__1532622443_-00960.jpg,0.03609555587172508
20180726_FIRE_so-w-mobo-c__1532622803_-00600.jpg,0.03604624792933464
20180517_FIRE_smer-tcs10-mobo-c__1526593619_-00180.jpg,0.03594271093606949
20180606_FIRE_ml-s-mobo-c__1528306395_-00840.jpg,0.035892460495233536
20170927_FIRE_smer-tcs9-mobo-c__1506547857_-00840.jpg,0.03587079793214798
20180517_FIRE_smer-tcs10-mobo-c__1526593319_-00480.jpg,0.03576655685901642
20180612_FIRE_smer-tcs9-mobo-c__1528839897_-01260.jpg,0.03571990132331848
20180517_FIRE_smer-tcs10-mobo-c__1526593739_-00060.jpg,0.03548993170261383
20170927_FIRE_smer-tcs9-mobo-c__1506546837_-01860.jpg,0.03542536869645119
20180522_FIRE_rm-e-mobo-c__1527023222_-00240.jpg,0.03537076711654663
20170821_FIRE_lo-s-mobo-c__1503349403_-00600.jpg,0.03533260151743889
20180725_FIRE_smer-tcs10-mobo-c__1532529539_-02340.jpg,0.035301994532346725
20180603_FIRE_sm-w-mobo-c__1528066293_-01080.jpg,0.03528985008597374
20170807_FIRE_bh-n-mobo-c__1502139670_-01260.jpg,0.0352783277630806
20180522_FIRE_rm-e-mobo-c__1527021302_-02160.jpg,0.035277724266052246
20180725_Cranston_sp-e-mobo-c__1532544688_-00180.jpg,0.03524472936987877
20170927_FIRE_smer-tcs9-mobo-c__1506546657_-02040.jpg,0.035169318318367004
20180725_Cranston_sp-e-mobo-c__1532543908_-00960.jpg,0.035100020468235016
20180517_FIRE_smer-tcs10-mobo-c__1526592959_-00840.jpg,0.03489703685045242
20180517_FIRE_smer-tcs10-mobo-c__1526593259_-00540.jpg,0.03485067933797836
20180725_FIRE_smer-tcs10-mobo-c__1532529779_-02100.jpg,0.03482125326991081
20170807_FIRE_bh-n-mobo-c__1502140750_-00180.jpg,0.034800682216882706
20180603_FIRE_smer-tcs9-mobo-c__1528057017_-00300.jpg,0.03473080322146416
20180612_FIRE_smer-tcs9-mobo-c__1528839777_-01380.jpg,0.03469857573509216
20171207_Lilac_rm-s-mobo__1512672424_-01560.jpg,0.034637439996004105
20180517_FIRE_smer-tcs10-mobo-c__1526592659_-01140.jpg,0.034511249512434006
20180726_FIRE_so-w-mobo-c__1532621243_-02160.jpg,0.034332066774368286
20180602_FIRE_smer-tcs9-mobo-c__1527976617_-01620.jpg,0.03430001065135002
20180726_FIRE_so-w-mobo-c__1532621363_-02040.jpg,0.0342911034822464
20180504_FIRE_smer-tcs10-mobo-c__1525470419_-01380.jpg,0.034200455993413925
20180522_FIRE_rm-e-mobo-c__1527021662_-01800.jpg,0.034113794565200806
20170927_FIRE_smer-tcs9-mobo-c__1506546477_-02220.jpg,0.034107934683561325
20180726_FIRE_so-w-mobo-c__1532622683_-00720.jpg,0.03409166261553764
20180602_FIRE_smer-tcs9-mobo-c__1527976917_-01320.jpg,0.03407251462340355
20180606_FIRE_lo-s-mobo-c__1528303103_-01380.jpg,0.03390314802527428
20180602_FIRE_smer-tcs9-mobo-c__1527976497_-01740.jpg,0.03384219482541084
20180612_FIRE_smer-tcs9-mobo-c__1528839117_-02040.jpg,0.03383751958608627
20170927_FIRE_smer-tcs9-mobo-c__1506547077_-01620.jpg,0.03367980197072029
20170722_FIRE_so-s-mobo-c__1500760221_-01020.jpg,0.033654484897851944
20180517_FIRE_smer-tcs10-mobo-c__1526593559_-00240.jpg,0.03356584906578064
20180602_FIRE_smer-tcs9-mobo-c__1527975897_-02340.jpg,0.03356366604566574
20171207_Lilac_rm-s-mobo__1512673324_-00660.jpg,0.03328101336956024
20180614_Hope_wc-e-mobo-c__1529000000_-00960.jpg,0.0332220159471035
20180504_FIRE_smer-tcs10-mobo-c__1525470539_-01260.jpg,0.03296966105699539
20180504_FIRE_smer-tcs10-mobo-c__1525470479_-01320.jpg,0.03296106681227684
20170722_FIRE_so-s-mobo-c__1500760341_-00900.jpg,0.032666005194187164
20180517_FIRE_smer-tcs10-mobo-c__1526592839_-00960.jpg,0.03259557858109474
20170821_FIRE_lo-s-mobo-c__1503347663_-02340.jpg,0.03243967145681381
20180522_FIRE_rm-e-mobo-c__1527023042_-00420.jpg,0.03237659111618996
20180725_Cranston_sp-e-mobo-c__1532542708_-02160.jpg,0.03231613710522652
20180603_FIRE_smer-tcs9-mobo-c__1528055817_-01500.jpg,0.0322154276072979
20180602_FIRE_smer-tcs9-mobo-c__1527976677_-01560.jpg,0.03201949968934059
20180603_FIRE_smer-tcs9-mobo-c__1528055397_-01920.jpg,0.03191027045249939
20170722_FIRE_so-s-mobo-c__1500759681_-01560.jpg,0.031877730041742325
20180504_FIRE_smer-tcs10-mobo-c__1525470899_-00900.jpg,0.03182169795036316
20180522_FIRE_rm-e-mobo-c__1527021722_-01740.jpg,0.031602777540683746
20180725_Cranston_sp-e-mobo-c__1532544808_-00060.jpg,0.03159300237894058
20180606_FIRE_ml-s-mobo-c__1528305555_-01680.jpg,0.03127240017056465
20180517_FIRE_smer-tcs10-mobo-c__1526592779_-01020.jpg,0.031241154298186302
20180517_FIRE_smer-tcs10-mobo-c__1526593679_-00120.jpg,0.031182635575532913
20170927_FIRE_smer-tcs9-mobo-c__1506546897_-01800.jpg,0.03108152374625206
20170722_FIRE_so-s-mobo-c__1500760101_-01140.jpg,0.03099953755736351
20180614_Hope_wc-e-mobo-c__1529000300_-00660.jpg,0.03089982084929943
20180517_FIRE_smer-tcs10-mobo-c__1526592359_-01440.jpg,0.030788879841566086
20180720_FIRE_syp-w-mobo-c__1532121049_-00540.jpg,0.030414199456572533
20180614_Hope_wc-e-mobo-c__1528999520_-01440.jpg,0.030359983444213867
20180606_FIRE_lo-s-mobo-c__1528303883_-00600.jpg,0.030354762449860573
20180517_FIRE_smer-tcs10-mobo-c__1526593019_-00780.jpg,0.03034134767949581
20170807_FIRE_bh-n-mobo-c__1502140210_-00720.jpg,0.03025033324956894
20170807_FIRE_bh-n-mobo-c__1502139790_-01140.jpg,0.030111035332083702
20180612_FIRE_smer-tcs9-mobo-c__1528839837_-01320.jpg,0.030101396143436432
20180602_FIRE_smer-tcs9-mobo-c__1527976977_-01260.jpg,0.029832351952791214
20170927_FIRE_smer-tcs9-mobo-c__1506547137_-01560.jpg,0.029762618243694305
20180706_FIRE_wc-e-mobo-c__1530899540_-02340.jpg,0.029713233932852745
20180614_Hope_wc-e-mobo-c__1529000180_-00780.jpg,0.02966502122581005
20180614_Hope_wc-e-mobo-c__1528999700_-01260.jpg,0.029584703966975212
20180517_FIRE_smer-tcs10-mobo-c__1526593379_-00420.jpg,0.02955840528011322
20170826_FIRE_tp-s-mobo-c__1503772753_-00180.jpg,0.0294953603297472
20180517_FIRE_smer-tcs10-mobo-c__1526592899_-00900.jpg,0.02944430522620678
20180612_FIRE_smer-tcs9-mobo-c__1528839717_-01440.jpg,0.029276205226778984
20170807_FIRE_bh-n-mobo-c__1502139550_-01380.jpg,0.029234955087304115
20180517_FIRE_smer-tcs10-mobo-c__1526592719_-01080.jpg,0.029133426025509834
20180614_Hope_wc-e-mobo-c__1528999940_-01020.jpg,0.028911102563142776
20170807_FIRE_bh-n-mobo-c__1502139910_-01020.jpg,0.02881426177918911
20180517_FIRE_smer-tcs10-mobo-c__1526591459_-02340.jpg,0.028682425618171692
20180517_FIRE_smer-tcs10-mobo-c__1526591519_-02280.jpg,0.02866206504404545
20180612_FIRE_smer-tcs9-mobo-c__1528839657_-01500.jpg,0.028452888131141663
20180603_FIRE_smer-tcs9-mobo-c__1528056777_-00540.jpg,0.028285173699259758
20171207_Lilac_rm-s-mobo__1512672124_-01860.jpg,0.028275569900870323
20180517_FIRE_smer-tcs10-mobo-c__1526591699_-02100.jpg,0.028272243216633797
20180517_FIRE_smer-tcs10-mobo-c__1526592599_-01200.jpg,0.028022749349474907
20180504_FIRE_smer-tcs10-mobo-c__1525470779_-01020.jpg,0.027922464534640312
20180602_FIRE_smer-tcs9-mobo-c__1527976857_-01380.jpg,0.027881000190973282
20170722_FIRE_so-s-mobo-c__1500760761_-00480.jpg,0.02782742865383625
20180726_FIRE_so-w-mobo-c__1532623223_-00180.jpg,0.027808187529444695
20180614_Hope_wc-e-mobo-c__1528998920_-02040.jpg,0.027746815234422684
20180602_FIRE_smer-tcs9-mobo-c__1527977397_-00840.jpg,0.027612783014774323
20180606_FIRE_lo-s-mobo-c__1528302923_-01560.jpg,0.027603937312960625
20170807_FIRE_bh-n-mobo-c__1502139310_-01620.jpg,0.02735288254916668
20180614_Hope_wc-e-mobo-c__1528999820_-01140.jpg,0.027352070435881615
20170821_FIRE_lo-s-mobo-c__1503349523_-00480.jpg,0.027322666719555855
20180606_FIRE_ml-s-mobo-c__1528306815_-00420.jpg,0.027261437848210335
20180706_FIRE_wc-e-mobo-c__1530899660_-02220.jpg,0.027059094980359077
20170807_FIRE_bh-n-mobo-c__1502140570_-00360.jpg,0.026977552101016045
20180603_FIRE_smer-tcs9-mobo-c__1528055277_-02040.jpg,0.02687247097492218
20170927_FIRE_smer-tcs9-mobo-c__1506547017_-01680.jpg,0.02678910456597805
20180612_FIRE_smer-tcs9-mobo-c__1528839417_-01740.jpg,0.026700463145971298
20180517_FIRE_smer-tcs10-mobo-c__1526592479_-01320.jpg,0.02669881470501423
20180603_FIRE_smer-tcs9-mobo-c__1528057137_-00180.jpg,0.026592886075377464
20180603_FIRE_smer-tcs9-mobo-c__1528056177_-01140.jpg,0.026452410966157913
20170826_FIRE_tp-s-mobo-c__1503772693_-00240.jpg,0.026369953528046608
20170927_FIRE_smer-tcs9-mobo-c__1506546777_-01920.jpg,0.02615467645227909
20180612_FIRE_smer-tcs9-mobo-c__1528839957_-01200.jpg,0.025937309488654137
20180517_FIRE_smer-tcs10-mobo-c__1526593079_-00720.jpg,0.02588670514523983
20180612_FIRE_smer-tcs9-mobo-c__1528839237_-01920.jpg,0.025740880519151688
20180606_FIRE_lo-s-mobo-c__1528303463_-01020.jpg,0.025735344737768173
20180603_FIRE_smer-tcs9-mobo-c__1528056357_-00960.jpg,0.025645315647125244
20171207_Lilac_rm-s-mobo__1512671704_-02280.jpg,0.02547735720872879
20170807_FIRE_bh-n-mobo-c__1502138770_-02160.jpg,0.025424933061003685
20170821_FIRE_lo-s-mobo-c__1503348683_-01320.jpg,0.025348281487822533
20180517_FIRE_smer-tcs10-mobo-c__1526592299_-01500.jpg,0.02532624825835228
20171010_FIRE_hp-w-mobo-c__1507671331_-01140.jpg,0.025174230337142944
20180517_FIRE_smer-tcs10-mobo-c__1526591819_-01980.jpg,0.025105876848101616
20170807_FIRE_bh-n-mobo-c__1502140810_-00120.jpg,0.02509523555636406
20180603_FIRE_smer-tcs9-mobo-c__1528056057_-01260.jpg,0.025057023391127586
20180603_FIRE_smer-tcs9-mobo-c__1528057197_-00120.jpg,0.02497273124754429
20180517_FIRE_smer-tcs10-mobo-c__1526593499_-00300.jpg,0.024860888719558716
20180726_FIRE_so-n-mobo-c__1532622497_-00900.jpg,0.02482357807457447
20180517_FIRE_smer-tcs10-mobo-c__1526592419_-01380.jpg,0.024765467271208763
20180606_FIRE_lo-s-mobo-c__1528302263_-02220.jpg,0.024739738553762436
20180603_FIRE_smer-tcs9-mobo-c__1528057257_-00060.jpg,0.0247083380818367
20180603_FIRE_smer-tcs9-mobo-c__1528055097_-02220.jpg,0.024697769433259964
20180517_FIRE_smer-tcs10-mobo-c__1526591639_-02160.jpg,0.02469494938850403
20171207_Lilac_rm-s-mobo__1512671944_-02040.jpg,0.024630071595311165
20180706_FIRE_wc-e-mobo-c__1530899720_-02160.jpg,0.02460758201777935
20180612_FIRE_smer-tcs9-mobo-c__1528839537_-01620.jpg,0.024399004876613617
20180614_Hope_wc-e-mobo-c__1529000600_-00360.jpg,0.024156218394637108
20180517_FIRE_smer-tcs10-mobo-c__1526592059_-01740.jpg,0.024148039519786835
20180612_FIRE_smer-tcs9-mobo-c__1528839597_-01560.jpg,0.024137984961271286
20180706_FIRE_sm-e-mobo-c__1530896669_-00240.jpg,0.024120796471834183
20170807_FIRE_bh-n-mobo-c__1502140150_-00780.jpg,0.02398078329861164
20170807_FIRE_bh-n-mobo-c__1502139610_-01320.jpg,0.0236889086663723
20180612_FIRE_smer-tcs9-mobo-c__1528839177_-01980.jpg,0.023601459339261055
20170807_FIRE_bh-n-mobo-c__1502138890_-02040.jpg,0.02351398579776287
20180706_FIRE_wc-e-mobo-c__1530899900_-01980.jpg,0.023468060418963432
20180614_FIRE_hp-s-mobo-c__1529009549_-02400.jpg,0.02337971329689026
20180517_FIRE_smer-tcs10-mobo-c__1526591999_-01800.jpg,0.02327442169189453
20180517_FIRE_smer-tcs10-mobo-c__1526593439_-00360.jpg,0.02326398715376854
20171010_FIRE_hp-w-mobo-c__1507670731_-01740.jpg,0.023259684443473816
20180614_Hope_wc-e-mobo-c__1529000360_-00600.jpg,0.023014286532998085
20180517_FIRE_smer-tcs10-mobo-c__1526591579_-02220.jpg,0.022956419736146927
20170807_FIRE_bh-n-mobo-c__1502139130_-01800.jpg,0.022903794422745705
20180605_FIRE_smer-tcs9-mobo-c__1528230237_-01020.jpg,0.02278711646795273
20180614_Hope_wc-e-mobo-c__1528999880_-01080.jpg,0.02274429239332676
20171207_FIRE_bh-n-mobo-c__1512680590_-01020.jpg,0.022667335346341133
20170807_FIRE_bh-n-mobo-c__1502140870_-00060.jpg,0.022660860791802406
20180612_FIRE_smer-tcs9-mobo-c__1528840017_-01140.jpg,0.022654779255390167
20180517_FIRE_smer-tcs10-mobo-c__1526591759_-02040.jpg,0.022516610100865364
20180614_Hope_wc-e-mobo-c__1529000420_-00540.jpg,0.02243662439286709
20180706_FIRE_wc-e-mobo-c__1530899780_-02100.jpg,0.02238323725759983
20170807_FIRE_bh-n-mobo-c__1502140090_-00840.jpg,0.022304758429527283
20180612_FIRE_smer-tcs9-mobo-c__1528839057_-02100.jpg,0.022117631509900093
20180614_Hope_wc-e-mobo-c__1528999640_-01320.jpg,0.02207197993993759
20180612_FIRE_smer-tcs9-mobo-c__1528839357_-01800.jpg,0.022059477865695953
20170821_FIRE_lo-s-mobo-c__1503348743_-01260.jpg,0.02203812077641487
20180614_FIRE_hp-s-mobo-c__1529010029_-01920.jpg,0.021983442828059196
20170927_FIRE_smer-tcs9-mobo-c__1506547497_-01200.jpg,0.021962454542517662
20170807_FIRE_bh-n-mobo-c__1502140450_-00480.jpg,0.021955354139208794
20180706_FIRE_wc-e-mobo-c__1530900500_-01380.jpg,0.02193230204284191
20180605_FIRE_smer-tcs9-mobo-c__1528230177_-01080.jpg,0.02184176631271839
20180504_FIRE_smer-tcs10-mobo-c__1525471019_-00780.jpg,0.02181459590792656
20180603_FIRE_smer-tcs9-mobo-c__1528056417_-00900.jpg,0.02162577211856842
20170807_FIRE_bh-n-mobo-c__1502140270_-00660.jpg,0.021560823544859886
20180605_FIRE_smer-tcs9-mobo-c__1528228917_-02340.jpg,0.02154991216957569
20180612_FIRE_smer-tcs9-mobo-c__1528839477_-01680.jpg,0.021516207605600357
20170807_FIRE_bh-n-mobo-c__1502140510_-00420.jpg,0.021332621574401855
20180614_Hope_wc-e-mobo-c__1529000480_-00480.jpg,0.021287698298692703
20180706_FIRE_wc-e-mobo-c__1530899960_-01920.jpg,0.021241433918476105
20170807_FIRE_bh-n-mobo-c__1502139190_-01740.jpg,0.021121755242347717
20180706_FIRE_wc-e-mobo-c__1530901640_-00240.jpg,0.021067801862955093
20180603_FIRE_smer-tcs9-mobo-c__1528056837_-00480.jpg,0.021056709811091423
20170821_FIRE_lo-s-mobo-c__1503347723_-02280.jpg,0.020979974418878555
20180612_FIRE_smer-tcs9-mobo-c__1528838877_-02280.jpg,0.020718974992632866
20170807_FIRE_bh-n-mobo-c__1502140330_-00600.jpg,0.020648475736379623
20180614_Hope_wc-e-mobo-c__1528999760_-01200.jpg,0.020628774538636208
20171010_FIRE_hp-w-mobo-c__1507671271_-01200.jpg,0.020505519583821297
20170807_FIRE_bh-n-mobo-c__1502140390_-00540.jpg,0.020460231229662895
20180614_FIRE_hp-s-mobo-c__1529011349_-00600.jpg,0.020396223291754723
20180606_FIRE_lo-s-mobo-c__1528304243_-00240.jpg,0.020385783165693283
20180606_FIRE_lo-s-mobo-c__1528303283_-01200.jpg,0.020275168120861053
20180606_FIRE_lo-s-mobo-c__1528302203_-02280.jpg,0.02018784172832966
20180517_FIRE_smer-tcs10-mobo-c__1526592119_-01680.jpg,0.019955992698669434
20170807_FIRE_bh-n-mobo-c__1502139250_-01680.jpg,0.019835423678159714
20180606_FIRE_lo-s-mobo-c__1528304063_-00420.jpg,0.019785307347774506
20170807_FIRE_bh-n-mobo-c__1502140630_-00300.jpg,0.01973450928926468
20180614_Hope_wc-e-mobo-c__1529000900_-00060.jpg,0.01957944594323635
20180603_FIRE_smer-tcs9-mobo-c__1528055217_-02100.jpg,0.019456448033452034
20170807_FIRE_bh-n-mobo-c__1502138830_-02100.jpg,0.019427649676799774
20170807_FIRE_bh-n-mobo-c__1502139490_-01440.jpg,0.019426463171839714
20180517_FIRE_smer-tcs10-mobo-c__1526592539_-01260.jpg,0.01941283792257309
20180719_Skyline_sp-n-mobo-c__1532039486_-00180.jpg,0.019245019182562828
20180605_FIRE_smer-tcs9-mobo-c__1528231077_-00180.jpg,0.018943950533866882
20170807_FIRE_bh-n-mobo-c__1502140690_-00240.jpg,0.01847599633038044
20180605_FIRE_smer-tcs9-mobo-c__1528230897_-00360.jpg,0.018440622836351395
20171021_FIRE_pi-e-mobo-c__1508615885_-00240.jpg,0.018231099471449852
20180606_FIRE_lo-s-mobo-c__1528302503_-01980.jpg,0.018208257853984833
20180614_FIRE_hp-s-mobo-c__1529010089_-01860.jpg,0.01799200475215912
20180726_FIRE_so-w-mobo-c__1532621903_-01500.jpg,0.01796930655837059
20180606_FIRE_lo-s-mobo-c__1528304423_-00060.jpg,0.017924930900335312
20180720_Cinnamon_wc-e-mobo-c__1532116220_-01020.jpg,0.01787930727005005
20170826_FIRE_tp-s-mobo-c__1503772513_-00420.jpg,0.017875682562589645
20171207_FIRE_bh-n-mobo-c__1512681370_-00240.jpg,0.01783713884651661
20180612_FIRE_smer-tcs9-mobo-c__1528839297_-01860.jpg,0.017822634428739548
20170722_FIRE_hp-e-mobo-c__1500759807_-01440.jpg,0.017767585813999176
20180603_FIRE_smer-tcs9-mobo-c__1528056597_-00720.jpg,0.017712125554680824
20170807_FIRE_bh-n-mobo-c__1502139010_-01920.jpg,0.01769680716097355
20180605_FIRE_smer-tcs9-mobo-c__1528230357_-00900.jpg,0.017688263207674026
20171207_FIRE_bh-n-mobo-c__1512679630_-01980.jpg,0.01762155070900917
20180614_FIRE_hp-s-mobo-c__1529010389_-01560.jpg,0.017609048634767532
20180504_FIRE_bh-n-mobo-c__1525470130_-00300.jpg,0.01749998703598976
20170722_FIRE_so-s-mobo-c__1500760701_-00540.jpg,0.017381615936756134
20180706_FIRE_wc-e-mobo-c__1530900080_-01800.jpg,0.01723373681306839
20180517_FIRE_smer-tcs10-mobo-c__1526592179_-01620.jpg,0.017138497903943062
20180706_FIRE_wc-e-mobo-c__1530901700_-00180.jpg,0.01709011383354664
20180614_FIRE_hp-s-mobo-c__1529010209_-01740.jpg,0.01707872934639454
20170807_FIRE_bh-n-mobo-c__1502139370_-01560.jpg,0.017040347680449486
20170807_FIRE_bh-n-mobo-c__1502138530_-02400.jpg,0.01701398752629757
20180603_FIRE_smer-tcs9-mobo-c__1528056897_-00420.jpg,0.016878636553883553
20180726_FIRE_so-n-mobo-c__1532622257_-01140.jpg,0.0168114323168993
20180606_FIRE_ml-s-mobo-c__1528305075_-02160.jpg,0.01671631447970867
20180606_FIRE_lo-s-mobo-c__1528303523_-00960.jpg,0.016688145697116852
20180603_FIRE_smer-tcs9-mobo-c__1528056117_-01200.jpg,0.016649652272462845
20180605_FIRE_smer-tcs9-mobo-c__1528229697_-01560.jpg,0.01661820523440838
20180706_FIRE_sm-e-mobo-c__1530896729_-00180.jpg,0.016589079052209854
20171010_FIRE_hp-w-mobo-c__1507671931_-00540.jpg,0.016548916697502136
20171010_FIRE_hp-w-mobo-c__1507671871_-00600.jpg,0.016445167362689972
20170807_FIRE_bh-n-mobo-c__1502139070_-01860.jpg,0.016440125182271004
20171010_FIRE_hp-w-mobo-c__1507670191_-02280.jpg,0.016389859840273857
20180720_FIRE_syp-w-mobo-c__1532120869_-00720.jpg,0.01636950857937336
20180517_FIRE_smer-tcs10-mobo-c__1526591939_-01860.jpg,0.01635165885090828
20180706_FIRE_wc-e-mobo-c__1530900440_-01440.jpg,0.01633264124393463
20180606_FIRE_lo-s-mobo-c__1528304183_-00300.jpg,0.01627693511545658
20180706_FIRE_sm-e-mobo-c__1530895889_-01020.jpg,0.016260815784335136
20180719_Skyline_sp-n-mobo-c__1532039606_-00060.jpg,0.01619114726781845
20180517_FIRE_smer-tcs10-mobo-c__1526591879_-01920.jpg,0.0161873959004879
20171207_FIRE_bh-n-mobo-c__1512681250_-00360.jpg,0.016142653301358223
20170826_FIRE_tp-s-mobo-c__1503772633_-00300.jpg,0.016138140112161636
20171207_FIRE_bh-n-mobo-c__1512680470_-01140.jpg,0.016081184148788452
20180606_FIRE_lo-s-mobo-c__1528302323_-02160.jpg,0.016014330089092255
20180612_FIRE_smer-tcs9-mobo-c__1528838757_-02400.jpg,0.01599794439971447
20180603_FIRE_smer-tcs9-mobo-c__1528056237_-01080.jpg,0.015963008627295494
20170722_FIRE_so-s-mobo-c__1500759501_-01740.jpg,0.015913760289549828
20180720_FIRE_syp-w-mobo-c__1532120929_-00660.jpg,0.015880445018410683
20180719_Skyline_sp-n-mobo-c__1532039426_-00240.jpg,0.015840044245123863
20170722_FIRE_hp-e-mobo-c__1500759507_-01740.jpg,0.015784205868840218
20180605_FIRE_smer-tcs9-mobo-c__1528231197_-00060.jpg,0.015736889094114304
20171207_FIRE_bh-n-mobo-c__1512680830_-00780.jpg,0.015639854595065117
20180603_FIRE_smer-tcs9-mobo-c__1528054917_-02400.jpg,0.01562517136335373
20180706_FIRE_wc-e-mobo-c__1530900020_-01860.jpg,0.015578052029013634
20180605_FIRE_smer-tcs9-mobo-c__1528229157_-02100.jpg,0.015507383272051811
20180606_FIRE_lo-s-mobo-c__1528302383_-02100.jpg,0.015489381738007069
20180605_FIRE_smer-tcs9-mobo-c__1528230657_-00600.jpg,0.015458311885595322
20180726_FIRE_so-n-mobo-c__1532622317_-01080.jpg,0.015441622585058212
20180614_FIRE_hp-s-mobo-c__1529009669_-02280.jpg,0.01538099069148302
20180603_FIRE_smer-tcs9-mobo-c__1528054977_-02340.jpg,0.0152932433411479
20171207_FIRE_bh-n-mobo-c__1512681130_-00480.jpg,0.015153233893215656
20180606_FIRE_lo-s-mobo-c__1528302563_-01920.jpg,0.015143345110118389
20171021_FIRE_pi-e-mobo-c__1508614565_-01560.jpg,0.015139960683882236
20180612_FIRE_smer-tcs9-mobo-c__1528838997_-02160.jpg,0.015018733218312263
20180603_FIRE_smer-tcs9-mobo-c__1528056297_-01020.jpg,0.014993240125477314
20180725_FIRE_smer-tcs10-mobo-c__1532530019_-01860.jpg,0.01497875526547432
20180614_FIRE_hp-s-mobo-c__1529009789_-02160.jpg,0.014901980757713318
20180605_FIRE_smer-tcs9-mobo-c__1528230777_-00480.jpg,0.01489883940666914
20180719_Skyline_sp-n-mobo-c__1532039546_-00120.jpg,0.014836198650300503
20180603_FIRE_smer-tcs9-mobo-c__1528055877_-01440.jpg,0.014789054170250893
20180606_FIRE_lo-s-mobo-c__1528302743_-01740.jpg,0.014747059904038906
20180603_FIRE_smer-tcs9-mobo-c__1528055457_-01860.jpg,0.014736760407686234
20180606_FIRE_ml-s-mobo-c__1528305375_-01860.jpg,0.014709803275763988
20180612_FIRE_smer-tcs9-mobo-c__1528838817_-02340.jpg,0.014705443754792213
20180603_FIRE_smer-tcs9-mobo-c__1528055157_-02160.jpg,0.014648161828517914
20171010_FIRE_hp-w-mobo-c__1507670971_-01500.jpg,0.014639078639447689
20170807_FIRE_bh-n-mobo-c__1502138590_-02340.jpg,0.014605914242565632
20180726_FIRE_so-n-mobo-c__1532622437_-00960.jpg,0.014574912376701832
20180606_FIRE_lo-s-mobo-c__1528302803_-01680.jpg,0.014565416611731052
20180605_FIRE_smer-tcs9-mobo-c__1528229997_-01260.jpg,0.014458815567195415
20180614_FIRE_hp-s-mobo-c__1529010989_-00960.jpg,0.014449277892708778
20180706_FIRE_wc-e-mobo-c__1530901760_-00120.jpg,0.014446467161178589
20180726_FIRE_so-n-mobo-c__1532622137_-01260.jpg,0.014400997199118137
20180517_FIRE_smer-tcs10-mobo-c__1526592239_-01560.jpg,0.014330375008285046
20180522_FIRE_rm-e-mobo-c__1527022262_-01200.jpg,0.014308036305010319
20180605_FIRE_smer-tcs9-mobo-c__1528230717_-00540.jpg,0.014291711151599884
20170722_FIRE_mg-n-iqeye__1500760520_-00840.jpg,0.0141844367608428
20180614_FIRE_hp-s-mobo-c__1529011649_-00300.jpg,0.014093881472945213
20171207_Lilac_rm-s-mobo__1512672244_-01740.jpg,0.014071827754378319
20170722_FIRE_mg-n-iqeye__1500761240_-00120.jpg,0.01384738553315401
20171207_FIRE_bh-n-mobo-c__1512681010_-00600.jpg,0.01383223570883274
20170722_FIRE_mg-n-iqeye__1500761300_-00060.jpg,0.013732771389186382
20180719_Skyline_sp-n-mobo-c__1532039366_-00300.jpg,0.013715976849198341
20180605_FIRE_smer-tcs9-mobo-c__1528229457_-01800.jpg,0.013700827024877071
20180606_FIRE_ml-s-mobo-c__1528306335_-00900.jpg,0.013651775196194649
20180603_FIRE_smer-tcs9-mobo-c__1528056717_-00600.jpg,0.013459339737892151
20180605_FIRE_smer-tcs9-mobo-c__1528229097_-02160.jpg,0.013442443683743477
20170722_FIRE_hp-e-mobo-c__1500759747_-01500.jpg,0.013426700606942177
20180726_FIRE_so-n-mobo-c__1532622377_-01020.jpg,0.013417255133390427
20180614_FIRE_hp-s-mobo-c__1529010809_-01140.jpg,0.0132923424243927
20180606_FIRE_lo-s-mobo-c__1528303403_-01080.jpg,0.013221614994108677
20180718_FIRE_syp-w-mobo-c__1531940209_-00360.jpg,0.013200963847339153
20171021_FIRE_pi-e-mobo-c__1508614325_-01800.jpg,0.013034695759415627
20180603_FIRE_smer-tcs9-mobo-c__1528055037_-02280.jpg,0.013004873879253864
20170722_FIRE_mg-n-iqeye__1500760760_-00600.jpg,0.012934533879160881
20180706_FIRE_wc-e-mobo-c__1530901820_-00060.jpg,0.012889312580227852
20171207_FIRE_bh-n-mobo-c__1512681490_-00120.jpg,0.012777929194271564
20171207_FIRE_bh-n-mobo-c__1512679570_-02040.jpg,0.012776709161698818
20180614_FIRE_hp-s-mobo-c__1529011829_-00120.jpg,0.0127240139991045
20180614_FIRE_hp-s-mobo-c__1529009909_-02040.jpg,0.012677209451794624
20180606_FIRE_lo-s-mobo-c__1528304363_-00120.jpg,0.012651058845221996
20180606_FIRE_ml-s-mobo-c__1528305015_-02220.jpg,0.012648604810237885
20170722_FIRE_mg-n-iqeye__1500760700_-00660.jpg,0.012644043192267418
20180606_FIRE_lo-s-mobo-c__1528302683_-01800.jpg,0.012636831030249596
20180614_FIRE_hp-s-mobo-c__1529009609_-02340.jpg,0.012615662068128586
20180726_FIRE_so-n-mobo-c__1532622017_-01380.jpg,0.012587563134729862
20180706_FIRE_wc-e-mobo-c__1530900320_-01560.jpg,0.012572281062602997
20171207_FIRE_bh-n-mobo-c__1512679450_-02160.jpg,0.012560524977743626
20170722_FIRE_mg-n-iqeye__1500760580_-00780.jpg,0.012446335516870022
20180718_FIRE_syp-w-mobo-c__1531939009_-01560.jpg,0.012398770079016685
20171021_FIRE_pi-e-mobo-c__1508614625_-01500.jpg,0.012359791435301304
20180614_FIRE_hp-s-mobo-c__1529011049_-00900.jpg,0.012335113249719143
20180606_FIRE_lo-s-mobo-c__1528303223_-01260.jpg,0.01230656448751688
20180706_FIRE_wc-e-mobo-c__1530900140_-01740.jpg,0.012257775291800499
20180605_FIRE_smer-tcs9-mobo-c__1528231017_-00240.jpg,0.01210361160337925
20180605_FIRE_smer-tcs9-mobo-c__1528229037_-02220.jpg,0.012070917524397373
20180720_FIRE_syp-w-mobo-c__1532120809_-00780.jpg,0.012046433985233307
20171207_FIRE_bh-n-mobo-c__1512681430_-00180.jpg,0.012023930437862873
20180606_FIRE_ml-s-mobo-c__1528305255_-01980.jpg,0.011991363950073719
20180606_FIRE_lo-s-mobo-c__1528303763_-00720.jpg,0.01196525152772665
20180606_FIRE_lo-s-mobo-c__1528303163_-01320.jpg,0.011931830085814
20180605_FIRE_smer-tcs9-mobo-c__1528229517_-01740.jpg,0.0119277723133564
20180720_FIRE_syp-w-mobo-c__1532120749_-00840.jpg,0.011803405359387398
20180720_FIRE_syp-w-mobo-c__1532120389_-01200.jpg,0.011792631819844246
20180706_FIRE_wc-e-mobo-c__1530900860_-01020.jpg,0.011762712150812149
20180726_FIRE_so-n-mobo-c__1532622197_-01200.jpg,0.011681756936013699
20170722_FIRE_hp-e-mobo-c__1500759387_-01860.jpg,0.011630203574895859
20180606_FIRE_ml-s-mobo-c__1528305135_-02100.jpg,0.011617242358624935
20171021_FIRE_pi-e-mobo-c__1508614865_-01260.jpg,0.011600653640925884
20180614_FIRE_hp-s-mobo-c__1529009729_-02220.jpg,0.011600554920732975
20180614_FIRE_hp-s-mobo-c__1529010509_-01440.jpg,0.011558608151972294
20180605_FIRE_smer-tcs9-mobo-c__1528230957_-00300.jpg,0.01145951822400093
20170722_FIRE_mg-n-iqeye__1500760400_-00960.jpg,0.011458157561719418
20180720_Cinnamon_wc-e-mobo-c__1532115080_-02160.jpg,0.011388305574655533
20170722_FIRE_mg-n-iqeye__1500760340_-01020.jpg,0.011379076167941093
20171021_FIRE_pi-e-mobo-c__1508615525_-00600.jpg,0.01137758418917656
20180603_FIRE_smer-tcs9-mobo-c__1528056657_-00660.jpg,0.011324992403388023
20180522_FIRE_rm-e-mobo-c__1527023282_-00180.jpg,0.011246856302022934
20180719_Skyline_sp-n-mobo-c__1532038766_-00900.jpg,0.011189172975718975
20180718_FIRE_syp-w-mobo-c__1531939189_-01380.jpg,0.011163325980305672
20180605_FIRE_smer-tcs9-mobo-c__1528230477_-00780.jpg,0.011115003377199173
20171207_FIRE_bh-n-mobo-c__1512681550_-00060.jpg,0.01107258815318346
20180719_Skyline_sp-n-mobo-c__1532038106_-01560.jpg,0.01101694256067276
20180605_FIRE_smer-tcs9-mobo-c__1528228857_-02400.jpg,0.010997678153216839
20180605_FIRE_smer-tcs9-mobo-c__1528228977_-02280.jpg,0.010987844318151474
20180706_FIRE_wc-e-mobo-c__1530901400_-00480.jpg,0.010911530815064907
20180718_FIRE_syp-w-mobo-c__1531940329_-00240.jpg,0.010879285633563995
20171021_FIRE_pi-e-mobo-c__1508615105_-01020.jpg,0.01085672527551651
20171010_FIRE_hp-w-mobo-c__1507671031_-01440.jpg,0.010797685012221336
20171207_FIRE_bh-n-mobo-c__1512680710_-00900.jpg,0.010735617950558662
20180605_FIRE_smer-tcs9-mobo-c__1528230297_-00960.jpg,0.010722596198320389
20180706_FIRE_wc-e-mobo-c__1530901280_-00600.jpg,0.010581386275589466
20180605_FIRE_smer-tcs9-mobo-c__1528230837_-00420.jpg,0.01052041631191969
20170722_FIRE_mg-n-iqeye__1500760280_-01080.jpg,0.010491329245269299
20180605_FIRE_smer-tcs9-mobo-c__1528229577_-01680.jpg,0.010489070788025856
20180719_Skyline_sp-n-mobo-c__1532037506_-02160.jpg,0.010481547564268112
20180706_FIRE_wc-e-mobo-c__1530900560_-01320.jpg,0.010405736044049263
20180726_FIRE_so-n-mobo-c__1532622677_-00720.jpg,0.010351832956075668
20170722_FIRE_mg-n-iqeye__1500761120_-00240.jpg,0.010339544154703617
20180706_FIRE_wc-e-mobo-c__1530900620_-01260.jpg,0.010324478149414062
20170821_FIRE_lo-s-mobo-c__1503347603_-02400.jpg,0.010307488031685352
20171207_FIRE_bh-n-mobo-c__1512680170_-01440.jpg,0.010269605554640293
20180606_FIRE_pi-e-mobo-c__1528303745_-00300.jpg,0.010257864370942116
20180718_FIRE_syp-w-mobo-c__1531939369_-01200.jpg,0.010234260931611061
20170807_FIRE_bh-n-mobo-c__1502138950_-01980.jpg,0.010226902551949024
20171010_FIRE_hp-w-mobo-c__1507670251_-02220.jpg,0.010221223346889019
20170722_FIRE_hp-e-mobo-c__1500760467_-00780.jpg,0.010217846371233463
20171010_FIRE_hp-w-mobo-c__1507670791_-01680.jpg,0.010191569104790688
20180718_FIRE_syp-w-mobo-c__1531940389_-00180.jpg,0.010081479325890541
20180720_Cinnamon_wc-e-mobo-c__1532116640_-00600.jpg,0.010063625872135162
20171207_FIRE_bh-n-mobo-c__1512681190_-00420.jpg,0.010060761123895645
20171207_Lilac_rm-s-mobo__1512672064_-01920.jpg,0.010039660148322582
20180726_FIRE_so-n-mobo-c__1532621957_-01440.jpg,0.010033207014203072
20180706_FIRE_wc-e-mobo-c__1530900680_-01200.jpg,0.01001325435936451
20180606_FIRE_lo-s-mobo-c__1528303823_-00660.jpg,0.009941242635250092
20180605_FIRE_smer-tcs9-mobo-c__1528229217_-02040.jpg,0.009868168272078037
20180718_FIRE_syp-w-mobo-c__1531940029_-00540.jpg,0.009848042391240597
20171207_FIRE_bh-n-mobo-c__1512681310_-00300.jpg,0.009840304031968117
20171021_FIRE_pi-e-mobo-c__1508614745_-01380.jpg,0.009805820882320404
20180718_FIRE_syp-w-mobo-c__1531939249_-01320.jpg,0.009800983592867851
20170722_FIRE_mg-n-iqeye__1500760880_-00480.jpg,0.009779036045074463
20180614_FIRE_hp-s-mobo-c__1529011709_-00240.jpg,0.009745405055582523
20171010_FIRE_hp-w-mobo-c__1507670611_-01860.jpg,0.009742441587150097
20180720_Cinnamon_wc-e-mobo-c__1532115620_-01620.jpg,0.009719393216073513
20180606_FIRE_lo-s-mobo-c__1528304003_-00480.jpg,0.009713382460176945
20180605_FIRE_smer-tcs9-mobo-c__1528230117_-01140.jpg,0.009667267091572285
20180614_FIRE_hp-s-mobo-c__1529010149_-01800.jpg,0.009591593407094479
20171021_FIRE_pi-e-mobo-c__1508614985_-01140.jpg,0.009526408277451992
20180605_FIRE_smer-tcs9-mobo-c__1528230417_-00840.jpg,0.009376428090035915
20180706_FIRE_wc-e-mobo-c__1530900800_-01080.jpg,0.009332527406513691
20180605_FIRE_smer-tcs9-mobo-c__1528231137_-00120.jpg,0.009310070425271988
20180706_FIRE_sm-e-mobo-c__1530896789_-00120.jpg,0.009267899207770824
20180614_FIRE_hp-s-mobo-c__1529010449_-01500.jpg,0.009267807938158512
20180718_FIRE_syp-w-mobo-c__1531939129_-01440.jpg,0.009259347803890705
20180718_FIRE_syp-w-mobo-c__1531939969_-00600.jpg,0.009222597815096378
20180606_FIRE_pi-e-mobo-c__1528301825_-02220.jpg,0.00918199960142374
20180720_Cinnamon_wc-e-mobo-c__1532115560_-01680.jpg,0.009107997640967369
20180606_FIRE_lo-s-mobo-c__1528302983_-01500.jpg,0.009077961556613445
20170722_FIRE_mg-n-iqeye__1500760460_-00900.jpg,0.009074950590729713
20180720_FIRE_syp-w-mobo-c__1532120329_-01260.jpg,0.009067175909876823
20180719_Skyline_sp-n-mobo-c__1532038166_-01500.jpg,0.009029380045831203
20180706_FIRE_wc-e-mobo-c__1530900380_-01500.jpg,0.008999213576316833
20180719_Skyline_sp-n-mobo-c__1532039306_-00360.jpg,0.008985374122858047
20180614_Hope_wc-e-mobo-c__1529000840_-00120.jpg,0.008861319161951542
20180720_Cinnamon_wc-e-mobo-c__1532115800_-01440.jpg,0.008857320994138718
20180606_FIRE_lo-s-mobo-c__1528303943_-00540.jpg,0.008828951045870781
20170722_FIRE_so-s-mobo-c__1500758841_-02400.jpg,0.008824825286865234
20180718_FIRE_syp-w-mobo-c__1531938169_-02400.jpg,0.00879115890711546
20180614_FIRE_hp-s-mobo-c__1529011589_-00360.jpg,0.008724043145775795
20170722_FIRE_mg-n-iqeye__1500759680_-01680.jpg,0.008713620714843273
20180720_FIRE_syp-w-mobo-c__1532120629_-00960.jpg,0.008686232380568981
20180614_FIRE_hp-s-mobo-c__1529011109_-00840.jpg,0.008610185235738754
20180718_FIRE_syp-w-mobo-c__1531940509_-00060.jpg,0.008598580956459045
20180718_FIRE_syp-w-mobo-c__1531939069_-01500.jpg,0.008578629232943058
20171010_FIRE_hp-w-mobo-c__1507670311_-02160.jpg,0.008554964326322079
20180706_FIRE_wc-e-mobo-c__1530900980_-00900.jpg,0.008526764810085297
20180614_FIRE_hp-s-mobo-c__1529010929_-01020.jpg,0.008510337211191654
20180718_FIRE_syp-w-mobo-c__1531940269_-00300.jpg,0.008469972759485245
20180720_Cinnamon_wc-e-mobo-c__1532116700_-00540.jpg,0.008451842702925205
20180706_FIRE_wc-e-mobo-c__1530901160_-00720.jpg,0.008420010097324848
20180718_FIRE_syp-w-mobo-c__1531938889_-01680.jpg,0.00841588992625475
20180706_FIRE_wc-e-mobo-c__1530900200_-01680.jpg,0.008413471281528473
20171207_FIRE_bh-n-mobo-c__1512681070_-00540.jpg,0.008409501984715462
20180720_Cinnamon_wc-e-mobo-c__1532115380_-01860.jpg,0.008356478065252304
20180605_FIRE_smer-tcs9-mobo-c__1528229277_-01980.jpg,0.008344151079654694
20170722_FIRE_hp-e-mobo-c__1500761007_-00240.jpg,0.008310110308229923
20180720_Cinnamon_wc-e-mobo-c__1532115140_-02100.jpg,0.008302104659378529
20180606_FIRE_ml-s-mobo-c__1528305315_-01920.jpg,0.00819297693669796
20180719_Skyline_sp-n-mobo-c__1532038406_-01260.jpg,0.008126242086291313
20180720_FIRE_syp-w-mobo-c__1532120149_-01440.jpg,0.008124939166009426
20171207_FIRE_bh-n-mobo-c__1512680290_-01320.jpg,0.008123301900923252
20180719_Skyline_sp-n-mobo-c__1532038586_-01080.jpg,0.008114255964756012
20170821_FIRE_lo-s-mobo-c__1503348023_-01980.jpg,0.00811094418168068
20171207_FIRE_bh-n-mobo-c__1512679810_-01800.jpg,0.008109716698527336
20170722_FIRE_hp-e-mobo-c__1500761127_-00120.jpg,0.007954702712595463
20171207_FIRE_bh-n-mobo-c__1512680890_-00720.jpg,0.007934938184916973
20180718_FIRE_syp-w-mobo-c__1531939309_-01260.jpg,0.007924236357212067
20180720_Cinnamon_wc-e-mobo-c__1532114840_-02400.jpg,0.007916880771517754
20180706_FIRE_sm-e-mobo-c__1530895769_-01140.jpg,0.007909562438726425
20180718_FIRE_syp-w-mobo-c__1531940149_-00420.jpg,0.007838551886379719
20171010_FIRE_hp-w-mobo-c__1507670371_-02100.jpg,0.00783236138522625
20170722_FIRE_mg-n-iqeye__1500759020_-02340.jpg,0.007824946194887161
20180719_Skyline_sp-n-mobo-c__1532037866_-01800.jpg,0.0078107803128659725
20180719_Skyline_sp-n-mobo-c__1532038286_-01380.jpg,0.007795706391334534
20180720_Cinnamon_wc-e-mobo-c__1532117180_-00060.jpg,0.007757893297821283
20180719_Skyline_sp-n-mobo-c__1532038046_-01620.jpg,0.007716025225818157
20180720_Cinnamon_wc-e-mobo-c__1532116820_-00420.jpg,0.007693178951740265
20180605_FIRE_smer-tcs9-mobo-c__1528230537_-00720.jpg,0.007671215571463108
20180706_FIRE_wc-e-mobo-c__1530900260_-01620.jpg,0.007637311704456806
20180718_FIRE_syp-w-mobo-c__1531938949_-01620.jpg,0.007594400551170111
20180720_Cinnamon_wc-e-mobo-c__1532114900_-02340.jpg,0.0075881644152104855
20170722_FIRE_mg-n-iqeye__1500761060_-00300.jpg,0.007523159962147474
20171010_FIRE_hp-w-mobo-c__1507672291_-00180.jpg,0.007487817667424679
20180606_FIRE_ml-s-mobo-c__1528305675_-01560.jpg,0.007481253705918789
20180605_FIRE_smer-tcs9-mobo-c__1528230057_-01200.jpg,0.007471141405403614
20180606_FIRE_ml-s-mobo-c__1528304895_-02340.jpg,0.007447787094861269
20171021_FIRE_pi-e-mobo-c__1508615705_-00420.jpg,0.007440994493663311
20180718_FIRE_syp-w-mobo-c__1531940089_-00480.jpg,0.007363141514360905
20180718_FIRE_syp-w-mobo-c__1531939489_-01080.jpg,0.007355182431638241
20171207_FIRE_bh-n-mobo-c__1512679270_-02340.jpg,0.0073474920354783535
20171207_FIRE_bh-n-mobo-c__1512680770_-00840.jpg,0.007310535758733749
20180726_FIRE_so-n-mobo-c__1532622617_-00780.jpg,0.007306460756808519
20180718_FIRE_syp-w-mobo-c__1531940449_-00120.jpg,0.007290133740752935
20170722_FIRE_mg-n-iqeye__1500760100_-01260.jpg,0.0072498079389333725
20180719_Skyline_sp-n-mobo-c__1532038706_-00960.jpg,0.0072394367307424545
20180720_Cinnamon_wc-e-mobo-c__1532115860_-01380.jpg,0.0072279274463653564
20171010_FIRE_hp-w-mobo-c__1507672051_-00420.jpg,0.007221425883471966
20180726_FIRE_so-n-mobo-c__1532622797_-00600.jpg,0.0072119212709367275
20171207_FIRE_bh-n-mobo-c__1512680530_-01080.jpg,0.007208457216620445
20170722_FIRE_mg-n-iqeye__1500759320_-02040.jpg,0.007205280940979719
20170722_FIRE_mg-n-iqeye__1500758960_-02400.jpg,0.007187636569142342
20180718_FIRE_syp-w-mobo-c__1531938529_-02040.jpg,0.00714691961184144
20180719_Skyline_sp-n-mobo-c__1532038826_-00840.jpg,0.007112772203981876
20180719_Skyline_sp-n-mobo-c__1532038226_-01440.jpg,0.007111765444278717
20171010_FIRE_hp-w-mobo-c__1507670911_-01560.jpg,0.007085725199431181
20180719_Skyline_sp-n-mobo-c__1532038466_-01200.jpg,0.0070457239635288715
20180605_FIRE_smer-tcs9-mobo-c__1528229937_-01320.jpg,0.007030585315078497
20170807_FIRE_bh-n-mobo-c__1502138710_-02220.jpg,0.007017893251031637
20180614_FIRE_hp-s-mobo-c__1529009849_-02100.jpg,0.007017186377197504
20180606_FIRE_lo-s-mobo-c__1528302143_-02340.jpg,0.0069981832057237625
20180606_FIRE_lo-s-mobo-c__1528302083_-02400.jpg,0.006973348092287779
20180606_FIRE_lo-s-mobo-c__1528303643_-00840.jpg,0.006958607118576765
20171021_FIRE_pi-e-mobo-c__1508616065_-00060.jpg,0.00695662060752511
20171021_FIRE_pi-e-mobo-c__1508615585_-00540.jpg,0.006953604053705931
20170722_FIRE_mg-n-iqeye__1500760040_-01320.jpg,0.006947004701942205
20180706_FIRE_wc-e-mobo-c__1530901220_-00660.jpg,0.006909149698913097
20171010_FIRE_hp-w-mobo-c__1507670851_-01620.jpg,0.00688295578584075
20180726_FIRE_so-n-mobo-c__1532622077_-01320.jpg,0.006881955079734325
20180719_Skyline_sp-n-mobo-c__1532037746_-01920.jpg,0.006877798121422529
20171207_FIRE_bh-n-mobo-c__1512679750_-01860.jpg,0.006870909593999386
20171207_FIRE_bh-n-mobo-c__1512679510_-02100.jpg,0.0068593197502195835
20180720_Cinnamon_wc-e-mobo-c__1532115260_-01980.jpg,0.006855715066194534
20170722_FIRE_hp-e-mobo-c__1500760947_-00300.jpg,0.006832003593444824
20180718_FIRE_syp-w-mobo-c__1531939849_-00720.jpg,0.0068283965811133385
20170722_FIRE_mg-n-iqeye__1500759440_-01920.jpg,0.006807753816246986
20171207_FIRE_bh-n-mobo-c__1512680410_-01200.jpg,0.006754003930836916
20180720_FIRE_syp-w-mobo-c__1532120269_-01320.jpg,0.00673935329541564
20180614_FIRE_hp-s-mobo-c__1529009969_-01980.jpg,0.006734692025929689
20171207_FIRE_bh-n-mobo-c__1512679870_-01740.jpg,0.006731817964464426
20180719_Skyline_sp-n-mobo-c__1532038346_-01320.jpg,0.006692058872431517
20171010_FIRE_hp-w-mobo-c__1507672111_-00360.jpg,0.006691813934594393
20180720_Cinnamon_wc-e-mobo-c__1532115740_-01500.jpg,0.006677339319139719
20180720_Cinnamon_wc-e-mobo-c__1532115500_-01740.jpg,0.006665627937763929
20170722_FIRE_mg-n-iqeye__1500759620_-01740.jpg,0.006656295154243708
20180606_FIRE_ml-s-mobo-c__1528305615_-01620.jpg,0.006573002319782972
20171021_FIRE_pi-e-mobo-c__1508614505_-01620.jpg,0.006539884489029646
20180719_Skyline_sp-n-mobo-c__1532038526_-01140.jpg,0.006468314677476883
20180706_FIRE_wc-e-mobo-c__1530901520_-00360.jpg,0.006416920106858015
20180720_FIRE_syp-w-mobo-c__1532119249_-02340.jpg,0.006397819612175226
20171207_FIRE_bh-n-mobo-c__1512680950_-00660.jpg,0.006379035767167807
20180719_Skyline_sp-n-mobo-c__1532037806_-01860.jpg,0.006346176378428936
20180719_Skyline_sp-n-mobo-c__1532038646_-01020.jpg,0.006341931875795126
20180719_Skyline_sp-n-mobo-c__1532037926_-01740.jpg,0.006337969563901424
20180605_FIRE_smer-tcs9-mobo-c__1528229397_-01860.jpg,0.006332966033369303
20171010_FIRE_hp-w-mobo-c__1507670671_-01800.jpg,0.006294559221714735
20171021_FIRE_pi-e-mobo-c__1508613785_-02340.jpg,0.006256811320781708
20180720_FIRE_syp-w-mobo-c__1532120689_-00900.jpg,0.00625505018979311
20171010_FIRE_hp-w-mobo-c__1507670431_-02040.jpg,0.006220221985131502
20170722_FIRE_mg-n-iqeye__1500759560_-01800.jpg,0.006207675207406282
20180522_FIRE_rm-e-mobo-c__1527023162_-00300.jpg,0.006190272979438305
20180720_Cinnamon_wc-e-mobo-c__1532116160_-01080.jpg,0.006163056939840317
20180606_FIRE_lo-s-mobo-c__1528303703_-00780.jpg,0.006151210516691208
20180726_FIRE_so-n-mobo-c__1532621837_-01560.jpg,0.006106046959757805
20180718_FIRE_syp-w-mobo-c__1531939609_-00960.jpg,0.006101933307945728
20180720_Cinnamon_wc-e-mobo-c__1532115440_-01800.jpg,0.006082225125283003
20180706_FIRE_wc-e-mobo-c__1530899840_-02040.jpg,0.006070366129279137
20170722_FIRE_so-s-mobo-c__1500758901_-02340.jpg,0.00605938583612442
20180718_FIRE_syp-w-mobo-c__1531939909_-00660.jpg,0.006049904506653547
20180718_FIRE_syp-w-mobo-c__1531939729_-00840.jpg,0.006036852020770311
20170722_FIRE_so-s-mobo-c__1500759621_-01620.jpg,0.006034743506461382
20171207_FIRE_bh-n-mobo-c__1512679330_-02280.jpg,0.006025346461683512
20180726_FIRE_so-n-mobo-c__1532622737_-00660.jpg,0.006013734266161919
20170722_FIRE_mg-n-iqeye__1500760220_-01140.jpg,0.006008879281580448
20170722_FIRE_hp-e-mobo-c__1500759627_-01620.jpg,0.005987318232655525
20180720_FIRE_syp-w-mobo-c__1532119909_-01680.jpg,0.005960794631391764
20170722_FIRE_mg-n-iqeye__1500760640_-00720.jpg,0.005934927612543106
20170722_FIRE_hp-e-mobo-c__1500759447_-01800.jpg,0.005909076891839504
20171021_FIRE_pi-e-mobo-c__1508615465_-00660.jpg,0.00588500639423728
20171207_FIRE_bh-n-mobo-c__1512679690_-01920.jpg,0.0058746603317558765
20180719_Skyline_sp-n-mobo-c__1532038886_-00780.jpg,0.005871079862117767
20180719_Skyline_sp-n-mobo-c__1532037986_-01680.jpg,0.005849383771419525
20171021_FIRE_pi-e-mobo-c__1508614805_-01320.jpg,0.005846159532666206
20171207_FIRE_bh-n-mobo-c__1512679210_-02400.jpg,0.005834789015352726
20180605_FIRE_smer-tcs9-mobo-c__1528230597_-00660.jpg,0.005832073278725147
20180706_FIRE_wc-e-mobo-c__1530900740_-01140.jpg,0.005786709021776915
20180726_FIRE_so-n-mobo-c__1532621897_-01500.jpg,0.005784555803984404
20180720_Cinnamon_wc-e-mobo-c__1532115680_-01560.jpg,0.005774863995611668
20171207_FIRE_bh-n-mobo-c__1512680650_-00960.jpg,0.005762805696576834
20180720_FIRE_syp-w-mobo-c__1532119789_-01800.jpg,0.0057472242042422295
20170722_FIRE_mg-n-iqeye__1500759260_-02100.jpg,0.005746090319007635
20171021_FIRE_pi-e-mobo-c__1508615045_-01080.jpg,0.005742021836340427
20180718_FIRE_syp-w-mobo-c__1531938289_-02280.jpg,0.0057361614890396595
20180718_FIRE_syp-w-mobo-c__1531938769_-01800.jpg,0.005713557358831167
20180718_FIRE_syp-w-mobo-c__1531938349_-02220.jpg,0.005701523739844561
20171021_FIRE_pi-e-mobo-c__1508615285_-00840.jpg,0.005649457219988108
20180706_FIRE_wc-e-mobo-c__1530901340_-00540.jpg,0.005639565642923117
20180605_FIRE_smer-tcs9-mobo-c__1528229637_-01620.jpg,0.00562894344329834
20170722_FIRE_hp-e-mobo-c__1500759987_-01260.jpg,0.0055912029929459095
20170722_FIRE_mg-n-iqeye__1500760940_-00420.jpg,0.0055821482092142105
20180720_Cinnamon_wc-e-mobo-c__1532115320_-01920.jpg,0.0055804443545639515
20180605_FIRE_smer-tcs9-mobo-c__1528229817_-01440.jpg,0.005578550044447184
20180720_Cinnamon_wc-e-mobo-c__1532116100_-01140.jpg,0.005569835193455219
20171021_FIRE_pi-e-mobo-c__1508614025_-02100.jpg,0.00556298578158021
20180605_FIRE_smer-tcs9-mobo-c__1528229757_-01500.jpg,0.005535589996725321
20171021_FIRE_pi-e-mobo-c__1508614685_-01440.jpg,0.005474993959069252
20180719_Skyline_sp-n-mobo-c__1532037686_-01980.jpg,0.005458249244838953
20170722_FIRE_hp-e-mobo-c__1500758907_-02340.jpg,0.005457946565002203
20180706_FIRE_wc-e-mobo-c__1530901580_-00300.jpg,0.005436299368739128
20180706_FIRE_wc-e-mobo-c__1530900920_-00960.jpg,0.005382530391216278
20180720_FIRE_syp-w-mobo-c__1532120449_-01140.jpg,0.005376891233026981
20170722_FIRE_hp-e-mobo-c__1500761187_-00060.jpg,0.005332051310688257
20180720_Cinnamon_wc-e-mobo-c__1532115980_-01260.jpg,0.005322388838976622
20180720_Cinnamon_wc-e-mobo-c__1532116520_-00720.jpg,0.005312628578394651
20180614_FIRE_hp-s-mobo-c__1529011229_-00720.jpg,0.005290989298373461
20180719_Skyline_sp-n-mobo-c__1532038946_-00720.jpg,0.005280287005007267
20180614_FIRE_hp-s-mobo-c__1529010569_-01380.jpg,0.005262766499072313
20180706_FIRE_wc-e-mobo-c__1530901100_-00780.jpg,0.005258621647953987
20180719_Skyline_sp-n-mobo-c__1532039006_-00660.jpg,0.005243731662631035
20171207_FIRE_bh-n-mobo-c__1512679990_-01620.jpg,0.0052326153963804245
20180718_FIRE_syp-w-mobo-c__1531938829_-01740.jpg,0.00521139707416296
20180718_FIRE_syp-w-mobo-c__1531938649_-01920.jpg,0.005182696506381035
20170722_FIRE_mg-n-iqeye__1500760160_-01200.jpg,0.005173990502953529
20171021_FIRE_pi-e-mobo-c__1508613845_-02280.jpg,0.005171178840100765
20180718_FIRE_syp-w-mobo-c__1531939669_-00900.jpg,0.005168961826711893
20171010_FIRE_hp-w-mobo-c__1507671091_-01380.jpg,0.005166569259017706
20170722_FIRE_mg-n-iqeye__1500761180_-00180.jpg,0.005158012732863426
20180718_FIRE_syp-w-mobo-c__1531939789_-00780.jpg,0.005157449748367071
20180720_FIRE_syp-w-mobo-c__1532120029_-01560.jpg,0.005118340719491243
20180726_FIRE_so-n-mobo-c__1532622857_-00540.jpg,0.0051161241717636585
20170722_FIRE_mg-n-iqeye__1500759800_-01560.jpg,0.005022057797759771
20171207_FIRE_bh-n-mobo-c__1512680230_-01380.jpg,0.005018653813749552
20180718_FIRE_syp-w-mobo-c__1531938229_-02340.jpg,0.004972634371370077
20180718_FIRE_syp-w-mobo-c__1531939429_-01140.jpg,0.004953936208039522
20180720_Cinnamon_wc-e-mobo-c__1532116460_-00780.jpg,0.004928044509142637
20180719_Skyline_sp-n-mobo-c__1532037626_-02040.jpg,0.004869792144745588
20180718_FIRE_syp-w-mobo-c__1531938469_-02100.jpg,0.004852432291954756
20180606_FIRE_ml-s-mobo-c__1528306275_-00960.jpg,0.004837564192712307
20180718_FIRE_syp-w-mobo-c__1531938409_-02160.jpg,0.004822264891117811
20180706_FIRE_wc-e-mobo-c__1530901040_-00840.jpg,0.004806733690202236
20180718_FIRE_syp-w-mobo-c__1531938589_-01980.jpg,0.004765759222209454
20180718_FIRE_syp-w-mobo-c__1531938709_-01860.jpg,0.004741301294416189
20180720_Cinnamon_wc-e-mobo-c__1532115200_-02040.jpg,0.004667950794100761
20180719_Skyline_sp-n-mobo-c__1532039246_-00420.jpg,0.004642409738153219
20180720_Cinnamon_wc-e-mobo-c__1532114960_-02280.jpg,0.004612754564732313
20170807_FIRE_bh-n-mobo-c__1502138650_-02280.jpg,0.004561987239867449
20171010_FIRE_hp-w-mobo-c__1507670551_-01920.jpg,0.004536835942417383
20180614_FIRE_hp-s-mobo-c__1529010269_-01680.jpg,0.004528618883341551
20171207_FIRE_bh-n-mobo-c__1512679390_-02220.jpg,0.004522962495684624
20180720_Cinnamon_wc-e-mobo-c__1532116040_-01200.jpg,0.0044960742816329
20170722_FIRE_hp-e-mobo-c__1500760827_-00420.jpg,0.004457911476492882
20180720_FIRE_syp-w-mobo-c__1532120569_-01020.jpg,0.0044249799102544785
20180720_Cinnamon_wc-e-mobo-c__1532115020_-02220.jpg,0.0044211396016180515
20180719_Skyline_sp-n-mobo-c__1532039066_-00600.jpg,0.004419129341840744
20170722_FIRE_hp-e-mobo-c__1500759687_-01560.jpg,0.004383279476314783
20171207_FIRE_bh-n-mobo-c__1512680110_-01500.jpg,0.0043749758042395115
20170722_FIRE_hp-e-mobo-c__1500760767_-00480.jpg,0.00437089242041111
20180720_Cinnamon_wc-e-mobo-c__1532115920_-01320.jpg,0.004334295634180307
20180720_Cinnamon_wc-e-mobo-c__1532116280_-00960.jpg,0.00433226116001606
20180606_FIRE_lo-s-mobo-c__1528304123_-00360.jpg,0.004295286722481251
20180614_FIRE_hp-s-mobo-c__1529011889_-00060.jpg,0.00428439024835825
20180720_Cinnamon_wc-e-mobo-c__1532116400_-00840.jpg,0.00428055739030242
20171010_FIRE_hp-w-mobo-c__1507670071_-02400.jpg,0.004272058140486479
20170722_FIRE_mg-n-iqeye__1500759860_-01500.jpg,0.00416426220908761
20171207_FIRE_bh-n-mobo-c__1512680050_-01560.jpg,0.0041632442735135555
20180606_FIRE_ml-s-mobo-c__1528305495_-01740.jpg,0.004148957785218954
20180720_FIRE_syp-w-mobo-c__1532119549_-02040.jpg,0.004107258282601833
20170807_FIRE_bh-n-mobo-c__1502139430_-01500.jpg,0.004102544859051704
20180606_FIRE_ml-s-mobo-c__1528304835_-02400.jpg,0.004093851428478956
20171010_FIRE_hp-w-mobo-c__1507670131_-02340.jpg,0.0040915305726230145
20180720_FIRE_syp-w-mobo-c__1532119849_-01740.jpg,0.004071361385285854
20180719_Skyline_sp-n-mobo-c__1532037566_-02100.jpg,0.00404853280633688
20180606_FIRE_ml-s-mobo-c__1528305435_-01800.jpg,0.004040742293000221
20180720_FIRE_syp-w-mobo-c__1532120089_-01500.jpg,0.003990883007645607
20180720_FIRE_syp-w-mobo-c__1532119609_-01980.jpg,0.0039737774059176445
20171021_FIRE_pi-e-mobo-c__1508614145_-01980.jpg,0.003964502830058336
20180606_FIRE_pi-e-mobo-c__1528303685_-00360.jpg,0.003960774280130863
20180605_FIRE_smer-tcs9-mobo-c__1528229337_-01920.jpg,0.003951109480112791
20180720_Cinnamon_wc-e-mobo-c__1532116580_-00660.jpg,0.003914711996912956
20170722_FIRE_hp-e-mobo-c__1500759867_-01380.jpg,0.003906541038304567
20180719_Skyline_sp-n-mobo-c__1532037326_-02340.jpg,0.0038689940702170134
20180720_FIRE_syp-w-mobo-c__1532120209_-01380.jpg,0.0038591925986111164
20180720_FIRE_syp-w-mobo-c__1532119369_-02220.jpg,0.0038402301725000143
20171207_FIRE_bh-n-mobo-c__1512679930_-01680.jpg,0.0038395170122385025
20180504_FIRE_bh-n-mobo-c__1525469050_-01380.jpg,0.00383787602186203
20180706_FIRE_sm-e-mobo-c__1530896489_-00420.jpg,0.003806779393926263
20170722_FIRE_mg-n-iqeye__1500759740_-01620.jpg,0.0037950901314616203
20180719_Skyline_sp-n-mobo-c__1532037266_-02400.jpg,0.0037866230122745037
20180606_FIRE_pi-e-mobo-c__1528303325_-00720.jpg,0.003786565735936165
20180504_FIRE_bh-n-mobo-c__1525468870_-01560.jpg,0.0037771931383758783
20180614_FIRE_hp-s-mobo-c__1529010749_-01200.jpg,0.0037673639599233866
20180719_Skyline_sp-n-mobo-c__1532039186_-00480.jpg,0.0037175205070525408
20180720_FIRE_syp-w-mobo-c__1532119969_-01620.jpg,0.0037061874754726887
20171021_FIRE_pi-e-mobo-c__1508613725_-02400.jpg,0.003666379489004612
20180719_Skyline_sp-n-mobo-c__1532039126_-00540.jpg,0.003666228149086237
20180720_FIRE_syp-w-mobo-c__1532119489_-02100.jpg,0.003653890686109662
20170722_FIRE_hp-e-mobo-c__1500761067_-00180.jpg,0.003642247524112463
20180504_FIRE_bh-n-mobo-c__1525469410_-01020.jpg,0.0036101099103689194
20170722_FIRE_mg-n-iqeye__1500759080_-02280.jpg,0.003603596007451415
20180720_FIRE_syp-w-mobo-c__1532119189_-02400.jpg,0.0036007862072438
20180726_FIRE_so-n-mobo-c__1532623097_-00300.jpg,0.0035966497380286455
20180719_Skyline_sp-n-mobo-c__1532037446_-02220.jpg,0.0035963235422968864
20170722_FIRE_hp-e-mobo-c__1500759927_-01320.jpg,0.0035810682456940413
20171010_FIRE_hp-w-mobo-c__1507672231_-00240.jpg,0.0035759503953158855
20180606_FIRE_ml-s-mobo-c__1528306155_-01080.jpg,0.003573833731934428
20180726_FIRE_so-n-mobo-c__1532623037_-00360.jpg,0.0035624918527901173
20170722_FIRE_hp-e-mobo-c__1500760707_-00540.jpg,0.0034909271635115147
20180614_FIRE_hp-s-mobo-c__1529010689_-01260.jpg,0.003489547176286578
20170722_FIRE_hp-e-mobo-c__1500760527_-00720.jpg,0.0034842153545469046
20180719_Skyline_sp-n-mobo-c__1532037386_-02280.jpg,0.003481911728158593
20180720_FIRE_syp-w-mobo-c__1532119669_-01920.jpg,0.0034636305645108223
20180718_FIRE_syp-w-mobo-c__1531939549_-01020.jpg,0.003437167964875698
20170722_FIRE_mg-n-iqeye__1500760820_-00540.jpg,0.0034281259868294
20170722_FIRE_hp-e-mobo-c__1500760167_-01080.jpg,0.0033832171466201544
20170722_FIRE_mg-n-iqeye__1500761000_-00360.jpg,0.0033639578614383936
20180706_FIRE_sm-e-mobo-c__1530896429_-00480.jpg,0.003352000145241618
20171021_FIRE_pi-e-mobo-c__1508614085_-02040.jpg,0.003346006153151393
20180614_FIRE_hp-s-mobo-c__1529011529_-00420.jpg,0.0033424189314246178
20180726_FIRE_so-n-mobo-c__1532621777_-01620.jpg,0.0033062887378036976
20171207_FIRE_bh-n-mobo-c__1512680350_-01260.jpg,0.003296359907835722
20170722_FIRE_mg-n-iqeye__1500759920_-01440.jpg,0.0032876546029001474
20170722_FIRE_hp-e-mobo-c__1500759267_-01980.jpg,0.0032852585427463055
20171010_FIRE_hp-w-mobo-c__1507671151_-01320.jpg,0.003240335965529084
20180720_FIRE_syp-w-mobo-c__1532120509_-01080.jpg,0.0031931388657540083
20170722_FIRE_hp-e-mobo-c__1500760647_-00600.jpg,0.0031822568271309137
20180720_Cinnamon_wc-e-mobo-c__1532116760_-00480.jpg,0.003175258170813322
20180720_FIRE_syp-w-mobo-c__1532119309_-02280.jpg,0.0031544186640530825
20170722_FIRE_hp-e-mobo-c__1500759567_-01680.jpg,0.0031492887064814568
20180720_FIRE_syp-w-mobo-c__1532119429_-02160.jpg,0.0031476053409278393
20180614_FIRE_hp-s-mobo-c__1529011289_-00660.jpg,0.0031155727338045835
20180706_FIRE_sm-e-mobo-c__1530896549_-00360.jpg,0.0031111505813896656
20171010_FIRE_hp-w-mobo-c__1507672351_-00120.jpg,0.003098611254245043
20170722_FIRE_hp-e-mobo-c__1500760227_-01020.jpg,0.0030905527528375387
20180504_FIRE_bh-n-mobo-c__1525468990_-01440.jpg,0.0030878183897584677
20171021_FIRE_pi-e-mobo-c__1508615345_-00780.jpg,0.003064319957047701
20180504_FIRE_bh-n-mobo-c__1525468270_-02160.jpg,0.00304217217490077
20180606_FIRE_pi-e-mobo-c__1528303805_-00240.jpg,0.0029990714974701405
20170722_FIRE_hp-e-mobo-c__1500759327_-01920.jpg,0.00299162813462317
20170722_FIRE_hp-e-mobo-c__1500760587_-00660.jpg,0.0029696261044591665
20170722_FIRE_mg-n-iqeye__1500759500_-01860.jpg,0.002930099843069911
20180504_FIRE_bh-n-mobo-c__1525469770_-00660.jpg,0.0028871858958154917
20180504_FIRE_bh-n-mobo-c__1525469350_-01080.jpg,0.002871501026675105
20170722_FIRE_hp-e-mobo-c__1500759027_-02220.jpg,0.002858598018065095
20180606_FIRE_ml-s-mobo-c__1528306515_-00720.jpg,0.002832104219123721
20180606_FIRE_pi-e-mobo-c__1528303565_-00480.jpg,0.002820140216499567
20180606_FIRE_pi-e-mobo-c__1528302545_-01500.jpg,0.0027875974774360657
20171021_FIRE_pi-e-mobo-c__1508615165_-00960.jpg,0.002776345470920205
20180720_FIRE_syp-w-mobo-c__1532119729_-01860.jpg,0.0027631812263280153
20170722_FIRE_hp-e-mobo-c__1500758847_-02400.jpg,0.002754274057224393
20170722_FIRE_hp-e-mobo-c__1500760107_-01140.jpg,0.0027275728061795235
20180606_FIRE_ml-s-mobo-c__1528305795_-01440.jpg,0.002714484464377165
20180720_Cinnamon_wc-e-mobo-c__1532116340_-00900.jpg,0.0027130935341119766
20170722_FIRE_hp-e-mobo-c__1500760407_-00840.jpg,0.002706061815842986
20180606_FIRE_pi-e-mobo-c__1528301705_-02340.jpg,0.002695939037948847
20171021_FIRE_pi-e-mobo-c__1508613965_-02160.jpg,0.0026467307470738888
20171010_FIRE_hp-w-mobo-c__1507672171_-00300.jpg,0.0026405099779367447
20180504_FIRE_bh-n-mobo-c__1525468390_-02040.jpg,0.0026267936918884516
20170722_FIRE_mg-n-iqeye__1500759140_-02220.jpg,0.002624328713864088
20180504_FIRE_bh-n-mobo-c__1525468930_-01500.jpg,0.002617242746055126
20180504_FIRE_bh-n-mobo-c__1525468810_-01620.jpg,0.002572449389845133
20180726_FIRE_so-n-mobo-c__1532622917_-00480.jpg,0.002560763619840145
20170722_FIRE_mg-n-iqeye__1500759200_-02160.jpg,0.0025310933124274015
20180504_FIRE_bh-n-mobo-c__1525468570_-01860.jpg,0.0025121085345745087
20180706_FIRE_wc-e-mobo-c__1530901460_-00420.jpg,0.0024897984694689512
20180606_FIRE_pi-e-mobo-c__1528302785_-01260.jpg,0.002470697509124875
20180614_FIRE_hp-s-mobo-c__1529011769_-00180.jpg,0.0024681086651980877
20170722_FIRE_mg-n-iqeye__1500759980_-01380.jpg,0.002464024117216468
20170722_FIRE_hp-e-mobo-c__1500760287_-00960.jpg,0.0024553395342081785
20180720_Cinnamon_wc-e-mobo-c__1532117000_-00240.jpg,0.002453283406794071
20180504_FIRE_bh-n-mobo-c__1525468630_-01800.jpg,0.0023669267538934946
20171021_FIRE_pi-e-mobo-c__1508615405_-00720.jpg,0.0023440655786544085
20180504_FIRE_bh-n-mobo-c__1525468030_-02400.jpg,0.002325876150280237
20170722_FIRE_hp-e-mobo-c__1500760347_-00900.jpg,0.0023133293725550175
20170722_FIRE_hp-e-mobo-c__1500760047_-01200.jpg,0.002297427738085389
20180720_Cinnamon_wc-e-mobo-c__1532116940_-00300.jpg,0.00228613312356174
20180606_FIRE_pi-e-mobo-c__1528301945_-02100.jpg,0.002285776427015662
20180504_FIRE_bh-n-mobo-c__1525469230_-01200.jpg,0.002279291395097971
20180504_FIRE_bh-n-mobo-c__1525468210_-02220.jpg,0.002267666393890977
20171010_FIRE_hp-w-mobo-c__1507670491_-01980.jpg,0.002257152460515499
20180706_FIRE_sm-e-mobo-c__1530894569_-02340.jpg,0.00219739624299109
20170722_FIRE_hp-e-mobo-c__1500759207_-02040.jpg,0.0021720798686146736
20180504_FIRE_bh-n-mobo-c__1525469890_-00540.jpg,0.0021664462983608246
20180606_FIRE_pi-e-mobo-c__1528302665_-01380.jpg,0.002166016725823283
20171021_FIRE_pi-e-mobo-c__1508615825_-00300.jpg,0.002159652765840292
20180726_FIRE_so-n-mobo-c__1532620997_-02400.jpg,0.0021519882138818502
20180606_FIRE_ml-s-mobo-c__1528306755_-00480.jpg,0.0021356448996812105
20171021_FIRE_pi-e-mobo-c__1508614205_-01920.jpg,0.002104960847645998
20180504_FIRE_bh-n-mobo-c__1525469650_-00780.jpg,0.002090736059471965
20180726_FIRE_so-n-mobo-c__1532622977_-00420.jpg,0.0020586280152201653
20180606_FIRE_pi-e-mobo-c__1528302725_-01320.jpg,0.0020571385975927114
20171021_FIRE_pi-e-mobo-c__1508615765_-00360.jpg,0.0020477750804275274
20180720_Cinnamon_wc-e-mobo-c__1532116880_-00360.jpg,0.002028607064858079
20171021_FIRE_pi-e-mobo-c__1508615945_-00180.jpg,0.002028165850788355
20180606_FIRE_pi-e-mobo-c__1528303925_-00120.jpg,0.0020090520847588778
20180504_FIRE_bh-n-mobo-c__1525468150_-02280.jpg,0.0019998298957943916
20180720_Cinnamon_wc-e-mobo-c__1532117120_-00120.jpg,0.001974572893232107
20180504_FIRE_bh-n-mobo-c__1525469290_-01140.jpg,0.0019721705466508865
20180606_FIRE_pi-e-mobo-c__1528303625_-00420.jpg,0.001954980194568634
20180720_Cinnamon_wc-e-mobo-c__1532117060_-00180.jpg,0.0019484366057440639
20170722_FIRE_mg-n-iqeye__1500759380_-01980.jpg,0.0019468895625323057
20180504_FIRE_bh-n-mobo-c__1525468690_-01740.jpg,0.0019258555257692933
20180606_FIRE_ml-s-mobo-c__1528306875_-00360.jpg,0.0018970852252095938
20180606_FIRE_pi-e-mobo-c__1528302965_-01080.jpg,0.0018680300563573837
20180504_FIRE_bh-n-mobo-c__1525469470_-00960.jpg,0.0018200392369180918
20180504_FIRE_bh-n-mobo-c__1525468510_-01920.jpg,0.0017863493412733078
20180504_FIRE_bh-n-mobo-c__1525469830_-00600.jpg,0.001778683508746326
20170722_FIRE_hp-e-mobo-c__1500760887_-00360.jpg,0.0017574781086295843
20180606_FIRE_lo-s-mobo-c__1528302623_-01860.jpg,0.0017360993660986423
20180726_FIRE_so-n-mobo-c__1532621057_-02340.jpg,0.0017270169919356704
20180706_FIRE_sm-e-mobo-c__1530895709_-01200.jpg,0.00171550118830055
20180504_FIRE_bh-n-mobo-c__1525468330_-02100.jpg,0.0017080925172194839
20180606_FIRE_ml-s-mobo-c__1528305855_-01380.jpg,0.0016934653976932168
20180606_FIRE_ml-s-mobo-c__1528307115_-00120.jpg,0.0016768034547567368
20180504_FIRE_bh-n-mobo-c__1525468750_-01680.jpg,0.0016710421768948436
20171021_FIRE_pi-e-mobo-c__1508614265_-01860.jpg,0.0016562356613576412
20180504_FIRE_bh-n-mobo-c__1525468090_-02340.jpg,0.0016308949561789632
20180726_FIRE_so-n-mobo-c__1532621117_-02280.jpg,0.0016152005409821868
20180726_FIRE_so-n-mobo-c__1532621177_-02220.jpg,0.0016064462251961231
20180606_FIRE_pi-e-mobo-c__1528302905_-01140.jpg,0.0016032021958380938
20180706_FIRE_sm-e-mobo-c__1530896249_-00660.jpg,0.0015960641903802752
20171021_FIRE_pi-e-mobo-c__1508616005_-00120.jpg,0.001595525536686182
20180606_FIRE_pi-e-mobo-c__1528302845_-01200.jpg,0.0015736200148239732
20171021_FIRE_pi-e-mobo-c__1508613905_-02220.jpg,0.0015669664135202765
20180614_FIRE_hp-s-mobo-c__1529011469_-00480.jpg,0.0015662451041862369
20180606_FIRE_pi-e-mobo-c__1528303265_-00780.jpg,0.0015631805872544646
20180504_FIRE_bh-n-mobo-c__1525469590_-00840.jpg,0.0015346126165241003
20180606_FIRE_pi-e-mobo-c__1528301885_-02160.jpg,0.0015194801380857825
20171010_FIRE_hp-w-mobo-c__1507672411_-00060.jpg,0.0015148433158174157
20180504_FIRE_bh-n-mobo-c__1525470250_-00180.jpg,0.0014814832247793674
20171021_FIRE_pi-e-mobo-c__1508614385_-01740.jpg,0.001472631236538291
20180504_FIRE_bh-n-mobo-c__1525469710_-00720.jpg,0.0014667976647615433
20180504_FIRE_bh-n-mobo-c__1525470370_-00060.jpg,0.0014551120111718774
20180614_FIRE_hp-s-mobo-c__1529010629_-01320.jpg,0.001435327809303999
20171021_FIRE_pi-e-mobo-c__1508615645_-00480.jpg,0.001435032463632524
20171021_FIRE_pi-e-mobo-c__1508614925_-01200.jpg,0.0014314285945147276
20180606_FIRE_pi-e-mobo-c__1528301645_-02400.jpg,0.001423719571903348
20180504_FIRE_bh-n-mobo-c__1525470010_-00420.jpg,0.0014117337996140122
20180706_FIRE_sm-e-mobo-c__1530895409_-01500.jpg,0.0013890430564060807
20180606_FIRE_ml-s-mobo-c__1528304955_-02280.jpg,0.0013711387291550636
20170722_FIRE_hp-e-mobo-c__1500758967_-02280.jpg,0.0013709121849387884
20180606_FIRE_pi-e-mobo-c__1528303865_-00180.jpg,0.0013508519623428583
20180606_FIRE_ml-s-mobo-c__1528305195_-02040.jpg,0.0013365783961489797
20180606_FIRE_ml-s-mobo-c__1528305735_-01500.jpg,0.001329555525444448
20180606_FIRE_pi-e-mobo-c__1528302005_-02040.jpg,0.0013248975155875087
20180606_FIRE_ml-s-mobo-c__1528305915_-01320.jpg,0.0013190233148634434
20180706_FIRE_sm-e-mobo-c__1530894989_-01920.jpg,0.0013159961672499776
20180706_FIRE_sm-e-mobo-c__1530895229_-01680.jpg,0.001275310991331935
20180606_FIRE_ml-s-mobo-c__1528305975_-01260.jpg,0.001266007893718779
20180706_FIRE_sm-e-mobo-c__1530895949_-00960.jpg,0.00120966334361583
20180504_FIRE_bh-n-mobo-c__1525469530_-00900.jpg,0.001209111651405692
20180726_FIRE_so-n-mobo-c__1532621657_-01740.jpg,0.0011991731589660048
20180726_FIRE_so-n-mobo-c__1532621717_-01680.jpg,0.0011941867414861917
20180606_FIRE_pi-e-mobo-c__1528302485_-01560.jpg,0.0011905148858204484
20180706_FIRE_sm-e-mobo-c__1530895589_-01320.jpg,0.0011657275026664138
20180606_FIRE_ml-s-mobo-c__1528306575_-00660.jpg,0.0011519195977598429
20180606_FIRE_pi-e-mobo-c__1528303385_-00660.jpg,0.0011408986756578088
20180606_FIRE_pi-e-mobo-c__1528301765_-02280.jpg,0.0011339896591380239
20180504_FIRE_bh-n-mobo-c__1525470310_-00120.jpg,0.001125702285207808
20180504_FIRE_bh-n-mobo-c__1525468450_-01980.jpg,0.0011117402464151382
20180504_FIRE_bh-n-mobo-c__1525469110_-01320.jpg,0.001091380836442113
20171021_FIRE_pi-e-mobo-c__1508615225_-00900.jpg,0.00108714506495744
20180606_FIRE_ml-s-mobo-c__1528307175_-00060.jpg,0.0010828482918441296
20180726_FIRE_so-n-mobo-c__1532623157_-00240.jpg,0.0010792798129841685
20180606_FIRE_pi-e-mobo-c__1528302305_-01740.jpg,0.0010753910755738616
20180504_FIRE_bh-n-mobo-c__1525469950_-00480.jpg,0.0010741256410256028
20180706_FIRE_sm-e-mobo-c__1530896609_-00300.jpg,0.001070040394552052
20180504_FIRE_bh-n-mobo-c__1525470190_-00240.jpg,0.0010474678128957748
20180706_FIRE_sm-e-mobo-c__1530894869_-02040.jpg,0.0010336844716221094
20180606_FIRE_ml-s-mobo-c__1528306035_-01200.jpg,0.001032710075378418
20180706_FIRE_sm-e-mobo-c__1530894929_-01980.jpg,0.0010310923680663109
20170722_FIRE_hp-e-mobo-c__1500759087_-02160.jpg,0.0010296214604750276
20180504_FIRE_bh-n-mobo-c__1525469170_-01260.jpg,0.001021337229758501
20180706_FIRE_sm-e-mobo-c__1530896849_-00060.jpg,0.0010197549127042294
20180726_FIRE_so-n-mobo-c__1532623217_-00180.jpg,0.0010141651146113873
20180606_FIRE_pi-e-mobo-c__1528302125_-01920.jpg,0.0010018054163083434
20170722_FIRE_hp-e-mobo-c__1500759147_-02100.jpg,0.0
20180504_FIRE_bh-n-mobo-c__1525470070_-00360.jpg,0.0
20180606_FIRE_ml-s-mobo-c__1528306095_-01140.jpg,0.0
20180606_FIRE_ml-s-mobo-c__1528306215_-01020.jpg,0.0
20180606_FIRE_ml-s-mobo-c__1528306455_-00780.jpg,0.0
20180606_FIRE_ml-s-mobo-c__1528306635_-00600.jpg,0.0
20180606_FIRE_ml-s-mobo-c__1528306695_-00540.jpg,0.0
20180606_FIRE_ml-s-mobo-c__1528306935_-00300.jpg,0.0
20180606_FIRE_ml-s-mobo-c__1528306995_-00240.jpg,0.0
20180606_FIRE_ml-s-mobo-c__1528307055_-00180.jpg,0.0
20180606_FIRE_pi-e-mobo-c__1528302065_-01980.jpg,0.0
20180606_FIRE_pi-e-mobo-c__1528302185_-01860.jpg,0.0
20180606_FIRE_pi-e-mobo-c__1528302245_-01800.jpg,0.0
20180606_FIRE_pi-e-mobo-c__1528302365_-01680.jpg,0.0
20180606_FIRE_pi-e-mobo-c__1528302425_-01620.jpg,0.0
20180606_FIRE_pi-e-mobo-c__1528302605_-01440.jpg,0.0
20180606_FIRE_pi-e-mobo-c__1528303025_-01020.jpg,0.0
20180606_FIRE_pi-e-mobo-c__1528303085_-00960.jpg,0.0
20180606_FIRE_pi-e-mobo-c__1528303145_-00900.jpg,0.0
20180606_FIRE_pi-e-mobo-c__1528303205_-00840.jpg,0.0
20180606_FIRE_pi-e-mobo-c__1528303445_-00600.jpg,0.0
20180606_FIRE_pi-e-mobo-c__1528303505_-00540.jpg,0.0
20180606_FIRE_pi-e-mobo-c__1528303985_-00060.jpg,0.0
20180706_FIRE_sm-e-mobo-c__1530894509_-02400.jpg,0.0
20180706_FIRE_sm-e-mobo-c__1530894629_-02280.jpg,0.0
20180706_FIRE_sm-e-mobo-c__1530894689_-02220.jpg,0.0
20180706_FIRE_sm-e-mobo-c__1530894749_-02160.jpg,0.0
20180706_FIRE_sm-e-mobo-c__1530894809_-02100.jpg,0.0
20180706_FIRE_sm-e-mobo-c__1530895049_-01860.jpg,0.0
20180706_FIRE_sm-e-mobo-c__1530895109_-01800.jpg,0.0
20180706_FIRE_sm-e-mobo-c__1530895169_-01740.jpg,0.0
20180706_FIRE_sm-e-mobo-c__1530895289_-01620.jpg,0.0
20180706_FIRE_sm-e-mobo-c__1530895349_-01560.jpg,0.0
20180706_FIRE_sm-e-mobo-c__1530895469_-01440.jpg,0.0
20180706_FIRE_sm-e-mobo-c__1530895529_-01380.jpg,0.0
20180706_FIRE_sm-e-mobo-c__1530895649_-01260.jpg,0.0
20180706_FIRE_sm-e-mobo-c__1530895829_-01080.jpg,0.0
20180706_FIRE_sm-e-mobo-c__1530896009_-00900.jpg,0.0
20180706_FIRE_sm-e-mobo-c__1530896069_-00840.jpg,0.0
20180706_FIRE_sm-e-mobo-c__1530896129_-00780.jpg,0.0
20180706_FIRE_sm-e-mobo-c__1530896189_-00720.jpg,0.0
20180706_FIRE_sm-e-mobo-c__1530896309_-00600.jpg,0.0
20180706_FIRE_sm-e-mobo-c__1530896369_-00540.jpg,0.0
20180726_FIRE_so-n-mobo-c__1532621237_-02160.jpg,0.0
20180726_FIRE_so-n-mobo-c__1532621297_-02100.jpg,0.0
20180726_FIRE_so-n-mobo-c__1532621357_-02040.jpg,0.0
20180726_FIRE_so-n-mobo-c__1532621417_-01980.jpg,0.0
20180726_FIRE_so-n-mobo-c__1532621477_-01920.jpg,0.0
20180726_FIRE_so-n-mobo-c__1532621537_-01860.jpg,0.0
20180726_FIRE_so-n-mobo-c__1532621597_-01800.jpg,0.0
20180726_FIRE_so-n-mobo-c__1532623277_-00120.jpg,0.0
20180726_FIRE_so-n-mobo-c__1532623337_-00060.jpg,0.0
